# .PCD v0.7 - Point Cloud Data file format
VERSION 0.7
FIELDS x y z intensity
SIZE 4 4 4 4
TYPE F F F F
COUNT 1 1 1 1
WIDTH 16
HEIGHT 1800
VIEWPOINT 0 0 0 1 0 0 0
POINTS 28800
DATA ascii
1.389498 -0.079926357 0.3130075 14
1.7165207 0.21584219 0.45363566 55
1.3242109 -0.075636417 0.20431268 32
1.2985568 0.16012819 0.24735238 6
1.2954986 -0.073961847 0.1104699 35
1.2364951 0.15053844 0.14846925 27
1.2726721 -0.072631799 0.021640982 7
1.2043009 0.14566468 0.061756425 33
1.2262903 -0.07013157 -0.062541462 11
1.1958562 0.14419372 -0.020419315 5
1.1843429 -0.068284929 -0.14116748 37
1.1421789 0.1377075 -0.097419694 44
1.1643282 -0.067698874 -0.21970992 36
1.1326663 0.13709415 -0.17501354 5
0.94860148 -0.05561306 -0.24491157 20
1.0790892 0.13131168 -0.24276346 23
1.3699182 -0.080932736 0.30851191 12
1.714499 0.21254243 0.45298943 56
1.3314713 -0.078393273 0.20548463 31
1.3012694 0.15816614 0.24782895 8
1.2953676 -0.0762228 0.1104699 35
1.2392186 0.14868467 0.14877349 26
1.2825238 -0.0754546 0.021815507 7
1.2070312 0.14386724 0.061887268 33
1.2361342 -0.072874434 -0.063064821 11
1.2010682 0.14271472 -0.020506576 7
1.1866987 -0.070502952 -0.14147173 37
1.1448894 0.13601734 -0.097637147 39
1.1617588 -0.069580227 -0.2192333 36
1.1304531 0.13481487 -0.17462288 5
0.95573407 -0.057719734 -0.24685018 19
1.0841515 0.13002864 -0.24388736 23
1.3791832 -0.088984169 0.31075969 12
1.7227807 0.20443539 0.45492807 55
1.3236506 -0.084879227 0.20431268 31
1.2972062 0.15076685 0.24687576 26
1.3048913 -0.083655797 0.11134145 35
1.2449087 0.14277744 0.14938197 24
1.2696397 -0.081351392 0.021597352 24
1.2102475 0.13783701 0.062018104 33
1.2382269 -0.079509512 -0.063195668 11
1.2092466 0.13729763 -0.020637469 8
1.1863134 -0.076715492 -0.14147173 37
1.1431124 0.1297303 -0.097419694 38
1.1638273 -0.075825706 -0.21970992 36
1.1385003 0.12976214 -0.17579484 5
0.95300919 -0.062560134 -0.24620397 21
1.0799795 0.12377509 -0.24276346 22
1.3911943 -0.091970436 0.31356949 18
1.7231349 0.20142826 0.45492807 55
1.3333553 -0.087852508 0.20587529 31
1.2974674 0.14850257 0.24687576 29
1.2997737 -0.085598685 0.11090568 35
1.2451559 0.14060447 0.14938197 2
1.2670019 -0.08339937 0.021553721 33
1.2080061 0.13543715 0.061887268 32
1.2380861 -0.0816705 -0.063195668 12
1.2070013 0.13490002 -0.020593839 8
1.1861777 -0.078785881 -0.14147173 37
1.143337 0.127735 -0.097419694 38
1.1636931 -0.077856854 -0.21970992 36
1.1338196 0.1272047 -0.17501354 6
0.94808006 -0.063888945 -0.24491157 22
1.0777744 0.12160662 -0.24220152 22
nan nan nan 0
1.7289647 0.19295168 0.45622048 55
1.3378026 -0.0951901 0.20665661 31
1.2909111 0.14088254 0.245446 28
1.2968236 -0.092222854 0.11068779 34
1.258206 0.13545519 0.15090318 2
1.2715338 -0.09039399 0.021640982 34
1.2186245 0.13020778 0.062410627 3
1.2376416 -0.088151954 -0.063195668 11
1.202722 0.12803063 -0.020506576 8
1.1906985 -0.085358202 -0.1420802 38
1.1365637 0.12092689 -0.096767329 36
1.1657169 -0.084129423 -0.2201865 36
1.1320157 0.12099406 -0.17462288 6
0.9549576 -0.069391631 -0.24685018 21
1.0808172 0.11623245 -0.24276346 21
nan nan nan 0
1.7340987 0.19047385 0.45751289 55
1.3425595 -0.097890846 0.20743792 31
1.2960334 0.13917044 0.24639918 29
1.2991444 -0.094670661 0.11090568 33
1.2510406 0.13244857 0.14999044 2
1.2688814 -0.09242785 0.021597352 36
1.216368 0.12781061 0.062279783 2
1.2424651 -0.090682812 -0.063457347 37
1.1979735 0.12539224 -0.020419315 35
1.197971 -0.087993093 -0.14299291 37
1.1442009 0.11974995 -0.097419694 36
1.1680156 -0.086348727 -0.2206631 36
1.117497 0.11741032 -0.17227894 7
0.95242697 -0.070874222 -0.24620397 20
1.0858613 0.11487884 -0.24388736 22
nan nan nan 0
1.7254672 0.18036169 0.45492807 57
1.354336 -0.10589853 0.20939118 31
1.2967443 0.13238254 0.24639918 29
1.2986308 -0.10147165 0.11090568 34
1.2615891 0.12692523 0.1512074 3
1.2708719 -0.099268705 0.021640982 35
1.2294371 0.12272532 0.062933989 3
1.2345073 -0.096591614 -0.063064821 41
1.1936408 0.11860497 -0.020332051 37
1.1950204 -0.094065845 -0.14268869 38
1.1522442 0.11452534 -0.098072052 8
1.1773322 -0.093253925 -0.22256948 38
1.1230086 0.11206777 -0.17306025 6
0.95926386 -0.076449998 -0.24814259 19
1.0912936 0.10969932 -0.24501128 21
2.5090687 -0.20262165 0.57262957 95
1.7257792 0.17734991 0.45492807 57
nan nan nan 0
1.2896503 0.12935846 0.2449694 29
1.3034164 -0.10414182 0.11134145 33
1.2568717 0.12421732 0.15059893 3
1.2706968 -0.10148664 0.021640982 36
1.234617 0.12108482 0.063195668 3
1.226872 -0.098137602 -0.06267231 38
1.1888722 0.11601715 -0.02024479 37
1.1899083 -0.095745623 -0.1420802 37
1.1474869 0.11201075 -0.097637147 3
1.1796134 -0.09551055 -0.22304606 37
1.115833 0.10935511 -0.17188829 23
0.95431572 -0.07772246 -0.24685018 21
1.0890601 0.10754492 -0.24444932 22
2.5030823 -0.21577191 0.57150567 95
1.7266843 0.16831136 0.45492807 57
nan nan nan 0
1.297637 0.1233264 0.24639918 29
1.3227029 -0.11268421 0.11308458 34
1.2649142 0.11835466 0.15151165 3
1.2676575 -0.10792288 0.021597352 34
1.2327489 0.11437903 0.063064821 3
1.2338028 -0.10520768 -0.063064821 38
1.1844871 0.10931237 -0.020157529 36
1.1943346 -0.1024063 -0.14268869 37
1.1554947 0.10671713 -0.098289512 3
1.1742076 -0.10125617 -0.22209287 37
1.1262215 0.10446299 -0.17345092 49
0.9587068 -0.083145 -0.24814259 23
1.0823349 0.10113056 -0.24276346 21
2.5100198 -0.22034805 0.57319152 95
1.7293787 0.16553397 0.45557427 57
nan nan nan 0
1.290522 0.12035191 0.2449694 29
1.3349081 -0.1160887 0.11417402 35
1.2601784 0.11567543 0.15090318 3
1.2749372 -0.1107953 0.021728246 34
1.2354321 0.11246268 0.063195668 4
1.2261569 -0.10670033 -0.06267231 38
1.1796989 0.10677529 -0.020070266 40
1.1966256 -0.1047108 -0.14299291 38
1.1556792 0.10470025 -0.098289512 4
1.1764735 -0.1035244 -0.22256948 36
1.1214857 0.10202987 -0.1726696 62
0.95615506 -0.084600516 -0.24749638 22
1.0825096 0.099241368 -0.24276346 22
2.5039403 -0.23346931 0.57206756 96
1.7254124 0.1560289 0.45428187 59
2.5131526 -0.23346873 0.39378044 95
1.2911344 0.11359313 0.2449694 29
nan nan nan 0
1.2731239 0.1101893 0.15242437 3
1.2818056 -0.11816847 0.021859137 34
1.2360041 0.10599247 0.063195668 3
1.2255814 -0.11311898 -0.06267231 36
1.177752 0.1003752 -0.020026634 37
1.2059426 -0.11190721 -0.14420988 37
1.1562116 0.098647729 -0.098289512 3
1.1710291 -0.10921934 -0.22161628 36
1.1244638 0.096377194 -0.17306025 64
0.94608277 -0.088684902 -0.24491157 19
1.0878667 0.094011903 -0.24388736 21
2.4987204 -0.23693863 0.57094371 95
1.7256821 0.15301724 0.45428187 58
2.505367 -0.23715107 0.39260849 95
1.2888863 0.11112007 0.24449281 29
nan nan nan 0
1.2733142 0.10796712 0.15242437 3
1.2915506 -0.12135509 0.022033662 35
1.2262391 0.10296298 0.06267231 4
1.2477493 -0.11739581 -0.063849866 36
1.182906 0.098754339 -0.020113898 38
1.2008055 -0.113537 -0.1436014 37
1.1563821 0.096629605 -0.098289512 3
1.1708367 -0.11126301 -0.22161628 36
1.1197107 0.093981482 -0.17227894 57
0.95073384 -0.0908048 -0.24620397 20
1.0807498 0.09146598 -0.24220152 23
2.4949782 -0.25020957 0.57038176 95
1.728866 0.14418668 0.45492807 57
2.5065477 -0.25051323 0.39299911 96
1.2943416 0.10478326 0.245446 29
nan nan nan 0
1.2713894 0.10109313 0.15212013 3
1.3107941 -0.13011941 0.02238271 35
1.2292495 0.096746013 0.062803142 4
1.2396655 -0.12317567 -0.063457347 36
1.1883892 0.092968091 -0.02020116 38
1.2026633 -0.12007315 -0.14390565 37
1.1643186 0.091185711 -0.09894187 3
1.1726794 -0.11764079 -0.22209287 36
1.1201875 0.088117436 -0.17227894 59
0.94544059 -0.095287584 -0.24491157 16
1.0836413 0.086008951 -0.24276346 21
2.4970055 -0.25437707 0.57094371 95
1.7363344 0.14177778 0.45686668 56
2.5061066 -0.25488758 0.39299911 95
1.2969682 0.10272642 0.24592258 29
2.5025451 -0.25452882 0.2170178 96
1.2715638 0.09887398 0.15212013 3
1.3180246 -0.13317129 0.022513602 36
1.231905 0.094801076 0.062933989 4
1.2543499 -0.12686849 -0.064242385 37
1.1860579 0.090693772 -0.020157529 38
1.2049203 -0.12242664 -0.14420988 37
1.164476 0.089153454 -0.09894187 3
1.1675901 -0.11918108 -0.22113968 36
1.1301847 0.086959504 -0.17384157 58
0.9500767 -0.097439907 -0.24620397 21
1.0862176 0.084316269 -0.24332541 23
2.5028582 -0.26866883 0.57262957 95
1.7274227 0.13192315 0.45428187 58
2.5047376 -0.26800597 0.39299911 96
1.2974883 0.09593413 0.24592258 28
2.5061302 -0.26816219 0.21745357 96
1.2695897 0.092026554 0.15181589 4
nan nan nan 0
1.2298949 0.088161945 0.062803142 4
1.2710435 -0.13530976 -0.065158263 38
1.1765462 0.083734445 -0.019983005 37
1.2165976 -0.13007171 -0.14573109 37
1.1748608 0.083802022 -0.099811688 4
1.1742693 -0.1260906 -0.22256948 36
1.1232376 0.080481403 -0.1726696 57
0.94235176 -0.10162188 -0.24426536 23
1.0866443 0.078627706 -0.24332541 22
2.5048547 -0.27286562 0.57319152 95
1.7324661 0.12928028 0.45557427 59
2.5067208 -0.27264598 0.39338979 96
1.3049952 0.094225317 0.24735238 28
2.5130856 -0.2733492 0.21810725 96
1.2746975 0.090178341 0.15242437 5
nan nan nan 0
1.2375165 0.086565085 0.063195668 4
1.2782506 -0.13834463 -0.065550782 38
1.1841694 0.082228765 -0.020113898 37
1.2163687 -0.13219488 -0.14573109 37
1.1700375 0.081386574 -0.099376783 4
1.1789259 -0.12868021 -0.22352266 36
1.125839 0.078702994 -0.17306025 57
0.9469732 -0.10380233 -0.24555777 19
1.0794921 0.076185629 -0.24163955 23
2.4912417 -0.28502053 0.57038176 96
1.7331194 0.12020738 0.45557427 58
2.5003526 -0.28520402 0.39260849 96
1.3030224 0.087218635 0.24687576 27
2.5017228 -0.28536749 0.21723568 96
1.2751522 0.083502837 0.15242437 6
2.5033183 -0.28555682 0.043369226 87
1.2329712 0.079743825 0.062933989 6
1.2899098 -0.1464617 -0.06620498 43
1.1870775 0.076196931 -0.020157529 37
1.2230548 -0.13941623 -0.1466438 37
1.1803869 0.075936772 -0.10024661 4
1.1855493 -0.13570003 -0.22495243 35
1.133626 0.073314786 -0.17423223 63
0.94641674 -0.10875922 -0.24555777 18
1.0895969 0.07120873 -0.24388736 21
2.4907908 -0.2889334 0.57038176 95
1.7333264 0.11718234 0.45557427 58
2.499851 -0.28956753 0.39260849 95
1.2884824 0.083935097 0.2440162 11
2.5086424 -0.29059863 0.21788937 96
1.2777718 0.081443764 0.15272862 6
2.512747 -0.29108334 0.043543749 95
1.2355995 0.077757657 0.063064821 7
nan nan nan 0
1.1847147 0.073959768 -0.020113898 36
1.2277387 -0.14212883 -0.14725228 38
1.1730623 0.073381312 -0.099594243 4
1.1901853 -0.13834335 -0.22590563 36
1.1312884 0.071171179 -0.17384157 56
0.94382727 -0.11012617 -0.24491157 18
1.087289 0.069142081 -0.24332541 24
2.4891911 -0.30240557 0.57038176 95
1.7290963 0.10779171 0.45428187 58
2.5056539 -0.30354902 0.39378044 96
nan nan nan 0
2.5021422 -0.30312708 0.21745357 96
1.2707509 0.074291341 0.15181589 8
2.5062265 -0.30363113 0.043456491 95
1.2409735 0.071592726 0.0633265 7
nan nan nan 0
1.1900756 0.068059951 -0.02020116 35
1.2368298 -0.14976318 -0.14846925 37
1.1759164 0.067390241 -0.099811688 5
1.1967518 -0.14547303 -0.22733541 36
1.1365749 0.065550901 -0.17462288 58
0.94084108 -0.11476926 -0.24426536 20
1.0997926 0.064208679 -0.24613519 21
2.4887128 -0.30631521 0.57038176 95
1.7268716 0.10462124 0.45363566 59
2.5026698 -0.30761868 0.39338979 96
nan nan nan 0
2.5016093 -0.30749369 0.21745357 96
1.2634479 0.071625374 0.15090318 25
2.5007312 -0.30739123 0.043369226 95
1.2311279 0.068832718 0.062803142 8
2.4902403 -0.30653507 -0.12966232 95
1.1802115 0.065391541 -0.020026634 34
nan nan nan 0
1.1735461 0.065190069 -0.099594243 6
1.2013665 -0.1481699 -0.22828861 35
1.1342227 0.063419364 -0.17423223 59
0.9478277 -0.11731544 -0.24620397 18
1.0926083 0.061845481 -0.24444932 20
2.4918511 -0.32040089 0.57150567 95
1.7298067 0.095717818 0.45428187 59
2.4985757 -0.32040244 0.39299911 95
nan nan nan 0
2.504905 -0.32122502 0.21788937 96
1.2662832 0.065145373 0.1512074 23
2.5065246 -0.32144007 0.043500118 95
1.2264858 0.062114745 0.062541462 25
2.4960291 -0.32052913 -0.13005485 96
1.1880256 0.059615318 -0.020157529 34
nan nan nan 0
1.1763581 0.05917922 -0.099811688 6
1.1932734 -0.1535074 -0.22685881 35
1.1246768 0.056940444 -0.1726696 55
0.94480592 -0.12196266 -0.24555777 18
1.0880525 0.055853508 -0.24332541 22
2.4937599 -0.32463092 0.57206756 95
1.7275599 0.092562944 0.45363566 59
2.5029094 -0.32540315 0.39378044 96
1.3213853 0.067678899 0.25021192 2
2.5068099 -0.32591936 0.21810725 96
1.2564834 0.06240708 0.14999044 23
2.5034814 -0.32549024 0.043456491 95
1.2290854 0.060105126 0.06267231 32
2.4954658 -0.32488504 -0.13005485 96
1.1881279 0.057541732 -0.020157529 33
nan nan nan 0
1.1714854 0.056865308 -0.099376783 6
1.1832715 -0.15430509 -0.22495243 34
1.1297061 0.05523847 -0.17345092 55
0.9374097 -0.12265701 -0.24361916 15
1.0881484 0.053954411 -0.24332541 21
2.4895535 -0.33778933 0.57150567 95
1.7280209 0.083516233 0.45363566 59
2.4987247 -0.33817086 0.39338979 95
1.3094655 0.060153402 0.24782895 2
2.4951978 -0.33769703 0.21723568 96
1.26175 0.056065429 0.15059893 29
2.496789 -0.33791974 0.043369226 95
1.2169144 0.053078655 0.062018104 32
2.4962041 -0.33828384 -0.13018569 96
1.205891 0.052141145 -0.020462945 3
1.4091728 -0.19089741 -0.17007031 74
1.1717671 0.050730675 -0.099376783 7
1.2043295 -0.16350378 -0.22924179 21
1.12998 0.049322613 -0.17345092 51
0.94871598 -0.12921698 -0.24685018 19
1.0835497 0.048019871 -0.24220152 22
2.4866066 -0.34136632 0.57094371 96
1.7233398 0.080262505 0.45234326 59
2.5030229 -0.34320593 0.39417112 96
1.3120199 0.057984751 0.24830556 3
2.4995391 -0.34273177 0.21767147 96
1.2544097 0.053518999 0.14968622 28
2.4937191 -0.34193552 0.043325596 95
1.2219931 0.051182032 0.062279783 31
2.4906638 -0.34195718 -0.129924 95
1.2109745 0.050262298 -0.020550208 2
1.3965479 -0.19165348 -0.16854911 64
1.1668779 0.048459522 -0.09894187 18
nan nan nan 0
1.1325309 0.047463655 -0.17384157 51
0.94131398 -0.12986803 -0.24491157 22
1.090932 0.046470355 -0.24388736 21
2.4943686 -0.35619986 0.57319152 96
1.7261491 0.071344249 0.45298943 57
2.4914143 -0.35490677 0.39260849 95
1.3123056 0.051114269 0.24830556 3
2.495245 -0.35546151 0.21745357 96
1.2695487 0.047560699 0.15151165 28
2.4943693 -0.35534221 0.043369226 95
1.2222443 0.044783019 0.062279783 34
2.4913106 -0.35534793 -0.13005485 96
1.203728 0.04362135 -0.020419315 2
1.4028935 -0.20002359 -0.16946182 60
1.1770698 0.042748924 -0.099811688 35
1.2517374 -0.17892514 -0.23877366 15
1.1352239 0.041831639 -0.17423223 50
0.94540089 -0.13548969 -0.24620397 21
1.0838586 0.040454157 -0.24220152 20
2.491395 -0.35976756 0.57262957 96
1.7214452 0.068127491 0.45169702 58
2.48841 -0.35846591 0.39221784 95
1.3197491 0.049123108 0.24973533 3
2.4995503 -0.36053073 0.21788937 96
1.2671422 0.045468584 0.1512074 28
2.4962189 -0.36005387 0.043412857 95
1.2248079 0.042959776 0.062410627 34
2.4906867 -0.35969549 -0.13005485 96
1.2162913 0.04199798 -0.020637469 3
1.3976666 -0.20151231 -0.16885334 50
1.1721653 0.040503275 -0.099376783 43
1.2999895 -0.18821196 -0.24830556 16
1.1303604 0.039657213 -0.17345092 21
0.9427737 -0.13678798 -0.24555777 19
1.0936571 0.039140936 -0.24444932 21
2.4870684 -0.37244493 0.57206756 96
1.714528 0.059144363 0.44975844 59
2.488941 -0.37185693 0.39260849 95
1.312623 0.042180572 0.24830556 3
2.4903045 -0.37206784 0.21723568 96
1.2648829 0.038748384 0.15090318 28
2.4918926 -0.37231249 0.043369226 95
1.2225208 0.036462493 0.062279783 35
2.4863651 -0.37192616 -0.129924 96
1.2089936 0.035592638 -0.020506576 3
1.4284897 -0.2136403 -0.17280847 35
1.1648878 0.034320895 -0.098724425 39
1.2990203 -0.19478936 -0.24830556 16
1.140424 0.034072511 -0.17501354 3
0.94684428 -0.14228529 -0.24685018 17
1.0865433 0.033160273 -0.24276346 23
2.4888885 -0.37671748 0.57262957 96
1.7194557 0.056322958 0.45105085 58
2.4956119 -0.37731323 0.39378044 95
1.320053 0.040138796 0.24973533 3
2.4945762 -0.37716204 0.21767147 96
1.2649487 0.036540691 0.15090318 28
2.4887676 -0.37628558 0.043325596 95
1.2200873 0.034249447 0.062148947 35
2.4881806 -0.37664062 -0.13005485 96
1.2165489 0.033718038 -0.020637469 4
1.4354737 -0.21725664 -0.17372119 33
1.1624566 0.032209069 -0.098506965 38
1.3059559 -0.19817121 -0.24973533 15
1.1404817 0.032082044 -0.17501354 4
0.93943387 -0.14283422 -0.24491157 18
1.0865996 0.031263847 -0.24276346 23
2.4844077 -0.38979873 0.57206756 96
1.719727 0.047319178 0.45105085 58
2.4960411 -0.39075869 0.39417112 96
1.3177919 0.033156253 0.24925874 4
2.4901071 -0.3898313 0.21745357 96
1.2700837 0.03005207 0.15151165 28
2.4892328 -0.38969997 0.043369226 95
1.2252413 0.02799309 0.062410627 34
2.4837081 -0.38927507 -0.129924 96
1.2192075 0.027413202 -0.0206811 4
1.4441205 -0.22631904 -0.17493816 33
1.1725681 0.026384562 -0.099376783 39
1.3024765 -0.20462209 -0.24925874 15
1.1505077 0.026375532 -0.17657615 3
0.93867314 -0.14775109 -0.24491157 20
1.0867484 0.025574023 -0.24276346 21
2.4789808 -0.39293438 0.57094371 95
1.7077365 0.043974135 0.4478198 59
2.490478 -0.39433855 0.39338979 96
1.3276608 0.031120047 0.25116512 5
2.4943419 -0.39495945 0.21788937 96
1.2676535 0.027772086 0.1512074 27
2.4885488 -0.39404392 0.043369226 95
1.2252883 0.025854601 0.062410627 34
2.4854906 -0.39400208 -0.13005485 96
1.2167547 0.025224173 -0.020637469 4
1.4437232 -0.22883916 -0.17493816 32
1.1651429 0.024154155 -0.098724425 38
1.3021173 -0.20689502 -0.24925874 17
1.1431465 0.024181316 -0.17540418 3
0.94556653 -0.15054253 -0.24685018 18
1.0843562 0.023613913 -0.24220152 22
2.4791512 -0.40717003 0.57150567 95
1.7055352 0.034678161 0.44717363 56
2.4883082 -0.40780747 0.39338979 95
1.3155419 0.023672886 0.24878214 6
2.4921684 -0.40844926 0.21788937 96
1.2752281 0.021062452 0.15212013 26
2.4937794 -0.4087207 0.043500118 95
1.2254103 0.019224808 0.062410627 34
2.4857855 -0.40785006 -0.13018569 96
1.2243708 0.01878321 -0.020768361 4
1.4522567 -0.23826647 -0.17615512 28
1.1677467 0.017897613 -0.09894187 38
1.2937158 -0.21273208 -0.24782895 18
1.1457293 0.018044671 -0.17579484 4
0.94712031 -0.15605366 -0.24749638 19
1.0966457 0.017997494 -0.24501128 19
2.4761057 -0.41066337 0.57094371 95
1.7007639 0.031598546 0.44588119 57
2.4900284 -0.41255522 0.39378044 96
1.3278495 0.021618789 0.25116512 6
2.4914517 -0.41279832 0.21788937 96
1.2777439 0.0188822 0.15242437 25
2.4831994 -0.41143093 0.043325596 95
1.2379228 0.017306069 0.063064821 34
2.4826076 -0.41177762 -0.13005485 96
1.2244017 0.016646253 -0.020768361 3
1.459181 -0.24202813 -0.17706783 23
1.1677761 0.015859485 -0.09894187 38
1.2933425 -0.21498971 -0.24782895 19
1.1432902 0.016000582 -0.17540418 4
0.94446504 -0.15730496 -0.24685018 16
1.0918041 0.015991628 -0.24388736 19
2.4810495 -0.42529443 0.57262957 95
1.6984913 0.022654196 0.44523498 57
2.4805336 -0.42433277 0.39260849 95
1.3205827 0.01455927 0.24973533 10
2.4843471 -0.42499426 0.21745357 96
1.2827877 0.012256681 0.15303284 25
2.4884021 -0.42569721 0.043456491 95
1.2330037 0.010762239 0.062803142 33
2.4877985 -0.42604044 -0.13044736 96
1.2319704 0.010325405 -0.020899255 4
nan nan nan 0
1.1628625 0.0096839825 -0.098506965 36
1.2825264 -0.22008441 -0.24592258 14
1.1507657 0.010108517 -0.17657615 4
0.9364906 -0.16100606 -0.24491157 16
1.0894371 0.0102416 -0.24332541 21
2.4731784 -0.42793971 0.57094371 95
1.6936989 0.019620614 0.44394258 57
2.4797893 -0.42866147 0.39260849 95
1.3230602 0.012285665 0.25021192 27
2.4885094 -0.43018171 0.21788937 96
1.2803258 0.0099896276 0.15272862 25
2.490118 -0.43046722 0.043500118 95
1.2380135 0.0086633852 0.063064821 33
2.4772124 -0.42867181 -0.129924 96
1.2294871 0.0081494562 -0.020855624 5
nan nan nan 0
1.1603872 0.0076283109 -0.098289512 36
1.2893927 -0.22359085 -0.24735238 14
1.1532506 0.0081271874 -0.1769668 3
0.94334394 -0.16389467 -0.24685018 20
1.0870174 0.0083112484 -0.24276346 19
2.4708269 -0.44131455 0.57094371 75
1.6913633 0.010730281 0.44329637 62
2.4726491 -0.44076931 0.39182717 77
1.3206524 0.0053395825 0.24973533 26
2.478868 -0.44188884 0.21723568 95
1.2803606 0.0032857514 0.15272862 9
2.4878299 -0.44349945 0.043500118 99
1.2355453 0.0021675648 0.062933989 32
2.4798489 -0.44251728 -0.13018569 99
1.2295129 0.0017117951 -0.020855624 7
nan nan nan 0
1.1678827 0.0015915816 -0.09894187 38
1.2833738 -0.22946814 -0.24639918 14
1.1557466 0.0021029206 -0.17735747 4
0.93534374 -0.16754003 -0.24491157 20
1.0943539 0.0026680194 -0.24444932 22
nan nan nan 0
1.6962094 0.0078136865 0.44458878 64
2.4913151 -0.4485994 0.39495242 61
1.3255678 0.0030628718 0.25068852 26
2.4805439 -0.44665781 0.21745357 61
nan nan nan 0
2.4845924 -0.44739613 0.043456491 94
1.2555197 8.4332642e-05 0.063980706 31
2.4741595 -0.4459554 -0.129924 81
1.237013 -0.00040924351 -0.020986518 8
nan nan nan 0
1.1678836 -0.00044675998 -0.09894187 36
1.280557 -0.23126805 -0.24592258 14
1.160687 0.000105585 -0.17813878 4
0.93980116 -0.17004168 -0.24620397 21
1.0967931 0.00076991296 -0.24501128 20
4.0050755 -0.74543488 0.93171722 32
1.693812 -0.00107277 0.44394258 67
3.7488291 -0.69628316 0.59770244 12
1.3280199 -0.0038765098 0.25116512 24
3.7488837 -0.69629955 0.33053815 13
nan nan nan 0
3.7625029 -0.69884217 0.066188246 15
1.2530063 -0.0064856033 0.063849866 10
3.7332957 -0.69407678 -0.19717571 12
1.2244958 -0.006862198 -0.020768361 8
2.1225939 -0.39494956 -0.26042965 6
1.1678653 -0.006561751 -0.09894187 36
1.2865648 -0.23932669 -0.24735238 15
1.163141 -0.0059747486 -0.17852943 4
0.93652463 -0.17451298 -0.24555777 20
1.0894738 -0.0049703149 -0.24332541 17
4.025445 -0.75578058 0.93677479 36
1.6889776 -0.0040307124 0.44265017 70
3.6917927 -0.69232911 0.5887174 10
1.3231027 -0.0061883382 0.25021192 23
3.6913681 -0.6922555 0.32552668 11
1.2952291 -0.0079264641 0.15455405 2
3.7121456 -0.69616884 0.065315627 11
nan nan nan 0
3.6805556 -0.69089335 -0.19442807 10
1.2294809 -0.0090176575 -0.020855624 8
2.1219015 -0.39865357 -0.26042965 5
1.1728331 -0.0086174365 -0.099376783 35
1.2837338 -0.24111529 -0.24687576 14
1.165598 -0.008012129 -0.17892009 4
0.94096363 -0.17704985 -0.24685018 18
1.0967716 -0.006887103 -0.24501128 19
4.021297 -0.77754921 0.93677479 80
1.6913483 -0.012885884 0.44329637 69
3.5911441 -0.69288778 0.57309121 54
1.3328687 -0.013179365 0.25211832 23
3.5801067 -0.69075853 0.31593958 43
1.2976512 -0.014727617 0.15485829 2
3.5980148 -0.69422954 0.063352227 53
nan nan nan 0
3.5886505 -0.69306755 -0.18971784 53
1.2269176 -0.015432804 -0.020811994 23
2.1173491 -0.40928531 -0.26012543 5
1.1777529 -0.014801697 -0.099811688 35
1.2944982 -0.25017914 -0.24925874 15
1.1655401 -0.014115049 -0.17892009 5
0.94239384 -0.18243797 -0.24749638 19
1.0918486 -0.012593952 -0.24388736 19
4.0248528 -0.78479958 0.9378987 35
1.6961532 -0.015869858 0.44458878 65
3.6020465 -0.70152086 0.57504445 64
1.3377517 -0.015545899 0.25307149 24
3.6033382 -0.70177937 0.31811845 69
1.31003 -0.017111519 0.15637949 3
3.5943444 -0.70002919 0.063308597 71
1.2603915 -0.017496884 0.064242385 2
3.5996861 -0.70172447 -0.19037202 68
1.2243892 -0.017547542 -0.020768361 31
2.0971508 -0.40916172 -0.2576915 5
1.1802155 -0.016883321 -0.10002915 35
1.2868354 -0.25101814 -0.24782895 17
1.1704521 -0.016198408 -0.17970139 6
0.942074 -0.18408248 -0.24749638 21
1.0893891 -0.014477459 -0.24332541 21
nan nan nan 0
1.6960468 -0.024750637 0.44458878 61
4.0292621 -0.80687243 0.64458108 71
1.337652 -0.022550106 0.25307149 27
nan nan nan 0
1.30496 -0.023896931 0.15577102 3
nan nan nan 0
1.2577864 -0.024057232 0.064111546 2
4.0267515 -0.80711204 -0.21339986 67
1.2142833 -0.023799365 -0.020593839 37
2.1144402 -0.4240571 -0.26012543 5
1.1801109 -0.023062654 -0.10002915 22
1.283098 -0.25726661 -0.24735238 14
1.1728202 -0.022364125 -0.18009205 6
0.93636358 -0.18805213 -0.24620397 19
1.09417 -0.020250987 -0.24444932 19
4.6853762 -0.94791448 1.0946834 2
nan nan nan 0
4.059309 -0.8202759 0.64965957 72
1.3498799 -0.025071029 0.25545445 27
4.6088934 -0.93159705 0.40832466 64
1.3098786 -0.026256762 0.15637949 3
4.6134167 -0.93251944 0.081546366 68
1.277712 -0.02659753 0.065158263 3
4.037571 -0.81661892 -0.21405403 67
1.2167392 -0.025962714 -0.020637469 36
2.1015384 -0.42527536 -0.25860423 5
nan nan nan 0
1.2898611 -0.26097599 -0.24878214 18
1.1752483 -0.024452846 -0.1804827 6
0.9431318 -0.19113924 -0.24814259 19
1.0916972 -0.022121526 -0.24388736 21
4.701642 -0.97772288 1.099741 3
nan nan nan 0
4.0404534 -0.83850205 0.64731568 57
1.3423692 -0.031988274 0.25402468 27
4.6063905 -0.95622343 0.40854254 65
1.3047613 -0.033006612 0.15577102 3
4.6084709 -0.95666236 0.081546366 65
1.2750592 -0.033231013 0.065027423 3
4.0356836 -0.83825719 -0.21418488 63
1.2140876 -0.032276016 -0.020593839 36
2.1017118 -0.43678012 -0.25890848 5
nan nan nan 0
1.2860748 -0.26722336 -0.24830556 18
1.1627607 -0.030332424 -0.17852943 12
0.92793775 -0.1930943 -0.24426536 19
1.0866954 -0.027733579 -0.24276346 21
4.7120204 -0.98761022 1.1025507 3
2.531193 -0.056758258 0.66817564 96
4.0486503 -0.84758085 0.64887828 61
1.3423114 -0.034331102 0.25402468 28
4.5998397 -0.96323866 0.40810677 64
1.2997403 -0.035166878 0.15516253 3
4.6067944 -0.96470416 0.081546366 68
1.2725034 -0.035395797 0.064896584 4
4.0219984 -0.84273398 -0.21353069 55
1.221526 -0.034579467 -0.020724732 36
2.1009462 -0.44044763 -0.25890848 5
1.1972934 -0.033786003 -0.10155133 3
1.2832052 -0.26896068 -0.24782895 18
1.162706 -0.032361779 -0.17852943 36
0.93468684 -0.19621618 -0.24620397 20
1.0866452 -0.029630177 -0.24276346 22
4.6827955 -1.0079548 1.0969312 3
2.5308611 -0.070010714 0.66817564 95
4.0345011 -0.86668909 0.64731568 58
1.3372066 -0.041224442 0.25307149 28
4.597168 -0.98783433 0.40832466 65
1.30946 -0.042257588 0.15637949 3
4.6041231 -0.98933798 0.081589989 65
1.2772917 -0.042205352 0.065158263 4
4.0297332 -0.86641091 -0.21418488 61
1.2188296 -0.040900268 -0.0206811 36
2.1010365 -0.45196602 -0.2592127 7
1.1971 -0.040054522 -0.10155133 3
1.2865765 -0.27671474 -0.24878214 15
1.1600524 -0.038377259 -0.17813878 37
0.93128681 -0.20059425 -0.24555777 20
1.0864753 -0.035319407 -0.24276346 21
4.6716847 -1.0132401 1.0946834 3
2.5331492 -0.074494384 0.66882175 96
4.0353951 -0.87425315 0.64770633 58
1.3420389 -0.043701287 0.25402468 28
4.5978708 -0.99638486 0.40854254 63
1.3069041 -0.044467185 0.15607525 5
4.6048322 -0.99790251 0.081633627 64
1.2672347 -0.044122647 0.064634904 4
4.020896 -0.87185234 -0.21379238 55
1.2212547 -0.043106414 -0.020724732 35
2.09782 -0.45510414 -0.25890848 7
1.2020068 -0.04230025 -0.10198624 3
1.2812963 -0.27791253 -0.24782895 16
1.167388 -0.04063068 -0.17931072 52
0.93565327 -0.20325404 -0.24685018 19
1.0864121 -0.037215605 -0.24276346 22
4.6827769 -1.0422124 1.0986171 3
2.5303106 -0.087677613 0.66817564 96
4.0307627 -0.8953703 0.64770633 58
1.3368863 -0.050558828 0.25307149 27
4.5974526 -1.0215278 0.40897834 65
1.311613 -0.051487006 0.15668374 5
4.599544 -1.0219995 0.081633627 64
1.2794608 -0.051212475 0.065289102 5
4.0162759 -0.89289367 -0.21379238 55
1.2210124 -0.049500272 -0.020724732 36
2.0857217 -0.46391851 -0.2576915 6
1.1943023 -0.048319552 -0.10133388 3
1.2630595 -0.28086418 -0.24449281 18
1.1597562 -0.046474949 -0.17813878 47
0.92515129 -0.20603152 -0.24426536 20
1.0886366 -0.042989377 -0.24332541 20
4.6858883 -1.0506346 1.099741 3
2.5277405 -0.09201026 0.6675294 95
4.0388308 -0.90456706 0.64926893 58
1.3490586 -0.053335279 0.25545445 27
4.5956626 -1.0295503 0.40897834 65
1.3016022 -0.05340375 0.15546677 5
4.6026316 -1.0311207 0.081720889 64
1.2768748 -0.05335008 0.065158263 6
4.0244546 -0.90209061 -0.21431573 60
1.2209241 -0.051631264 -0.020724732 36
2.077646 -0.46592274 -0.25677878 7
1.2141258 -0.051168773 -0.10307351 3
1.2625674 -0.28306821 -0.24449281 15
1.1695434 -0.048873033 -0.17970139 48
0.92950088 -0.20871352 -0.24555777 21
1.081257 -0.044618994 -0.24163955 20
4.6872573 -1.0776125 1.1014268 3
2.5272238 -0.10524416 0.6675294 95
4.034039 -0.9257018 0.64926893 58
1.348761 -0.060398169 0.25545445 27
4.5926356 -1.0541569 0.4091962 63
1.3137007 -0.06074854 0.15698798 6
4.5947332 -1.0546454 0.081677258 65
1.2865547 -0.060468871 0.065681621 7
4.0391402 -0.92762941 -0.21536244 54
1.220637 -0.05802327 -0.020724732 35
nan nan nan 0
1.2014004 -0.056982014 -0.10198624 3
1.2467216 -0.2863577 -0.24163322 22
1.1668044 -0.054889627 -0.17931072 47
0.9260428 -0.21303134 -0.24491157 18
1.0931778 -0.050794106 -0.24444932 20
4.6879306 -1.0855242 1.1019888 3
2.5318623 -0.10985541 0.66882175 96
4.0300117 -0.93218356 0.64887828 56
1.3511055 -0.062857881 0.25593105 27
4.5956416 -1.0632957 0.40963197 63
1.3086348 -0.062820487 0.15637949 9
4.5880151 -1.0615344 0.081589989 64
1.2864474 -0.062714241 0.065681621 7
4.0569706 -0.9391908 -0.21640916 37
1.220534 -0.060153596 -0.020724732 36
nan nan nan 0
1.206275 -0.059304718 -0.10242115 3
1.2390497 -0.28686202 -0.24020346 23
1.1691737 -0.057036728 -0.17970139 46
0.92802113 -0.21519752 -0.24555777 20
1.0882201 -0.052487768 -0.24332541 22
4.6772494 -1.109746 1.1008649 4
2.5216026 -0.12265895 0.66623694 96
4.029881 -0.95441204 0.64965957 60
1.3458552 -0.069694154 0.25497788 27
4.5875878 -1.0867686 0.40941408 65
1.308288 -0.069671586 0.15637949 23
4.5896907 -1.087274 0.081720889 64
1.2836078 -0.069323294 0.065550782 7
4.0641432 -0.96330464 -0.21706338 27
1.2326843 -0.067177936 -0.020942885 35
nan nan nan 0
1.2059479 -0.065619923 -0.10242115 3
1.225595 -0.29049778 -0.23782048 23
1.1688701 -0.062953688 -0.17970139 44
0.93392748 -0.2217413 -0.24749638 21
1.0854974 -0.058065079 -0.24276346 19
4.6826072 -1.1187925 1.1025507 4
2.5213845 -0.12705979 0.66623694 96
4.0307784 -0.96131498 0.65005022 62
1.3555359 -0.072534531 0.25688425 26
4.5881066 -1.0953532 0.40963197 64
1.3032205 -0.071472004 0.15577102 23
4.5877862 -1.0952829 0.081720889 64
1.2834975 -0.071339495 0.065550782 9
nan nan nan 0
1.2225803 -0.068804249 -0.020768361 35
nan nan nan 0
1.2132928 -0.068115629 -0.10307351 3
1.2131555 -0.28976771 -0.23543751 23
1.1613604 -0.064611122 -0.17852943 46
0.92180091 -0.22053774 -0.24426536 19
1.0878376 -0.059893776 -0.24332541 13
4.6790509 -1.1438746 1.1031127 4
2.5279441 -0.14020801 0.66817564 96
4.0256901 -0.9824068 0.65005022 60
1.3600521 -0.07966511 0.25783744 27
4.5800843 -1.11797 0.40941408 63
1.3127382 -0.078855626 0.15698798 22
4.5797548 -1.1178958 0.081677258 64
1.2731364 -0.077487499 0.065027423 28
1.128059 -0.27411819 -0.059008785 6
1.2297028 -0.075423039 -0.020899255 35
1.157428 -0.28194061 -0.14177597 19
1.2104461 -0.074112825 -0.10285606 5
1.2140564 -0.2964901 -0.2359141 24
1.1659366 -0.070971921 -0.17931072 47
0.92536235 -0.22635758 -0.24555777 19
1.0948058 -0.065998055 -0.24501128 19
4.6843448 -1.1529726 1.1047986 4
2.5252843 -0.14448634 0.6675294 96
4.0215712 -0.9888407 0.64965957 60
1.3648114 -0.082317851 0.25879061 26
4.5829625 -1.1271536 0.40984988 65
1.3076442 -0.08085753 0.15637949 22
4.5875053 -1.1282791 0.08185178 65
1.270507 -0.079562224 0.064896584 28
1.1372749 -0.2784771 -0.059532147 7
1.2320645 -0.077717401 -0.020942885 35
1.1352535 -0.2786029 -0.13903779 8
1.225232 -0.077108957 -0.10416079 7
1.1944796 -0.29388881 -0.23210135 23
1.1682763 -0.073151484 -0.17970139 43
0.931997 -0.22972015 -0.24749638 18
1.0922569 -0.067768097 -0.24444932 16
4.6778321 -1.1791167 1.1047986 4
2.5268762 -0.15829386 0.66817564 96
4.0137677 -1.0099814 0.64926893 55
1.364346 -0.089700952 0.25879061 25
4.5767965 -1.1519332 0.40984988 64
1.317093 -0.088563226 0.15759645 26
4.5789104 -1.1524723 0.08180815 68
1.2650751 -0.086113781 0.064634904 27
1.1429636 -0.28665799 -0.05992467 7
1.2416035 -0.085029304 -0.02111741 34
1.1385411 -0.28595769 -0.13964628 8
1.2247822 -0.083950706 -0.10416079 7
1.1857351 -0.29853868 -0.23067155 15
1.1703275 -0.079629421 -0.18009205 47
0.92371887 -0.23297349 -0.24555777 18
1.0967366 -0.07398437 -0.24557322 21
4.6804891 -1.1884801 1.1059225 4
2.5169549 -0.16210064 0.66559082 96
4.0191793 -1.0188087 0.65044093 61
1.3666205 -0.092477664 0.25926721 26
4.5723658 -1.1593064 0.40963197 63
1.3144605 -0.090699561 0.15729222 26
4.5839567 -1.1631081 0.081939042 72
1.2574495 -0.087826543 0.064242385 33
1.1231052 -0.28372929 -0.058877949 26
1.233971 -0.086697906 -0.020986518 35
1.1428496 -0.28916937 -0.14025477 37
1.2246337 -0.086088225 -0.10416079 7
1.1566775 -0.29332367 -0.22495243 52
1.1677228 -0.081509545 -0.17970139 40
0.93028802 -0.2365458 -0.24749638 22
1.094175 -0.075740375 -0.24501128 20
4.6739902 -1.2137865 1.1059225 4
2.5232694 -0.17620775 0.6675294 96
4.0159979 -1.0411602 0.65083158 57
1.3759105 -0.10031332 0.26117361 27
4.5732579 -1.1859064 0.41028565 64
1.3164257 -0.097985789 0.15759645 26
4.5778041 -1.1870935 0.081939042 77
1.271897 -0.095699683 0.065027423 32
1.1240205 -0.290234 -0.059008785 63
1.2309906 -0.093193442 -0.020942885 35
1.1412684 -0.29534853 -0.14025477 72
1.2216822 -0.092320688 -0.10394333 10
1.1479499 -0.29771802 -0.22352266 75
1.1722062 -0.087973095 -0.1804827 43
0.92436427 -0.24018948 -0.24620397 21
1.0937492 -0.081659295 -0.24501128 19
4.6767907 -1.2223607 1.1070464 4
2.5205486 -0.18044338 0.66688317 96
4.0143576 -1.0474672 0.65083158 59
1.3928686 -0.10393686 0.26450974 27
4.5687718 -1.1932561 0.41006777 64
1.318745 -0.10023309 0.15790071 25
4.5757251 -1.1950816 0.081939042 77
1.2792149 -0.098244682 0.065419942 32
1.1355883 -0.29535666 -0.059662987 67
1.2432903 -0.096261472 -0.021161042 34
1.1432031 -0.29777011 -0.140559 74
1.2165515 -0.094087109 -0.10350842 33
1.1474286 -0.29972112 -0.22352266 76
1.1695881 -0.089839295 -0.18009205 43
0.92627883 -0.24241854 -0.24685018 20
1.0911897 -0.083202235 -0.24444932 17
4.6632667 -1.2449436 1.1053605 4
2.5147865 -0.19283819 0.66559082 96
4.0088181 -1.0684719 0.65083158 55
nan nan nan 0
4.5650797 -1.217008 0.41028565 64
1.3305718 -0.10809927 0.15942189 25
4.5430527 -1.2111328 0.081459105 20
1.2836608 -0.10533214 0.065681621 32
1.1292548 -0.2998116 -0.059401307 71
1.2427872 -0.10255307 -0.021161042 34
1.1368346 -0.30246815 -0.13995051 72
1.2110941 -0.099852592 -0.10307351 33
1.1458968 -0.30552492 -0.22352266 75
1.1764868 -0.096539326 -0.18126401 43
0.920376 -0.24584791 -0.24555777 17
1.0980256 -0.08947774 -0.24613519 20
4.6683621 -1.254166 1.1070464 4
2.5120382 -0.19704257 0.66494459 96
4.0093322 -1.0761083 0.65122223 59
nan nan nan 0
4.5653539 -1.2256204 0.41050357 63
1.355117 -0.11238988 0.16246429 25
nan nan nan 0
1.2909406 -0.10817175 0.06607414 31
1.1311407 -0.30243075 -0.059532147 75
1.2401147 -0.10452107 -0.02111741 34
1.1387007 -0.30509788 -0.14025477 72
1.2134005 -0.10216593 -0.10329097 31
1.1429926 -0.30688429 -0.22304606 77
1.1689324 -0.098002307 -0.18009205 40
0.92460728 -0.24871783 -0.24685018 19
1.0905824 -0.090818077 -0.24444932 18
4.6544614 -1.2774688 1.1053605 4
2.5133791 -0.21038988 0.66559082 96
4.0060239 -1.0977398 0.65161288 54
2.4993963 -0.21315007 0.48040691 94
4.5588741 -1.2495075 0.41050357 62
nan nan nan 0
nan nan nan 0
1.2928441 -0.11514241 0.06620498 31
1.1295416 -0.30834922 -0.059532147 75
1.242041 -0.11122679 -0.021161042 34
1.1299102 -0.30908021 -0.13934204 70
1.2029232 -0.10766692 -0.10242115 36
1.1390042 -0.31221217 -0.22256948 75
1.1708635 -0.10433107 -0.1804827 43
0.92329234 -0.25355566 -0.24685018 21
1.0900918 -0.096527092 -0.24444932 16
4.6571445 -1.2860771 1.1064844 5
2.5081947 -0.21437371 0.66429836 96
4.0064821 -1.1053879 0.65200359 55
2.4745674 -0.21542853 0.47564095 94
4.5638876 -1.2594527 0.41115719 62
nan nan nan 0
4.1950102 -1.1575069 0.075350761 9
1.3025895 -0.1182673 0.066728339 32
1.1241891 -0.30898914 -0.059270468 73
1.2518052 -0.11426755 -0.021335565 33
1.1341517 -0.31237727 -0.13995051 73
1.2101766 -0.11041745 -0.10307351 35
1.1384575 -0.31419963 -0.22256948 76
1.1706796 -0.10637445 -0.1804827 38
0.9228484 -0.25516671 -0.24685018 21
1.0923488 -0.098638438 -0.24501128 16
4.6360521 -1.3072835 1.1031127 6
2.5142543 -0.22814509 0.66623694 96
4.0030155 -1.1270207 0.65239418 54
2.5027356 -0.23103607 0.48136008 96
4.5524364 -1.2819798 0.41072145 62
nan nan nan 0
4.0613856 -1.1434954 0.073038317 10
nan nan nan 0
1.1225559 -0.31487113 -0.059270468 70
1.2536788 -0.12105172 -0.021379197 33
1.127725 -0.3169609 -0.13934204 73
1.2021422 -0.11606222 -0.10242115 36
1.1344357 -0.31948721 -0.22209287 77
1.165189 -0.11204904 -0.17970139 38
0.91685373 -0.25867441 -0.24555777 18
1.0966693 -0.10479984 -0.24613519 14
4.6246204 -1.3119015 1.1008649 27
2.5066369 -0.23187883 0.66429836 96
4.003418 -1.1346799 0.65278482 55
2.5023282 -0.23540382 0.48136008 96
4.552588 -1.2906034 0.41093931 61
2.5047197 -0.23911597 0.30424026 95
4.0016742 -1.1341976 0.071991175 60
nan nan nan 0
1.1292094 -0.31887677 -0.059662987 75
1.2609309 -0.12394661 -0.021510089 33
1.1343299 -0.3209669 -0.14025477 73
1.2068968 -0.11862893 -0.10285606 34
1.1315165 -0.32079357 -0.22161628 76
1.1748254 -0.11500687 -0.18126401 43
0.91872263 -0.26093867 -0.24620397 20
1.094059 -0.10648786 -0.24557322 16
4.6268129 -1.3396171 1.1031127 76
2.5029843 -0.24476969 0.66365212 96
3.9997938 -1.1563129 0.65317547 60
2.503504 -0.2487409 0.48183668 96
4.5481601 -1.3151156 0.41115719 59
2.4984946 -0.2517387 0.30363178 95
nan nan nan 0
nan nan nan 0
1.1275243 -0.3247849 -0.059662987 77
1.2677264 -0.13129321 -0.021640982 34
1.1231016 -0.32413423 -0.13903779 69
1.2037809 -0.12469921 -0.1026386 35
1.1298213 -0.32671374 -0.22161628 74
1.1742071 -0.12115664 -0.18126401 37
0.91502547 -0.26506889 -0.24555777 22
1.0862136 -0.11149918 -0.24388736 12
4.622364 -1.3462012 1.1025507 60
2.5073607 -0.24960752 0.66494459 96
4.0001402 -1.1639831 0.65356618 56
2.5030661 -0.25310999 0.48183668 96
4.553031 -1.3251425 0.41181087 61
2.4980512 -0.25609902 0.30363178 95
4.555202 -1.3257817 0.082200833 62
nan nan nan 0
1.1125753 -0.32255808 -0.058877949 76
1.2575482 -0.13249347 -0.02146646 34
1.1225342 -0.32609391 -0.13903779 72
1.2035615 -0.12680002 -0.1026386 34
1.1292493 -0.32868513 -0.22161628 74
1.1764508 -0.12345409 -0.18165468 38
0.91919571 -0.26802683 -0.24685018 20
1.0932889 -0.11412318 -0.24557322 16
4.6173477 -1.3718855 1.1031127 60
2.5036168 -0.26248512 0.66429836 96
3.9939904 -1.1849117 0.65356618 54
2.5017066 -0.26621246 0.48183668 96
4.541255 -1.347545 0.41137511 69
2.4966762 -0.2691752 0.30363178 95
4.5481977 -1.3496144 0.082200833 61
2.494154 -0.27065092 0.12966232 98
1.1132642 -0.32909063 -0.059008785 75
1.2518665 -0.13854402 -0.021379197 19
1.1184334 -0.33125851 -0.13873357 73
1.2004045 -0.13283543 -0.10242115 34
1.1298643 -0.33529526 -0.22209287 77
1.1684217 -0.1288289 -0.1804827 37
0.9200933 -0.27352881 -0.24749638 22
1.0878313 -0.11933508 -0.24444932 14
4.603519 -1.3756448 1.1003029 75
2.5055571 -0.26710597 0.66494459 96
4.00138 -1.194711 0.65512884 60
2.5012383 -0.27057835 0.48183668 96
4.5388961 -1.355469 0.41137511 81
2.4937353 -0.27326646 0.30332753 95
4.5458355 -1.3575505 0.082200833 61
2.4986417 -0.27554199 0.129924 96
1.1174717 -0.33246464 -0.059270468 77
nan nan nan 0
1.1154766 -0.33249739 -0.13842931 73
1.2051228 -0.13546827 -0.10285606 33
1.1245767 -0.33585462 -0.22113968 74
1.1755604 -0.13166419 -0.18165468 37
0.91498983 -0.27374059 -0.24620397 21
1.0924655 -0.12175293 -0.24557322 17
4.5563993 -1.388445 1.0907497 80
2.5017233 -0.27995712 0.66429836 96
3.9927075 -1.2149256 0.65473813 56
2.4973481 -0.28339875 0.48136008 96
4.5317369 -1.3792157 0.41137511 77
2.4972017 -0.28687733 0.30393603 95
4.5434465 -1.3827909 0.082288086 62
2.4996455 -0.28890321 0.13005485 98
1.1157155 -0.33831111 -0.059270468 76
2.4727516 -0.28671226 -0.042845655 94
1.1160935 -0.33905852 -0.13873357 73
1.2167696 -0.14318608 -0.10394333 32
1.1204561 -0.34101996 -0.2206631 75
1.1748548 -0.13781758 -0.18165468 37
0.91816133 -0.27994552 -0.24749638 21
1.0893924 -0.12719899 -0.24501128 16
4.5565419 -1.3963151 1.0913117 83
2.5060313 -0.28485978 0.66559082 96
3.9905808 -1.2218925 0.65473813 56
2.4968495 -0.28775701 0.48136008 96
4.5317039 -1.3878533 0.41159299 55
2.4942322 -0.2909523 0.30363178 95
4.543416 -1.3914516 0.082331717 60
2.4966571 -0.29297894 0.129924 96
1.1151234 -0.34025788 -0.059270468 74
2.4995604 -0.29419261 -0.043325596 96
1.1155 -0.34100592 -0.13873357 74
1.2140437 -0.14502327 -0.10372588 10
1.1245501 -0.34441987 -0.22161628 75
1.1697062 -0.13930282 -0.18087336 36
0.91305643 -0.28012171 -0.24620397 22
1.091589 -0.12937675 -0.24557322 16
4.5628695 -1.4253112 1.0946834 43
2.4997079 -0.29741547 0.66429836 96
3.9888415 -1.2442428 0.65551943 56
2.5001829 -0.30140513 0.48231328 96
nan nan nan 0
2.4926746 -0.30400801 0.30363178 95
4.5432258 -1.4174579 0.082462616 59
2.4975679 -0.30634686 0.13005485 96
1.106178 -0.34385723 -0.058877949 75
2.4979856 -0.30727619 -0.043325596 96
1.1089634 -0.34535873 -0.13812508 73
1.2182127 -0.15197638 -0.10416079 10
1.1250728 -0.35103795 -0.22209287 77
1.1812185 -0.14690228 -0.18282664 36
0.92079186 -0.28779864 -0.24878879 21
1.0933155 -0.13537979 -0.24613519 18
4.6047764 -1.446364 1.1053605 54
2.5039816 -0.30234811 0.66559082 96
3.9843092 -1.2504625 0.65512884 53
2.489907 -0.30459407 0.48040691 96
nan nan nan 0
2.4946032 -0.30865833 0.30393603 95
4.5431299 -1.4261348 0.082506247 60
2.4945509 -0.31040162 0.129924 96
1.1127207 -0.34803459 -0.059270468 76
2.4999268 -0.31194061 -0.043369226 96
1.1130922 -0.34878525 -0.13873357 73
nan nan nan 0
1.1221182 -0.35226226 -0.22161628 78
1.1883135 -0.14986262 -0.1839986 36
0.9179858 -0.28867626 -0.24814259 22
1.0858227 -0.13640727 -0.24444932 21
4.5899248 -1.4690266 1.1036747 82
2.4951742 -0.31456169 0.66365212 96
3.9871135 -1.2743181 0.65669137 57
2.4882779 -0.31762692 0.48040691 96
4.1823401 -1.336817 0.3810885 60
2.4978762 -0.32234207 0.30454451 95
4.530839 -1.4483788 0.082418986 59
2.4854624 -0.32250836 0.12953149 98
1.1085057 -0.35309446 -0.059139628 75
2.4957795 -0.32470778 -0.043325596 96
1.1065252 -0.35309228 -0.13812508 73
nan nan nan 0
1.1155856 -0.35663074 -0.2206631 77
nan nan nan 0
0.91876018 -0.29421994 -0.24878879 20
1.0923438 -0.14300922 -0.24613519 21
4.5945673 -1.4784759 1.1053605 23
2.5018098 -0.31982169 0.66559082 96
3.9848835 -1.2812749 0.65669137 56
2.4877198 -0.32196933 0.48040691 96
4.2985315 -1.3822846 0.39198294 36
2.4874656 -0.32543138 0.30332753 95
4.530684 -1.4570506 0.082462616 58
2.4923232 -0.32780915 0.129924 96
1.1102639 -0.35579428 -0.059270468 78
2.4976881 -0.32938564 -0.043369226 96
1.11063 -0.35654753 -0.13873357 74
2.303544 -0.30373955 -0.19984084 12
1.1172965 -0.35933235 -0.22113968 77
1.2435627 -0.16544017 -0.19298367 21
0.91824532 -0.29582301 -0.24878879 19
1.0872601 -0.14429474 -0.24501128 20
4.6003876 -1.5078709 1.1087322 3
2.4977064 -0.33260226 0.66494459 96
3.9828129 -1.3036605 0.65747273 57
2.4932981 -0.33596042 0.48183668 96
4.3125339 -1.4117548 0.39394397 31
2.4931056 -0.33944222 0.30424026 95
4.5277433 -1.4823104 0.082549877 58
2.4930468 -0.34118846 0.13005485 96
1.1036415 -0.36004651 -0.059008785 77
2.488498 -0.3414529 -0.043238334 96
1.1016757 -0.36003399 -0.13782084 76
2.2969861 -0.31512931 -0.19940594 10
1.1153997 -0.36517754 -0.22113968 77
1.3895112 -0.1917233 -0.21642299 34
0.91668373 -0.30062687 -0.24878879 19
1.0864897 -0.14998561 -0.24501128 20
4.5980134 -1.5150954 1.1087322 3
2.4899402 -0.33600539 0.66300601 96
3.9852223 -1.3121567 0.65825403 55
2.4854116 -0.33932889 0.48040691 96
4.2958717 -1.4146 0.39263663 27
2.4875917 -0.34312373 0.30363178 95
4.527523 -1.4909935 0.082593508 56
2.4850271 -0.34452397 0.12966232 96
1.0935279 -0.35884318 -0.058485426 76
2.4878983 -0.3457956 -0.043238334 96
1.1010456 -0.36195621 -0.13782084 72
2.3087702 -0.32082784 -0.20049322 9
1.1077713 -0.36480954 -0.21970992 73
1.4038541 -0.19615121 -0.21876691 34
0.91386569 -0.30146521 -0.24814259 21
1.0886401 -0.15220888 -0.24557322 20
4.6059136 -1.5453812 1.1126659 3
2.4929311 -0.34970021 0.66429836 96
3.9829788 -1.3345761 0.65903533 60
2.4836006 -0.35233775 0.48040691 96
4.2766008 -1.433112 0.39154717 28
2.4882181 -0.35649148 0.30393603 95
4.5291324 -1.5178596 0.08276803 58
2.4807172 -0.3571794 0.12953149 98
1.0963675 -0.36615321 -0.058747105 67
2.4860535 -0.3588174 -0.043238334 96
1.0967835 -0.36692527 -0.1375166 67
2.3045928 -0.33256117 -0.20027576 8
1.105846 -0.37060481 -0.21970992 67
1.4125873 -0.20488565 -0.22032954 31
0.90998685 -0.30547297 -0.24749638 19
1.0878282 -0.15790689 -0.24557322 18
4.6080966 -1.5541731 1.1137898 3
2.4899254 -0.35371539 0.66365212 96
3.9783037 -1.340736 0.65864462 57
2.4902716 -0.3577055 0.48183668 96
4.2599339 -1.4357953 0.39023983 28
2.4851358 -0.36048189 0.30363178 95
4.5241084 -1.5249629 0.0827244 56
2.4825613 -0.36186421 0.12966232 98
1.090996 -0.36646861 -0.058485426 65
2.4878976 -0.36351284 -0.043281965 96
1.0937909 -0.36804375 -0.13721235 67
2.3015435 -0.33622766 -0.2000583 9
1.0982245 -0.37017137 -0.21828012 61
1.461112 -0.214369 -0.22814263 25
0.91631204 -0.30939195 -0.24943499 20
1.0803162 -0.15877303 -0.24388736 16
4.6019235 -1.5798744 1.1143517 4
2.4928191 -0.36744326 0.66494459 96
3.9735649 -1.3623497 0.65903533 57
2.4883645 -0.37073958 0.48183668 96
4.268847 -1.463742 0.39176506 28
2.4856689 -0.37385368 0.30393603 95
4.5184259 -1.5494417 0.08276803 56
2.4855709 -0.37559497 0.129924 98
1.0937846 -0.37379831 -0.058747105 67
2.4859605 -0.3765344 -0.043281965 96
1.0918487 -0.37376577 -0.13721235 63
2.2972884 -0.34790573 -0.19984084 9
1.0916309 -0.37431693 -0.21732694 56
1.4795085 -0.22492602 -0.23126788 24
0.90783203 -0.31181836 -0.24749638 20
1.0770603 -0.16407065 -0.24332541 16
4.6155539 -1.5926696 1.1182854 4
2.4850061 -0.37073761 0.66300601 96
3.9828515 -1.3733128 0.66098863 60
2.4804313 -0.37399757 0.48040691 96
4.2709942 -1.4728161 0.39220086 28
2.4850123 -0.37819141 0.30393603 95
4.5180779 -1.5581415 0.082811661 56
2.4824431 -0.37955967 0.12979317 96
1.0836916 -0.37244564 -0.058223747 62
2.490242 -0.38162103 -0.043369226 96
1.0911947 -0.37567085 -0.13721235 64
2.3016028 -0.35265958 -0.20027576 10
1.0956136 -0.37782934 -0.21828012 60
1.4815555 -0.22787589 -0.23165853 25
0.90728641 -0.31340235 -0.24749638 19
1.0767723 -0.16595021 -0.24332541 14
4.6091671 -1.6184266 1.1188474 4
2.4830308 -0.38374394 0.66300601 96
3.9732761 -1.3933299 0.66059798 57
2.4784393 -0.38697991 0.48040691 96
4.2843719 -1.5025854 0.39416185 31
2.4780943 -0.39043415 0.30332753 95
4.5145741 -1.583433 0.08289893 56
2.4754884 -0.39178079 0.12953149 96
1.0746605 -0.37563187 -0.057831232 56
2.4808013 -0.39349318 -0.043238334 96
1.0821909 -0.37890768 -0.13629964 59
nan nan nan 0
1.0913055 -0.3827447 -0.21780351 58
1.4925408 -0.23753388 -0.23361182 24
0.91018689 -0.3197585 -0.24878879 20
1.0807031 -0.17233293 -0.24444932 17
4.6066189 -1.6256646 1.1188474 3
2.4847441 -0.38844568 0.66365212 96
3.9778237 -1.402729 0.66176993 61
2.4850345 -0.39244023 0.48183668 96
4.30053 -1.516695 0.39590496 31
2.4823115 -0.39553073 0.30393603 95
4.5188746 -1.593807 0.083029814 56
2.4797325 -0.39688101 0.12979317 98
1.085773 -0.38166559 -0.058485426 60
2.4850483 -0.39860529 -0.043325596 96
1.0885454 -0.38327959 -0.13721235 63
2.436837 -0.39053687 -0.2124532 45
1.1022015 -0.38874894 -0.2201865 68
1.5091975 -0.2428335 -0.23634639 25
0.90052527 -0.31811082 -0.24620397 19
1.0779941 -0.17384112 -0.24388736 18
4.6092181 -1.6546849 1.1216571 3
2.4874458 -0.40221265 0.66494459 96
3.9681001 -1.4227031 0.66137928 54
2.4805226 -0.40505528 0.48136008 96
4.3230014 -1.5501322 0.39873752 40
2.4753082 -0.40772483 0.30332753 95
4.5175247 -1.6199799 0.083160713 60
2.4751568 -0.40945634 0.12966232 98
1.0814102 -0.38650137 -0.05835459 59
2.4804606 -0.41120708 -0.043281965 96
1.0748495 -0.38477322 -0.13569117 55
2.4323013 -0.40288827 -0.21223576 45
1.0932244 -0.39201832 -0.21875671 64
1.5200906 -0.25272113 -0.23829968 24
0.9079324 -0.32610497 -0.24878879 21
1.07226 -0.17870243 -0.24276346 16
4.6020308 -1.6602677 1.1205331 3
2.4819717 -0.40578285 0.66365212 96
3.9772239 -1.4338189 0.66333252 61
2.474968 -0.40859336 0.48040691 96
4.3320022 -1.5619034 0.39982697 43
2.4819384 -0.41325387 0.30424026 95
4.5123396 -1.6270131 0.083117083 64
2.4793644 -0.4145903 0.129924 98
nan nan nan 0
2.4822049 -0.41594434 -0.043325596 96
1.078843 -0.38833705 -0.13629964 26
2.4291372 -0.40672606 -0.21201831 96
nan nan nan 0
1.5367016 -0.25818798 -0.24103427 26
0.9028222 -0.32603952 -0.24749638 22
1.0791581 -0.18175715 -0.24444932 21
4.5998406 -1.6876626 1.1222191 3
2.4798129 -0.41877285 0.66365212 96
3.9742985 -1.4563251 0.66411388 61
2.4800544 -0.42277062 0.48183668 96
4.2115378 -1.5433837 0.38936827 26
2.4748478 -0.42541161 0.30363178 95
4.5107989 -1.6532006 0.083247975 71
2.4746988 -0.42714626 0.12979317 96
3.9753976 -1.4575287 -0.22007269 16
2.4775295 -0.42851382 -0.043281965 96
nan nan nan 0
2.4245191 -0.4190197 -0.21180084 74
1.219424 -0.44714111 -0.245446 28
1.5402436 -0.26679128 -0.24181558 25
0.91243011 -0.33494556 -0.25072739 18
1.0781916 -0.18740509 -0.24444932 14
4.5971842 -1.6948858 1.1222191 3
2.4790783 -0.42310026 0.66365212 96
3.9720058 -1.4625661 0.66411388 60
2.4768934 -0.42668626 0.48136008 96
4.206501 -1.5498698 0.38915038 22
2.4741766 -0.42929858 0.30363178 95
4.4750752 -1.6489584 0.082637139 22
2.4789455 -0.43188119 0.13005485 96
3.9494267 -1.4558196 -0.21876429 49
2.4767778 -0.43283728 -0.043281965 98
2.011868 -0.74142367 -0.25860423 5
2.4483261 -0.42748976 -0.2139754 43
1.2347517 -0.45523435 -0.24878214 21
1.5592442 -0.27282789 -0.24494082 23
0.90731603 -0.33485627 -0.24943499 21
1.0850993 -0.19033109 -0.24613519 13
4.5836854 -1.7172223 1.1210952 3
2.4840431 -0.43688446 0.66559082 95
3.97123 -1.4859424 0.66528577 61
2.4771192 -0.43964189 0.48183668 91
4.2452459 -1.5886173 0.39350817 9
2.4792252 -0.44354522 0.30454451 88
4.4034724 -1.6479082 0.081459105 14
2.4791083 -0.44529188 0.13018569 96
3.9349947 -1.4731619 -0.21837178 45
2.4745555 -0.44536778 -0.043281965 100
2.0218968 -0.75718105 -0.26042965 5
2.4485829 -0.44031259 -0.21419284 84
1.2255405 -0.45888653 -0.24735238 23
1.5723821 -0.28357631 -0.24728474 22
0.91012907 -0.3411485 -0.25072739 23
1.0768909 -0.19473971 -0.24444932 16
4.5969391 -1.7304342 1.1250288 3
2.4737625 -0.43954679 0.66300601 70
3.9686306 -1.4928712 0.66528577 61
2.4715154 -0.44310725 0.48088351 67
4.2960711 -1.6162155 0.39851961 13
2.4735618 -0.44699788 0.30393603 53
4.3350925 -1.6309203 0.080237433 13
2.4783273 -0.44961804 0.13018569 42
3.9440985 -1.4844296 -0.21902597 50
2.4934549 -0.45322716 -0.043631013 42
2.0275369 -0.76333773 -0.26134241 5
2.4600673 -0.44678861 -0.21528012 95
1.2316244 -0.46362844 -0.24878214 21
1.598621 -0.29111153 -0.25158197 6
0.91179049 -0.34359244 -0.25137359 23
1.0765495 -0.19661894 -0.24444932 17
4.5852342 -1.7544091 1.1244669 3
nan nan nan 0
3.9676783 -1.5162779 0.66645777 65
nan nan nan 0
4.2526598 -1.6253364 0.39525127 14
nan nan nan 0
4.2704649 -1.6321561 0.079190291 13
3.7549562 -0.69917834 0.19835328 12
3.9479294 -1.5095236 -0.21968016 55
3.7666266 -0.70269114 -0.066275507 12
2.0119276 -0.76950109 -0.25982118 5
2.4478984 -0.45784956 -0.21441031 95
1.217725 -0.46567139 -0.24639918 20
1.6310704 -0.30575401 -0.25705114 4
0.89871031 -0.34402266 -0.24814259 23
1.0755053 -0.20225303 -0.24444932 18
4.5870194 -1.763359 1.1255908 4
3.9933887 -0.73545974 1.0772232 44
3.9696355 -1.5249736 0.66723907 65
4.0105038 -0.74505645 0.78542715 32
4.1800838 -1.6059322 0.38871461 12
3.7096725 -0.69483972 0.45849007 10
4.2046194 -1.6153768 0.07801225 12
3.6776521 -0.69152081 0.19429722 11
3.9499485 -1.518205 -0.21994184 56
3.6671162 -0.69087172 -0.064530268 12
2.0221584 -0.77747393 -0.26134241 5
nan nan nan 0
1.2123315 -0.46602824 -0.245446 20
1.6208243 -0.30679017 -0.25548851 4
0.89585638 -0.34471893 -0.24749638 23
1.0727555 -0.20368546 -0.24388736 16
4.5751429 -1.7872643 1.1250288 4
4.0155888 -0.76127756 1.0843313 30
3.9661965 -1.5475347 0.66802043 68
4.0210137 -0.76879406 0.78828669 44
4.1159439 -1.606046 0.38348529 12
3.5914381 -0.69232023 0.44419077 31
4.1309133 -1.6119009 0.076790586 13
3.5783648 -0.69238919 0.18919449 39
3.9465959 -1.5406841 -0.22020353 59
3.5799947 -0.6939925 -0.063046813 51
2.0088172 -0.78443277 -0.26012543 5
2.9631252 -0.57467806 -0.26051068 9
1.2007356 -0.46878612 -0.2435396 17
1.6313212 -0.31759873 -0.25744176 4
0.88504863 -0.34587067 -0.24491157 22
1.0836382 -0.211584 -0.24669713 17
4.5836663 -1.7989028 1.1278386 4
4.0284891 -0.7709927 1.0882087 71
3.9657874 -1.5553572 0.66841102 70
4.0148454 -0.77488619 0.78733355 65
4.045908 -1.5868273 0.37716648 12
3.5877879 -0.69811648 0.44388652 64
4.0606208 -1.5926116 0.075525284 12
3.5894051 -0.70101106 0.18984866 69
3.9346061 -1.5439179 -0.21968016 62
3.6057684 -0.70548612 -0.063526757 74
nan nan nan 0
2.9670076 -0.58079839 -0.26094562 9
nan nan nan 0
1.62834 -0.31997597 -0.25705114 4
0.87770545 -0.34475246 -0.24297296 25
1.0784832 -0.21255286 -0.24557322 18
4.5738664 -1.8236763 1.1278386 4
4.022027 -0.79161143 1.0875624 53
3.9575891 -1.5761006 0.66841102 69
4.032403 -0.80017209 0.79162282 26
3.9797103 -1.5849282 0.37171924 14
nan nan nan 0
3.9988241 -1.5925564 0.074521773 13
nan nan nan 0
3.9401073 -1.5707368 -0.22046521 60
nan nan nan 0
0.80506444 -0.31966603 -0.10192049 8
2.9638216 -0.59684289 -0.26094562 9
nan nan nan 0
1.6169554 -0.3265689 -0.25548851 4
0.86243993 -0.34394807 -0.2390957 23
1.0773555 -0.21819684 -0.24557322 17
4.5819807 -1.8361914 1.1306484 4
nan nan nan 0
3.9525406 -1.5820869 0.66802043 38
nan nan nan 0
3.9237685 -1.5705621 0.3667078 24
4.5803471 -0.92319536 0.56862509 34
3.9238379 -1.5713913 0.073169217 23
nan nan nan 0
3.9188235 -1.5701745 -0.2194185 30
4.5980296 -0.93172753 -0.081284575 69
0.79529458 -0.3173717 -0.10070353 5
2.9749825 -0.60447615 -0.2620329 9
nan nan nan 0
1.6309085 -0.3323088 -0.25783244 4
0.86625737 -0.34741023 -0.24038813 20
1.0865281 -0.22198786 -0.24782103 19
4.5674672 -1.859117 1.1295245 4
4.6694756 -0.95303285 1.2659149 2
3.9233396 -1.59507 0.66450453 36
4.6877513 -0.96436626 0.92268622 3
3.8783064 -1.5767447 0.36322156 23
4.5801454 -0.94896585 0.56923354 34
3.8854592 -1.579663 0.072602004 23
4.0571771 -0.84407556 0.21536244 60
3.8781779 -1.5774879 -0.21758673 26
4.6002641 -0.95811337 -0.081415474 65
0.79816115 -0.32354438 -0.101312 3
2.9693379 -0.61953974 -0.26181543 9
nan nan nan 0
1.6266685 -0.34062847 -0.25744176 4
0.85101706 -0.34644976 -0.23651089 21
1.0805389 -0.22688192 -0.24669713 17
4.5667958 -1.8672118 1.1300864 4
4.6890984 -0.96554428 1.2717308 3
3.8862679 -1.58789 0.65864462 29
4.6836581 -0.97205007 0.92220974 3
3.850193 -1.573138 0.36082476 23
4.5833411 -0.95796895 0.56984198 34
3.8526211 -1.5741379 0.072034806 23
4.0581417 -0.8516655 0.21549329 60
3.845382 -1.5719597 -0.21588582 25
4.5936913 -0.96511775 -0.081328206 67
0.80677915 -0.32870167 -0.10252897 4
2.9682522 -0.62472129 -0.26181543 9
0.81173199 -0.3312149 -0.16347179 5
1.623654 -0.34296334 -0.25705114 5
0.8437112 -0.34517714 -0.23457228 21
1.089682 -0.23074678 -0.24894494 19
4.5048885 -1.8703889 1.1171615 5
4.6981583 -0.99306601 1.2756079 3
3.7980831 -1.5750736 0.64497179 23
4.6809049 -0.99706912 0.92268622 3
3.8005021 -1.5760846 0.35690275 24
4.5734086 -0.98091793 0.56923354 34
3.8027728 -1.5770341 0.071249448 23
4.0560679 -0.87342507 0.21562412 61
3.6203787 -1.5020382 -0.20358686 9
4.5934629 -0.99020571 -0.081415474 65
0.78213668 -0.32338944 -0.099486567 4
2.9771166 -0.64286464 -0.26290271 9
0.82357889 -0.34112406 -0.16633137 5
1.6242508 -0.35197636 -0.25744176 5
0.83075005 -0.34493598 -0.23134126 6
1.0836939 -0.23543455 -0.24782103 18
nan nan nan 0
4.6893301 -0.99976033 1.2736694 3
3.7816553 -1.5759946 0.64262778 24
4.7007565 -1.009856 0.92697561 3
3.7724631 -1.5721654 0.35450599 24
4.5789671 -0.99046534 0.57014626 33
3.7769461 -1.5740427 0.070813134 25
4.0569777 -0.88103002 0.21575497 58
3.4864318 -1.4535301 -0.19612899 10
4.5843987 -0.99663532 -0.081284575 62
0.79530728 -0.33049724 -0.101312 4
2.9735556 -0.64753342 -0.26268524 9
0.80713624 -0.33592591 -0.16299519 5
1.6212201 -0.35429016 -0.25705114 5
0.81233209 -0.33890781 -0.22617163 24
1.0832813 -0.23732559 -0.24782103 21
3.948947 -1.6717343 0.98116899 47
4.6745925 -1.0222453 1.2710845 3
3.7415178 -1.5822936 0.63715863 25
4.6810222 -1.0313007 0.92411602 3
3.7412462 -1.5821853 0.35232711 25
4.5591803 -1.0112174 0.56832081 33
3.7410316 -1.582101 0.07028956 25
4.0474343 -0.90118027 0.21549329 57
3.4144075 -1.4444963 -0.19246547 10
4.5888782 -1.0227911 -0.081459105 62
0.79356593 -0.33465689 -0.101312 17
2.9676929 -0.66255492 -0.2624678 8
0.79181397 -0.33438924 -0.16013563 61
1.6121097 -0.36117435 -0.25587916 5
0.79499316 -0.33653209 -0.22164819 90
1.0725076 -0.24089861 -0.24557322 18
3.9463165 -1.6779352 0.98116899 71
4.6822362 -1.0324734 1.2736694 3
3.7092128 -1.5762531 0.63208014 25
4.6911955 -1.0421187 0.92649895 4
3.7041039 -1.5740858 0.34905878 26
4.5598307 -1.0197122 0.56862509 33
3.7152643 -1.5788412 0.069853254 25
4.0507278 -0.90933132 0.21575497 60
3.3705335 -1.4328512 -0.19011036 11
4.5797687 -1.0291617 -0.081328206 62
0.79526323 -0.33701456 -0.10161625 48
2.9811151 -0.67099321 -0.26377252 8
0.78897202 -0.33480704 -0.15965904 95
1.6114769 -0.36398745 -0.25587916 5
0.78774381 -0.3350684 -0.21970958 91
1.0768417 -0.2438263 -0.24669713 18
3.9505975 -1.7050601 0.98454076 29
4.6838346 -1.0585657 1.2756079 3
3.6646359 -1.5799936 0.6258297 25
4.6808882 -1.0655824 0.92554587 3
3.6729462 -1.5835878 0.34687987 26
4.5568476 -1.0441252 0.56892926 33
3.6725225 -1.5834116 0.069198787 25
4.0532126 -0.93219924 0.2161475 60
3.3148544 -1.4296914 -0.18736272 11
4.5767531 -1.0536855 -0.081371844 61
0.8025977 -0.34511429 -0.1028332 61
2.9727056 -0.68548107 -0.26333761 8
0.78495628 -0.33795804 -0.15918244 94
1.5926983 -0.36857006 -0.25314459 5
0.78819388 -0.34015027 -0.22035578 78
1.0731752 -0.24892075 -0.24613519 20
3.9255674 -1.7015654 0.97892123 65
4.6819806 -1.066739 1.2756079 3
3.6369538 -1.575578 0.62153244 26
4.6838059 -1.0748436 0.92649895 4
3.6404746 -1.5771118 0.34404731 26
4.5526004 -1.0515207 0.56862509 32
3.6445289 -1.5788771 0.068718851 26
4.0564442 -0.94039422 0.21640916 60
3.2619696 -1.4136088 -0.18448423 10
4.5846496 -1.0639228 -0.081546366 60
0.79971844 -0.3455255 -0.10252897 61
2.961798 -0.68842739 -0.2624678 7
0.78436524 -0.33932751 -0.15918244 95
nan nan nan 0
0.7942397 -0.34442249 -0.22229439 82
1.0727391 -0.25079343 -0.24613519 22
nan nan nan 0
4.6765213 -1.0904227 1.2756079 3
3.6040683 -1.5830308 0.61723518 26
4.6687469 -1.0963018 0.92459267 4
3.6050882 -1.5834861 0.34143263 26
4.5423889 -1.0734134 0.56801659 32
3.6021688 -1.5822088 0.068064377 25
4.0467734 -0.95976675 0.2161475 59
3.2065387 -1.4095454 -0.1817366 10
4.5816379 -1.0876889 -0.081589989 62
0.79795933 -0.34956881 -0.10252897 61
1.1524768 -0.27708209 -0.10046406 10
0.78263772 -0.34329319 -0.15918244 94
nan nan nan 0
0.7858603 -0.34550741 -0.22035578 77
1.0785706 -0.25788984 -0.24782103 21
4.4861455 -1.9821719 1.123343 29
4.6722589 -1.098033 1.2749617 3
3.5764558 -1.5783402 0.61293799 26
4.676188 -1.1075164 0.92649895 4
3.5681493 -1.5746763 0.33816427 26
4.5332651 -1.0796219 0.56710386 30
3.5762634 -1.5790145 0.067628071 25
4.0572357 -0.96971685 0.21680169 61
3.1652594 -1.3979719 -0.17951232 10
4.5748701 -1.0945253 -0.081502736 61
0.79507905 -0.34995645 -0.10222473 61
1.147146 -0.27793875 -0.10002915 5
0.78203732 -0.34465864 -0.15918244 94
nan nan nan 0
0.78298873 -0.34603438 -0.21970958 77
1.0710071 -0.25808945 -0.24613519 23
4.4109039 -1.9774899 1.1070464 70
4.6685987 -1.123859 1.2756079 3
3.5363193 -1.583524 0.60746884 26
4.6703253 -1.1319855 0.92649895 4
3.5277622 -1.5796939 0.33511385 26
4.5249457 -1.1035477 0.56679958 30
3.5337338 -1.582378 0.066973604 26
4.05193 -0.99165428 0.21680169 61
3.1100605 -1.3930677 -0.17676468 9
4.5737376 -1.1204463 -0.081589989 61
0.78864688 -0.35221949 -0.10161625 57
1.1287372 -0.2798124 -0.098506965 6
0.78016114 -0.34888479 -0.15918244 94
nan nan nan 0
0.78556937 -0.35211465 -0.22100198 78
1.0790651 -0.26617491 -0.248383 21
4.3989086 -1.9804126 1.1047986 90
4.6619349 -1.1308714 1.2743155 4
3.504282 -1.5765092 0.60239035 26
4.6659579 -1.1395551 0.92602247 4
3.5045631 -1.5766426 0.33315283 27
4.5254235 -1.1120334 0.56710386 30
3.5081763 -1.5782769 0.066537298 26
4.0598912 -1.0011051 0.21732503 61
3.0598261 -1.3769522 -0.17401704 10
4.5717745 -1.1284273 -0.081589989 61
0.78803092 -0.35359541 -0.10161625 55
1.1330844 -0.28297013 -0.09894187 7
0.77955103 -0.35024589 -0.15918244 94
1.155015 -0.28774619 -0.18282664 5
0.77835411 -0.3504957 -0.21906337 79
1.0738659 -0.26690227 -0.2472591 23
4.4590235 -2.0365968 1.122781 93
4.6653275 -1.157583 1.2769004 4
3.4780111 -1.5866282 0.59926504 56
4.6670713 -1.1657476 0.92745221 4
3.5053213 -1.5991098 0.3340244 27
4.5147243 -1.1345083 0.56649536 30
3.5089588 -1.600778 0.066711821 26
4.0521722 -1.021741 0.21719421 62
3.0185142 -1.3773892 -0.17205445 10
4.5633802 -1.1517402 -0.081546366 62
0.79068148 -0.35978183 -0.10222473 53
1.1291717 -0.28829232 -0.098724425 49
0.77324438 -0.35227802 -0.15822926 94
1.1367261 -0.28958777 -0.18009205 37
0.78309202 -0.35759035 -0.22100198 84
1.0795439 -0.27429178 -0.24894494 23
4.4646749 -2.0476644 1.1250288 84
4.6586132 -1.164557 1.2756079 4
3.4864576 -1.5978454 0.60121834 50
4.6578889 -1.1721016 0.92602247 4
3.4934707 -1.6010704 0.33315283 50
4.5127373 -1.1423862 0.56649536 30
3.4925284 -1.6006447 0.06645003 47
4.052803 -1.0294238 0.21732503 62
2.9843411 -1.3680723 -0.17022268 10
4.5686312 -1.1615437 -0.081677258 65
0.78779775 -0.36012474 -0.10192049 50
1.1262525 -0.28965169 -0.098506965 77
0.77485758 -0.35465333 -0.15870585 93
1.1338248 -0.29096678 -0.17970139 84
0.78027385 -0.35794473 -0.22035578 77
1.0837884 -0.27736408 -0.25006884 23
4.4535308 -2.0717905 1.1250288 82
4.6571326 -1.1901248 1.2769004 4
nan nan nan 0
4.6611967 -1.1989104 0.92792881 4
3.4963298 -1.6245928 0.33424225 35
4.5018888 -1.1647607 0.56588691 30
3.5044968 -1.6283993 0.066842712 35
4.061861 -1.0543782 0.2181101 62
2.9454498 -1.3689302 -0.16839093 12
4.5697474 -1.187328 -0.08180815 71
0.78590137 -0.36424467 -0.10192049 48
1.1271317 -0.29616833 -0.098724425 78
0.77076626 -0.35766765 -0.15822926 14
1.1370677 -0.29813346 -0.1804827 85
0.78713906 -0.36611855 -0.22294059 81
1.0799621 -0.28242832 -0.24950691 23
4.4613042 -2.0839424 1.1278386 70
4.6644058 -1.2006502 1.2794851 4
nan nan nan 0
4.6686029 -1.2094969 0.9298352 4
3.4776955 -1.6233113 0.33271703 58
4.4926429 -1.1707461 0.56497419 30
3.4699461 -1.6196961 0.066231877 57
4.0551825 -1.060208 0.21784841 62
2.9159172 -1.3613793 -0.16682085 10
4.5700865 -1.1959323 -0.08185178 67
0.7830171 -0.36456355 -0.10161625 46
1.1290232 -0.29876286 -0.09894187 77
0.77902889 -0.36317962 -0.16013563 10
1.1365455 -0.30011755 -0.1804827 85
0.77994168 -0.3644104 -0.22100198 79
1.0771093 -0.28370202 -0.24894494 23
4.4587674 -2.1122246 1.1300864 6
4.6533823 -1.2238324 1.2781928 4
nan nan nan 0
4.6598334 -1.2332993 0.9293586 4
nan nan nan 0
4.4912486 -1.1955252 0.56558263 30
nan nan nan 0
4.0544009 -1.0827093 0.2181101 62
2.9087491 -1.3766282 -0.16682085 10
4.5347767 -1.2121269 -0.081328206 24
0.78558105 -0.37078637 -0.10222473 45
1.1298501 -0.3053107 -0.09915933 78
0.77490002 -0.36620018 -0.15965904 9
1.1230257 -0.30289593 -0.17852943 83
0.77584267 -0.36745062 -0.22035578 83
1.0756091 -0.28933781 -0.24894494 23
nan nan nan 0
4.6605806 -1.2344166 1.2807776 4
3.9142022 -1.8607129 0.68013072 33
4.6600456 -1.2420601 0.9298352 4
4.1071892 -1.9525629 0.3948155 38
4.4819627 -1.2014416 0.56466991 31
4.4448886 -2.1132824 0.085298628 68
4.062151 -1.0923668 0.21863344 63
2.9131043 -1.3849224 -0.16721338 10
nan nan nan 0
0.78269279 -0.37108898 -0.10192049 40
1.1317211 -0.30792677 -0.099376783 76
0.77647448 -0.3686094 -0.16013563 9
1.1248808 -0.30549338 -0.17892009 84
0.77520019 -0.36880416 -0.22035578 83
1.0798103 -0.29246908 -0.25006884 23
nan nan nan 0
4.6540532 -1.2588023 1.2807776 4
3.9221988 -1.8897641 0.68325597 31
4.6534781 -1.2664429 0.9298352 4
4.1081257 -1.9794514 0.39590496 37
4.4803987 -1.226198 0.56527841 31
4.4202542 -2.1300111 0.085036844 24
4.061193 -1.1149379 0.21889512 62
2.9125583 -1.4034114 -0.16760589 9
nan nan nan 0
0.78073913 -0.37518206 -0.10192049 40
1.1180822 -0.31056231 -0.098289512 76
0.78116125 -0.37587664 -0.16156541 9
1.1280301 -0.31267971 -0.17970139 87
0.77760446 -0.37496555 -0.22164819 83
1.0665112 -0.29492134 -0.2472591 24
nan nan nan 0
4.649518 -1.2662907 1.2801313 4
3.9188945 -1.8966068 0.68325597 31
4.6559949 -1.2758554 0.93078834 4
4.1181121 -1.9931337 0.3972123 29
4.4734659 -1.2327021 0.56466991 31
4.3692904 -2.1148353 0.084120594 17
4.0568333 -1.1213617 0.21876429 61
2.919091 -1.4128485 -0.16812925 10
nan nan nan 0
0.77785075 -0.37546065 -0.10161625 38
1.1247417 -0.31449738 -0.09894187 77
0.77388215 -0.37402117 -0.16013563 8
1.1203396 -0.31268454 -0.17852943 87
0.77477771 -0.37526459 -0.22100198 85
1.0706937 -0.29806954 -0.248383 24
4.4966178 -2.2075787 1.147507 1
4.6660991 -1.2970641 1.2865934 4
3.9066932 -1.9160116 0.68286532 30
4.6374311 -1.2969229 0.9284054 4
4.125504 -2.0234494 0.3989554 24
4.4693398 -1.2567774 0.56497419 32
4.3132825 -2.1156511 0.083247975 17
4.0605206 -1.1452885 0.21928765 62
2.8982081 -1.4215093 -0.16734421 10
4.0193181 -1.1352227 -0.07229659 15
0.77142084 -0.37733796 -0.10100777 37
1.1110915 -0.31701249 -0.097854607 76
0.77851808 -0.38132095 -0.16156541 8
1.1234421 -0.31988016 -0.17931072 85
0.77929908 -0.38252285 -0.22294059 82
1.0667723 -0.30301568 -0.24782103 24
4.484405 -2.2103279 1.1452591 2
4.6545219 -1.3026112 1.2840086 4
3.8966992 -1.9195505 0.68169332 30
4.6375232 -1.3056777 0.928882 7
4.1197324 -2.0295453 0.39873752 39
4.4623628 -1.2632289 0.56436568 32
4.2557788 -2.0966427 0.082200833 16
4.0585155 -1.1523737 0.21928765 61
2.8800502 -1.4188333 -0.16642833 10
4.0004954 -1.1374689 -0.071991175 61
0.76853633 -0.3775847 -0.10070353 37
1.117726 -0.32098559 -0.098506965 77
0.77565163 -0.38159099 -0.16108882 9
1.1276349 -0.3231827 -0.18009205 88
0.77213901 -0.38066435 -0.22100198 84
1.0662419 -0.30487704 -0.24782103 23
4.4614873 -2.2291102 1.1424494 2
4.6383467 -1.3243212 1.2814238 8
3.8976398 -1.945446 0.68364662 31
4.6211853 -1.3272407 0.92697561 31
4.1068215 -2.0499749 0.39851961 41
4.4580722 -1.2872624 0.56466991 32
4.2112021 -2.102138 0.081546366 16
4.0644197 -1.1770676 0.21994184 62
2.8658826 -1.4305447 -0.16603582 11
nan nan nan 0
0.76876777 -0.38271427 -0.10100777 36
1.113637 -0.32614291 -0.098289512 73
0.77144909 -0.38454744 -0.16061223 19
1.1235543 -0.32839897 -0.17970139 84
0.77013528 -0.38470203 -0.22100198 84
1.0739965 -0.31314477 -0.25006884 24
4.4819274 -2.2481389 1.1486307 3
4.6104889 -1.325101 1.2743155 31
3.8876171 -1.9489229 0.68247461 32
4.6188617 -1.3353041 0.92697561 65
4.1121411 -2.0616083 0.3993912 38
4.448668 -1.2929705 0.56375718 33
4.1561427 -2.0836973 0.080542848 16
4.0671549 -1.1855519 0.22020353 63
2.8388391 -1.4232223 -0.16459657 11
4.537313 -1.3237681 -0.081895418 56
0.76366454 -0.38182631 -0.10039929 36
1.1154578 -0.32878089 -0.098506965 77
0.76639247 -0.38368636 -0.15965904 17
1.1134931 -0.32760876 -0.17813878 84
0.7737751 -0.38822111 -0.22229439 93
1.0617471 -0.31163698 -0.2472591 23
4.4718695 -2.2734601 1.1491928 3
4.6081247 -1.3505774 1.2756079 54
3.8883653 -1.9748472 0.68442798 33
4.6188712 -1.3615452 0.9284054 57
4.1035104 -2.0842397 0.39960909 38
4.4513564 -1.3190567 0.56497419 33
4.1050687 -2.0850387 0.079757489 16
4.0632854 -1.2075398 0.22033437 63
2.8135462 -1.4290118 -0.16354986 12
4.5446992 -1.3517694 -0.082157202 58
0.76165485 -0.38581958 -0.10039929 36
1.108945 -0.33320221 -0.098072052 77
0.75781423 -0.38434914 -0.15822926 14
1.1164985 -0.33483467 -0.17892009 87
0.76958132 -0.39116821 -0.22164819 93
1.0671108 -0.3192578 -0.24894494 23
4.5181885 -2.3059707 1.1621177 3
4.6034431 -1.3579367 1.2749617 58
3.8827136 -1.9805079 0.68403727 34
4.5882463 -1.361255 0.92268622 43
4.1153927 -2.0993266 0.40113431 39
4.4466686 -1.326117 0.56466991 33
4.0568995 -2.0694654 0.078884877 16
4.0731349 -1.2181937 0.22098856 67
2.7888148 -1.4225626 -0.16224146 12
4.5423326 -1.3596992 -0.082157202 57
0.76098037 -0.38714835 -0.10039929 35
1.105975 -0.33442566 -0.097854607 76
0.76369524 -0.38902739 -0.15965904 17
1.1135457 -0.33607858 -0.17852943 85
0.77319449 -0.39471635 -0.22294059 92
1.0618812 -0.31973439 -0.24782103 23
4.5510755 -2.3539009 1.1739187 3
4.6032104 -1.3841013 1.2769004 43
3.8788702 -2.0042138 0.68520921 34
4.599854 -1.390925 0.92649895 68
4.1065564 -2.12199 0.4013522 41
4.4420395 -1.3501006 0.56497419 34
4.0104856 -2.0723047 0.07818678 16
4.0690894 -1.2402291 0.2211194 65
2.7502859 -1.421082 -0.16040969 13
4.5399346 -1.3849182 -0.082244463 58
0.76775575 -0.39569375 -0.10161625 35
1.1065918 -0.34093592 -0.098072052 78
0.76382625 -0.39415088 -0.16013563 17
1.1117706 -0.34190446 -0.17852943 87
0.76897448 -0.39764535 -0.22229439 93
1.0625243 -0.32599491 -0.248383 25
4.5689878 -2.3722801 1.1795382 3
4.573041 -1.3837665 1.2691458 69
3.8709838 -2.0087039 0.68442798 35
4.5574946 -1.3868439 0.91839695 75
4.1116872 -2.1337461 0.40222374 40
4.4373026 -1.3571279 0.56466991 34
3.9602802 -2.0551035 0.077270523 16
4.0358796 -1.2378457 0.2194185 62
2.7167873 -1.4097627 -0.15857795 13
4.5422902 -1.3943021 -0.082331717 59
0.76266152 -0.39474234 -0.10100777 35
1.1083769 -0.34359491 -0.098289512 77
0.75878423 -0.39321551 -0.15918244 13
1.1088104 -0.34312364 -0.17813878 85
0.77042001 -0.40010458 -0.22294059 92
1.0596231 -0.32713988 -0.24782103 24
nan nan nan 0
4.5426478 -1.4005988 1.2626839 78
3.8625984 -2.0300944 0.68481857 36
4.5431361 -1.4085144 0.91696715 78
4.0982542 -2.1540859 0.40200585 35
4.4277663 -1.3796071 0.56436568 34
3.9207077 -2.0606811 0.076703325 17
4.0198078 -1.2559923 0.21889512 31
2.6806488 -1.4088516 -0.15687703 14
4.5373139 -1.4188101 -0.082375355 58
0.75399858 -0.39525944 -0.10009505 33
1.1018068 -0.3479124 -0.097854607 76
0.76322651 -0.40061912 -0.16061223 19
1.1069987 -0.34892461 -0.17813878 84
0.76617962 -0.40300408 -0.22229439 93
1.053242 -0.33124122 -0.24669713 24
nan nan nan 0
4.5494251 -1.4113784 1.2652687 62
3.8612328 -2.0379865 0.68520921 37
4.564106 -1.4237272 0.92173308 36
4.0944881 -2.1612353 0.40200585 33
4.4348259 -1.3902929 0.56558263 35
3.8972147 -2.0570116 0.076310642 36
3.9985499 -1.2570369 0.21784841 28
2.6494918 -1.3983612 -0.1551761 14
4.5372157 -1.427475 -0.082418986 57
0.76208031 -0.40121779 -0.101312 34
1.1035745 -0.35057965 -0.098072052 77
0.76686311 -0.4042488 -0.16156541 74
1.1040313 -0.35011896 -0.17774811 84
0.7633422 -0.40320802 -0.22164819 91
1.0573134 -0.3345294 -0.24782103 24
4.8871322 -2.6150179 1.2705745 3
4.5880432 -1.449688 1.2781928 32
3.8592179 -2.0628357 0.68677187 37
4.6010418 -1.461681 0.93078834 53
4.0853119 -2.1838193 0.40222374 34
4.4251208 -1.412742 0.56527841 35
nan nan nan 0
4.0228338 -1.2878181 0.21954931 32
2.6113191 -1.3957196 -0.15334433 13
4.5296798 -1.4512122 -0.082418986 57
0.75122076 -0.40051365 -0.10009505 32
1.0969785 -0.35483873 -0.097637147 77
0.75824863 -0.40477717 -0.16013563 94
1.1045357 -0.35664436 -0.17813878 84
0.75909346 -0.40605548 -0.22100198 88
1.0578692 -0.34079829 -0.248383 24
4.8250856 -2.5915499 1.2554018 3
4.5947156 -1.4606111 1.2807776 38
3.8577869 -2.0707371 0.68716252 38
4.5938077 -1.4682194 0.9298352 72
4.0880756 -2.1944828 0.40287742 37
4.4273753 -1.4219761 0.56588691 35
4.4156165 -2.3704836 0.086869352 54
4.0229573 -1.2956001 0.21968016 33
2.5758939 -1.3825442 -0.15138175 12
4.5342793 -1.4614092 -0.082549877 56
0.75052059 -0.40182418 -0.10009505 31
1.1011001 -0.35827544 -0.098072052 77
0.75970143 -0.40726417 -0.16061223 94
1.1015601 -0.35781798 -0.17774811 83
0.76050866 -0.40852726 -0.22164819 88
1.0503114 -0.34041974 -0.24669713 24
4.7895999 -2.6059682 1.2497823 3
4.589303 -1.4853903 1.2814238 19
3.8512294 -2.0932679 0.68794376 38
4.5953946 -1.4952807 0.93174154 20
4.07653 -2.2158575 0.40287742 37
4.4151502 -1.4436004 0.56527841 36
4.4163184 -2.400739 0.087131135 53
4.0184917 -1.3174217 0.21981101 31
2.5423064 -1.3816898 -0.14981167 12
4.5265651 -1.4851305 -0.082549877 55
0.75494289 -0.40931073 -0.10100777 30
1.0968419 -0.36326209 -0.097854607 77
0.76402146 -0.41476294 -0.16204201 94
1.1043664 -0.36511263 -0.17852943 84
0.76259708 -0.41482097 -0.22294059 88
1.0485145 -0.34591448 -0.24669713 26
4.7812247 -2.6111515 1.2486584 1
4.6050806 -1.499362 1.2865934 4
3.8497369 -2.1011703 0.68833447 38
4.5997777 -1.5055828 0.93317133 3
4.0770268 -2.2253573 0.40331322 37
4.4126239 -1.4513042 0.56527841 36
4.42309 -2.4144356 0.087349296 53
4.0280457 -1.32833 0.22046521 33
2.5004585 -1.3645718 -0.14745654 12
4.5287151 -1.4945909 -0.082637139 56
0.75205058 -0.40943646 -0.10070353 29
1.0938401 -0.36439803 -0.097637147 76
0.76544863 -0.41727507 -0.16251861 95
1.0990353 -0.36549953 -0.17774811 82
0.76187187 -0.41615131 -0.22294059 90
1.0432787 -0.34622872 -0.24557322 24
4.9503121 -2.7384531 1.2969863 5
4.597167 -1.5234535 1.2865934 3
3.843004 -2.1236889 0.68911576 37
4.6011467 -1.53274 0.93507767 2
4.0805745 -2.2551126 0.40483844 32
4.4073181 -1.475174 0.56558263 37
4.4169483 -2.4411912 0.08748018 51
4.0234032 -1.3501943 0.22059603 32
2.4648821 -1.3619306 -0.14575563 12
4.5184574 -1.5174892 -0.082593508 54
0.74989647 -0.41336855 -0.10070353 28
1.0942791 -0.37091061 -0.097854607 77
0.76325333 -0.42127723 -0.16251861 94
1.0971063 -0.37124902 -0.17774811 87
0.76390427 -0.42248163 -0.22423302 89
1.046074 -0.35322601 -0.24669713 25
nan nan nan 0
4.6036677 -1.5345206 1.2891783 3
3.845768 -2.1339903 0.69028777 37
4.6077757 -1.5438782 0.93698412 3
3.8371429 -2.1292067 0.38087058 1
4.4094415 -1.4844426 0.56619108 37
4.4104962 -2.4476829 0.087436549 49
4.0257726 -1.3588061 0.22085772 30
2.4384964 -1.3528914 -0.14431639 12
4.5276465 -1.5293615 -0.082811661 55
0.7513423 -0.41588318 -0.10100777 28
1.0841883 -0.36964238 -0.096984789 70
0.75822896 -0.42022014 -0.16156541 93
1.0941161 -0.37237692 -0.17735747 82
0.76316571 -0.42381424 -0.22423302 87
1.0431461 -0.35427746 -0.24613519 24
2.8187652 -1.5841779 0.73784363 5
4.6047215 -1.5616982 1.2917631 3
3.8409984 -2.1577282 0.69145966 37
4.6065998 -1.5703521 0.93841386 4
4.0755854 -2.2896485 0.40592787 38
4.4063058 -1.5091134 0.56679958 38
4.3540444 -2.4462392 0.08656393 49
4.0374999 -1.3863325 0.22190444 30
2.4074442 -1.3521762 -0.14287716 12
4.5195765 -1.5530469 -0.082811661 55
0.75780272 -0.42468253 -0.10222473 27
1.091663 -0.37854099 -0.097854607 68
0.75815594 -0.42538992 -0.16204201 92
1.0944879 -0.37889919 -0.17774811 82
0.75673091 -0.42542803 -0.22294059 85
1.0458884 -0.36130619 -0.2472591 25
2.8099098 -1.5850092 0.73615772 9
4.6019888 -1.5697325 1.2917631 3
3.8436775 -2.168071 0.69263166 35
4.6108193 -1.5807711 0.93984365 4
4.0737519 -2.2979829 0.40614575 43
4.4036651 -1.5168016 0.56679958 38
4.332355 -2.4440029 0.086214885 49
4.0397954 -1.3950019 0.22216612 29
2.3768218 -1.3404137 -0.14117624 12
4.5215859 -1.5625613 -0.08289893 55
0.76785994 -0.43211216 -0.10374593 27
1.0886457 -0.37963492 -0.097637147 65
0.75741237 -0.42671251 -0.16204201 91
1.0868194 -0.37840074 -0.17657615 80
0.80009758 -0.45177573 -0.23651089 82
1.0406474 -0.36155131 -0.24613519 23
2.8182092 -1.6098653 0.74065334 15
4.6119657 -1.6001225 1.2969327 3
3.8344166 -2.1893919 0.69302231 33
4.6024795 -1.6048914 0.93984365 4
4.0681505 -2.3229887 0.40679944 37
4.4003477 -1.5414745 0.56740808 38
4.2912869 -2.4505289 0.08564768 58
4.0465746 -1.4210833 0.22295116 29
2.3459301 -1.3392088 -0.139737 12
4.5180602 -1.5878679 -0.082986191 53
nan nan nan 0
1.0936948 -0.38779926 -0.098289512 65
0.77645975 -0.4428764 -0.16680795 52
1.0918161 -0.38653085 -0.17774811 81
0.79772115 -0.45595881 -0.23651089 24
1.0433406 -0.36859897 -0.2472591 23
2.8325779 -1.623993 0.74514896 25
4.6114469 -1.6089629 1.2975789 4
3.8370147 -2.1997681 0.69419432 31
4.6019874 -1.6137317 0.94032025 3
4.0532894 -2.3238876 0.40570998 38
4.3953099 -1.5483301 0.56710386 38
4.2848353 -2.4567704 0.085604049 59
4.0417328 -1.4273149 0.22282031 27
2.3262682 -1.3333572 -0.13869028 12
4.5129247 -1.5949203 -0.08294256 55
1.9157965 -1.0990332 -0.26651448 6
1.085969 -0.38722578 -0.097637147 60
1.1245248 -0.64498442 -0.2449694 17
1.0888102 -0.38761684 -0.17735747 81
0.83667439 -0.4802725 -0.24878879 17
1.0449945 -0.37122536 -0.24782103 23
2.825856 -1.6405191 0.74571091 28
4.5961285 -1.63067 1.2956402 4
3.8233092 -2.2185881 0.69380367 27
4.5911627 -1.6369835 0.93984365 3
4.0604477 -2.3563364 0.40767097 38
4.3894796 -1.5721569 0.56740808 40
4.2827206 -2.4854493 0.085822202 54
4.0483084 -1.4535049 0.22360536 29
2.2890344 -1.3279587 -0.13685852 14
4.5045118 -1.6185278 -0.08294256 57
1.9121606 -1.110297 -0.2668187 6
1.0839266 -0.39290655 -0.097637147 9
1.1444592 -0.664451 -0.25021192 17
1.0960667 -0.3966372 -0.17892009 26
0.83831978 -0.48708144 -0.25008118 21
1.0338579 -0.37341991 -0.24557322 23
2.8211715 -1.6437284 0.74514896 29
4.6023779 -1.6419268 1.2982252 3
nan nan nan 0
4.5952315 -1.6474724 0.94127345 3
4.2284393 -2.4637914 0.42510214 43
4.3867288 -1.5798156 0.56740808 42
4.26542 -2.4853649 0.085560411 62
4.0222735 -1.4521155 0.22229697 23
2.2694621 -1.3218871 -0.13581181 17
4.5087347 -1.6289285 -0.083073445 65
1.9059346 -1.1111296 -0.26621023 6
2.9133463 -1.0536768 -0.26746926 5
1.1369424 -0.66273069 -0.24878214 15
nan nan nan 0
0.83121741 -0.48488083 -0.24814259 18
1.035498 -0.37604576 -0.24613519 22
2.8101397 -1.6577294 0.74458706 29
4.5937171 -1.666002 1.2982252 3
nan nan nan 0
4.5819287 -1.6698338 0.94032025 3
4.2347841 -2.4972906 0.42706317 23
4.3807282 -1.6036134 0.56771231 44
4.2846384 -2.5267227 0.086214885 36
4.0099258 -1.471441 0.22203527 22
2.2388618 -1.3197888 -0.13437256 16
4.5048389 -1.6542326 -0.083160713 64
1.8979546 -1.119831 -0.26590598 7
2.8984337 -1.065493 -0.26659942 6
1.1292329 -0.66617459 -0.24782895 13
1.5640967 -0.57629776 -0.25822309 5
0.83905333 -0.49538586 -0.25137359 21
1.0289371 -0.37979451 -0.24501128 23
2.8096275 -1.6633838 0.74514896 29
4.5953412 -1.6756674 1.2995175 4
nan nan nan 0
4.5928383 -1.6828812 0.94317979 3
4.2068505 -2.4907119 0.42466635 14
4.3849115 -1.6138214 0.56862509 52
4.2458148 -2.5138085 0.085516788 29
3.9909496 -1.4724059 0.2211194 12
2.2172267 -1.3122365 -0.133195 13
4.4737959 -1.6517303 -0.082637139 25
1.8959973 -1.1231418 -0.26590598 7
2.8848832 -1.0662502 -0.26551217 6
1.1301782 -0.66939813 -0.24830556 15
1.5630884 -0.57902676 -0.25822309 5
0.8340373 -0.49437851 -0.25008118 21
1.03056 -0.38242766 -0.24557322 23
2.8131192 -1.6860822 0.74852067 28
4.581975 -1.6980315 1.2982252 4
nan nan nan 0
4.5770626 -1.7043436 0.94175005 3
4.1681213 -2.4973345 0.42205167 16
4.3764019 -1.6367586 0.56862509 55
4.2111578 -2.5231495 0.085080475 28
4.0439897 -1.5160038 0.22452125 19
2.1867759 -1.3097001 -0.13175577 12
4.3971925 -1.6497343 -0.081371844 13
1.8922178 -1.1343315 -0.26621023 7
2.9025888 -1.0900627 -0.26768669 6
1.1266578 -0.6753065 -0.24830556 17
1.5600353 -0.58720309 -0.25822309 5
0.82730013 -0.49624601 -0.24878879 19
1.0308266 -0.38866839 -0.24613519 25
2.7916861 -1.6791875 0.7434631 27
4.5880594 -1.7093899 1.3008099 4
2.6562057 -1.5969791 0.48480311 23
4.5878758 -1.717479 0.94460958 3
4.0698757 -2.4480848 0.41246456 29
4.3688912 -1.6426522 0.56801659 26
4.1917577 -2.5214705 0.08477506 27
4.0880795 -1.5406194 0.22713803 20
2.1652389 -1.3019221 -0.1305782 13
4.3334761 -1.6345295 -0.080237433 12
1.885985 -1.1350695 -0.26560175 8
2.893688 -1.0924983 -0.26703432 7
1.1317804 -0.68107706 -0.24973533 18
1.5497606 -0.58645457 -0.25666046 5
0.82023364 -0.49393925 -0.24685018 19
1.0255836 -0.38875911 -0.24501128 24
2.5600073 -1.5585804 0.68333423 23
4.581306 -1.7342423 1.3014561 4
2.6688955 -1.6237119 0.48870963 29
4.5765257 -1.740607 0.94413298 3
4.0421133 -2.4602909 0.41093931 37
4.2860241 -1.6372427 0.55828089 13
4.1592851 -2.5316799 0.084382385 27
4.0776243 -1.5611131 0.22700721 19
2.1477332 -1.3067452 -0.129924 12
4.2524724 -1.6295414 -0.078884877 12
1.8863708 -1.1488065 -0.26651448 8
2.8856013 -1.1067461 -0.26681688 6
1.1219158 -0.68315554 -0.24830556 15
1.5420541 -0.59280163 -0.25587916 4
0.82587534 -0.50327027 -0.24943499 19
1.0280881 -0.3958554 -0.24613519 23
2.5492442 -1.5575141 0.68108642 24
4.5940771 -1.748233 1.3059795 3
2.6850166 -1.6399629 0.49222556 25
4.5803604 -1.7512149 0.94556284 3
4.0526862 -2.4764383 0.41246456 37
4.2182741 -1.6198782 0.54976213 12
4.1356688 -2.5271976 0.083989702 26
4.0609078 -1.5628618 0.22622216 17
2.1284125 -1.3000678 -0.12887728 14
4.1982865 -1.6172446 -0.077924989 11
1.8801309 -1.1495045 -0.26590598 8
2.8883157 -1.1135658 -0.26725179 6
1.1269979 -0.68896168 -0.24973533 17
1.5225711 -0.58842248 -0.25275391 5
0.8229382 -0.50344658 -0.24878879 20
1.0342218 -0.40025857 -0.24782103 21
2.5449219 -1.5738492 0.68221027 17
4.5826068 -1.771395 1.3053334 3
nan nan nan 0
4.5802817 -1.7787185 0.94746917 3
4.0481348 -2.502866 0.4133361 38
4.1426659 -1.6158612 0.54093915 12
4.1117516 -2.5422404 0.083771542 25
4.0433645 -1.5804772 0.22569881 17
2.1045945 -1.3006816 -0.12783056 14
4.1222286 -1.612861 -0.076659694 12
1.8783047 -1.1619476 -0.26651448 8
2.8731639 -1.1250548 -0.26638198 6
1.1171192 -0.69097131 -0.24830556 16
1.507964 -0.59190774 -0.25080064 5
0.8223418 -0.50902367 -0.24943499 18
1.0275701 -0.40390477 -0.24669713 18
2.5900338 -1.6074193 0.69513524 12
4.5885162 -1.7828807 1.3079182 3
3.8397088 -2.3831563 0.70942986 1
4.5725965 -1.7849292 0.94651592 3
4.0501075 -2.5138702 0.41398978 31
4.0728168 -1.5968906 0.53211623 12
4.0797057 -2.5322652 0.083204344 24
4.0103798 -1.5756948 0.22399788 17
2.0768757 -1.2885391 -0.12626049 13
4.0495939 -1.5926796 -0.075350761 12
1.8720602 -1.1626023 -0.26590598 9
2.8735147 -1.1309764 -0.26659942 6
1.1221607 -0.69681275 -0.24973533 15
nan nan nan 0
0.82145214 -0.51045811 -0.24943499 19
1.0132478 -0.40038353 -0.24332541 14
2.6039813 -1.6356763 0.70131665 27
4.5723758 -1.8042284 1.3059795 3
3.8083622 -2.3914022 0.70591396 1
4.5860109 -1.8178692 0.95128191 3
4.0432148 -2.5390177 0.41464344 29
4.009047 -1.5962222 0.52481449 12
4.0367632 -2.53497 0.082593508 23
3.9695971 -1.5837537 0.22216612 18
2.0595329 -1.2927514 -0.12560628 13
3.9761739 -1.5879714 -0.07412909 12
1.8680471 -1.1737102 -0.26621023 9
2.8744957 -1.1487691 -0.26725179 6
1.1143444 -0.7000618 -0.24878214 17
nan nan nan 0
0.8106001 -0.50959456 -0.24685018 19
0.99075568 -0.39760542 -0.23826784 12
nan nan nan 0
4.5894322 -1.8202003 1.3117954 3
3.7853875 -2.3861866 0.70239806 1
4.5805507 -1.8249643 0.95080531 3
3.9987578 -2.5208204 0.41050357 24
3.9255879 -1.571034 0.51416606 16
4.0006223 -2.5220039 0.081939042 23
3.9297359 -1.5758517 0.22007269 22
2.0340505 -1.2816856 -0.12416705 14
3.9153788 -1.5716916 -0.073038317 22
1.863898 -1.1756433 -0.26590598 9
2.8678615 -1.1519346 -0.26681688 6
1.1172688 -0.7046299 -0.24973533 14
0.78497595 -0.31839472 -0.12852557 3
0.81174922 -0.51230156 -0.24749638 18
0.98327106 -0.39662948 -0.236582 10
2.8101084 -1.7928221 0.76088363 29
4.5708747 -1.8406056 1.3092107 3
4.043426 -2.5786872 0.75318319 34
4.5709314 -1.8489228 0.95080531 3
3.9498162 -2.5189438 0.40679944 23
3.8851094 -1.5785247 0.50990671 23
3.9557576 -2.5227432 0.081284575 22
3.8844178 -1.5813841 0.21797925 23
2.0083742 -1.2802259 -0.12298949 13
3.8677273 -1.576177 -0.07229659 23
1.8598076 -1.186723 -0.26621023 10
2.859483 -1.1659976 -0.26659942 6
1.1176981 -0.71311605 -0.25068852 15
0.7947399 -0.32713953 -0.13047884 3
0.81718755 -0.52175939 -0.25008118 19
nan nan nan 0
2.8442039 -1.8208969 0.77099878 29
4.5676556 -1.8485806 1.3092107 3
nan nan nan 0
4.5472288 -1.8485986 0.94651592 3
3.9097657 -2.5029919 0.4030953 20
3.8478739 -1.5712695 0.50534302 22
3.9239881 -2.5121124 0.080717377 16
3.8400424 -1.5711892 0.21562412 23
1.9893219 -1.272951 -0.12194277 14
3.8302581 -1.5687522 -0.071642123 23
1.8472915 -1.183266 -0.26468903 12
2.8666675 -1.1747508 -0.26746926 6
1.1081928 -0.70975953 -0.24878214 16
0.77358717 -0.32013991 -0.12696294 3
0.81018358 -0.51926327 -0.24814259 18
0.79091316 -0.32643288 -0.18937798 2
2.8036549 -1.8163736 0.76256949 13
4.5534439 -1.8706399 1.3079182 4
nan nan nan 0
4.532949 -1.8705146 0.94556284 3
2.9394412 -1.9030253 0.30330199 37
3.8120739 -1.5800242 0.50169218 22
2.5557673 -1.6543475 0.052531742 5
3.7994692 -1.5779039 0.21379238 23
1.9721557 -1.276558 -0.12128857 14
3.7942817 -1.5773022 -0.071118549 23
1.8348267 -1.188869 -0.2637763 17
2.8535743 -1.1868852 -0.26681688 6
1.1065191 -0.71688968 -0.24925874 14
0.77874583 -0.32701731 -0.12813491 10
0.80947751 -0.52481604 -0.24878879 21
0.7959488 -0.33335683 -0.19106384 10
2.3577647 -1.5324057 0.64062583 9
4.5457053 -1.8767451 1.3066257 4
nan nan nan 0
nan nan nan 0
3.6020317 -2.3414304 0.37280867 1
3.7795181 -1.5743042 0.49773705 22
2.5570662 -1.6615322 0.052619003 11
3.7667439 -1.5720656 0.21209145 23
1.9531857 -1.2691027 -0.12024185 17
3.7661405 -1.5733511 -0.070638612 23
1.83067 -1.1907147 -0.26347208 20
2.856097 -1.193778 -0.26725179 6
1.1052662 -0.7188198 -0.24925874 15
0.76677299 -0.32363725 -0.12618163 93
0.81260324 -0.52887076 -0.25008118 19
0.77286315 -0.32541543 -0.18544431 91
2.3453701 -1.5424601 0.63950193 12
nan nan nan 0
2.369271 -1.5570389 0.44300303 14
3.985738 -1.6779531 0.83308655 9
3.62925 -2.3862727 0.37694857 1
3.7369235 -1.5796183 0.49317345 23
2.5921798 -1.7037557 0.053535253 16
3.7216616 -1.5762295 0.20999801 23
1.9256618 -1.2655838 -0.11893346 20
3.7187092 -1.5765069 -0.069896884 24
1.8223386 -1.1989181 -0.26316783 20
2.8475132 -1.207747 -0.26703432 6
1.1096809 -0.73000383 -0.25116512 15
0.77644384 -0.33244595 -0.12813491 95
0.8037793 -0.52912253 -0.24814259 17
0.77788478 -0.33229199 -0.18713017 95
2.3652997 -1.5609167 0.64568341 18
3.9691472 -1.6718569 1.143136 29
2.3583088 -1.5557274 0.4414404 22
3.9556682 -1.6734614 0.82736742 53
nan nan nan 0
3.7021706 -1.572592 0.4889141 23
nan nan nan 0
3.6890271 -1.5700464 0.2082971 24
1.9047046 -1.2565542 -0.1177559 14
3.6975458 -1.5751781 -0.069547832 24
1.8181738 -1.2007276 -0.26286358 20
2.8568633 -1.2175807 -0.2681216 6
1.102267 -0.72787368 -0.24973533 16
0.7758624 -0.33380058 -0.12813491 95
0.80687898 -0.53319538 -0.24943499 16
0.77505994 -0.33270046 -0.18656822 94
2.3790948 -1.5885862 0.65186483 22
3.951452 -1.6888294 1.1405512 67
2.3501306 -1.5680541 0.4414404 24
3.9536209 -1.6970472 0.82879722 61
nan nan nan 0
3.6710868 -1.5821598 0.48587167 23
3.5445802 -2.3661745 0.073780045 1
3.6555312 -1.5784823 0.20685786 24
1.8814945 -1.2554108 -0.11670918 15
3.659405 -1.5816581 -0.068980634 25
1.7953639 -1.1991907 -0.26042965 21
2.861886 -1.2374481 -0.26920888 6
1.1065962 -0.73909891 -0.25164169 16
0.7672987 -0.33493182 -0.12696294 95
0.80006576 -0.53472108 -0.24814259 16
0.77330726 -0.33675408 -0.18656822 94
2.3927794 -1.6031793 0.65636045 23
3.9507186 -1.6966741 1.1411974 37
2.3555932 -1.5776551 0.44300303 23
3.9393806 -1.6990974 0.82641429 29
2.5348167 -1.6978686 0.26386401 18
3.636425 -1.5747956 0.48161235 23
2.4360499 -1.6316324 0.050568346 9
3.6298566 -1.5749489 0.20554946 24
1.8647884 -1.2489556 -0.1157933 16
3.6291125 -1.5761253 -0.06845706 24
1.7726697 -1.1884861 -0.25738728 20
2.8620076 -1.2434301 -0.26942632 6
1.1073413 -0.74239868 -0.25211832 14
0.77577984 -0.34018841 -0.12852557 95
0.79913127 -0.5361166 -0.24814259 17
0.77271831 -0.33810323 -0.18656822 94
2.4042253 -1.629784 0.66198003 17
3.9284902 -1.7115632 1.1373202 35
2.3779531 -1.6107597 0.44886282 22
3.9281805 -1.7187191 0.82593769 54
2.4805486 -1.68036 0.25907043 24
3.5985806 -1.5808737 0.47765723 24
2.4088562 -1.6317365 0.050175667 31
3.5964119 -1.5828991 0.20411022 24
1.84996 -1.2530951 -0.11526994 17
3.5933466 -1.5830443 -0.067933485 24
1.754107 -1.1893849 -0.2555618 21
2.8668602 -1.2634037 -0.27051359 6
1.0993804 -0.74542618 -0.25116512 13
0.76946491 -0.34226304 -0.12774426 95
0.79032588 -0.53621382 -0.24620397 20
0.7731694 -0.34312057 -0.18713017 95
2.443943 -1.6623571 0.67378104 17
3.9432039 -1.7261457 1.1424898 37
2.4506586 -1.6663276 0.46331707 26
nan nan nan 0
2.4693778 -1.6790804 0.25819889 24
3.5708315 -1.5761586 0.47431055 24
2.4039381 -1.6345315 0.050132036 29
3.5593772 -1.5740674 0.20214762 24
1.8374534 -1.2492949 -0.11461575 19
3.5608487 -1.5761948 -0.067366287 25
1.7376775 -1.1826587 -0.25343215 16
2.8578146 -1.2653903 -0.26986125 7
1.0960505 -0.74596012 -0.25068852 15
0.77564585 -0.34659132 -0.12891622 95
0.79138225 -0.53895575 -0.24685018 20
0.77702981 -0.34642935 -0.18825407 94
2.4309011 -1.6727911 0.67265707 17
4.40448 -1.9550107 1.2801313 26
2.4663053 -1.695941 0.46800491 28
4.4811964 -1.9973499 0.94603944 35
2.4543984 -1.6877496 0.25754523 26
3.5376043 -1.5837101 0.47096393 24
2.3871119 -1.6414257 0.04995751 24
3.5260162 -1.5814731 0.20070837 25
1.8164946 -1.2489851 -0.11369986 20
3.5228868 -1.5815438 -0.066799082 25
1.725333 -1.1875149 -0.25251943 15
2.85797 -1.2833873 -0.27051359 7
1.096169 -0.75447732 -0.25164169 15
0.77382046 -0.35064784 -0.12891622 95
0.79053575 -0.54446578 -0.24749638 19
0.77298021 -0.34950149 -0.18769212 95
2.4443007 -1.6876907 0.67715275 24
4.4451933 -1.9823253 1.2930555 42
2.5039682 -1.7283218 0.47581801 27
4.4059987 -1.9731377 0.93078834 59
2.4534979 -1.6934469 0.25776312 24
3.5144565 -1.580745 0.46822575 25
2.3657367 -1.6327988 0.049564831 25
3.4981999 -1.5763719 0.19926915 26
1.8102051 -1.249314 -0.11343818 20
3.4996033 -1.5784646 -0.066406399 27
1.6987736 -1.1735771 -0.24886853 18
2.8511827 -1.2863317 -0.27007872 7
1.0968678 -0.75778723 -0.25211832 15
0.76644886 -0.34896478 -0.12774426 95
0.78561652 -0.54309016 -0.24620397 19
0.76569903 -0.34786364 -0.18600626 91
2.4391258 -1.7036833 0.6782766 21
4.3951273 -1.9876981 1.2814238 63
2.4948845 -1.7414087 0.47581801 27
4.3978429 -1.9971931 0.93126494 74
2.405812 -1.6791626 0.25362322 20
3.5061314 -1.5991249 0.46822575 25
2.342813 -1.6351397 0.049259417 31
3.4944422 -1.5967366 0.19953083 26
1.7831781 -1.2444693 -0.11212978 21
3.4981136 -1.5998777 -0.066537298 27
1.6804082 -1.1739182 -0.24704309 20
2.8489411 -1.3033081 -0.27051359 8
1.092885 -0.76351994 -0.25211832 13
0.76236373 -0.35195026 -0.12735359 95
0.79066861 -0.55274671 -0.24878879 17
0.75943089 -0.34985381 -0.18488236 48
2.4125185 -1.6907204 0.67153323 21
4.4202476 -2.0083256 1.2898244 81
2.4958844 -1.7485967 0.47659937 28
4.4568944 -2.0333292 0.94460958 87
2.3152075 -1.6218578 0.24425398 30
3.4785073 -1.5939008 0.46487913 53
2.3399558 -1.6392262 0.049259417 34
3.4689484 -1.5924443 0.19822243 43
1.7871341 -1.251882 -0.1125223 23
3.4839532 -1.600776 -0.066319138 45
1.6641439 -1.1668639 -0.24491341 20
2.8398685 -1.3051683 -0.26986125 8
1.0855285 -0.76119065 -0.25068852 15
0.76174825 -0.35328031 -0.12735359 95
0.78970259 -0.55412585 -0.24878879 19
0.7610355 -0.35218972 -0.18544431 48
2.3973763 -1.6995184 0.66984737 22
4.4579492 -2.053627 1.304041 87
2.518919 -1.7844995 0.48284984 23
4.4439583 -2.0556092 0.94413298 71
2.306684 -1.6339577 0.24425398 29
3.4948821 -1.6235631 0.46822575 35
2.3293021 -1.6500094 0.049215782 33
3.4854741 -1.6221437 0.19966166 36
1.7764828 -1.2583327 -0.11226062 23
3.4891262 -1.6253127 -0.066580921 36
1.6499196 -1.169813 -0.24369647 19
2.8465497 -1.3263115 -0.27116597 9
1.0875281 -0.7711311 -0.25211832 15
0.76212829 -0.35830244 -0.12774426 95
0.78482348 -0.55685169 -0.24814259 20
0.75918102 -0.35616967 -0.18544431 8
2.3748617 -1.6891497 0.66422778 25
4.4565501 -2.0624168 1.3046871 79
2.531893 -1.8003507 0.48597506 23
4.4581766 -2.0716193 0.94794577 77
2.2936845 -1.6307589 0.24316452 25
3.4672949 -1.6181463 0.46487913 47
2.3264186 -1.6540724 0.049215782 31
3.450958 -1.613459 0.1978299 46
1.7742839 -1.2614313 -0.11226062 29
3.4613667 -1.6197754 -0.066100985 56
1.6337326 -1.1626066 -0.24156678 20
2.835202 -1.3270675 -0.27029616 9
1.0821855 -0.77017635 -0.25116512 12
0.75702488 -0.35754725 -0.12696294 94
0.78385049 -0.55822062 -0.24814259 19
0.75855827 -0.35749415 -0.18544431 9
2.3696411 -1.7048222 0.66535175 29
4.4478784 -2.0867465 1.3053334 71
2.4983838 -1.7962707 0.48128721 23
4.4494901 -2.0959775 0.94842237 58
2.2750084 -1.6354709 0.24207507 27
nan nan nan 0
2.3136687 -1.6633099 0.049128518 25
nan nan nan 0
1.7636029 -1.2677861 -0.11199894 29
nan nan nan 0
1.6195713 -1.1653401 -0.2403498 19
2.8169565 -1.3365726 -0.26920888 9
1.080128 -0.77726835 -0.25164169 13
0.75737536 -0.36256024 -0.12735359 94
0.77895993 -0.56090218 -0.24749638 17
0.76108366 -0.36353695 -0.18656822 9
2.3630116 -1.7056881 0.66422778 26
4.4551568 -2.0996439 1.3085644 29
2.5432806 -1.8353366 0.49066293 10
4.4524822 -2.106883 0.94985217 8
2.2761879 -1.6423562 0.24251086 29
nan nan nan 0
2.3087363 -1.6658816 0.049084891 28
4.0914292 -1.9468787 0.23564264 38
1.7694807 -1.2767123 -0.1125223 29
4.4321203 -2.1104679 -0.085080475 63
1.5954216 -1.1521635 -0.23700316 20
2.8101199 -1.3393505 -0.26877397 10
1.0767823 -0.77771258 -0.25116512 15
0.75897259 -0.36493954 -0.12774426 93
0.77407056 -0.5594238 -0.24620397 18
0.76265007 -0.3659066 -0.18713017 10
2.3517818 -1.7170106 0.66366583 26
4.4353814 -2.1187863 1.3059795 1
2.4060271 -1.7554032 0.46566102 14
nan nan nan 0
2.255491 -1.6454368 0.24120352 32
4.3174167 -2.0782254 0.58322859 58
2.2939267 -1.6735234 0.048953995 34
4.101428 -1.9780152 0.23682021 36
1.778897 -1.2977444 -0.11356901 29
4.4052444 -2.126055 -0.08477506 27
1.5793538 -1.1531754 -0.23548196 20
2.7963359 -1.3508056 -0.2681216 12
1.0746754 -0.78478998 -0.25164169 13
0.75705141 -0.36890849 -0.12774426 93
0.77307802 -0.56489784 -0.24685018 21
0.75852716 -0.36884144 -0.18656822 9
2.3510461 -1.7221433 0.66422778 23
nan nan nan 0
2.4109249 -1.7654405 0.46722364 12
nan nan nan 0
2.2526157 -1.6493709 0.24120352 34
4.3227229 -2.0900695 0.58444554 57
2.3192236 -1.6982174 0.049564831 34
4.1294398 -2.0003772 0.23865195 25
1.788708 -1.3097068 -0.11435406 33
4.3520207 -2.1097975 -0.083815172 17
1.5693383 -1.1500553 -0.234265 20
2.7625823 -1.3405088 -0.26507723 15
1.0713267 -0.78521097 -0.25116512 12
0.7630775 -0.37344986 -0.12891622 91
0.77598006 -0.56911051 -0.24814259 18
0.76007694 -0.37122193 -0.18713017 10
2.4121258 -1.7870886 0.68445808 30
nan nan nan 0
2.3877623 -1.767746 0.46448901 14
nan nan nan 0
2.2399476 -1.6581768 0.24076775 31
4.3139496 -2.1137643 0.58474976 58
2.3082922 -1.708849 0.0495212 37
4.1435733 -2.0340488 0.2400912 18
1.7998739 -1.3324386 -0.11553162 37
4.2960234 -2.1105542 -0.08294256 17
1.5493484 -1.1479026 -0.23213531 20
2.7264504 -1.3407114 -0.26225033 10
1.0790191 -0.79959303 -0.25402468 13
0.75445747 -0.37418467 -0.12774426 84
0.77686369 -0.57605022 -0.24943499 19
0.7537446 -0.37305927 -0.18600626 10
nan nan nan 0
nan nan nan 0
2.3767493 -1.7660149 0.46292642 14
4.482152 -2.197964 0.96272016 1
2.2410464 -1.6650568 0.24120352 32
4.3191633 -2.1256647 0.58596677 57
2.3293715 -1.73078 0.050044771 38
4.1220946 -2.0324626 0.23904449 34
1.8175728 -1.350484 -0.11684001 48
4.2452388 -2.0948651 -0.082026303 15
1.5393834 -1.1446744 -0.23091835 20
2.706229 -1.3366711 -0.26051068 17
1.0756546 -0.8000077 -0.25354809 13
0.75380325 -0.37550086 -0.12774426 77
0.77392256 -0.57595962 -0.24878879 20
0.75746685 -0.37651917 -0.18713017 10
nan nan nan 0
nan nan nan 0
2.3536561 -1.7680448 0.46019182 14
4.5145583 -2.2432034 0.97225207 2
2.2263265 -1.6722769 0.24054985 33
4.3146386 -2.1515663 0.58687943 56
2.320277 -1.7429527 0.050044771 41
4.1158648 -2.0562451 0.23930614 43
1.8364105 -1.3794963 -0.11854094 56
4.1939492 -2.0969813 -0.081240945 16
1.5194948 -1.1422679 -0.22878867 20
2.6635315 -1.3330423 -0.25703141 16
1.0675322 -0.80267358 -0.25259489 17
0.76066852 -0.38384515 -0.12930687 67
0.77475023 -0.58291548 -0.25008118 19
0.755485 -0.38048008 -0.18713017 9
1.7533045 -1.32172 0.49845183 22
nan nan nan 0
nan nan nan 0
4.4666982 -2.2292016 0.96272016 2
2.219429 -1.6731589 0.24011406 32
4.3108773 -2.1590934 0.58687943 58
2.3152368 -1.7454939 0.050001144 44
4.1100373 -2.0623078 0.2391753 38
1.8678689 -1.4082769 -0.12076521 63
4.1411166 -2.0796666 -0.080281064 17
1.5056224 -1.1359394 -0.22696324 20
2.6300242 -1.3220768 -0.25398704 12
1.0622158 -0.80157346 -0.25164169 15
0.75116336 -0.3807542 -0.12774426 45
0.77180725 -0.5828076 -0.24943499 18
0.75917917 -0.38397348 -0.18825407 10
1.7480636 -1.3326657 0.49901381 22
4.4569316 -2.2448249 1.326012 2
2.1999235 -1.676572 0.43206465 10
4.4724946 -2.2614014 0.96653289 2
2.2066786 -1.681735 0.23967829 32
4.3061552 -2.184998 0.58779222 59
2.3020914 -1.7545594 0.049913879 45
4.0925031 -2.0804124 0.23878279 37
1.8822978 -1.4347025 -0.12220446 67
4.0967364 -2.0843513 -0.079626605 15
1.4996541 -1.1438072 -0.22696324 18
2.5853078 -1.3166739 -0.2502903 10
1.0580043 -0.80712414 -0.25164169 15
0.75356483 -0.38691413 -0.12852557 34
0.76491159 -0.58390242 -0.24814259 18
0.75063634 -0.38464591 -0.18656822 10
1.75757 -1.3442993 0.5023855 21
4.4875031 -2.2700102 1.3363513 2
2.1617081 -1.6533821 0.42503288 20
4.4663515 -2.268095 0.96605641 3
2.2017629 -1.6840694 0.23946041 28
4.3067594 -2.1947594 0.58840066 58
2.2970412 -1.7570547 0.049870245 47
4.0977645 -2.0920839 0.23930614 38
nan nan nan 0
4.0485525 -2.0687943 -0.078753978 15
1.485842 -1.1373613 -0.22513779 18
2.5563772 -1.3076159 -0.24768086 10
1.0624334 -0.81345361 -0.25307149 15
0.74848694 -0.38598901 -0.12774426 26
0.76580548 -0.58670908 -0.24878879 17
0.75213593 -0.38705835 -0.18713017 9
1.7541223 -1.356773 0.5035094 23
4.479856 -2.2956743 1.3376435 3
2.1452117 -1.6586312 0.42347026 27
4.4958982 -2.3127415 0.9751116 3
nan nan nan 0
4.3018265 -2.2206879 0.58931339 59
2.2858334 -1.7675276 0.049826618 48
4.0911918 -2.1158004 0.23956783 38
nan nan nan 0
3.9888027 -2.0647335 -0.077794097 16
1.4759445 -1.1420845 -0.22452931 18
2.5162988 -1.303849 -0.24441905 9
1.0504051 -0.81298596 -0.25116512 15
0.75084531 -0.39216554 -0.12852557 35
0.76653594 -0.59367579 -0.25008118 20
0.750099 -0.39099121 -0.18713017 8
1.7596821 -1.3655072 0.50575721 26
4.4758425 -2.3034897 1.3376435 3
2.1442635 -1.6638877 0.42386088 29
4.5114875 -2.3307052 0.97940093 3
1.8458081 -1.4319725 0.20132977 21
4.3045559 -2.2316127 0.59022611 59
2.2787976 -1.7684469 0.049739353 56
4.0897098 -2.1240864 0.23969868 38
nan nan nan 0
3.9519081 -2.0544317 -0.077139638 17
1.4641575 -1.1370389 -0.22300811 18
2.4874854 -1.2944851 -0.24180959 9
1.0509206 -0.81632614 -0.25164169 13
0.75015974 -0.39347541 -0.12852557 89
0.76359475 -0.59352696 -0.24943499 18
0.75374401 -0.39453584 -0.18825407 20
1.7618439 -1.3825351 0.50856698 29
nan nan nan 0
2.1316383 -1.6720415 0.42307958 29
4.5318542 -2.3713329 0.98654985 3
1.8559117 -1.4554633 0.20329078 27
4.2950106 -2.2552722 0.59053034 59
2.2675409 -1.7788103 0.049695723 52
4.0785317 -2.1454706 0.23969868 38
2.1702781 -1.7030212 -0.14274631 55
3.9012644 -2.0541739 -0.076354273 18
1.4425813 -1.1324161 -0.2205742 27
2.4564176 -1.2947571 -0.2394176 9
1.0427758 -0.8187809 -0.25068852 14
0.74378437 -0.39497465 -0.12774426 94
0.76237261 -0.59901273 -0.25008118 19
0.74519271 -0.39508894 -0.18656822 90
1.7654085 -1.3898263 0.51025283 29
nan nan nan 0
2.1309485 -1.6769162 0.42347026 28
nan nan nan 0
1.8533686 -1.4587003 0.20329078 26
4.295855 -2.2643261 0.59113884 57
2.2683592 -1.7858602 0.049782988 47
4.0862007 -2.1576924 0.24035285 38
2.2025883 -1.7346337 -0.14510144 48
3.8799856 -2.0516503 -0.076005228 35
1.4369051 -1.1316062 -0.21996571 28
2.4255145 -1.2839423 -0.23659068 10
1.0490469 -0.82668644 -0.25259489 14
0.74964917 -0.39972255 -0.12891622 94
0.76321948 -0.60184157 -0.25072739 17
0.75319779 -0.40079001 -0.18881603 94
1.7542974 -1.3960139 0.50912893 22
4.729588 -2.5062447 1.4229426 3
2.1124821 -1.6803582 0.42151698 24
4.7800665 -2.5425034 1.0446944 3
1.8342738 -1.4587519 0.20198342 18
4.2883205 -2.2891207 0.59174728 57
2.2632012 -1.8004332 0.049870245 47
4.0748467 -2.1790581 0.24035285 38
2.23283 -1.776877 -0.14771824 47
3.9224713 -2.0995188 -0.07705237 32
1.4270806 -1.1360195 -0.21935724 28
2.3970129 -1.2844754 -0.23441613 10
1.0410138 -0.82892269 -0.25164169 15
0.74536687 -0.40248066 -0.12852557 94
0.75827765 -0.60418814 -0.25008118 20
0.74678755 -0.40244016 -0.18769212 91
nan nan nan 0
4.8339868 -2.5722618 1.455899 3
nan nan nan 0
4.7193141 -2.5208273 1.032303 3
1.8161628 -1.4495101 0.20024031 18
4.2930713 -2.3012829 0.59296429 57
2.2561505 -1.8012589 0.049782988 45
4.0842419 -2.1932406 0.24113792 37
2.2375245 -1.7870082 -0.14824159 45
nan nan nan 0
1.4309069 -1.1431609 -0.22026995 56
2.3640358 -1.2721859 -0.23137176 9
1.0433955 -0.83380789 -0.25259489 14
0.75119436 -0.40727702 -0.12969753 93
0.75533873 -0.60399872 -0.24943499 17
0.74823272 -0.40489072 -0.18825407 91
nan nan nan 0
4.7630234 -2.566654 1.4384515 3
1.8644625 -1.5041735 0.37346637 20
4.7924342 -2.5921328 1.0513667 3
1.870536 -1.5090889 0.20721279 28
4.287509 -2.327275 0.59387702 57
2.250577 -1.8161894 0.049870245 43
4.0770903 -2.2169764 0.24139957 37
2.2452948 -1.8132163 -0.14941916 43
4.195487 -2.2830968 -0.08276803 21
1.4249018 -1.1506374 -0.22026995 36
2.3396084 -1.2754508 -0.22963212 8
1.0332946 -0.83462536 -0.25116512 14
0.74253893 -0.40767446 -0.12852557 92
0.75216591 -0.60794532 -0.24943499 18
0.74181712 -0.40648487 -0.18713017 91
2.4873147 -2.0160677 0.73053825 26
4.8010359 -2.5979135 1.4513756 3
nan nan nan 0
4.7939215 -2.6048386 1.0527965 3
1.9162586 -1.5515678 0.21266001 28
4.2921596 -2.3394969 0.59509397 57
2.2529094 -1.8252311 0.050001144 41
4.088562 -2.2324495 0.24231547 37
2.253758 -1.8265713 -0.15020418 39
4.2068582 -2.2987919 -0.083073445 19
1.4228914 -1.1531225 -0.22026995 34
2.3067658 -1.2628416 -0.22658777 9
1.0299319 -0.83487928 -0.25068852 15
0.75050151 -0.41369185 -0.13008818 90
0.7435081 -0.60328668 -0.24685018 18
0.74110657 -0.40777898 -0.18713017 89
2.3407795 -1.9182392 0.6900776 34
nan nan nan 0
1.794458 -1.4689411 0.36135608 23
4.7845187 -2.6322658 1.0537496 3
1.9097615 -1.5634919 0.2128779 31
4.277266 -2.3614879 0.59478968 57
2.2491205 -1.8417568 0.050132036 38
4.0764232 -2.2545381 0.24231547 27
2.2596054 -1.8510134 -0.1512509 37
4.2359333 -2.3444791 -0.083902441 36
1.4262204 -1.1686778 -0.22179115 33
2.2848592 -1.266477 -0.22506557 8
1.0291915 -0.84355634 -0.25164169 17
0.74176508 -0.4141697 -0.12891622 88
0.74593204 -0.61177695 -0.24878879 19
0.74315804 -0.41413137 -0.18825407 89
2.3584518 -1.9389437 0.69625908 29
4.8288913 -2.6577823 1.4655921 4
nan nan nan 0
4.9196119 -2.7176325 1.0847284 6
1.9031837 -1.5636579 0.21244213 37
4.2753091 -2.3701508 0.59509397 56
2.2439723 -1.8440912 0.050088402 36
4.089952 -2.2713289 0.2433622 21
2.2698641 -1.866061 -0.15216678 34
4.2340212 -2.3530807 -0.083946072 30
1.4222636 -1.1695871 -0.22148691 34
2.2477934 -1.2511441 -0.2215863 7
1.0277177 -0.84535134 -0.25164169 15
0.7453618 -0.41785571 -0.12969753 89
0.74113995 -0.61000109 -0.24749638 20
0.7488308 -0.41896188 -0.18993993 90
2.5052061 -2.0825765 0.7434631 23
4.8908906 -2.7252858 1.4888555 6
1.6322795 -1.3551159 0.33010364 21
4.6438799 -2.5974226 1.0265838 1
1.9045444 -1.5815642 0.21353158 28
nan nan nan 0
2.2419732 -1.8622086 0.050262928 34
4.0692935 -2.287827 0.24283883 34
2.2677393 -1.8843071 -0.15269016 30
4.1606126 -2.3409555 -0.0827244 17
1.4275604 -1.1865463 -0.22331235 31
2.2173207 -1.2494893 -0.21919431 9
1.0251623 -0.85229248 -0.25211832 15
0.74962568 -0.42537457 -0.13086949 81
0.74349642 -0.6185177 -0.24943499 19
0.74237478 -0.42049864 -0.18881603 84
2.4495738 -2.0427933 0.72772843 20
4.8397384 -2.7079136 1.4746389 5
1.624225 -1.3532161 0.32893169 23
nan nan nan 0
1.9017812 -1.5848858 0.21353158 23
2.8224871 -1.5923496 0.39307842 24
2.2483149 -1.8741274 0.050481081 32
4.0739961 -2.2998266 0.2433622 42
2.2855272 -1.9058633 -0.15412939 21
4.139101 -2.3383942 -0.082375355 41
1.4216794 -1.1858532 -0.22270387 31
2.2021177 -1.2460217 -0.21788958 9
1.0199089 -0.85093069 -0.25116512 17
nan nan nan 0
0.73316157 -0.61205751 -0.24620397 18
nan nan nan 0
2.4235938 -2.0434458 0.72323281 19
4.7687302 -2.7011282 1.4571915 5
1.6152298 -1.3601097 0.32854104 23
2.7301919 -1.5543311 0.60336822 4
1.845866 -1.5546756 0.20808434 10
2.7709806 -1.5825551 0.38699359 35
2.2480242 -1.8939325 0.050699238 27
4.0618982 -2.3211265 0.2433622 38
nan nan nan 0
4.122458 -2.3575563 -0.082288086 64
1.4135553 -1.1916796 -0.22239964 33
2.1696033 -1.2427274 -0.21528012 13
1.0191873 -0.85942858 -0.25211832 17
1.4332113 -0.82173586 -0.25587916 5
0.73178953 -0.61744899 -0.24685018 19
0.95330775 -0.54727441 -0.24557322 18
2.4148042 -2.0425274 0.72154701 23
4.7871113 -2.7225609 1.4642997 5
1.6562001 -1.3996224 0.33752608 23
2.6443117 -1.511716 0.58478099 8
1.8355466 -1.5514584 0.20721279 10
2.7725229 -1.5898516 0.38760209 37
2.2389917 -1.8930081 0.050568346 22
4.0578403 -2.3282123 0.2433622 36
2.8494372 -2.4106414 -0.19377387 58
4.1139998 -2.3622627 -0.082200833 36
1.4114733 -1.1941448 -0.22239964 35
2.1523027 -1.2378482 -0.21375795 15
1.0102012 -0.85485429 -0.25021192 16
1.4339185 -0.82546216 -0.25626981 5
0.72703081 -0.61559671 -0.24555777 19
0.95235103 -0.54893738 -0.24557322 16
2.3722606 -2.0286291 0.71199381 23
nan nan nan 0
1.646973 -1.4066699 0.33713546 23
2.6639981 -1.5414783 0.59097672 15
1.8179361 -1.5529523 0.20612334 21
2.7512732 -1.596891 0.38577664 36
nan nan nan 0
4.0520754 -2.3531821 0.2437547 37
2.8253961 -2.4157879 -0.19298883 63
4.1037374 -2.385025 -0.082244463 36
1.4165076 -1.2112061 -0.22422507 34
2.1263995 -1.2378592 -0.21180084 15
1.0075741 -0.86172962 -0.25068852 16
1.4381244 -0.83790779 -0.25783244 6
0.73295635 -0.62726438 -0.24878879 19
0.94313616 -0.55026013 -0.24388736 13
nan nan nan 0
nan nan nan 0
1.6482621 -1.4127593 0.33791673 23
2.7059047 -1.5719486 0.60098523 22
1.8133334 -1.5545005 0.20590544 10
2.7463365 -1.6004442 0.38547242 37
nan nan nan 0
4.0565939 -2.3652723 0.24427807 37
2.8022366 -2.4044485 -0.19168043 53
4.0995679 -2.3921838 -0.082244463 38
1.4143915 -1.2136766 -0.22422507 29
2.1070158 -1.2315463 -0.21006121 15
1.0042086 -0.86188591 -0.25021192 19
1.4409295 -0.84289849 -0.25861374 6
0.73368949 -0.63011974 -0.24943499 20
0.95481688 -0.55923992 -0.2472591 20
1.8448681 -1.5995189 0.55520904 38
4.3509798 -2.5458202 1.3395822 23
1.6445726 -1.424607 0.33869806 25
2.7611587 -1.6233184 0.61528307 37
1.7750729 -1.5378575 0.20241922 28
2.7421973 -1.617317 0.38608089 35
1.7135119 -1.4844456 0.038962495 31
4.0441537 -2.3864803 0.24427807 37
2.7782965 -2.4092684 -0.19089539 52
4.0934467 -2.4174232 -0.082375355 35
1.4098903 -1.2226932 -0.22452931 29
2.0790799 -1.2299213 -0.20788665 15
1.00894 -0.87518555 -0.25259489 17
1.4322398 -0.84792733 -0.25783244 5
0.73038012 -0.63395268 -0.24943499 19
0.94557369 -0.56053126 -0.24557322 19
1.8405163 -1.6008147 0.55464709 41
4.3902817 -2.5790591 1.3531524 42
1.636497 -1.42261 0.33752608 22
2.9085019 -1.7164924 0.64912122 96
1.7798988 -1.5474954 0.20329078 30
2.7372332 -1.6208395 0.38577664 37
1.7203438 -1.4956417 0.039180648 32
4.0507274 -2.3998873 0.24493226 37
2.7665575 -2.4075544 -0.19037202 57
4.0354385 -2.3927443 -0.081284575 5
1.4077542 -1.225152 -0.22452931 30
2.0533493 -1.2196026 -0.20549466 16
1.0092598 -0.87855917 -0.25307149 14
1.4286317 -0.84916979 -0.25744176 5
0.72563666 -0.63204688 -0.24814259 17
0.94669247 -0.56341791 -0.24613519 19
1.8263439 -1.6059192 0.55296123 34
nan nan nan 0
1.5900987 -1.3969008 0.32932231 30
4.0191808 -2.3983822 0.90219277 1
1.7680326 -1.5535028 0.20285499 32
2.7372303 -1.6402389 0.38699359 36
1.7124891 -1.5046289 0.039180648 33
4.0402493 -2.4223456 0.24506311 37
2.7351749 -2.4055097 -0.18906364 51
3.9863963 -2.3920124 -0.080542848 4
1.4069048 -1.2374281 -0.22544204 29
2.0277019 -1.2188264 -0.20353757 16
1.0009654 -0.88058442 -0.25211832 17
1.4220464 -0.85537153 -0.25705114 5
0.7205078 -0.63423836 -0.24749638 19
0.93954539 -0.56587094 -0.24501128 16
1.8146911 -1.6007218 0.55015147 34
2.4135075 -1.4429754 0.74313533 12
1.5635979 -1.3784245 0.32424384 32
4.3667712 -2.6156809 0.98178399 69
1.7671852 -1.5582349 0.20307288 33
2.7258511 -1.6399091 0.38577664 35
1.7098603 -1.5076154 0.039180648 34
4.0424361 -2.43325 0.24545564 37
2.7141337 -2.3954034 -0.18788607 54
3.9650767 -2.388664 -0.080193803 3
nan nan nan 0
2.0084934 -1.2121017 -0.20179793 16
1.0012643 -0.88395679 -0.25259489 18
1.426903 -0.86166412 -0.25822309 6
0.72843379 -0.64350718 -0.25072739 19
0.93855637 -0.56750983 -0.24501128 16
1.8041868 -1.6088939 0.54958951 32
2.4162607 -1.4618262 0.74636638 20
1.5563592 -1.3865926 0.32424384 30
4.3257174 -2.6219962 0.9755882 38
1.7590021 -1.5674666 0.20307288 33
2.7044988 -1.6464354 0.38395122 33
1.701943 -1.5165477 0.039180648 34
4.0360403 -2.4582725 0.24584813 37
2.6903803 -2.399605 -0.18710104 51
3.9140747 -2.3860106 -0.079408444 4
1.6368979 -1.4605373 -0.26468903 9
1.9829665 -1.2109565 -0.19984084 15
0.99479336 -0.88755095 -0.25211832 17
1.4097083 -0.86143309 -0.25587916 6
0.71786076 -0.64086479 -0.24814259 17
0.94182169 -0.57620424 -0.24669713 20
1.7907716 -1.6019722 0.5462178 27
2.4219704 -1.4710425 0.7489512 23
1.5465791 -1.3827169 0.32268122 29
4.2854748 -2.6078861 0.96748608 37
1.7562636 -1.5705341 0.20307288 35
2.7100978 -1.6563172 0.38516816 36
1.7086034 -1.5278542 0.039398804 34
4.0423994 -2.4718151 0.24650235 38
2.671313 -2.3909688 -0.18605432 55
3.9227045 -2.4006548 -0.079670236 4
1.6343465 -1.463392 -0.26468903 8
1.9680957 -1.2066302 -0.19853613 16
0.98959059 -0.88600659 -0.25116512 17
1.4103111 -0.86517769 -0.25626981 7
0.71494567 -0.64050174 -0.24749638 18
0.94081461 -0.57784718 -0.24669713 17
1.7640234 -1.5952841 0.54059827 19
2.4204135 -1.4874871 0.75088978 21
1.5411488 -1.3924527 0.32307184 28
4.2383065 -2.6097314 0.95986062 37
1.7480164 -1.5797083 0.20307288 35
2.7056129 -1.6730884 0.38577664 33
1.7005802 -1.5367795 0.039398804 35
4.0442719 -2.5021274 0.24741822 37
2.6346991 -2.3831391 -0.18435341 47
3.9441047 -2.4421828 -0.080368333 3
1.6285005 -1.473596 -0.26499328 8
1.9426799 -1.2051401 -0.19657902 15
0.98312032 -0.88952672 -0.25068852 15
1.3973554 -0.86736435 -0.25470719 7
0.71336925 -0.64586073 -0.24814259 17
0.93985051 -0.58404249 -0.2472591 19
1.7452891 -1.5833091 0.5355407 24
2.4404452 -1.5056212 0.75799805 18
1.5368884 -1.3934803 0.32268122 26
4.2045035 -2.5990856 0.9531883 36
1.7765962 -1.6112237 0.20677699 35
nan nan nan 0
nan nan nan 0
4.0589976 -2.521019 0.24859579 29
nan nan nan 0
3.9355876 -2.4464276 -0.080281064 4
1.6369398 -1.4864541 -0.2668187 8
1.9109402 -1.1901554 -0.19353466 17
0.98156625 -0.89124119 -0.25068852 15
1.3958395 -0.86980188 -0.25470719 7
0.71759361 -0.65198743 -0.25008118 18
0.93468559 -0.58312047 -0.24613519 19
1.709787 -1.5680097 0.52711141 36
2.4571371 -1.5336845 0.76575249 11
1.5313901 -1.403178 0.32307184 25
4.157526 -2.6002743 0.94556284 36
1.764466 -1.6171355 0.20634121 27
nan nan nan 0
nan nan nan 0
4.0351658 -2.5356057 0.24794157 27
2.4046853 -2.2055981 -0.16917597 47
3.9269588 -2.4696579 -0.080368333 4
1.6218269 -1.4882876 -0.26560175 9
1.8941332 -1.1935273 -0.19244738 23
0.98411 -0.90301567 -0.25259489 13
1.3954512 -0.87972069 -0.25548851 7
0.71239436 -0.65409893 -0.24943499 18
0.93575031 -0.59058958 -0.2472591 21
1.7055304 -1.5690427 0.52654946 34
2.5036213 -1.5686682 0.78126144 17
1.5234904 -1.4008298 0.32189989 23
4.128026 -2.5918901 0.93984365 36
1.7946126 -1.6505848 0.21026322 33
4.0060806 -2.5232408 0.576231 23
nan nan nan 0
4.0011549 -2.5240242 0.24610983 24
2.3861444 -2.1962576 -0.16812925 47
3.9437919 -2.4898314 -0.080804639 6
1.6246986 -1.4961635 -0.26651448 8
1.8730803 -1.1848872 -0.19049031 16
0.97892648 -0.90140194 -0.25164169 14
1.3855528 -0.87689596 -0.25392589 7
0.71125162 -0.65534127 -0.24943499 17
0.92646557 -0.58704102 -0.24501128 20
1.700581 -1.5815684 0.52767336 27
2.5137494 -1.5933634 0.78707725 23
1.5161347 -1.4087875 0.32189989 21
4.0770874 -2.589818 0.93126494 36
1.7823 -1.6565651 0.20982745 30
3.9634988 -2.525542 0.57197165 22
1.8216658 -1.6932184 0.042802025 32
3.9478741 -2.5194602 0.24362385 23
2.3691311 -2.2036171 -0.16773674 54
3.9285932 -2.5091035 -0.080761008 17
1.6186575 -1.5063417 -0.2668187 8
1.856348 -1.1879877 -0.18940303 17
0.97778183 -0.90986395 -0.25259489 15
1.3809423 -0.88413864 -0.25392589 8
0.70957482 -0.66070563 -0.25008118 18
0.9254353 -0.5931899 -0.24557322 18
1.6874156 -1.5742583 0.52430165 25
2.5191226 -1.6029216 0.78966206 24
1.5118691 -1.4097457 0.32150921 22
3.7454221 -2.3887601 0.85596305 1
1.7666663 -1.6477723 0.20830221 29
3.9318941 -2.5150998 0.56801659 22
1.8241879 -1.7015144 0.04293292 31
3.9182289 -2.51021 0.24205379 20
2.3488643 -2.1924074 -0.16655917 49
3.9136801 -2.5092211 -0.080542848 23
1.6105896 -1.504079 -0.26590598 9
1.8395847 -1.1818329 -0.18788083 17
0.9708184 -0.9065367 -0.25116512 15
1.3898019 -0.8931939 -0.25587916 9
0.7066592 -0.66029072 -0.24943499 18
0.9243986 -0.59480417 -0.24557322 20
nan nan nan 0
2.5818412 -1.6617295 0.81227922 23
1.5026715 -1.4159476 0.32111859 16
3.7246094 -2.4030249 0.85405672 1
1.7688807 -1.6672577 0.20960957 34
3.8748934 -2.507386 0.56162751 21
1.7952594 -1.6921676 0.042452976 24
3.8526218 -2.4967985 0.23878279 25
2.3210168 -2.189249 -0.16538161 44
3.8585184 -2.5025165 -0.079670236 22
1.6117084 -1.5210146 -0.26742721 9
1.8145518 -1.1792737 -0.18592376 16
0.9714061 -0.91666794 -0.25259489 12
1.3830322 -0.89911848 -0.25548851 8
0.69793427 -0.65899736 -0.24749638 16
0.92946035 -0.60491747 -0.24782103 19
nan nan nan 0
2.6500032 -1.7119969 0.83489639 23
1.4930271 -1.4117752 0.31955594 12
nan nan nan 0
1.7822404 -1.6857574 0.21157058 32
3.8434417 -2.4965992 0.55767238 12
1.532807 -1.4494758 0.036213744 31
3.8231294 -2.4872065 0.2372127 19
2.3081315 -2.1847103 -0.16472742 55
3.8227026 -2.4888206 -0.079015762 21
1.6036506 -1.5187019 -0.26651448 9
1.802047 -1.1756567 -0.18483648 17
0.96802521 -0.91667211 -0.25211832 13
1.3814609 -0.90153092 -0.25548851 8
0.69678307 -0.66021448 -0.24749638 17
0.92022359 -0.60124314 -0.24557322 17
nan nan nan 0
2.6207669 -1.7126672 0.82843435 23
1.4909661 -1.4246961 0.32072794 12
2.5224404 -1.6542151 0.57906187 10
nan nan nan 0
3.784663 -2.4867573 0.55097908 16
1.5197794 -1.4522958 0.036082845 55
3.7724898 -2.4825244 0.23485759 29
2.2732198 -2.1743183 -0.1630265 51
3.7636623 -2.4786026 -0.078055881 16
1.597468 -1.5287949 -0.2668187 9
1.7854587 -1.1782391 -0.1837492 17
0.96144146 -0.92002875 -0.25164169 15
1.374657 -0.90739727 -0.25509784 9
0.69505763 -0.6655274 -0.24814259 18
0.92317671 -0.61005694 -0.2472591 16
nan nan nan 0
nan nan nan 0
1.4884772 -1.427296 0.32072794 12
2.4990306 -1.645152 0.574296 10
nan nan nan 0
3.7533708 -2.4756248 0.54702401 22
1.51544 -1.4532145 0.036039218 35
3.7410531 -2.4712439 0.23315668 23
2.2514203 -2.1609838 -0.1617181 16
3.7196856 -2.4590168 -0.077226892 15
1.5930091 -1.5298604 -0.26651448 9
1.7646866 -1.1690147 -0.1817921 18
0.96513748 -0.92681235 -0.25307149 14
1.3689468 -0.90707862 -0.25431654 10
0.69389504 -0.66673946 -0.24814259 17
0.92414618 -0.61300546 -0.24782103 13
nan nan nan 0
2.4294708 -1.6123518 0.77092212 26
1.4827553 -1.4367901 0.32111859 12
2.5292339 -1.6839978 0.58335125 10
nan nan nan 0
3.696979 -2.4663687 0.54063499 16
1.5078102 -1.4611294 0.036039218 29
3.6782076 -2.4575615 0.23001653 18
1.6329141 -1.5831287 -0.11736339 8
3.6693318 -2.4534886 -0.076441541 15
1.5831977 -1.5364507 -0.26621023 9
1.7481816 -1.1713293 -0.18070482 11
0.95323634 -0.92500687 -0.25116512 12
1.3621235 -0.91286492 -0.25392589 10
0.69039446 -0.67036355 -0.24814259 19
0.92092377 -0.61783582 -0.24782103 14
nan nan nan 0
2.4004972 -1.5992248 0.76252151 27
1.474939 -1.4342066 0.31994662 12
2.5058665 -1.6748035 0.57858527 11
nan nan nan 0
3.6555307 -2.4480023 0.53515863 17
1.5016767 -1.4602703 0.035951953 32
3.6303408 -2.4348192 0.22726887 17
1.6247844 -1.5807489 -0.11697085 21
3.6276598 -2.4348531 -0.075656183 16
1.5911709 -1.5496079 -0.26803565 10
1.7275083 -1.1619095 -0.17874774 10
0.95688778 -0.93181306 -0.25259489 12
1.3625809 -0.91661358 -0.25431654 10
0.6961289 -0.67832273 -0.25072739 21
0.91781783 -0.6180898 -0.2472591 17
nan nan nan 0
2.3640211 -1.5929239 0.75347459 28
1.46389 -1.4384451 0.31916532 12
nan nan nan 0
nan nan nan 0
3.6035991 -2.4407103 0.52937806 16
1.4957917 -1.4698668 0.035995588 33
3.5823939 -2.430006 0.22504459 16
1.6075912 -1.5804758 -0.11631665 28
3.5817475 -2.431386 -0.074958086 16
1.5830355 -1.557918 -0.26803565 10
1.7131515 -1.1653535 -0.17787792 13
0.94850212 -0.9333629 -0.25164169 12
1.3454901 -0.91543549 -0.25197262 13
0.68569767 -0.67516702 -0.24814259 19
0.91053092 -0.62016129 -0.24613519 14
nan nan nan 0
2.3572316 -1.5943477 0.75218219 28
1.4648906 -1.4444687 0.31994662 11
2.7583909 -1.8709847 0.64054251 21
nan nan nan 0
3.5500491 -2.4135652 0.52207631 15
1.4914455 -1.4707184 0.035951953 28
2.6612375 -1.8133572 0.16695169 14
1.5959512 -1.5745051 -0.11566246 32
3.5506256 -2.419364 -0.074390873 17
1.5820781 -1.5624237 -0.2683399 12
1.6966959 -1.1585425 -0.17635573 18
0.94338399 -0.9315632 -0.25068852 12
1.3438903 -0.91778237 -0.25197262 16
0.68794733 -0.67976439 -0.24943499 19
0.91146374 -0.62311584 -0.24669713 13
nan nan nan 0
2.3488514 -1.6066684 0.75218219 29
1.4660451 -1.4608417 0.32189989 13
2.7485566 -1.8854018 0.64054251 21
nan nan nan 0
3.0135283 -2.0727711 0.44419077 23
1.4766484 -1.4714437 0.035777431 30
nan nan nan 0
1.5753192 -1.5704908 -0.11474658 35
3.4925947 -2.4067662 -0.073431 18
1.5721207 -1.5689316 -0.26803565 16
1.6782917 -1.1589468 -0.17505102 19
0.93502396 -0.93301815 -0.24973533 12
1.3451738 -0.92899913 -0.25314459 20
0.6894955 -0.68848646 -0.25137359 21
0.91220766 -0.63063365 -0.24782103 17
nan nan nan 0
2.3560097 -1.6175841 0.75541323 29
1.6100334 -1.6101942 0.35471493 23
2.7371688 -1.8846401 0.63863617 21
nan nan nan 0
3.4390986 -2.3735552 0.5080812 19
1.475844 -1.4757876 0.035821062 32
nan nan nan 0
1.5690489 -1.5697037 -0.1144849 37
3.4554727 -2.3901422 -0.072732903 18
1.5711318 -1.5734304 -0.2683399 19
1.6619161 -1.1519744 -0.17352884 19
0.93858933 -0.93986559 -0.25116512 12
1.3415169 -0.92994434 -0.25275391 19
0.68148232 -0.68283784 -0.24878879 17
0.91110563 -0.63222486 -0.24782103 17
1.6054783 -1.623656 0.51868212 37
2.3653815 -1.642265 0.76122904 29
1.5981097 -1.6150889 0.3539336 35
2.7171836 -1.8919482 0.63625318 26
1.6623598 -1.6801374 0.20372654 24
3.4388421 -2.4000378 0.50990671 18
1.4979601 -1.5137254 0.036562789 29
nan nan nan 0
1.5555458 -1.5725685 -0.11409239 39
3.4142127 -2.3881748 -0.07212206 18
1.5611291 -1.5798688 -0.26803565 21
1.6436058 -1.1521107 -0.17222409 19
0.93193269 -0.94301897 -0.25068852 13
1.3386554 -0.93836755 -0.25314459 16
0.6812849 -0.68983996 -0.25008118 21
0.9117825 -0.63976854 -0.24894494 18
1.611469 -1.6348574 0.52149189 36
2.3823478 -1.660167 0.76769114 32
1.6074145 -1.6301936 0.3566682 31
nan nan nan 0
1.615746 -1.6386658 0.19827931 45
3.3899024 -2.3747625 0.50321335 21
1.5023299 -1.5234627 0.036737315 29
2.2961359 -1.6126885 0.14523228 23
1.5510477 -1.5735015 -0.11396154 44
3.3772821 -2.3711851 -0.071423963 29
1.5583694 -1.5825911 -0.26803565 23
1.631392 -1.1478351 -0.17113683 19
0.92512685 -0.93939108 -0.24925874 12
1.3349919 -0.93928719 -0.25275391 17
0.68007994 -0.691028 -0.25008118 18
0.91266203 -0.64275348 -0.24950691 19
1.600901 -1.6418068 0.52092993 49
2.4348891 -1.7156452 0.78772342 35
1.5867954 -1.6262063 0.3539336 31
2.465179 -1.7426529 0.57953846 21
1.6001924 -1.6399674 0.19740775 35
3.3612099 -2.3810222 0.50077945 50
1.506542 -1.5438412 0.03704273 51
2.2693205 -1.6117083 0.14405473 26
1.541046 -1.5798125 -0.1138307 49
3.3505423 -2.3787227 -0.071118549 61
1.5535222 -1.5942863 -0.26864415 23
1.6070662 -1.1434088 -0.16917974 20
0.92019552 -0.94422209 -0.24925874 12
1.3300557 -0.94626421 -0.25275391 16
0.67645234 -0.69457942 -0.25008118 17
0.90530384 -0.64471352 -0.248383 20
1.5932306 -1.639075 0.51924407 48
2.5088744 -1.7741576 0.81292546 30
1.5942746 -1.639604 0.35627756 8
2.4581261 -1.7441183 0.57858527 21
1.5938585 -1.6391841 0.19697198 33
3.4035997 -2.4199057 0.50777704 54
1.519515 -1.5626101 0.037435409 31
2.2644687 -1.6142205 0.14392388 27
1.5313317 -1.5753332 -0.11330734 51
3.4665835 -2.4700184 -0.073692784 34
1.5455558 -1.5916504 -0.26773143 23
1.5867972 -1.1332275 -0.16722265 20
0.92196071 -0.94935274 -0.25021192 13
1.324375 -0.9457255 -0.25197262 17
0.6735605 -0.6940226 -0.24943499 20
0.90815258 -0.64910936 -0.24950691 19
1.564095 -1.6265831 0.51250064 17
2.5428159 -1.8181078 0.82714188 24
1.5771145 -1.6390253 0.35432425 8
2.4389794 -1.7498276 0.57620233 22
1.5921552 -1.6546911 0.19784354 18
3.4493575 -2.479635 0.51659995 38
1.5061173 -1.565137 0.037304517 36
2.2640965 -1.6318812 0.14444724 28
1.5213329 -1.5815287 -0.11317649 52
nan nan nan 0
1.5389186 -1.6015115 -0.26803565 22
1.5727519 -1.135707 -0.16635282 20
0.91527933 -0.95239514 -0.24973533 12
1.3234171 -0.95552665 -0.25275391 16
0.67158681 -0.69928497 -0.25008118 21
0.90276104 -0.65243667 -0.24894494 21
1.5564855 -1.6237581 0.51081479 38
2.4433947 -1.7536899 0.79547787 31
1.5674212 -1.6346405 0.35276166 60
2.4438965 -1.7598059 0.57810873 26
1.5703207 -1.6376781 0.19544676 48
nan nan nan 0
1.508569 -1.5731802 0.037435409 35
nan nan nan 0
1.5237486 -1.5895928 -0.11356901 52
nan nan nan 0
1.5241184 -1.5916394 -0.26590598 15
1.5566275 -1.1282523 -0.16483064 20
0.91700542 -0.95754081 -0.25068852 12
1.3217474 -0.95783496 -0.25275391 16
0.66036707 -0.68996781 -0.24620397 19
0.90755427 -0.65827793 -0.2506308 19
1.5275812 -1.6109267 0.50407141 29
2.3793893 -1.7268275 0.77738416 29
1.5622374 -1.6464105 0.35354298 40
2.4783452 -1.8042903 0.58859378 26
1.5702879 -1.6549177 0.1965362 38
2.3967447 -1.7501444 0.35961199 24
1.5037491 -1.5846868 0.03752267 36
2.6097395 -1.9079472 0.16760589 30
1.5119715 -1.5939239 -0.11330734 58
2.3678806 -1.7329055 -0.050611973 28
1.5191743 -1.6032031 -0.26651448 12
1.5426494 -1.1305177 -0.16396083 18
0.9102937 -0.96054542 -0.25021192 12
1.3107264 -0.96038091 -0.25158197 17
0.661717 -0.69868624 -0.24814259 20
0.89227343 -0.65442556 -0.2472591 17
1.518361 -1.6062373 0.50182354 23
nan nan nan 0
1.5559711 -1.6455432 0.35276166 34
nan nan nan 0
1.5639781 -1.654034 0.19610043 28
2.4237416 -1.7762815 0.36417559 24
1.5044127 -1.5909441 0.037609935 60
2.5741673 -1.888913 0.16551246 30
1.5006199 -1.5874816 -0.11265314 96
2.3446846 -1.7222694 -0.050175667 32
1.5112675 -1.6004351 -0.26560175 12
1.530625 -1.1258538 -0.16287355 17
0.90356839 -0.95677274 -0.24878214 12
1.3170218 -0.96849656 -0.25314459 16
0.66215068 -0.70159972 -0.24878879 20
0.89309764 -0.65741789 -0.24782103 19
1.4813893 -1.5841566 0.49227038 32
nan nan nan 0
1.5574478 -1.6644945 0.35510558 10
nan nan nan 0
1.5552962 -1.6622002 0.19610043 52
2.4044282 -1.7815766 0.36265439 24
1.4926494 -1.5951461 0.03752267 58
2.5662489 -1.9038501 0.16564329 37
1.4956952 -1.5989665 -0.11291482 88
2.3316162 -1.731548 -0.050088402 34
1.5028669 -1.6083262 -0.26560175 15
1.5167011 -1.1279269 -0.16200373 16
0.90523869 -0.96867239 -0.25068852 12
1.3119327 -0.97537917 -0.25314459 17
0.65517825 -0.70152062 -0.24749638 20
0.88964319 -0.66208512 -0.24782103 17
1.4772395 -1.5846982 0.49170843 26
1.8878636 -1.3965749 0.61906403 19
1.5562228 -1.6690174 0.35549623 18
nan nan nan 0
1.5557865 -1.6685579 0.1965362 38
2.3913479 -1.7783818 0.36113319 28
1.48816 -1.5959193 0.037479043 57
2.5869765 -1.9261842 0.16721338 31
1.4877999 -1.5960914 -0.1125223 55
2.3305972 -1.7371054 -0.050132036 40
1.5051261 -1.6163992 -0.26651448 23
1.5007341 -1.120178 -0.16048154 14
0.8985368 -0.96485585 -0.24925874 12
1.3102283 -0.97766739 -0.25314459 16
0.65395284 -0.702663 -0.24749638 22
0.89435947 -0.66798586 -0.24950691 18
1.4669939 -1.5908753 0.49114645 23
1.8689042 -1.3977848 0.61518681 24
1.5407704 -1.6698782 0.3539336 35
nan nan nan 0
1.5537779 -1.6840081 0.19740775 21
2.3700895 -1.7819494 0.35930774 28
1.4831704 -1.6073663 0.0375663 56
nan nan nan 0
1.4844959 -1.6093694 -0.11291482 53
2.3154738 -1.744781 -0.050001144 43
1.4966421 -1.6242579 -0.26651448 23
1.4888734 -1.1235343 -0.15982918 11
0.89347261 -0.96954733 -0.24925874 12
1.2991649 -0.98006952 -0.25197262 17
0.65679485 -0.71319628 -0.25008118 23
0.88499933 -0.66827983 -0.24782103 17
1.4628464 -1.5913829 0.49058449 21
1.8587245 -1.3952605 0.612602 26
nan nan nan 0
2.394726 -1.801766 0.57524914 34
1.5626256 -1.6995605 0.19893299 21
2.3630097 -1.7831 0.35869926 19
1.4803628 -1.6099524 0.0375663 55
2.2424433 -1.6948445 0.14549395 32
1.479997 -1.6101184 -0.11278398 42
2.316417 -1.7518289 -0.050088402 45
1.4971584 -1.6305258 -0.26712295 23
1.4849212 -1.1246324 -0.15961173 9
0.89012164 -0.96929532 -0.24878214 11
1.3033711 -0.98679066 -0.25314459 16
0.65391964 -0.71255893 -0.24943499 19
0.8877266 -0.67274994 -0.24894494 17
1.4460282 -1.5902555 0.48777473 23
1.8494669 -1.4035176 0.61195576 25
1.5656009 -1.7208059 0.36252803 49
2.404815 -1.8291075 0.58001512 31
1.5419835 -1.6948143 0.19740775 34
2.3556166 -1.7969502 0.35900351 19
1.4769547 -1.6232322 0.037697192 53
2.2236075 -1.6989999 0.14483975 31
1.4782591 -1.6252387 -0.11330734 50
2.295284 -1.754843 -0.049826618 49
1.4869331 -1.6365045 -0.2668187 20
1.4691066 -1.1248457 -0.15852445 8
0.88668209 -0.97576129 -0.24925874 12
1.2903262 -0.98762012 -0.25158197 19
0.64531964 -0.71059996 -0.24749638 18
0.88225216 -0.67591542 -0.248383 18
1.445163 -1.5943311 0.48833668 23
1.841242 -1.4023651 0.61001718 25
nan nan nan 0
2.37623 -1.8139818 0.57381934 31
nan nan nan 0
2.3386683 -1.7905208 0.35687381 19
1.4741194 -1.6258076 0.037697192 50
2.2166717 -1.699846 0.14457808 30
1.4804456 -1.6333698 -0.11369986 47
2.302145 -1.7664392 -0.050044771 52
1.4840748 -1.6390972 -0.2668187 19
1.4631842 -1.1243829 -0.15808955 8
0.88168836 -0.97366434 -0.24830556 14
1.2984126 -0.99736446 -0.25353521 17
0.65054607 -0.71890068 -0.25008118 20
0.88107115 -0.67745423 -0.248383 20
1.4348911 -1.6003119 0.48777473 25
1.8338741 -1.4119865 0.61001718 26
nan nan nan 0
2.3764253 -1.8338808 0.57620233 35
nan nan nan 0
2.3567667 -1.8239619 0.36113319 32
1.4672543 -1.6353657 0.037740827 49
2.2097166 -1.7129555 0.14470892 31
1.4768692 -1.6466792 -0.11409239 45
2.2849545 -1.7723532 -0.049870245 57
1.4721638 -1.6431463 -0.26621023 15
1.4493946 -1.1259364 -0.15721974 10
0.87821335 -0.98009759 -0.24878214 13
1.2873091 -0.99962217 -0.25236326 17
0.64195055 -0.7168901 -0.24814259 19
0.88330042 -0.68651921 -0.25006884 20
nan nan nan 0
1.8333207 -1.4166579 0.61066335 28
nan nan nan 0
nan nan nan 0
nan nan nan 0
nan nan nan 0
1.4643979 -1.6379242 0.037740827 42
2.2205341 -1.7275184 0.1456248 34
1.4739929 -1.6492542 -0.11409239 39
2.2877822 -1.7809358 -0.050001144 99
1.4676424 -1.6438607 -0.26590598 13
1.4454592 -1.126938 -0.15700227 12
0.87486947 -0.97979593 -0.24830556 12
1.2836105 -1.0003549 -0.25197262 18
0.64551139 -0.72342473 -0.25008118 20
0.87824702 -0.68507898 -0.24894494 21
nan nan nan 0
1.8220657 -1.4232719 0.60937095 31
nan nan nan 0
nan nan nan 0
nan nan nan 0
nan nan nan 0
1.4591111 -1.6493164 0.037828092 40
2.2094936 -1.7375814 0.14549395 35
1.4702942 -1.6625642 -0.1144849 37
2.2725258 -1.7882618 -0.049870245 65
1.4672219 -1.660828 -0.26742721 11
1.4277797 -1.1252704 -0.15569754 15
0.87459421 -0.98988771 -0.24973533 11
1.2861309 -1.0131527 -0.25353521 16
0.64011985 -0.72498119 -0.24943499 21
0.87272894 -0.68816775 -0.248383 19
nan nan nan 0
1.8195786 -1.4264498 0.60937095 32
nan nan nan 0
2.2424762 -1.7622381 0.54713005 12
nan nan nan 0
1.9036515 -1.5011054 0.29298338 30
1.4611844 -1.6574898 0.037958983 37
2.194684 -1.7321736 0.14470892 32
1.4789335 -1.6782485 -0.11540078 34
2.2733295 -1.7953178 -0.04995751 53
1.4577687 -1.6559306 -0.26621023 10
1.4258136 -1.1277606 -0.15569754 24
0.86962706 -0.98772401 -0.24878214 12
1.2843606 -1.0153959 -0.25353521 15
0.63726181 -0.72428101 -0.24878879 20
0.87919235 -0.69570494 -0.2506308 21
1.5179504 -1.7414752 0.5248636 29
1.8082936 -1.4329654 0.60807854 31
nan nan nan 0
2.2197499 -1.763292 0.54379392 12
1.419468 -1.6271929 0.18585962 34
1.9054822 -1.5187672 0.29450455 36
1.4557689 -1.6688881 0.038046245 35
nan nan nan 0
1.478322 -1.6953844 -0.11605498 32
2.2541182 -1.7994143 -0.049739353 49
1.4555914 -1.6710305 -0.26742721 9
1.4140416 -1.1305596 -0.15504518 31
0.86605293 -0.99411654 -0.24925874 12
1.2732266 -1.0174984 -0.25236326 14
0.63346076 -0.72760785 -0.24878879 18
0.86599481 -0.69272983 -0.24782103 18
1.4976543 -1.7236155 0.51868212 32
1.8001103 -1.431621 0.60613996 23
nan nan nan 0
2.2012978 -1.7549495 0.53998119 12
1.4182582 -1.6315488 0.18607752 33
1.9008881 -1.5205444 0.29420033 36
1.4610451 -1.6808656 0.038264398 33
2.3445036 -1.8767022 0.15556861 32
1.4835404 -1.7073915 -0.11670918 28
2.2509742 -1.8033457 -0.049739353 46
1.4477977 -1.6679428 -0.26651448 9
1.41012 -1.131472 -0.15482773 33
0.8627103 -0.99377108 -0.24878214 12
1.2695181 -1.0181794 -0.25197262 17
0.6353479 -0.73236698 -0.25008118 20
0.86859626 -0.69727445 -0.24894494 18
1.4930657 -1.7372398 0.52036798 30
1.788819 -1.4380078 0.60484755 22
1.3705616 -1.5933646 0.32697842 12
nan nan nan 0
1.4064512 -1.6351732 0.18564172 32
1.8967654 -1.5335896 0.2948088 36
1.4571093 -1.6941822 0.038395293 31
2.3171566 -1.8748457 0.15439107 32
1.4778324 -1.7189248 -0.11697085 31
2.2434461 -1.8166771 -0.049782988 44
1.4422748 -1.6792679 -0.26712295 9
1.402238 -1.1372758 -0.15461026 32
0.85749513 -0.99827451 -0.24878214 12
1.2641696 -1.0248127 -0.25197262 17
0.62365752 -0.72650564 -0.24685018 20
0.86113763 -0.69875872 -0.24782103 15
1.4697512 -1.7155164 0.5130626 26
1.7806585 -1.43659 0.60290891 25
nan nan nan 0
1.8450603 -1.4930538 0.45419422 21
1.4003571 -1.6338408 0.18520595 34
1.8632092 -1.5119389 0.28994095 35
1.4655253 -1.7100178 0.038700711 28
2.3371663 -1.8977365 0.15596114 32
1.4845663 -1.7328851 -0.1177559 21
2.2499835 -1.8284569 -0.050001144 42
1.4393418 -1.6817825 -0.26712295 9
1.4021866 -1.1412889 -0.15482773 32
0.8637175 -1.0091032 -0.25116512 12
1.2585394 -1.0239116 -0.25119129 17
0.62552094 -0.73126966 -0.24814259 20
0.86370724 -0.7033214 -0.24894494 15
1.4274081 -1.6843876 0.50126159 10
1.7712376 -1.4443713 0.60226274 28
nan nan nan 0
1.8410227 -1.5057942 0.45514742 29
1.3853465 -1.6335474 0.1843344 34
1.8571891 -1.5232439 0.29024521 27
1.4727025 -1.7367458 0.039137021 25
2.319469 -1.9036243 0.15543778 33
1.4770856 -1.7425404 -0.11788674 21
2.2423127 -1.8417959 -0.050044771 37
1.4337202 -1.693086 -0.26773143 9
1.4039006 -1.1549249 -0.15569754 33
0.85842204 -1.0136118 -0.25116512 12
1.2569844 -1.0336131 -0.25197262 17
0.62479651 -0.73822784 -0.24943499 19
0.85623842 -0.70475352 -0.24782103 13
1.371367 -1.6233106 0.48215523 23
1.7705859 -1.4489862 0.60290891 29
nan nan nan 0
1.8421917 -1.5121117 0.45610058 30
1.3857049 -1.6397699 0.18477017 32
1.8315014 -1.5076027 0.28659433 24
1.4825628 -1.7545983 0.039486069 14
2.3238606 -1.9140067 0.15596114 33
1.4676043 -1.7374816 -0.11736339 35
2.2468197 -1.8520544 -0.050219294 35
1.4339603 -1.6993811 -0.2683399 9
1.3980337 -1.1542118 -0.15526263 33
0.8598119 -1.018864 -0.25211832 11
1.2647231 -1.0436372 -0.25392589 16
0.62040055 -0.73561883 -0.24814259 20
0.85877609 -0.70933402 -0.24894494 20
1.3750464 -1.6456724 0.48665082 12
1.7629749 -1.4582369 0.60290891 27
nan nan nan 0
1.8361409 -1.5233001 0.45657721 29
1.3691208 -1.6374428 0.18368071 33
1.812119 -1.5076715 0.28476888 24
nan nan nan 0
2.3061228 -1.9197707 0.15543778 30
1.4664838 -1.7547266 -0.11801757 23
2.2486296 -1.8733753 -0.050481081 33
1.4202768 -1.7011477 -0.26742721 9
1.3938874 -1.1631068 -0.15548009 33
0.85132486 -1.01958 -0.25116512 11
1.261142 -1.0518211 -0.25431654 16
0.61654031 -0.73885709 -0.24814259 21
0.84754449 -0.70760709 -0.24669713 21
1.3677876 -1.6422108 0.484965 16
1.769734 -1.4690057 0.60613996 25
1.4827344 -1.7798647 0.3609654 12
1.8448135 -1.5359021 0.45943674 26
1.3630759 -1.6360004 0.18324494 31
1.7961301 -1.4997247 0.28263921 23
nan nan nan 0
2.2989318 -1.9205971 0.1551761 28
1.4761875 -1.7726415 -0.11906429 33
2.2626376 -1.8917005 -0.050873764 27
1.4252323 -1.7131686 -0.26894841 9
1.3975956 -1.1703205 -0.15613246 33
0.85581189 -1.0286193 -0.25307149 10
1.2555084 -1.0508614 -0.25353521 16
0.61370951 -0.73807204 -0.24749638 22
0.85005575 -0.71219867 -0.24782103 17
1.3526938 -1.6420609 0.48271719 16
1.7879637 -1.4999305 0.61518681 21
1.432601 -1.7380289 0.35080835 11
1.8423889 -1.5502702 0.46086654 26
1.3513262 -1.6392688 0.18280916 30
1.7787555 -1.5011253 0.28111801 24
nan nan nan 0
2.2773845 -1.9229614 0.15439107 26
1.4748157 -1.789987 -0.11971849 27
nan nan nan 0
1.4146674 -1.7186903 -0.26864415 9
1.3914487 -1.1776221 -0.15613246 34
0.84262896 -1.0236013 -0.25068852 12
1.2518785 -1.0590104 -0.25392589 16
0.6144284 -0.74687946 -0.24943499 19
0.84631503 -0.71663976 -0.24782103 17
1.3408471 -1.6328796 0.47934544 18
1.8501132 -1.5573587 0.63780397 22
1.4311311 -1.7424361 0.35119903 12
1.8453145 -1.5582227 0.46229634 30
1.3532004 -1.6474024 0.18346284 30
1.7666495 -1.4962275 0.27959681 24
nan nan nan 0
nan nan nan 0
nan nan nan 0
nan nan nan 0
1.4100934 -1.7192367 -0.2683399 9
1.3836843 -1.1752262 -0.15548009 34
0.8455025 -1.0307696 -0.25211832 12
1.2443677 -1.0564152 -0.25275391 16
0.60854185 -0.74233854 -0.24749638 18
0.84692585 -0.71968555 -0.248383 15
1.3258568 -1.6325409 0.47709763 21
1.8990484 -1.6154271 0.65783632 23
1.4282106 -1.757576 0.35276166 12
1.8408699 -1.5710425 0.46324947 34
1.333573 -1.6409262 0.18193761 29
1.745573 -1.4941878 0.27746713 22
1.5856096 -1.9516203 0.043281965 22
1.7797377 -1.5254421 0.1210269 28
nan nan nan 0
2.8189926 -2.414432 -0.064181224 53
1.4057581 -1.7323807 -0.26925263 9
1.377512 -1.1824551 -0.15548009 34
0.83700627 -1.0313668 -0.25116512 12
1.2425764 -1.0661216 -0.25353521 16
0.61375189 -0.75678676 -0.25137359 18
0.83943677 -0.7209512 -0.2472591 15
1.3217596 -1.6327267 0.47653568 25
1.9256612 -1.6437727 0.66817564 22
1.4142748 -1.7466235 0.35002708 17
1.849327 -1.5838103 0.46610907 25
1.330707 -1.6432512 0.18193761 27
1.7297642 -1.4859399 0.27533746 20
1.3920655 -1.7191678 0.038002614 26
1.7789683 -1.5301706 0.12115774 29
1.6882297 -2.0862985 -0.13882111 34
2.7920032 -2.3998239 -0.063657649 46
1.4011739 -1.7329009 -0.26894841 9
1.3792281 -1.1880991 -0.15591501 35
0.84444761 -1.0442889 -0.25402468 11
1.2332109 -1.0618647 -0.25197262 17
0.60940158 -0.75409418 -0.25008118 17
0.8437326 -0.72716331 -0.24894494 15
1.3129064 -1.6398541 0.47653568 28
1.973804 -1.7026331 0.68820792 26
1.4112791 -1.7617186 0.35158968 24
1.8391502 -1.5918689 0.46563247 21
1.3143077 -1.6404716 0.18084818 27
1.7182062 -1.4917305 0.27472895 22
1.3814839 -1.724481 0.037958983 33
1.7690448 -1.5378299 0.1210269 29
1.6959897 -2.1185095 -0.1403912 34
2.764287 -2.4013145 -0.063308597 50
1.3951781 -1.7440916 -0.26955688 9
1.3692234 -1.1920429 -0.15548009 35
0.83131599 -1.0391036 -0.25164169 13
1.2332361 -1.0731547 -0.25314459 17
0.60845357 -0.76105314 -0.25137359 18
0.84175724 -0.73316354 -0.24950691 13
1.3042576 -1.6342931 0.47428787 26
1.965343 -1.7013434 0.68626934 26
1.4020468 -1.7564545 0.35002708 24
nan nan nan 0
1.3549004 -1.6972991 0.18694907 23
nan nan nan 0
1.390934 -1.7425283 0.038308028 24
1.773896 -1.5474654 0.12155025 29
1.6829566 -2.1097503 -0.13960616 34
2.7506607 -2.3979344 -0.063090444 45
1.3905869 -1.7445822 -0.26925263 9
1.3671408 -1.1944309 -0.15548009 36
0.83255535 -1.0443952 -0.25259489 13
1.2276322 -1.0720674 -0.25236326 17
0.60262108 -0.75643831 -0.24943499 16
0.84047639 -0.7346316 -0.24950691 20
1.2863516 -1.6298444 0.47091618 23
1.9800736 -1.7322409 0.69467002 24
1.3943596 -1.7657107 0.35041773 21
nan nan nan 0
1.3567876 -1.7180606 0.18847428 22
1.5267839 -1.3449861 0.24521764 27
nan nan nan 0
1.7657691 -1.5567323 0.12155025 28
1.6672511 -2.1126504 -0.13921364 34
2.7099037 -2.3875525 -0.062435981 12
1.3845031 -1.7557392 -0.2698611 9
1.3646102 -1.2048604 -0.15591501 31
0.82707548 -1.0487401 -0.25259489 14
1.2275698 -1.0833668 -0.25353521 16
0.60312569 -0.76528233 -0.25137359 17
0.83845055 -0.74062735 -0.25006884 15
1.2732587 -1.6184511 0.46698248 14
nan nan nan 0
1.3897505 -1.7661997 0.35002708 16
nan nan nan 0
1.3830172 -1.7576379 0.1926142 25
1.5207088 -1.3443701 0.24460918 26
nan nan nan 0
1.7780335 -1.5730171 0.12259697 26
1.6604776 -2.1116297 -0.13895196 34
1.7121396 -1.5160004 -0.039311547 10
1.3768423 -1.7522955 -0.26894841 9
nan nan nan 0
0.82675749 -1.0521139 -0.25307149 14
1.2238241 -1.0838757 -0.25314459 16
0.60327691 -0.76823616 -0.25201979 19
0.83166808 -0.73726439 -0.248383 18
1.258507 -1.6176201 0.46473467 14
nan nan nan 0
1.3759381 -1.7676028 0.34885508 13
1.5835652 -1.4105839 0.40510502 17
1.3753234 -1.7668216 0.19283207 32
1.5080863 -1.3473669 0.24369647 27
nan nan nan 0
1.7809587 -1.5922682 0.12338201 24
1.6417406 -2.1104369 -0.13829775 34
1.7004462 -1.5216179 -0.039224282 30
1.3676485 -1.7594805 -0.26894841 9
nan nan nan 0
0.82274079 -1.058368 -0.25354809 15
1.2199765 -1.0919102 -0.25353521 18
0.5992462 -0.7713843 -0.25201979 17
0.8241542 -0.73837286 -0.2472591 17
1.2514914 -1.6138159 0.46304882 23
1.7607448 -1.5683401 0.62164885 35
1.3577336 -1.7504772 0.34494856 15
1.5774342 -1.4100821 0.40415183 25
1.3691882 -1.765281 0.1923963 35
1.5038812 -1.3483447 0.24339221 32
1.6067276 -2.0720773 0.045158096 63
1.7818998 -1.5987016 0.12364369 29
1.6319425 -2.1054022 -0.13777439 34
1.7033775 -1.5295829 -0.039355174 23
1.3615398 -1.7579385 -0.2683399 9
2.343626 -2.1015112 -0.27181834 10
0.82089239 -1.0598024 -0.25354809 17
1.2143857 -1.0907481 -0.25275391 19
0.59494996 -0.7686038 -0.25072739 20
0.83013731 -0.74629486 -0.24950691 17
1.2338581 -1.6089568 0.4596771 28
1.738124 -1.56464 0.61647922 35
1.3530539 -1.7634431 0.34612051 17
1.5627311 -1.4117576 0.40224546 33
1.3659842 -1.7803345 0.19326787 35
1.4968007 -1.3562003 0.24339221 33
1.5958562 -2.0804615 0.045158096 77
1.8012949 -1.6331111 0.12560628 39
1.6208963 -2.1139181 -0.13777439 34
1.7101802 -1.5518898 -0.039704222 24
1.3553318 -1.7689855 -0.26894841 9
2.3658524 -2.1438081 -0.27573252 14
0.81235218 -1.0601857 -0.25259489 17
1.214157 -1.1020552 -0.25392589 18
0.58945292 -0.76978803 -0.25008118 19
0.82621837 -0.75063115 -0.24950691 17
1.2298516 -1.6089562 0.45911518 31
1.7192329 -1.5531331 0.61066335 35
1.3739432 -1.797209 0.35237098 16
1.5657301 -1.4194162 0.40367526 33
1.3613636 -1.7807359 0.19304997 32
1.4925916 -1.3571454 0.24308796 30
1.5922227 -2.0832436 0.045158096 94
1.7965922 -1.6345761 0.12547545 36
1.6081185 -2.1048343 -0.13698936 34
nan nan nan 0
1.350738 -1.7693747 -0.26864415 9
2.3676426 -2.1529531 -0.27638489 17
0.81347358 -1.0655074 -0.25354809 17
1.2122318 -1.1041726 -0.25392589 17
0.58664733 -0.76889277 -0.24943499 18
0.81587249 -0.74390298 -0.24669713 13
1.2211285 -1.6155869 0.45911518 31
1.7021431 -1.5539901 0.60743237 27
1.3674901 -1.80832 0.3531523 26
1.5510238 -1.420979 0.40176883 34
1.3535219 -1.7898273 0.19326787 28
1.4836342 -1.3632672 0.24278374 32
1.581293 -2.091552 0.045158096 57
1.788009 -1.6439606 0.12547545 33
1.5985795 -2.1152184 -0.1371202 34
nan nan nan 0
1.3384677 -1.7724597 -0.26803565 9
2.3600094 -2.1686857 -0.2768198 21
0.80197841 -1.0619102 -0.25164169 17
1.2009695 -1.1055028 -0.25275391 17
0.58116233 -0.77002341 -0.24878879 18
0.8155629 -0.75145119 -0.24782103 17
1.2185891 -1.6175029 0.45911518 31
1.6708847 -1.5309129 0.59709311 26
1.3895655 -1.844251 0.35979345 32
1.5467312 -1.422027 0.40129229 33
nan nan nan 0
1.4830806 -1.3675326 0.24308796 33
1.5641172 -2.0763304 0.04476542 36
1.7814609 -1.6436994 0.12521377 31
1.5858831 -2.1060328 -0.13633516 34
2.377249 -2.1928883 -0.055847697 48
1.3323919 -1.7708251 -0.26742721 9
2.3543875 -2.1711154 -0.27660233 23
0.80306953 -1.0672344 -0.25259489 18
1.199038 -1.1075972 -0.25275391 16
0.57692218 -0.76717043 -0.24749638 19
0.81784099 -0.75616616 -0.24894494 13
1.2679574 -1.7022693 0.48159325 27
1.6521937 -1.5298178 0.59321582 27
1.3784161 -1.8495204 0.35940278 31
1.5446689 -1.4351054 0.40272206 34
1.534256 -2.0589874 0.22159348 50
1.4668039 -1.3668414 0.24156678 32
1.5532243 -2.0844917 0.04476542 54
1.5588204 -1.4542041 0.1099055 25
1.5718544 -2.110301 -0.13607349 33
2.3620732 -2.2019017 -0.055760436 50
1.3231016 -1.7777772 -0.26742721 9
2.3356895 -2.1766317 -0.27573252 26
0.79893297 -1.0733954 -0.25307149 19
1.1934167 -1.1136519 -0.25275391 18
0.57145989 -0.76824009 -0.24685018 16
0.81029701 -0.75712651 -0.24782103 15
1.33635 -1.8001618 0.50912893 24
1.6424309 -1.5261379 0.59063101 29
1.3622712 -1.8338325 0.35588688 18
1.5349674 -1.4311208 0.40081567 35
1.53066 -2.061662 0.22159348 69
1.4610218 -1.3657628 0.24095827 32
1.5317208 -2.0631027 0.044241846 70
1.5327898 -1.4345244 0.10820458 31
1.5622231 -2.1050177 -0.13555013 33
2.3326373 -2.1821501 -0.0551496 50
1.3247374 -1.7858359 -0.2683399 9
2.3191371 -2.1688154 -0.27421033 28
0.79268104 -1.0688682 -0.25164169 20
1.1896642 -1.1140504 -0.25236326 18
0.57728887 -0.77895176 -0.25008118 16
0.81445926 -0.76337415 -0.24950691 16
1.3038645 -1.7756979 0.50013769 24
1.6346854 -1.5344315 0.59063101 29
1.3482692 -1.8349669 0.35471493 22
1.5277042 -1.4388716 0.40081567 33
1.5216784 -2.0713911 0.22181135 80
1.464697 -1.3835936 0.24278374 31
1.5242157 -2.0748603 0.044329111 82
1.5216227 -1.4391074 0.10794291 30
1.5438005 -2.1031005 -0.13489592 34
2.3070092 -2.1802144 -0.054800551 51
1.3124363 -1.788744 -0.26773143 9
2.2932491 -2.1672642 -0.27247071 30
0.7858119 -1.070886 -0.25116512 21
1.185613 -1.1219563 -0.25275391 16
0.56906599 -0.77601272 -0.24814259 17
0.81045115 -0.76762813 -0.24950691 16
1.3180033 -1.8015782 0.50688112 28
1.6267207 -1.5323253 0.58869243 35
1.3334088 -1.8213683 0.35158968 23
1.523152 -1.4401197 0.40033907 27
1.5121828 -2.0660007 0.2209398 94
1.4731083 -1.3963661 0.24460918 30
1.5128567 -2.0676908 0.044110954 95
1.5263671 -1.44862 0.10846627 23
1.5371828 -2.1017594 -0.13463424 33
2.2814064 -2.1636281 -0.05427698 36
1.316626 -1.8010538 -0.26925263 9
2.2822249 -2.1644185 -0.27160087 32
0.78683287 -1.0762223 -0.25211832 21
1.1818577 -1.1223286 -0.25236326 15
0.56899565 -0.77905691 -0.24878879 18
0.81088263 -0.77071244 -0.25006884 19
1.2968287 -1.7928827 0.5023855 30
1.6201588 -1.5427662 0.58933866 32
1.3249809 -1.8305575 0.35198036 23
1.4746941 -1.4091707 0.38937744 16
1.5082756 -2.0842454 0.22202925 40
1.4727135 -1.4111671 0.24582614 31
1.5020095 -2.0755837 0.044110954 50
1.5148963 -1.4534078 0.10820458 21
1.5276189 -2.1118033 -0.13476509 33
nan nan nan 0
1.3054103 -1.806139 -0.26894841 9
2.2564561 -2.1625731 -0.26986125 34
0.77956361 -1.0784726 -0.25164169 20
1.1793402 -1.1321167 -0.25314459 14
0.56772929 -0.78594643 -0.25008118 18
0.80141032 -0.77004677 -0.248383 16
1.2911649 -1.7909632 0.50126159 30
1.6069666 -1.5356023 0.58546138 29
1.3347681 -1.8509033 0.35549623 23
1.4669068 -1.4066585 0.38794762 14
1.4886299 -2.0646415 0.21963248 37
1.4845883 -1.4274628 0.24826005 31
1.4896225 -2.0660303 0.04384917 36
1.5015441 -1.4456838 0.10741955 26
1.5210141 -2.1104133 -0.13450339 33
1.6146854 -1.5552202 -0.038526185 11
1.3037043 -1.8104293 -0.26925263 9
2.2347026 -2.1492703 -0.26768669 31
0.773386 -1.0738511 -0.25021192 20
1.1809288 -1.1375897 -0.25392589 12
0.56072927 -0.77908438 -0.24749638 18
0.80886799 -0.77986246 -0.25119275 16
1.2828683 -1.7999076 0.50182354 30
1.6023859 -1.5473434 0.58675385 33
1.3264906 -1.8598783 0.35588688 26
1.4188976 -1.3751308 0.37698597 12
1.4749101 -2.0683498 0.21919669 57
1.4699599 -1.4283154 0.24704309 31
1.4773346 -2.0717654 0.04380554 54
1.4849882 -1.4448406 0.10676534 29
1.4998099 -2.1041105 -0.13358752 33
1.6065202 -1.5636533 -0.038526185 23
1.2913315 -1.8131859 -0.26864415 9
nan nan nan 0
0.76491082 -1.073884 -0.24925874 20
1.1785046 -1.1471922 -0.25470719 13
0.55943543 -0.78595018 -0.24878879 18
0.79951841 -0.77900857 -0.24950691 17
1.2786304 -1.7999334 0.50126159 30
1.5979449 -1.5484605 0.58610761 33
1.3461009 -1.894415 0.36213735 30
1.4094423 -1.3707774 0.3750796 12
1.4612116 -2.0567017 0.21767147 68
1.4692453 -1.4326072 0.24734734 30
1.4664853 -2.0641468 0.043587383 65
1.4788836 -1.4439496 0.10650366 29
1.4990232 -2.1107979 -0.1338492 33
1.5930386 -1.5559973 -0.038264398 30
1.288165 -1.8154368 -0.26864415 9
nan nan nan 0
0.76870519 -1.0832311 -0.25116512 21
1.1835853 -1.1561297 -0.25626981 8
0.55666971 -0.78495264 -0.24814259 18
0.80165511 -0.78379446 -0.2506308 17
1.2604833 -1.7948564 0.49788988 30
1.5915444 -1.5584923 0.58675385 29
1.3361635 -1.9014373 0.36213735 23
1.3969827 -1.3729899 0.37364981 13
1.4489924 -2.0622854 0.21745357 78
1.4564097 -1.4350673 0.2464346 30
1.4484798 -2.0615654 0.043369226 80
1.498018 -1.4779167 0.10846627 24
1.4807836 -2.1083972 -0.133195 33
1.570609 -1.5502982 -0.037915349 31
1.2814889 -1.8262215 -0.26925263 9
1.5972079 -1.5759138 -0.1928823 24
0.75739503 -1.0791979 -0.24925874 22
1.1880882 -1.17269 -0.25861374 7
0.55116934 -0.78587663 -0.24749638 18
0.79232049 -0.78286606 -0.24894494 17
1.2604529 -1.8008283 0.49901381 31
1.5801915 -1.5528221 0.5835228 29
1.348403 -1.92603 0.3664346 23
1.3963354 -1.3771452 0.3741264 9
1.439684 -2.0566459 0.21658202 89
1.4768914 -1.4602371 0.25038972 34
1.4391518 -2.0558949 0.043194704 93
1.4918802 -1.4770235 0.10820458 25
1.4728121 -2.1048388 -0.13280249 33
1.5643421 -1.5495265 -0.037828092 34
1.2768797 -1.8264207 -0.26894841 9
1.5820417 -1.5664579 -0.19136012 29
0.75410688 -1.0785048 -0.24878214 22
1.1877987 -1.1764947 -0.25900438 7
0.55531418 -0.7947669 -0.25008118 17
0.79442674 -0.78766382 -0.25006884 18
1.2465379 -1.8016082 0.49732792 31
1.5754738 -1.5644709 0.5848152 29
1.3242605 -1.9127504 0.36252803 28
1.3629712 -1.3585119 0.36697748 9
1.4260639 -2.0600586 0.21614625 38
nan nan nan 0
1.4226826 -2.055177 0.043020178 55
1.4894325 -1.4901006 0.10859711 27
1.4603518 -2.1104674 -0.13267164 34
1.5473558 -1.5488724 -0.037609935 37
1.2672991 -1.8330812 -0.26894841 9
1.559705 -1.5606561 -0.18962048 31
0.74984246 -1.0844591 -0.24925874 21
1.1938726 -1.1948925 -0.26173899 6
0.55251414 -0.79965329 -0.25072739 17
0.78683585 -0.78837842 -0.24894494 19
1.2851418 -1.863763 0.5141865 33
1.574455 -1.5689193 0.58546138 32
nan nan nan 0
1.3692944 -1.3695458 0.36936048 21
1.4168166 -2.0543394 0.21527469 34
nan nan nan 0
1.4148408 -2.0514805 0.042889286 34
1.4903607 -1.496228 0.10885879 25
1.4552507 -2.1109569 -0.13254081 34
1.5481845 -1.5551062 -0.037697192 40
1.2683154 -1.8414247 -0.2698611 9
1.5569787 -1.5633758 -0.18962048 34
0.74794859 -1.0857662 -0.24925874 19
1.1917852 -1.1969744 -0.26173899 7
0.54565573 -0.79264849 -0.24814259 17
0.78718364 -0.79147071 -0.24950691 20
1.3339621 -1.9572939 0.53835046 37
1.5576919 -1.5685912 0.58223039 34
1.3984277 -2.0505373 0.38713932 52
nan nan nan 0
1.3948275 -2.0452607 0.21353158 44
nan nan nan 0
1.3998595 -2.0526621 0.042758394 46
1.4912882 -1.5128822 0.10951298 23
1.4427731 -2.1164834 -0.13240996 34
1.5347471 -1.55786 -0.0375663 44
1.2600516 -1.8500924 -0.27016535 9
1.5452681 -1.5679662 -0.18918556 37
0.74087459 -1.0876373 -0.24878214 18
1.1855016 -1.2031981 -0.26173899 7
0.54420799 -0.79949278 -0.24943499 16
0.78131276 -0.79385227 -0.24894494 19
1.3609632 -2.0037439 0.55071342 61
1.5294173 -1.5456119 0.5725373 13
1.3851435 -2.0386705 0.38440475 58
1.5790478 -1.600497 0.42988792 30
1.3898575 -2.0456309 0.21331368 61
1.6115645 -1.6378285 0.27746713 27
1.3948717 -2.0530338 0.042714763 61
1.4903985 -1.5172601 0.10964382 28
1.4362748 -2.1148655 -0.13214828 36
1.5302711 -1.5587562 -0.03752267 46
1.2568206 -1.8522888 -0.27016535 9
1.5390314 -1.5671141 -0.18875064 40
0.74035037 -1.0909615 -0.24925874 19
1.1868694 -1.2087799 -0.26252028 7
0.54416341 -0.80244285 -0.25008118 17
0.78335184 -0.79867899 -0.25006884 19
1.3433207 -2.0009599 0.54790366 61
1.5229967 -1.5553205 0.57318354 13
1.3730747 -2.0438445 0.38401407 75
nan nan nan 0
1.3721912 -2.0425382 0.21222423 74
1.5769477 -1.619628 0.27290353 27
1.3757486 -2.0478532 0.042452976 74
1.4841777 -1.5268294 0.10977466 22
1.4237914 -2.1202834 -0.13201745 37
1.5220884 -1.5667472 -0.03752267 51
1.2415818 -1.8505969 -0.26894841 9
1.534284 -1.578716 -0.18918556 43
0.73599249 -1.0968627 -0.24973533 15
1.1772842 -1.2112396 -0.26173899 7
0.53861332 -0.80327255 -0.24943499 19
0.77915925 -0.80276966 -0.25006884 18
1.3307049 -1.9888874 0.54396999 61
1.5202799 -1.5579762 0.57318354 13
1.3726069 -2.0501044 0.38479537 81
1.59699 -1.6413256 0.43799001 12
1.3727753 -2.0511422 0.2128779 87
1.5761334 -1.6238799 0.27320775 30
1.3707839 -2.048173 0.042409342 83
1.499189 -1.547051 0.11108306 22
1.4159286 -2.1165369 -0.13162492 37
1.5210941 -1.5711937 -0.0375663 53
1.2400507 -1.8546087 -0.26925263 9
1.5297899 -1.5796057 -0.18896811 44
0.72727221 -1.0879346 -0.24735238 16
1.1803367 -1.2185997 -0.26291096 8
0.53721052 -0.80421138 -0.24943499 17
0.77959836 -0.8057363 -0.2506308 20
1.3243002 -2.0019262 0.54565585 35
1.5090117 -1.5621842 0.57189107 10
1.3550466 -2.046963 0.38284212 59
1.5698956 -1.6299816 0.43274748 31
1.3582566 -2.051831 0.21222423 68
1.5658867 -1.6303242 0.27290353 27
1.3576434 -2.0509143 0.042322084 87
1.499727 -1.5638709 0.11173727 17
1.4034514 -2.1218386 -0.13149409 38
1.5079224 -1.5734694 -0.037435409 55
1.2316898 -1.8631471 -0.26955688 9
1.5163174 -1.5822105 -0.18831575 45
0.72850943 -1.1018471 -0.24973533 18
1.1687995 -1.219429 -0.26173899 8
0.53047854 -0.802885 -0.24814259 16
0.77198511 -0.80630201 -0.24950691 16
1.3194653 -2.0021992 0.54509389 35
1.5129972 -1.571761 0.57447588 23
1.351472 -2.0493248 0.38284212 29
1.5752766 -1.64183 0.43513048 37
1.3464563 -2.0417178 0.21091689 30
1.5733552 -1.6437898 0.27472895 57
1.3509549 -2.0493407 0.042234819 30
1.5246533 -1.5953075 0.1138307 30
1.3970016 -2.1201131 -0.13123241 40
1.5103642 -1.581511 -0.0375663 61
1.222984 -1.8570001 -0.2683399 9
1.5170012 -1.5884495 -0.18875064 49
0.72389114 -1.0990139 -0.24878214 11
1.1700902 -1.2250291 -0.26252028 8
0.52893615 -0.80390197 -0.24814259 17
0.77057672 -0.80764818 -0.24950691 15
1.3139244 -2.0174782 0.5473417 35
1.5111474 -1.5869056 0.5770607 23
1.3322842 -2.0441885 0.38049817 42
nan nan nan 0
1.331315 -2.0427103 0.21026322 42
1.5575997 -1.6450845 0.27351201 33
1.3293004 -2.0396249 0.041885771 43
1.5194372 -1.6071546 0.11409239 28
1.3777145 -2.1148415 -0.13044736 41
1.5017852 -1.5896597 -0.0375663 77
1.2196779 -1.8739942 -0.2698611 9
1.5052346 -1.5927578 -0.18831575 50
0.73396528 -1.1276188 -0.25450125 9
1.1668464 -1.2349225 -0.26330161 8
0.53128392 -0.81679553 -0.25137359 17
0.76283693 -0.80827618 -0.248383 17
1.3160521 -2.0277171 0.54958951 57
1.5117075 -1.5930375 0.57835317 26
1.3273714 -2.0444386 0.38010749 53
1.3998212 -1.4801958 0.38890082 21
1.3182658 -2.0304017 0.208738 54
1.5581392 -1.6514034 0.27412048 43
1.3257385 -2.0419419 0.041885771 56
1.5492277 -1.6442633 0.11657834 42
1.3658761 -2.1046717 -0.12966232 40
1.5041598 -1.5977277 -0.037697192 96
1.215057 -1.8740368 -0.26955688 9
1.5041639 -1.5971919 -0.1885332 53
0.74132216 -1.1433251 -0.25783744 7
1.166387 -1.2387505 -0.26369226 8
0.52592957 -0.81163365 -0.24943499 18
0.75974888 -0.80783868 -0.24782103 16
1.3050618 -2.0348079 0.54958951 65
1.5215715 -1.6202582 0.58546138 33
1.3073232 -2.0368068 0.37737292 70
1.4038181 -1.5000217 0.39223698 29
1.3049293 -2.0330822 0.20830221 70
1.5494713 -1.6595392 0.27412048 31
1.3096347 -2.0404367 0.041711248 69
1.5491282 -1.6614654 0.11723254 41
nan nan nan 0
1.485528 -1.5946292 -0.037435409 63
1.2079028 -1.8845538 -0.27016535 9
1.4940786 -1.6032274 -0.18831575 49
0.74061167 -1.1554629 -0.25974381 6
1.1615729 -1.2466427 -0.26408291 8
0.52167273 -0.81437629 -0.24943499 17
0.75050783 -0.80647659 -0.24613519 13
1.301864 -2.0368555 0.54958951 80
1.5270104 -1.6317108 0.58869243 43
1.3064234 -2.0432484 0.37815422 75
1.3827423 -1.4827681 0.38699445 29
1.2960191 -2.0269597 0.20743066 82
1.5533481 -1.6694943 0.27533746 15
1.2966572 -2.0279708 0.041405831 82
1.5360079 -1.653213 0.11644749 32
0.99931562 -1.5627371 -0.095382281 20
1.4861515 -1.6008762 -0.03752267 56
1.2019442 -1.8824737 -0.26955688 9
1.494675 -1.6094754 -0.18875064 48
0.75968015 -1.189878 -0.2673693 6
1.1492854 -1.2378379 -0.26173899 8
0.52154571 -0.81732392 -0.25008118 19
0.75409061 -0.81312305 -0.24782103 16
1.2882264 -2.0397482 0.54846561 87
1.5332472 -1.6556008 0.59450829 47
1.2864834 -2.0354421 0.37541965 89
1.3749595 -1.4899877 0.38699445 9
1.2840594 -2.0316114 0.20721279 94
1.526057 -1.6575607 0.27199078 29
1.2886888 -2.0389602 0.041493095 93
1.5205572 -1.6538951 0.11592413 21
0.99378306 -1.5721713 -0.09564396 36
1.4760541 -1.6067983 -0.037479043 54
1.1973618 -1.8971395 -0.27077383 9
1.4845384 -1.6154492 -0.1885332 45
0.74690437 -1.1834537 -0.26498634 6
1.1461395 -1.2474662 -0.26252028 9
0.5198279 -0.82413381 -0.25137359 19
0.74651378 -0.81348431 -0.24669713 18
1.2785411 -2.0314558 0.54565585 35
1.5369213 -1.6653599 0.59709311 36
1.2855572 -2.0418658 0.37620097 39
1.3473783 -1.4653444 0.37984553 13
1.2818367 -2.0359581 0.20743066 42
1.5282054 -1.6656971 0.27290353 29
1.2771473 -2.0285082 0.041231308 54
1.5311899 -1.6712458 0.11697085 29
0.98838139 -1.5696756 -0.095382281 36
1.4732475 -1.6093721 -0.037479043 52
1.1874539 -1.8887171 -0.26925263 9
1.4834024 -1.6198709 -0.18875064 43
0.74874789 -1.1909937 -0.26641613 6
1.1456327 -1.2512815 -0.26291096 8
0.51454616 -0.81889766 -0.24943499 17
0.75004703 -0.8201586 -0.248383 16
1.2636768 -2.0321343 0.54396999 35
1.5412382 -1.6876243 0.60226274 42
1.265727 -2.0338864 0.37346637 33
1.3429989 -1.476002 0.38079873 16
1.2527601 -2.013025 0.20438023 34
1.5395224 -1.6956824 0.27655441 35
1.2599133 -2.0245514 0.041013151 34
1.5291404 -1.6866251 0.11749421 25
0.9761979 -1.5684664 -0.094989754 36
1.4664826 -1.6189129 -0.03752267 49
1.1814725 -1.9012351 -0.27016535 8
1.478253 -1.6313 -0.18918556 43
0.73991662 -1.1907254 -0.26546293 6
1.1374027 -1.2554374 -0.26252028 8
0.51279163 -0.82568878 -0.25072739 17
0.74245834 -0.82047558 -0.2472591 14
1.2540756 -2.0237584 0.54116023 56
1.5562103 -1.7099227 0.60937095 49
1.2595767 -2.031893 0.37268507 47
1.3305049 -1.4674579 0.37793916 19
1.2348289 -1.9919126 0.20198342 29
1.554913 -1.7185714 0.27990103 35
1.2405939 -2.0012405 0.04048958 37
1.5278716 -1.6911407 0.11762506 27
0.97345889 -1.5701678 -0.094989754 36
1.4670122 -1.6251739 -0.037609935 44
1.1768481 -1.9011832 -0.2698611 9
1.4787494 -1.6375675 -0.18962048 39
0.73783731 -1.1920151 -0.26546293 6
1.1302308 -1.2519355 -0.26134834 8
0.50755024 -0.82041365 -0.24878879 18
0.74758071 -0.82897955 -0.24950691 12
1.2392967 -2.0242779 0.53947437 64
1.5553344 -1.7270042 0.612602 26
1.2386137 -2.0216081 0.36955982 57
1.3195169 -1.4707584 0.37698597 21
0.99308521 -1.6201677 0.16319913 28
1.5724341 -1.7562175 0.28476888 43
0.99925739 -1.6302713 0.03276689 20
1.5423427 -1.7251285 0.11945682 23
0.96261966 -1.5709831 -0.094728075 36
1.4568137 -1.6309723 -0.0375663 43
1.1681706 -1.9094368 -0.27016535 8
1.4684917 -1.643434 -0.18940303 36
0.73286378 -1.1979572 -0.26593953 6
1.1302603 -1.2651843 -0.26291096 8
0.50952625 -0.83337438 -0.25201979 19
0.73834175 -0.8274498 -0.24782103 12
1.2361155 -2.026222 0.53947437 74
nan nan nan 0
1.2337985 -2.0216577 0.36916918 67
1.315308 -1.4712332 0.37650937 21
0.99025589 -1.6218985 0.16319913 35
nan nan nan 0
0.99511003 -1.6298783 0.032723259 36
nan nan nan 0
0.95468229 -1.5641316 -0.094204716 37
1.4589622 -1.6391033 -0.037697192 39
1.1687046 -1.9178329 -0.27107808 9
1.467281 -1.6478511 -0.18962048 34
0.73077184 -1.1992344 -0.26593953 6
1.1280504 -1.2671551 -0.26291096 8
0.50306243 -0.826002 -0.24943499 20
0.7352702 -0.82692343 -0.2472591 13
1.218856 -2.0224435 0.53666461 77
1.5062746 -1.6963606 0.59773928 23
1.220649 -2.0238593 0.36838785 75
1.3043259 -1.4744313 0.37555617 21
0.97918093 -1.6227939 0.16276334 35
nan nan nan 0
0.98398387 -1.6307833 0.032635998 35
nan nan nan 0
0.94261765 -1.5626917 -0.093812197 36
1.4520159 -1.6485925 -0.037740827 36
1.1509765 -1.9111651 -0.26925263 8
1.4635837 -1.6611071 -0.19027284 32
0.72953576 -1.2114605 -0.2678459 6
1.1181259 -1.269347 -0.26212963 8
0.50245452 -0.83483952 -0.25137359 17
0.73739719 -0.8380509 -0.24950691 16
1.2282022 -2.0452495 0.54228413 77
nan nan nan 0
1.2171149 -2.0259864 0.36838785 79
1.3017505 -1.4767054 0.37555617 20
0.97506636 -1.6223645 0.16254546 35
nan nan nan 0
0.97727954 -1.626067 0.032505106 36
nan nan nan 0
0.93988878 -1.5643345 -0.093812197 36
1.4574 -1.6605008 -0.037958983 34
1.1501888 -1.9174292 -0.2698611 9
1.4771523 -1.6823404 -0.19244738 29
0.72490108 -1.2085195 -0.26689273 6
1.1224446 -1.2787021 -0.26369226 8
0.4985213 -0.8315677 -0.25008118 19
0.73270643 -0.8356865 -0.248383 18
1.2183595 -2.0539608 0.54284608 58
nan nan nan 0
1.2165608 -2.0493262 0.37151313 54
1.2891483 -1.4779642 0.3741264 13
0.96274954 -1.6210201 0.16189179 35
nan nan nan 0
0.96747792 -1.6290114 0.032461476 36
nan nan nan 0
0.92277849 -1.554198 -0.09289632 34
1.4536142 -1.6737605 -0.038089875 32
1.1439238 -1.9298321 -0.27077383 9
1.4797839 -1.7031893 -0.19396958 24
0.7210604 -1.2165241 -0.2678459 6
1.1141098 -1.2827017 -0.26330161 7
0.49538726 -0.83624679 -0.25072739 17
0.7251128 -0.83584452 -0.2472591 15
1.2324616 -2.0852454 0.55071342 76
1.3831991 -1.5859147 0.55379736 24
1.2267886 -2.0748382 0.3758103 65
1.2833384 -1.4765148 0.37317321 11
0.95865297 -1.6205531 0.1616739 35
1.526729 -1.7601149 0.28142226 32
0.96336269 -1.6285448 0.032417841 36
nan nan nan 0
0.92006457 -1.5558063 -0.09289632 34
1.4605281 -1.6876156 -0.038351662 30
1.1355147 -1.9232742 -0.26955688 9
1.4898806 -1.7208064 -0.19570921 23
0.71769118 -1.2156656 -0.2673693 6
1.1053853 -1.2771933 -0.26173899 6
0.49148056 -0.83294535 -0.24943499 19
0.72845507 -0.84261751 -0.24894494 20
1.2138023 -2.0792544 0.5473417 75
1.3574759 -1.5730619 0.54668915 31
1.2208837 -2.0897653 0.37737292 73
1.2755897 -1.4832141 0.37317321 12
0.94764531 -1.6212476 0.16123812 35
nan nan nan 0
0.94978547 -1.6249295 0.032243319 36
1.3674669 -1.5961919 0.10833542 10
0.90561903 -1.549818 -0.092242114 38
1.4630795 -1.7085071 -0.038657077 25
1.1254289 -1.9291934 -0.26955688 9
1.4857222 -1.7342482 -0.19636157 23
0.71131617 -1.2194067 -0.2673693 6
1.1019053 -1.286706 -0.26252028 7
0.48953712 -0.83968484 -0.25072739 19
0.71925998 -0.84088629 -0.2472591 15
1.2105348 -2.0811586 0.5473417 81
1.3515707 -1.5717733 0.54539669 31
1.2234358 -2.1025691 0.37932622 75
1.2713977 -1.4835784 0.37269661 16
0.94106162 -1.6164385 0.16058445 35
nan nan nan 0
0.94067061 -1.6157775 0.032025162 36
1.3565538 -1.5890996 0.10768122 20
0.90416634 -1.5535555 -0.092372961 37
1.476359 -1.7300397 -0.03909339 18
1.1220602 -1.9311547 -0.26955688 9
1.4826932 -1.7368386 -0.19636157 27
0.71041691 -1.2227701 -0.2678459 6
1.1012658 -1.2905012 -0.26291096 7
0.48686218 -0.83844709 -0.25008118 19
0.71937907 -0.84398782 -0.24782103 15
1.2101628 -2.1066971 0.55239928 63
1.3386154 -1.573321 0.5434581 19
1.207494 -2.1003795 0.3777636 63
1.2556547 -1.4808747 0.37031367 18
0.93382466 -1.6235037 0.16080233 35
nan nan nan 0
0.93717408 -1.6293527 0.032199688 36
1.3611355 -1.6114109 0.10872794 23
0.8972618 -1.5604337 -0.092503794 36
nan nan nan 0
1.1119334 -1.9370033 -0.26955688 9
1.4800222 -1.7521758 -0.19723138 34
0.70278585 -1.2243429 -0.2673693 6
1.09769 -1.3000146 -0.26369226 7
0.48486078 -0.84517908 -0.25137359 19
0.71968472 -0.85330999 -0.24950691 16
1.2322289 -2.1530139 0.56420028 93
1.3233403 -1.5609462 0.53828847 22
1.2344587 -2.1560795 0.38752997 93
1.2514797 -1.4811931 0.36983705 20
0.92481065 -1.6143199 0.1597129 36
nan nan nan 0
0.92440617 -1.6136246 0.03185064 36
1.3567091 -1.6118776 0.10859711 28
0.89206004 -1.5576619 -0.092242114 36
1.5594159 -1.8529639 -0.041667618 30
1.1097808 -1.9410965 -0.2698611 9
1.4737468 -1.750952 -0.19679649 29
0.69700235 -1.2191712 -0.26593953 6
1.0922296 -1.298158 -0.26291096 8
0.48099697 -0.84182554 -0.25008118 17
0.71346951 -0.84898937 -0.24782103 12
1.2205621 -2.1596494 0.56420028 93
1.3120366 -1.5641602 0.53699601 10
1.2207245 -2.1582129 0.38674864 93
1.2452856 -1.4896047 0.37031367 18
0.91512096 -1.6169714 0.15949501 36
nan nan nan 0
0.9171735 -1.6206192 0.03189427 36
1.3434454 -1.6132139 0.10820458 30
0.88266486 -1.5601373 -0.092111282 37
nan nan nan 0
1.1008207 -1.9490423 -0.27016535 9
1.4677536 -1.7624655 -0.19723138 30
0.6930173 -1.2270809 -0.26689273 6
1.0854176 -1.3038591 -0.26291096 8
0.47539958 -0.84222704 -0.24943499 19
0.71214479 -0.85644674 -0.24894494 15
1.2123936 -2.1530697 0.56195247 90
1.2999867 -1.5553509 0.53311884 10
1.213325 -2.1538832 0.3855767 91
1.2489848 -1.4993036 0.37222004 12
0.91107672 -1.6163952 0.15927713 36
nan nan nan 0
0.90821779 -1.6113236 0.031676114 36
1.3422263 -1.6174742 0.10833542 30
0.87627071 -1.5551463 -0.091718756 37
nan nan nan 0
1.0925583 -1.9423054 -0.26894841 9
1.4614872 -1.7611979 -0.19679649 29
0.68607348 -1.2197262 -0.26498634 6
1.0768138 -1.2981665 -0.26134834 8
0.47274962 -0.84094799 -0.24878879 18
0.71064889 -0.85768831 -0.24894494 17
1.1959982 -2.151078 0.55970466 82
1.2856519 -1.5547059 0.53053403 20
1.1984338 -2.1537309 0.38440475 87
1.2458133 -1.511493 0.37364981 14
0.89655423 -1.6102575 0.15818767 36
nan nan nan 0
0.89734101 -1.6116866 0.031588852 35
1.3273855 -1.6167754 0.10781206 33
0.86811602 -1.5597131 -0.091718756 36
nan nan nan 0
1.0799665 -1.9436592 -0.2683399 9
1.4617504 -1.7803563 -0.19810121 29
0.68205571 -1.2275954 -0.26593953 6
1.0718014 -1.3055042 -0.26173899 8
0.47301298 -0.85186636 -0.25137359 17
0.7092526 -0.8651526 -0.25006884 18
1.1879028 -2.1444266 0.55745685 81
1.272156 -1.5439253 0.52601057 17
1.191462 -2.1491289 0.38323274 83
1.2603556 -1.5344865 0.37889233 12
0.89494801 -1.6139992 0.15840557 36
1.724898 -2.1025841 0.32918796 37
0.86185861 -1.554194 0.030410817 32
1.328015 -1.6227157 0.10807375 33
0.86056012 -1.5524867 -0.091195397 37
nan nan nan 0
1.081712 -1.954041 -0.26955688 9
1.464964 -1.7906029 -0.19897102 24
0.67872685 -1.2266351 -0.26546293 5
1.0726585 -1.3111869 -0.26252028 8
0.46919635 -0.84845924 -0.25008118 19
0.70324528 -0.8606258 -0.248383 18
1.171988 -2.1420653 0.55520904 82
1.2612641 -1.5466086 0.52471817 19
1.1730874 -2.1423376 0.38088882 85
1.2649921 -1.556052 0.38270509 12
0.87960052 -1.6053962 0.15709823 36
1.6950617 -2.0884981 0.32553709 34
0.8455891 -1.5431826 0.030105399 42
1.3131994 -1.6218992 0.10755039 34
0.85241961 -1.5569713 -0.091195397 37
nan nan nan 0
1.0643345 -1.9466089 -0.26773143 9
nan nan nan 0
0.67603278 -1.2365195 -0.26689273 5
1.0611026 -1.3110398 -0.26134834 7
0.46489593 -0.85082316 -0.25008118 17
0.70026863 -0.86618418 -0.24894494 14
1.1670836 -2.1419673 0.55464709 84
1.2448165 -1.5319709 0.5189023 10
1.1693465 -2.1443818 0.38088882 84
1.2712951 -1.5699003 0.38556468 23
0.87441593 -1.6025541 0.15666245 36
1.6929775 -2.0933802 0.32584134 53
0.85218197 -1.5623686 0.030454447 42
1.3150821 -1.6300076 0.10794291 35
0.84135133 -1.5431043 -0.09027952 37
nan nan nan 0
1.057381 -1.9419224 -0.2668187 8
1.7737319 -2.1975644 -0.24354923 40
0.67621493 -1.2420114 -0.2678459 5
1.0603682 -1.3148075 -0.26173899 7
0.4667109 -0.85808551 -0.25201979 16
0.70182788 -0.87118649 -0.25006884 15
1.1520207 -2.1418116 0.55296123 83
1.2365097 -1.5386835 0.5189023 13
1.1530522 -2.1419764 0.37932622 83
1.2645963 -1.5784467 0.38604125 23
0.86691135 -1.6094553 0.15688033 36
1.6738605 -2.0928333 0.32432011 71
0.83452487 -1.549194 0.030105399 39
1.3062438 -1.637099 0.10794291 36
0.83326018 -1.5474885 -0.09027952 36
nan nan nan 0
1.0456858 -1.9454285 -0.26651448 8
1.7606441 -2.2048779 -0.24333178 41
0.66600823 -1.239162 -0.26641613 5
1.0532387 -1.3205255 -0.26173899 8
0.46335024 -0.86264724 -0.252666 16
0.69252676 -0.86927396 -0.248383 18
1.1475061 -2.1414707 0.55239928 85
1.2262527 -1.5314313 0.51567131 12
1.1481469 -2.1418083 0.37893555 84
1.2710521 -1.5921385 0.38890082 22
0.86057621 -1.6043783 0.15622668 36
1.6593568 -2.0821862 0.32219043 80
0.86130148 -1.6057469 0.031196173 38
1.3018266 -1.6374257 0.10781206 37
0.82820302 -1.5445374 -0.09001784 37
nan nan nan 0
1.0025374 -1.8728341 -0.2561703 6
1.7490243 -2.1982155 -0.2422445 41
0.6661548 -1.244653 -0.2673693 5
1.0463078 -1.3165748 -0.26056704 8
0.45616937 -0.85279578 -0.24943499 17
0.69100857 -0.87048131 -0.248383 16
1.1279421 -2.1325681 0.54846561 82
1.2152092 -1.534052 0.51437891 9
1.128842 -2.1325078 0.37620097 82
1.2794777 -1.6199194 0.39414334 22
0.84983689 -1.6044581 0.15579088 36
1.6438129 -2.0850077 0.32127771 60
0.85288209 -1.6102346 0.031196173 37
1.2947828 -1.6461784 0.10794291 35
0.81660688 -1.5422299 -0.089625321 37
nan nan nan 0
0.95335633 -1.803434 -0.24582614 9
1.728229 -2.195616 -0.24093978 41
0.65734112 -1.2437814 -0.26641613 5
1.0457577 -1.3296008 -0.26212963 8
0.45394537 -0.85944796 -0.25072739 17
0.68795365 -0.87599701 -0.24894494 15
1.122323 -2.1300251 0.5473417 84
1.2350411 -1.5645523 0.52407193 9
1.11859 -2.1211677 0.37385702 77
nan nan nan 0
0.83659887 -1.5861026 0.15382989 36
1.6343894 -2.0797935 0.32006076 28
0.85123432 -1.613933 0.031239806 36
1.3060969 -1.6658629 0.10912047 29
0.81507599 -1.5458624 -0.089756161 37
1.6236157 -2.0712852 -0.045332622 35
0.95283067 -1.8093225 -0.2464346 20
1.721314 -2.1947145 -0.24050486 41
0.65858948 -1.2514467 -0.2678459 5
1.0419072 -1.3294845 -0.26173899 7
0.45356464 -0.86237854 -0.25137359 17
0.68355799 -0.87325263 -0.24782103 17
1.1122774 -2.1380341 0.54790366 88
nan nan nan 0
1.112023 -2.1357596 0.37541965 68
nan nan nan 0
0.82856023 -1.5903167 0.15382989 37
1.6250037 -2.0902791 0.32036498 43
0.8419019 -1.6160027 0.031196173 37
1.2942879 -1.6687398 0.10885879 24
0.8081212 -1.5523247 -0.089887001 37
1.6038983 -2.067642 -0.045070838 57
0.94562954 -1.818692 -0.24704309 11
1.7036792 -2.1958361 -0.23963504 41
0.64773083 -1.246048 -0.26593953 5
1.0349317 -1.3349217 -0.26173899 7
0.44364819 -0.85393685 -0.24814259 18
0.68647337 -0.88641912 -0.2506308 15
1.1040691 -2.1313167 0.54565585 84
1.3671961 -1.7555435 0.58610761 10
nan nan nan 0
nan nan nan 0
0.81891584 -1.5784889 0.15252255 32
1.6091696 -2.0774393 0.31793109 62
0.83420438 -1.6087353 0.031021649 37
nan nan nan 0
0.79967761 -1.5426441 -0.089232802 37
1.6048833 -2.0763636 -0.04520173 75
0.93789846 -1.8115212 -0.24582614 10
1.6937385 -2.1909347 -0.23876522 42
0.65005594 -1.2559006 -0.2678459 5
1.0356299 -1.3406261 -0.26252028 7
0.44642806 -0.86337662 -0.25072739 19
0.68193316 -0.883771 -0.24950691 12
1.085879 -2.1242394 0.54228413 88
1.3680204 -1.7762872 0.59063101 14
nan nan nan 0
1.321167 -1.7212013 0.41463691 12
0.81036353 -1.5828966 0.15252255 42
1.5963937 -2.0841479 0.31762683 76
0.82463288 -1.6108549 0.03097802 37
1.5802656 -2.066117 0.13450339 77
0.79045445 -1.5445864 -0.089101963 37
1.5905831 -2.0810499 -0.045114469 85
0.92357576 -1.807726 -0.24460918 12
1.6716307 -2.1859422 -0.23724304 43
0.64547813 -1.2637733 -0.2687991 6
1.0253527 -1.3422933 -0.26173899 7
0.44080758 -0.86354905 -0.25008118 19
0.68011278 -0.89130872 -0.2506308 14
1.082541 -2.1259425 0.54228413 84
1.3678666 -1.7824979 0.59192348 16
1.0817772 -2.1235621 0.37151313 79
1.3032106 -1.7040422 0.40987095 20
0.80985701 -1.5887487 0.15295833 37
1.5852094 -2.077081 0.31610563 84
0.81728876 -1.6033791 0.030803496 37
1.5675569 -2.0569735 0.13371836 77
0.78549534 -1.5415125 -0.088840283 36
1.5748056 -2.0679348 -0.04476542 96
0.91817302 -1.8049096 -0.24400067 12
1.6617625 -2.1809425 -0.23637323 43
0.64438111 -1.2670871 -0.2692757 5
1.0245093 -1.3460416 -0.26212963 9
0.44147977 -0.86862719 -0.25137359 18
0.67855608 -0.89249438 -0.2506308 17
1.0622876 -2.1143472 0.53778851 80
1.3599789 -1.7915564 0.59256965 17
1.0684284 -2.124783 0.3707318 82
1.2972401 -1.7147505 0.41082415 22
0.79817605 -1.5862894 0.15230466 38
1.5683179 -2.0774412 0.31488866 50
0.8088823 -1.6076363 0.030803496 36
1.5537527 -2.0611713 0.13345668 36
0.77405488 -1.5389096 -0.088447765 36
1.5594339 -2.0701702 -0.044634525 42
0.90759861 -1.8074739 -0.24369647 13
1.6488179 -2.1876268 -0.23615576 43
0.63334531 -1.2616645 -0.2673693 5
1.0189381 -1.3533561 -0.26252028 8
0.43368945 -0.86444467 -0.24943499 18
0.67092955 -0.89215332 -0.24950691 15
1.0535226 -2.1051168 0.53497875 76
1.3276341 -1.7554644 0.57964557 15
1.062511 -2.122227 0.36995047 82
nan nan nan 0
0.79763258 -1.5921358 0.15274043 37
1.5557194 -2.0682929 0.31306323 31
0.80272335 -1.6023377 0.030672602 36
1.5351245 -2.0439441 0.13214828 36
0.77025241 -1.5380247 -0.088316925 35
1.5543145 -2.0708921 -0.044590894 41
0.90333503 -1.8068347 -0.24339221 12
1.6405008 -2.1845343 -0.23550341 43
0.63223672 -1.2649647 -0.2678459 5
1.0136002 -1.35119 -0.26173899 8
0.4354049 -0.87168813 -0.25137359 19
0.67230886 -0.89720982 -0.2506308 19
nan nan nan 0
1.3111706 -1.7527379 0.57641453 20
1.0535688 -2.1321905 0.3707318 87
nan nan nan 0
0.78598082 -1.5895896 0.15208678 37
1.5389296 -2.0684571 0.31184629 49
0.78879482 -1.5953096 0.030454447 37
1.5378327 -2.0699666 0.13332585 56
0.754462 -1.5263615 -0.08740104 36
1.5374761 -2.0709844 -0.044416368 61
0.88728642 -1.798182 -0.24156678 14
1.621598 -2.1831095 -0.23441613 43
0.62777019 -1.2726624 -0.2687991 6
1.009465 -1.3604367 -0.26252028 7
0.43296197 -0.87829244 -0.252666 19
0.66322613 -0.89486426 -0.24894494 17
nan nan nan 0
1.3124515 -1.7608235 0.57835317 26
1.0454926 -2.1251597 0.36916918 81
1.5229286 -2.048579 0.48898563 32
0.78320521 -1.590959 0.15208678 37
1.5323547 -2.0671582 0.31123778 64
0.78600931 -1.5966839 0.030454447 32
1.51784 -2.0506032 0.1318866 70
0.74959701 -1.5231934 -0.087139361 36
1.5308795 -2.0696509 -0.044329111 77
0.88196248 -1.7952715 -0.24095827 14
1.6133306 -2.1799383 -0.23376377 44
0.62339026 -1.2693477 -0.2678459 5
1.0056158 -1.3602148 -0.26212963 7
0.42824897 -0.87253654 -0.25072739 19
0.66020823 -0.89406693 -0.248383 16
0.77687019 -1.6005465 0.40235797 22
1.3118371 -1.7793163 0.58223039 33
1.0311213 -2.1239383 0.3679972 81
1.5180109 -2.0644231 0.49089199 32
0.77052075 -1.5860728 0.15121521 37
1.5185686 -2.0711563 0.31062931 78
0.77327883 -1.5917796 0.030279925 32
1.5144743 -2.0685816 0.13254081 82
0.74487591 -1.5338383 -0.087531887 35
1.511145 -2.0655494 -0.044067323 88
0.8703897 -1.7953972 -0.2403498 15
1.5959967 -2.1803269 -0.23289396 45
0.61673546 -1.2725943 -0.2678459 5
0.99701703 -1.3634722 -0.26173899 7
0.42472294 -0.8769424 -0.25137359 20
0.65840769 -0.90143406 -0.24950691 19
0.77329719 -1.5995705 0.40179601 30
1.3087296 -1.7816032 0.58223039 45
1.0145395 -2.0990458 0.36330935 43
1.521675 -2.0769548 0.49327493 88
0.76883328 -1.5896583 0.1514331 37
1.5134842 -2.0718021 0.31032506 84
0.76832759 -1.5886239 0.030192662 39
1.5034873 -2.0611496 0.1318866 88
0.73894501 -1.5283895 -0.087139361 35
1.5075376 -2.0681837 -0.044067323 94
0.86294883 -1.7879704 -0.23913284 16
1.5877762 -2.1770799 -0.23224159 45
0.60919589 -1.2626101 -0.26546293 5
0.99609524 -1.3672022 -0.26212963 7
0.42214713 -0.87550497 -0.25072739 18
0.65683347 -0.90258175 -0.24950691 16
0.77195382 -1.619131 0.40572968 32
1.2993833 -1.7884312 0.58223039 51
nan nan nan 0
1.5093359 -2.0829093 0.49279836 62
0.76049942 -1.5936621 0.1514331 37
1.4909613 -2.0636282 0.30789116 41
0.75677669 -1.5858539 0.030061768 39
1.4882818 -2.0629275 0.13149409 35
0.72664249 -1.5232196 -0.086616002 36
1.487896 -2.0638986 -0.04380554 42
0.84825158 -1.7812575 -0.23761165 18
1.5719742 -2.1793115 -0.23158923 46
0.60783613 -1.2768689 -0.2678459 6
0.98892301 -1.372399 -0.26212963 7
0.41962367 -0.88206905 -0.25201979 20
0.65066725 -0.90403712 -0.24894494 18
0.76732421 -1.6159383 0.40460578 32
1.2991003 -1.7946031 0.5835228 31
nan nan nan 0
1.488417 -2.0616939 0.4870792 31
0.75345153 -1.5859842 0.15056154 37
1.4815441 -2.058182 0.30667418 32
0.75828844 -1.596208 0.030236293 37
1.4759146 -2.0533741 0.13070905 36
0.72505134 -1.5267419 -0.086746842 35
1.4813677 -2.0624371 -0.043718275 41
0.84620219 -1.7849785 -0.23791587 19
1.5652544 -2.1780117 -0.23115432 46
0.6014145 -1.2690513 -0.26593953 5
0.98508078 -1.3721207 -0.26173899 7
0.41396585 -0.87406147 -0.24943499 19
0.64908844 -0.90517145 -0.24894494 18
0.76578468 -1.635517 0.40853944 22
1.2812263 -1.7896161 0.57964557 19
nan nan nan 0
1.4647348 -2.0515065 0.48278987 40
0.74302816 -1.5853951 0.15012577 38
1.4721901 -2.06793 0.30697843 49
0.74568695 -1.5910984 0.030061768 38
1.466593 -2.0631061 0.13083988 55
0.7117641 -1.5192077 -0.086092643 36
1.4589392 -2.0538833 -0.043369226 60
0.83369726 -1.7826384 -0.23700316 18
1.542259 -2.1699569 -0.22941469 46
0.59372514 -1.2699584 -0.26546293 5
0.98075277 -1.381279 -0.26252028 7
0.41040161 -0.878407 -0.25008118 19
0.64150536 -0.9045952 -0.24782103 15
0.75294274 -1.6146293 0.40291992 24
1.2710682 -1.7820338 0.57641453 13
0.85597312 -1.8353893 0.31486809 31
1.445464 -2.0320904 0.47754732 44
0.73815882 -1.5821735 0.14968999 37
1.4570651 -2.0543251 0.30454451 64
0.73869115 -1.5833321 0.029887244 38
1.4543105 -2.0534539 0.13005485 71
0.7059533 -1.5136563 -0.085700125 35
1.4611427 -2.0645773 -0.043543749 77
0.82849437 -1.7795897 -0.23639469 18
1.5370265 -2.1706152 -0.22919723 46
0.59460533 -1.2776718 -0.26689273 5
0.97547764 -1.3789645 -0.26173899 8
0.4119103 -0.88569731 -0.25201979 16
0.64558131 -0.91364825 -0.25006884 17
0.74318051 -1.6164651 0.40235797 26
1.249154 -1.7709299 0.57059872 9
0.84429169 -1.8353575 0.31408679 41
1.3739291 -1.9534308 0.45705381 32
0.72986448 -1.5860168 0.14968999 37
1.4462886 -2.0619261 0.30454451 77
0.73039073 -1.5871781 0.029887244 38
1.4392313 -2.0549138 0.12966232 81
0.69801813 -1.5173318 -0.085700125 34
1.4388171 -2.0558372 -0.043194704 88
0.81916517 -1.7839032 -0.23639469 19
1.519912 -2.1704829 -0.22832741 46
0.58586562 -1.2763041 -0.26593953 5
0.96824402 -1.3840531 -0.26173899 7
0.40526187 -0.88344783 -0.25072739 17
0.63657802 -0.91104275 -0.248383 13
0.73659348 -1.6087666 0.40011016 30
nan nan nan 0
0.83390534 -1.821106 0.31135219 43
1.323915 -1.8895906 0.4413262 24
0.72709531 -1.5872883 0.14968999 37
1.4341372 -2.0522585 0.30271906 85
0.72761947 -1.5884506 0.029887244 38
1.4284807 -2.0471983 0.12900813 89
0.69018435 -1.5071926 -0.085045926 35
1.4337935 -2.0562973 -0.043151069 99
0.81296217 -1.7785567 -0.23548196 19
1.5132645 -2.1690521 -0.22789249 46
0.5826202 -1.2750912 -0.26546293 5
0.970079 -1.3918068 -0.26291096 7
0.40371934 -0.88415372 -0.25072739 19
0.6377871 -0.91613948 -0.24950691 15
0.72587895 -1.6082854 0.39898625 29
1.4330676 -2.0607982 0.66235977 74
0.82740122 -1.8322015 0.31252417 40
1.2999864 -1.8763517 0.43656024 22
0.71570563 -1.5842612 0.14903632 37
1.4205432 -2.0556617 0.30211055 45
0.71518588 -1.5831224 0.02971272 37
1.4177423 -2.0546496 0.12900813 37
0.68433332 -1.5153387 -0.085307606 32
1.4116261 -2.047334 -0.042802025 56
0.80058581 -1.7759995 -0.23456925 19
1.4919622 -2.1626127 -0.22637032 46
0.57995677 -1.2870796 -0.2673693 5
0.95715117 -1.3887497 -0.26134834 7
0.39908442 -0.8862555 -0.25072739 18
0.62881273 -0.91346383 -0.24782103 18
0.72235554 -1.6072007 0.3984243 29
1.4280896 -2.0613136 0.66171354 36
0.81814069 -1.8201238 0.31018025 36
1.2967094 -1.8786178 0.43656024 21
0.71090168 -1.5809629 0.14860053 37
1.4113098 -2.0499728 0.3008936 31
0.71344441 -1.5866489 0.02975635 38
1.4098998 -2.0509567 0.1286156 34
0.67351943 -1.4983048 -0.084260888 29
1.4108889 -2.0539103 -0.042889286 37
0.79241669 -1.7660694 -0.23304804 20
1.4881853 -2.1652136 -0.22637032 46
0.5767082 -1.2858493 -0.26689273 5
0.95612913 -1.39245 -0.26173899 7
0.39655355 -0.88474488 -0.25008118 18
0.63137579 -0.92056972 -0.24950691 20
0.71364921 -1.6110854 0.3984243 31
1.4035913 -2.0488644 0.6552515 35
nan nan nan 0
1.281305 -1.8772846 0.43465388 22
0.70160699 -1.5823857 0.14838265 37
1.3949565 -2.0491395 0.29967666 47
0.70007348 -1.5789319 0.029538197 37
1.3963273 -2.0541861 0.12835392 54
0.66465598 -1.4995271 -0.084130049 29
1.3944824 -2.053009 -0.042714763 59
0.782157 -1.767924 -0.2327438 19
1.4698104 -2.1626887 -0.22528304 48
0.56996769 -1.2888513 -0.26689273 6
0.95161039 -1.4015154 -0.26252028 7
0.39483127 -0.89344168 -0.25201979 16
0.62379593 -0.919842 -0.248383 16
0.71209842 -1.6144344 0.39898625 32
1.397283 -2.0473268 0.6539591 50
0.87602323 -1.9862628 0.33791673 15
1.2780266 -1.879518 0.43465388 23
0.69884419 -1.5836078 0.14838265 37
1.3857918 -2.0433667 0.29845968 62
0.69630986 -1.5778633 0.029494565 38
1.3857218 -2.0462971 0.12769973 69
0.65902257 -1.4938289 -0.083737522 36
1.3838739 -2.0451014 -0.042496607 73
0.77807242 -1.7670144 -0.23243956 20
1.4646336 -2.1631906 -0.22506557 48
0.56574601 -1.285349 -0.26593953 6
0.94638473 -1.3990909 -0.26173899 8
0.39036727 -0.88749176 -0.25008118 18
0.62218952 -0.92092931 -0.248383 16
0.70335305 -1.6182636 0.39898625 33
1.38248 -2.0486169 0.65202051 64
0.72804028 -1.6736743 0.28322503 26
1.2640479 -1.8800824 0.43322408 23
0.68657851 -1.5781062 0.14751109 38
1.3639873 -2.0341272 0.29602575 43
0.68604928 -1.5769012 0.029407302 37
1.3708099 -2.0473087 0.12730721 79
0.65417117 -1.5041307 -0.084130049 35
1.3745408 -2.0543942 -0.042540237 83
0.76585203 -1.7642326 -0.23152684 20
1.4435637 -2.1563597 -0.22354341 48
0.560956 -1.2927989 -0.26689273 6
0.9404245 -1.4060758 -0.26212963 8
0.38762787 -0.89395875 -0.25137359 19
0.61872047 -0.92619437 -0.24894494 12
0.71142656 -1.6439699 0.40516773 31
1.3762001 -2.0470233 0.65072805 75
0.72316068 -1.6704082 0.28244373 35
1.2607645 -1.8822857 0.43322408 24
0.68283606 -1.5770154 0.14729321 38
1.360435 -2.0365047 0.29602575 43
0.68428677 -1.5803912 0.029450934 38
1.363067 -2.0434752 0.12691469 88
0.64857763 -1.4983934 -0.083737522 35
1.3681725 -2.0526354 -0.042452976 98
0.76080787 -1.761009 -0.23091835 21
1.439798 -2.1588759 -0.22354341 48
0.55772877 -1.2915215 -0.26641613 6
0.93934375 -1.4097662 -0.26252028 8
0.38320941 -0.88797617 -0.24943499 20
0.61981899 -0.93131769 -0.25006884 15
0.71681648 -1.6814229 0.41359702 37
1.3641224 -2.0521922 0.65008187 83
0.71053731 -1.6650832 0.28088111 36
1.246814 -1.8827308 0.43179429 25
0.67651975 -1.5851524 0.14772898 37
1.3442677 -2.0353279 0.2948088 34
0.67404521 -1.5793524 0.029363673 37
1.3509706 -2.0485024 0.12678385 57
0.63974613 -1.4994712 -0.08360669 35
1.3546478 -2.0556016 -0.042365715 82
0.748667 -1.7581164 -0.23000564 19
1.4147284 -2.145617 -0.22136885 48
0.55383325 -1.3012024 -0.2678459 6
0.92922145 -1.4105484 -0.26173899 8
0.3804366 -0.8944189 -0.25072739 16
0.61223942 -0.93049133 -0.24894494 15
0.72461873 -1.707224 0.4197785 42
1.3578644 -2.0505478 0.64878947 52
0.70763016 -1.6663208 0.28088111 35
1.2489486 -1.8930873 0.43370065 26
0.66792548 -1.5725707 0.14642164 37
1.3407135 -2.0376711 0.2948088 29
0.67128772 -1.5805265 0.029363673 38
1.3432692 -2.0446053 0.12639134 29
0.64004731 -1.507483 -0.083999209 34
1.32217 -2.0141351 -0.041449465 32
nan nan nan 0
1.4068685 -2.1418452 -0.22071649 47
0.54965293 -1.2976449 -0.26689273 6
0.92947894 -1.4162897 -0.26252028 8
0.37793788 -0.8928557 -0.25008118 17
0.61330211 -0.9356221 -0.25006884 16
0.72005785 -1.7223618 0.42258826 41
1.3364964 -2.0414853 0.64361984 31
0.7036503 -1.6813973 0.28283435 37
1.2363296 -1.8954952 0.43274748 26
0.65872329 -1.573748 0.14620376 39
1.3259552 -2.0384305 0.29389611 38
0.65915245 -1.5747921 0.029189149 38
1.322999 -2.0369723 0.12547545 46
0.62734032 -1.4992926 -0.083345011 35
1.3075117 -2.0147476 -0.041318569 49
nan nan nan 0
1.3847541 -2.1324914 -0.21897686 44
0.54379326 -1.3027711 -0.2673693 6
0.9193514 -1.4170012 -0.26173899 7
0.37510845 -0.89928377 -0.25137359 18
0.60572851 -0.93474281 -0.24894494 15
0.71268249 -1.7122411 0.4197785 43
1.334254 -2.0458348 0.64426601 42
0.69692683 -1.6735009 0.28127176 34
1.2370433 -1.9038155 0.43417725 26
0.65406543 -1.5702951 0.14576799 37
1.3223953 -2.0407417 0.29389611 56
0.65448576 -1.5713233 0.029101888 39
1.3180816 -2.0371845 0.12534462 62
0.62280852 -1.4957734 -0.083083324 36
1.2944661 -2.0023503 -0.041013151 50
nan nan nan 0
nan nan nan 0
0.54151869 -1.3037182 -0.2673693 6
0.9222607 -1.4268845 -0.26330161 8
0.37445986 -0.90216941 -0.25201979 17
0.60675532 -0.93988091 -0.25006884 18
0.69972157 -1.7070524 0.41753069 37
1.3169615 -2.0426567 0.64103502 59
0.69750476 -1.6999813 0.2851783 27
1.2230664 -1.90408 0.43274748 27
0.64111936 -1.562173 0.14467853 38
1.3076649 -2.0413766 0.29298338 70
0.64435637 -1.5701015 0.029014623 39
1.3046988 -2.0398567 0.12508292 74
0.61024362 -1.4874597 -0.082429126 37
nan nan nan 0
nan nan nan 0
nan nan nan 0
0.53561163 -1.3088083 -0.2678459 6
0.91477692 -1.4316938 -0.26330161 8
0.36609188 -0.8951692 -0.24943499 18
0.60446358 -0.94714123 -0.25119275 18
0.693367 -1.6991236 0.41528288 45
1.3081585 -2.0368338 0.63845021 70
0.70757073 -1.7332149 0.29064748 36
1.2223953 -1.9103408 0.43370065 27
0.63839185 -1.5632895 0.14467853 38
1.3000838 -2.0373878 0.29207063 79
0.63878781 -1.5642784 0.028883731 40
1.293064 -2.0295126 0.12429789 81
0.60670573 -1.4862102 -0.082298286 36
0.99368227 -1.5627509 -0.031719748 37
0.69480813 -1.7052886 -0.22148691 25
0.99574906 -1.5654052 -0.15895937 34
0.53240395 -1.3074669 -0.2673693 6
0.91227669 -1.4332882 -0.26330161 8
0.36815244 -0.90476161 -0.25201979 16
0.60017902 -0.94409394 -0.25006884 17
0.68054044 -1.6938049 0.41303506 47
1.2974757 -2.0436554 0.63845021 78
0.70859516 -1.7621067 0.29494467 46
1.2123761 -1.916715 0.43370065 29
0.62927091 -1.5642991 0.14446063 38
1.2840871 -2.0357821 0.29085368 84
0.62686735 -1.5583214 0.028709207 38
1.2824198 -2.0362554 0.12429789 90
0.60077316 -1.4940013 -0.082559966 35
0.98415083 -1.5658193 -0.031676114 38
0.68126017 -1.6973844 -0.21996571 25
0.98088491 -1.5600717 -0.1578721 34
0.52737194 -1.3147945 -0.2683225 6
0.90475959 -1.4380453 -0.26330161 8
0.36162186 -0.90219003 -0.25072739 19
0.59653211 -0.9492808 -0.2506308 20
0.68239033 -1.7061855 0.41584483 36
1.2874333 -2.0357237 0.63521916 78
0.70277363 -1.7564603 0.29377273 51
1.2392157 -1.9665235 0.44466233 32
0.62469399 -1.5607686 0.14402486 38
1.2792079 -2.0359216 0.29054946 42
0.62136781 -1.5524479 0.028578313 38
1.2642257 -2.0152545 0.12285864 35
0.59354115 -1.4834524 -0.081905767 35
0.97875321 -1.5633038 -0.031588852 39
0.67370725 -1.6870437 -0.21844451 23
0.97152483 -1.5512441 -0.15678482 35
0.52235663 -1.3088714 -0.26689273 6
0.90224838 -1.4396222 -0.26330161 8
0.36182708 -0.90730977 -0.25201979 16
0.58967054 -0.94208241 -0.248383 16
0.66068852 -1.6781061 0.40797749 28
1.2754724 -2.0403912 0.63457292 35
0.68995523 -1.7509228 0.2922101 37
1.2484257 -2.0041933 0.45181125 28
nan nan nan 0
1.2593385 -2.0278528 0.28841975 31
0.61048853 -1.5487008 0.028447421 34
nan nan nan 0
0.58667833 -1.4888637 -0.082036607 34
0.96659279 -1.5620401 -0.031457961 39
nan nan nan 0
0.96338928 -1.5563096 -0.15678482 35
0.51996958 -1.3230149 -0.2692757 6
0.89208633 -1.4401352 -0.26252028 7
0.35355768 -0.90019333 -0.24943499 17
0.58601981 -0.94722325 -0.24894494 17
0.66159761 -1.6882179 0.4102253 22
1.2667875 -2.0344238 0.63198811 35
0.68240333 -1.7406253 0.29025683 35
1.2553097 -2.0230317 0.45562398 38
0.52855319 -1.3470519 0.12354327 31
1.2518691 -2.0237243 0.28750706 47
0.53316277 -1.3588614 0.024869677 24
nan nan nan 0
0.53683645 -1.3689646 -0.075232938 21
0.96123147 -1.5594755 -0.031370699 39
0.52935112 -1.3518775 -0.17372119 22
0.95542192 -1.5495219 -0.15591501 35
0.51676893 -1.3216335 -0.2687991 6
0.89347839 -1.447984 -0.26369226 8
0.35460958 -0.90756249 -0.25137359 15
0.59079868 -0.95858747 -0.2517547 18
0.64808297 -1.6804039 0.40741554 22
1.24596 -2.0245945 0.62681848 49
0.68126249 -1.7649151 0.29377273 35
1.2408389 -2.0233083 0.45419422 54
0.51702005 -1.3381795 0.12245382 33
1.2373606 -2.0239077 0.28659433 61
0.52155149 -1.3499703 0.024651524 33
0.98245996 -1.6112443 0.097083189 33
0.5368318 -1.3903975 -0.076279655 21
0.94783014 -1.5559609 -0.031196173 39
0.52404481 -1.3592634 -0.17432967 34
0.94859689 -1.5566268 -0.15613246 35
0.51072061 -1.3266127 -0.2692757 5
0.88588446 -1.4526423 -0.26369226 8
0.34985274 -0.90940672 -0.25137359 17
0.58194423 -0.95544189 -0.25006884 17
0.65066636 -1.6950707 0.41078725 23
1.2411581 -2.0247095 0.6261723 60
0.67464948 -1.7568771 0.2922101 35
1.2373056 -2.0254707 0.45419422 64
0.5226981 -1.3600124 0.12441482 33
1.2312371 -2.0218303 0.28598583 70
0.51651323 -1.3438753 0.02452063 34
0.97574294 -1.6065644 0.096690677 33
0.52726626 -1.372679 -0.075232938 21
0.94381118 -1.5554792 -0.031152545 38
0.51901484 -1.3532219 -0.17341694 34
0.9432835 -1.5540285 -0.15569754 35
0.50752968 -1.3252089 -0.2687991 6
0.88721067 -1.4605072 -0.26486424 8
0.34998259 -0.91453046 -0.252666 15
0.58027577 -0.95645607 -0.25006884 17
0.65264338 -1.7282039 0.41809264 24
1.2280294 -2.0270543 0.6248799 70
0.66979533 -1.7719387 0.29416338 133
1.2305007 -2.0382171 0.45562398 74
0.51117849 -1.3510782 0.12332538 32
1.2180667 -2.0240021 0.28537738 77
0.51475877 -1.3605956 0.024782415 34
0.96473783 -1.6073763 0.096428998 34
0.51479155 -1.3614029 -0.0744479 35
0.93178147 -1.5539778 -0.031021649 38
0.51716304 -1.3698566 -0.17524238 33
0.93384719 -1.5568136 -0.15548009 35
0.49972132 -1.3255507 -0.2683225 5
0.87572163 -1.4587915 -0.26369226 8
0.34434238 -0.91408867 -0.25201979 17
0.57778221 -0.96364957 -0.25119275 17
0.66018438 -1.7566009 0.42483607 26
1.2269931 -2.033325 0.6261723 77
0.66930205 -1.7800415 0.29533535 109
1.229479 -2.0445631 0.45657721 77
0.51581335 -1.3706242 0.12506849 32
1.2132524 -2.023999 0.28507313 79
0.51326078 -1.3638325 0.024826048 32
0.95935857 -1.6047782 0.096167319 35
0.51504254 -1.3693129 -0.074840412 33
0.92520684 -1.5491734 -0.030890757 37
0.51216322 -1.3637848 -0.17432967 33
0.9272806 -1.5520368 -0.15482773 35
0.49568972 -1.3218228 -0.2673693 6
0.87062848 -1.4560859 -0.26291096 8
0.34190345 -0.91242516 -0.25137359 18
0.56729656 -0.95005226 -0.2472591 15
0.65067065 -1.7601471 0.42483607 37
1.2126069 -2.0335062 0.62423366 69
0.65826333 -1.7788883 0.29455402 64
1.221272 -2.055187 0.45753035 56
0.5094918 -1.375643 0.12528639 31
1.1937571 -2.0153959 0.28294346 49
0.51130372 -1.380572 0.025087833 32
0.94711781 -1.6033398 0.095774792 35
0.50872952 -1.3743333 -0.074971259 34
0.91580689 -1.5518469 -0.030847127 37
0.50844443 -1.3757623 -0.17554663 32
0.91786987 -1.5547291 -0.15461026 35
0.49045512 -1.329007 -0.2683225 6
0.86803967 -1.4691148 -0.26447359 8
0.33712134 -0.91420281 -0.25137359 18
0.56480759 -0.9571954 -0.248383 14
0.65126002 -1.7703152 0.42708388 38
1.2226665 -2.0584331 0.63134193 52
0.6585601 -1.789307 0.29611665 46
1.2327319 -2.0826302 0.46324947 61
0.5130955 -1.3928964 0.12681161 31
1.2041529 -2.0409589 0.28629008 62
0.51061547 -1.3861555 0.025175095 32
0.94431806 -1.6049904 0.095774792 35
0.51234728 -1.3916265 -0.075887129 33
0.9092809 -1.5469878 -0.030716235 41
0.50860196 -1.383638 -0.17645934 32
0.91261941 -1.5520413 -0.15417536 35
0.48644966 -1.3252511 -0.2673693 6
0.86295813 -1.466378 -0.26369226 8
0.33469808 -0.91252089 -0.25072739 17
0.5643791 -0.96027464 -0.24894494 17
0.64580405 -1.7852708 0.42989361 41
1.2216834 -2.0814502 0.63651156 75
0.65085924 -1.7973758 0.29689795 34
1.2180815 -2.0827079 0.46181971 73
0.50833231 -1.4025913 0.12746528 30
1.185927 -2.0343874 0.28446463 70
0.5067457 -1.3982143 0.025349619 32
0.93464154 -1.6077576 0.09564396 35
0.50674844 -1.3989868 -0.076148808 33
0.89990777 -1.5495691 -0.030672602 41
0.50723702 -1.4026241 -0.17858903 31
0.89819783 -1.546047 -0.15308809 36
0.47784302 -1.3231612 -0.26641613 6
0.85776222 -1.475139 -0.26447359 8
0.32910025 -0.91198754 -0.25008118 18
0.5630393 -0.96952122 -0.2506308 19
0.63723958 -1.7702329 0.42595997 37
1.2241629 -2.0939925 0.63974255 78
0.65105885 -1.8078051 0.29846057 30
1.220641 -2.095422 0.4642027 78
0.50924987 -1.4128523 0.12833683 30
1.1686238 -2.0128753 0.28111801 71
0.50768328 -1.4085071 0.025524143 31
0.92555302 -1.5985988 0.094989754 36
0.50599241 -1.4045688 -0.076410487 32
0.89468783 -1.5468162 -0.030585339 41
0.50646198 -1.4081793 -0.17919752 31
0.89424527 -1.5454597 -0.15287063 36
0.47635943 -1.3263041 -0.26689273 6
0.85145658 -1.4702332 -0.26330161 8
0.32750803 -0.91256052 -0.25008118 20
0.55888969 -0.96629512 -0.24950691 15
0.63089383 -1.7828439 0.42820778 37
1.2180296 -2.1087291 0.64232737 77
0.64569551 -1.8228312 0.30041385 25
1.20474 -2.0932856 0.46229634 69
0.50433308 -1.4225446 0.1289905 30
1.1308141 -1.9716655 0.2744247 49
0.501966 -1.4158598 0.025611404 31
0.91592532 -1.6012591 0.094858922 36
0.50361669 -1.4213245 -0.077195533 32
0.88533092 -1.5493124 -0.030541711 41
0.5015558 -1.417833 -0.18011025 30
0.88738251 -1.5522798 -0.15308809 36
0.46940842 -1.3287802 -0.26689273 6
0.84251487 -1.4725313 -0.26291096 8
0.32112664 -0.9097051 -0.24878879 17
0.55382258 -0.96920824 -0.24950691 16
0.62405878 -1.7723398 0.42539802 49
1.2107226 -2.1045785 0.64038879 59
0.64333129 -1.8262851 0.3008045 22
1.22435 -2.1357954 0.47135159 72
0.50762588 -1.4398711 0.13051572 29
1.1100801 -1.9435053 0.27016535 67
0.50363523 -1.4285259 0.025829561 31
0.91312915 -1.6028553 0.094858922 35
0.50278878 -1.4269127 -0.077457212 32
0.88014179 -1.5465167 -0.030454447 40
0.49990103 -1.421048 -0.18041447 30
0.88219655 -1.5495038 -0.15265319 36
0.46627823 -1.3272806 -0.26641613 7
0.83994359 -1.4739996 -0.26291096 8
0.32112926 -0.91482472 -0.25008118 19
0.55334365 -0.97228539 -0.25006884 15
0.61604905 -1.7802962 0.42652193 63
1.2224349 -2.150739 0.65266669 91
0.63778991 -1.8412989 0.3027578 22
1.2180034 -2.1507094 0.47325796 89
0.49926692 -1.4401554 0.13029784 29
1.0533845 -1.867262 0.25860423 70
0.49778035 -1.4358689 0.025916822 30
0.90103489 -1.6010963 0.094466396 36
0.49856845 -1.4389656 -0.07798057 31
0.87326276 -1.5532796 -0.030498078 40
0.49568671 -1.4330304 -0.18163143 29
0.87039214 -1.547599 -0.15200081 36
0.45692766 -1.3227419 -0.26498634 7
0.83464837 -1.4826744 -0.26369226 8
0.31711832 -0.91877806 -0.25072739 20
0.54944777 -0.97728795 -0.2506308 16
0.61404252 -1.7835659 0.42708388 63
1.2162921 -2.1486704 0.65137428 90
0.64099032 -1.8610929 0.30588302 24
1.2106191 -2.1464262 0.47182819 89
0.49917892 -1.448091 0.13095149 29
1.0135232 -1.8042742 0.24947701 69
0.50014395 -1.4509203 0.02617861 30
0.89823908 -1.6026665 0.094466396 35
0.49686658 -1.4421949 -0.07811141 31
0.86196351 -1.539556 -0.030192662 42
0.50203085 -1.4597158 -0.18497808 29
0.86646712 -1.5469458 -0.15178336 36
0.45541251 -1.3258594 -0.26546293 6
0.8296327 -1.4798275 -0.26291096 8
0.3155143 -0.91933018 -0.25072739 18
0.54534364 -0.97400421 -0.24950691 13
0.60282713 -1.7822453 0.42595997 37
1.2014772 -2.1486924 0.6494357 88
0.63439548 -1.873782 0.30744565 37
1.1993638 -2.1527355 0.47182819 88
0.49477559 -1.4601235 0.13182306 29
0.97867966 -1.7640463 0.24308796 61
0.49174073 -1.4511508 0.026134977 31
0.88619155 -1.600804 0.094073877 35
0.49489418 -1.4613361 -0.079027295 30
0.85267538 -1.5418637 -0.03014903 43
0.49992415 -1.478786 -0.18710777 28
0.85351056 -1.5427568 -0.15091355 36
0.45159194 -1.3375306 -0.2673693 6
0.82788318 -1.494936 -0.26486424 8
0.30992883 -0.91867971 -0.25008118 18
0.54023635 -0.97684628 -0.24950691 15
0.60312515 -1.7924284 0.42820778 43
1.1930096 -2.1423552 0.64685088 84
0.64133644 -1.9053195 0.31252417 30
1.1908263 -2.1462507 0.46992183 87
0.49301881 -1.4633461 0.13204095 29
0.95391101 -1.7267054 0.23761165 55
0.49477375 -1.4685951 0.026440395 30
0.87976402 -1.5957981 0.093681358 36
0.4971059 -1.4763997 -0.079812333 29
0.84756017 -1.5389768 -0.030061768 42
nan nan nan 0
0.84840173 -1.5398877 -0.15047863 36
0.44770098 -1.3336616 -0.26641613 6
0.82047963 -1.4877423 -0.26330161 8
0.30832502 -0.91921926 -0.25008118 17
0.5373466 -0.97565866 -0.24894494 15
0.59341836 -1.7956654 0.42820778 54
1.17944 -2.1443443 0.64555842 83
0.62593842 -1.8922358 0.30978957 30
1.1783888 -2.1503062 0.46944523 85
0.4908095 -1.4824638 0.13356617 28
0.92456681 -1.6946924 0.23243956 50
0.48942578 -1.4782872 0.026571287 30
0.87019712 -1.598193 0.093550518 36
0.49015009 -1.4813533 -0.079943165 29
0.83469051 -1.5346226 -0.029887244 42
nan nan nan 0
0.84032738 -1.5443088 -0.15047863 36
0.44224325 -1.3406507 -0.2673693 6
0.81386566 -1.4941833 -0.26369226 8
0.30576226 -0.92770642 -0.25201979 20
0.53574914 -0.98486418 -0.2506308 18
0.58983856 -1.7942803 0.4276458 62
1.1722032 -2.1400521 0.64361984 84
0.61801964 -1.8792468 0.30744565 30
1.171095 -2.1459036 0.46801546 82
0.48822135 -1.4833182 0.13356617 29
0.90733087 -1.6701723 0.22878867 45
0.49385276 -1.5005164 0.026963966 29
0.866211 -1.5975177 0.093419679 36
0.49145031 -1.494069 -0.080597371 29
0.83320695 -1.5382717 -0.029930875 41
nan nan nan 0
0.83405417 -1.5392132 -0.14982627 36
0.4345713 -1.3250898 -0.26403317 5
0.81480604 -1.5021036 -0.26486424 8
0.30040517 -0.91675645 -0.24878879 18
0.53286034 -0.98366058 -0.25006884 21
0.58310562 -1.8067214 0.42989361 35
1.1586756 -2.1419163 0.64232737 84
0.61801124 -1.9130125 0.31252417 30
1.1575063 -2.1476896 0.46706229 81
0.48655528 -1.5048192 0.13530929 29
0.88561189 -1.6508782 0.22544204 42
0.48675555 -1.505461 0.027007598 28
0.85428262 -1.5954373 0.09302716 36
0.4851504 -1.5013748 -0.08085905 29
0.82040256 -1.5338091 -0.02975635 31
0.55208951 -1.7124218 -0.21631482 22
0.82244128 -1.5369805 -0.1491739 37
0.42912605 -1.3320209 -0.26498634 5
0.80575812 -1.5041758 -0.26447359 8
0.29633641 -0.92061704 -0.24943499 19
0.52770263 -0.98643714 -0.25006884 17
0.5743289 -1.7890737 0.42539802 31
1.1537861 -2.1418114 0.64168119 84
nan nan nan 0
1.1537561 -2.1497066 0.46706229 81
0.48544663 -1.51041 0.13574508 29
0.87568229 -1.6393063 0.2236166 43
0.49022365 -1.5253533 0.027356645 28
0.85267687 -1.5991259 0.093157999 36
0.4855721 -1.5117308 -0.081382409 29
0.81654352 -1.5330355 -0.02971272 44
0.55740321 -1.7393848 -0.21966147 21
0.82211125 -1.5428033 -0.14960881 36
0.42530993 -1.3280914 -0.26403317 6
0.80196357 -1.5034041 -0.26408291 8
0.29619208 -0.92573613 -0.25072739 19
0.5271343 -0.98950189 -0.2506308 18
0.5646407 -1.7921549 0.42539802 32
1.139141 -2.1414335 0.63974255 84
nan nan nan 0
1.1355648 -2.1427205 0.4642027 81
0.48201251 -1.5271862 0.1370524 28
0.84266293 -1.5978372 0.21722755 33
0.48597807 -1.5398221 0.0275748 28
0.83844924 -1.5925376 0.092503794 36
0.480643 -1.5237797 -0.081905767 29
0.80967462 -1.5394992 -0.02975635 43
0.5468033 -1.7375441 -0.21905299 22
0.80819499 -1.5360817 -0.14852154 37
0.42274874 -1.3443527 -0.26689273 6
0.79523742 -1.5097643 -0.26447359 8
0.29062152 -0.9249689 -0.25008118 19
0.52080315 -0.99009711 -0.25006884 16
0.57198942 -1.8255941 0.43326536 26
1.1354018 -2.1434183 0.63974255 83
0.6462118 -2.0621061 0.33635414 94
1.1283748 -2.1381943 0.46277294 81
0.48231706 -1.5375338 0.13792397 29
0.83407676 -1.5883354 0.21570633 25
0.48478064 -1.5454396 0.027662061 28
0.83217418 -1.587374 0.092111282 37
0.48095909 -1.5341487 -0.082429126 29
0.8011595 -1.5298535 -0.029538197 43
0.54819977 -1.75271 -0.22087842 21
0.80318975 -1.5330838 -0.14808664 37
0.42113072 -1.3474319 -0.2673693 6
0.7902956 -1.5067827 -0.26369226 9
0.28972208 -0.9277814 -0.25072739 20
0.52135265 -0.99531114 -0.25119275 18
0.55996335 -1.8216745 0.4315795 33
1.11967 -2.1407824 0.63715774 84
0.63468182 -2.0631003 0.33596346 94
1.1148875 -2.1397245 0.46181971 81
0.47645065 -1.5471812 0.13857763 28
0.82919216 -1.5992811 0.21661907 38
0.47814792 -1.5527363 0.027749324 28
0.82039177 -1.5850666 0.091718756 35
0.47877252 -1.5557417 -0.083475843 27
0.79313827 -1.5340272 -0.029538197 43
0.54119295 -1.7626749 -0.22179115 20
0.79285157 -1.53285 -0.14765172 37
0.41478655 -1.3519657 -0.2678459 5
0.78581935 -1.5174689 -0.26486424 8
0.28204718 -0.92004412 -0.24814259 22
0.51500624 -0.99586803 -0.2506308 20
0.56845766 -1.8598369 0.44057071 47
1.112573 -2.1363137 0.63521916 82
0.63108003 -2.0642049 0.33596346 94
1.1077483 -2.1351383 0.46038994 81
0.47737995 -1.559922 0.13966708 29
0.82296789 -1.5941197 0.21570633 37
0.48053828 -1.5703056 0.028054742 27
0.81762409 -1.586496 0.091718756 35
0.47823879 -1.5637398 -0.083868369 27
0.78815979 -1.5309705 -0.029450934 43
0.53522861 -1.7541202 -0.2205742 21
0.79017502 -1.5342314 -0.14765172 37
0.41456416 -1.3597329 -0.2692757 5
0.78316963 -1.5188382 -0.26486424 9
0.28114024 -0.92284662 -0.24878879 21
0.51551551 -1.0010878 -0.2517547 17
0.55490088 -1.8512148 0.43776098 42
1.0958301 -2.1313815 0.63198811 82
0.61884832 -2.0627496 0.33518216 94
1.0943075 -2.1365447 0.45943674 82
0.47206005 -1.5719442 0.14053863 29
0.81347758 -1.5961989 0.21540211 36
0.47589067 -1.5847744 0.028272897 27
0.80816841 -1.588533 0.091587923 39
0.47576386 -1.5853586 -0.084915087 27
0.78127116 -1.5373015 -0.029494565 42
0.52674609 -1.7592765 -0.22087842 21
0.77872735 -1.5316964 -0.14699936 37
0.40743896 -1.3618848 -0.2692757 4
0.77858442 -1.5295109 -0.26603618 9
0.27630439 -0.92430604 -0.24878879 20
0.50915402 -1.0016062 -0.25119275 18
0.55337936 -1.8567545 0.43888488 48
1.0854805 -2.1204052 0.62811089 80
0.6138404 -2.0590925 0.33440083 95
1.089458 -2.1362674 0.45896018 81
0.47144407 -1.5799278 0.1411923 29
0.8061766 -1.5887764 0.21418515 36
0.47454804 -1.5903946 0.02836016 28
0.80426079 -1.5877168 0.091457076 37
0.47441763 -1.5909729 -0.085176766 27
0.77404922 -1.5297533 -0.029320041 42
0.52367479 -1.7601932 -0.22087842 20
0.77379149 -1.528615 -0.14656444 37
0.400188 -1.3461205 -0.26593953 5
0.77479148 -1.5286678 -0.26564553 9
0.27469072 -0.92478681 -0.24878879 20
0.50962299 -1.0068312 -0.25231665 16
0.54468703 -1.8643994 0.44000879 45
1.0699896 -2.1174462 0.62552607 79
0.60305071 -2.0622785 0.33440083 95
1.0716116 -2.1288025 0.45610058 81
0.46664968 -1.5943296 0.14228174 30
0.79449606 -1.5863281 0.21327242 36
0.47041109 -1.6072562 0.028621946 28
0.79481441 -1.5896761 0.091326244 37
0.47096822 -1.610214 -0.086092643 28
0.76490623 -1.531552 -0.02927641 42
0.5109877 -1.7509972 -0.21935724 21
0.76801521 -1.5370955 -0.14699936 37
0.39108267 -1.3411264 -0.26450974 5
0.76566619 -1.5304983 -0.26525488 8
0.27051574 -0.92853236 -0.24943499 20
0.50105155 -1.0029616 -0.2506308 17
0.54175776 -1.8652526 0.44000879 37
1.0619339 -2.1106896 0.62294126 79
0.59807664 -2.058584 0.33361953 95
1.0645829 -2.124094 0.45467082 81
0.4680227 -1.6094947 0.14358908 29
0.79172623 -1.5877123 0.21327242 36
0.47108153 -1.6200795 0.028840099 27
0.78756571 -1.5821323 0.090802886 37
0.46954519 -1.6158298 -0.086354323 28
0.75775665 -1.5239438 -0.029101888 42
0.51068503 -1.7614222 -0.2205742 20
0.76198584 -1.5317529 -0.146347 38
0.38602236 -1.3323745 -0.26260337 5
0.76188695 -1.5296248 -0.26486424 8
0.26756099 -0.92436087 -0.24814259 22
0.50039405 -1.0060112 -0.25119275 18
0.51703864 -1.8165963 0.4276458 27
1.0454761 -2.1054163 0.61971027 61
0.58594102 -2.0569365 0.33283821 94
1.0425231 -2.1076627 0.44990486 41
0.46299011 -1.6239023 0.14467853 29
0.78009796 -1.5851654 0.21235971 36
0.46600589 -1.6345469 0.029058255 27
0.77705783 -1.5817585 0.090541206 37
0.46516696 -1.6326768 -0.087139361 27
0.75087404 -1.5301315 -0.029145516 33
0.49942714 -1.7569094 -0.21966147 21
0.7517482 -1.5312562 -0.14591208 37
0.38037559 -1.3391007 -0.26355657 5
0.75496274 -1.5358062 -0.26525488 8
0.2653363 -0.93504751 -0.25072739 23
0.492955 -1.0042528 -0.25006884 17
0.51616704 -1.8244404 0.42933169 27
nan nan nan 0
0.58235008 -2.057956 0.33283821 94
nan nan nan 0
0.46285921 -1.6342958 0.14555009 29
0.77513522 -1.5820735 0.21175122 35
0.46586633 -1.6449807 0.02923278 27
0.77429599 -1.5831122 0.090541206 36
0.4643485 -1.6406952 -0.087531887 28
0.74268621 -1.5202246 -0.028927362 28
0.49434435 -1.7506123 -0.21874875 21
0.74577576 -1.525862 -0.14525972 38
0.37007859 -1.3114086 -0.25783744 4
0.75446379 -1.5415516 -0.26603618 8
0.26435456 -0.93783492 -0.25137359 21
0.49228007 -1.0072958 -0.2506308 19
0.49656641 -1.7919831 0.4209024 27
nan nan nan 0
0.57222456 -2.0633571 0.33322889 94
nan nan nan 0
0.46026695 -1.6583014 0.14751109 28
0.76684093 -1.5861102 0.21175122 35
0.46124226 -1.6618532 0.029494565 27
0.76599628 -1.5871447 0.090541206 36
0.45907477 -1.6551362 -0.088186085 28
0.73471624 -1.5240924 -0.028927362 45
0.48649019 -1.757961 -0.21935724 20
0.73560047 -1.5252652 -0.14482482 38
0.36971593 -1.3369911 -0.26260337 3
0.7453022 -1.5432601 -0.26564553 8
0.25752503 -0.93221885 -0.24943499 20
0.48593202 -1.0076697 -0.25006884 20
0.49117315 -1.7833639 0.41865459 26
0.84483933 -1.7411759 0.50856304 16
0.56666142 -2.057209 0.33205694 94
nan nan nan 0
0.45934969 -1.666307 0.14816476 29
0.76298952 -1.5852132 0.21144699 35
0.46429625 -1.6843498 0.029887244 29
0.761051 -1.5839841 0.09027952 36
0.45750624 -1.6607503 -0.088447765 30
0.72988003 -1.5208712 -0.028840099 43
0.48014522 -1.7468405 -0.21783602 20
0.73185325 -1.5243044 -0.14460735 38
0.36414808 -1.3257974 -0.26022041 2
0.74475932 -1.5490036 -0.26642683 8
0.25716645 -0.93732738 -0.25072739 19
0.48629922 -1.0128998 -0.25119275 18
0.48151711 -1.7859952 0.41865459 27
0.83990324 -1.7542785 0.51114786 23
0.55524105 -2.0577633 0.33166626 95
nan nan nan 0
0.45514551 -1.6855248 0.14968999 31
0.75253844 -1.5847087 0.2108385 35
0.45806694 -1.6964133 0.030061768 46
0.74952126 -1.5811877 0.089887001 37
0.45398709 -1.6824114 -0.089494482 33
0.72405821 -1.5291846 -0.028927362 43
0.46970692 -1.7445371 -0.21722755 20
0.72278988 -1.5258676 -0.1443899 39
nan nan nan 0
0.73663861 -1.5528818 -0.26642683 8
0.24914409 -0.92699349 -0.24749638 20
0.47888538 -1.0110376 -0.25006884 22
0.47619897 -1.7773348 0.41640678 32
0.83684015 -1.7557418 0.51114786 29
0.55164874 -2.0587292 0.33166626 94
0.82524925 -1.7384501 0.36697748 23
0.45734289 -1.705566 0.1514331 34
0.74550623 -1.5770574 0.20962153 36
0.45897448 -1.7117001 0.030323554 85
0.74461788 -1.5779834 0.089625321 36
0.45426819 -1.6952622 -0.09014868 95
0.71710104 -1.5214132 -0.028752837 43
0.4692153 -1.7549458 -0.21844451 21
0.71905738 -1.524877 -0.14417244 38
nan nan nan 0
0.73074621 -1.5474752 -0.26525488 8
0.24814393 -0.92976147 -0.24814259 21
0.48026401 -1.0184692 -0.2517547 18
0.46903688 -1.7893133 0.41865459 35
0.82350433 -1.7513674 0.50856304 33
0.53961271 -2.0568116 0.33088496 94
0.82345808 -1.7582877 0.37031367 23
0.45470509 -1.7320324 0.15361199 8
0.7393477 -1.5854316 0.21023002 35
0.45379889 -1.72859 0.030585339 94
0.73634541 -1.5818605 0.089625321 36
0.45169562 -1.7217726 -0.091457076 60
0.71124506 -1.5296745 -0.028840099 43
0.45876819 -1.7525761 -0.21783602 21
0.70895034 -1.5241103 -0.14373754 38
nan nan nan 0
0.72473097 -1.5557513 -0.26603618 8
0.24448413 -0.93572354 -0.24943499 19
0.4687061 -1.0077426 -0.248383 16
0.45888671 -1.7617519 0.41191116 27
0.81530118 -1.7418778 0.50533199 37
0.53354067 -2.0481896 0.32932231 94
0.81934583 -1.7575003 0.36983705 28
0.45606118 -1.7496978 0.15513723 23
0.73132616 -1.5754794 0.20870881 35
0.45517707 -1.7463156 0.030890757 77
0.73252791 -1.5808808 0.089494482 36
0.4518238 -1.7346413 -0.092111282 38
0.70751822 -1.528648 -0.02879647 43
0.45322189 -1.7437651 -0.21661907 21
0.70628917 -1.5253454 -0.14373754 38
0.27871475 -1.0717472 -0.20827164 6
0.72201461 -1.5570139 -0.26603618 9
0.24465609 -0.94316542 -0.25137359 22
0.46901175 -1.0129719 -0.24950691 19
0.45413855 -1.7830992 0.41640678 38
0.80922234 -1.7526934 0.50727063 35
0.52402472 -2.0557418 0.33010364 94
0.81322408 -1.7684481 0.37126684 29
0.453024 -1.7762003 0.15731612 16
0.7251448 -1.583794 0.2093173 35
0.44725773 -1.7535203 0.03097802 30
0.72006601 -1.5756227 0.088971123 36
0.44212094 -1.7345635 -0.091980435 3
0.69637227 -1.5255183 -0.028665574 42
0.4434762 -1.7437087 -0.21631482 23
0.69517076 -1.5222347 -0.14308518 39
0.27370048 -1.0755713 -0.20874825 5
0.71178615 -1.5562872 -0.26525488 9
0.23912479 -0.94209158 -0.25072739 20
0.46574345 -1.019837 -0.2506308 17
0.44598117 -1.7625504 0.41134921 35
0.80818957 -1.758487 0.50856304 35
0.51862514 -2.0494702 0.32893169 92
0.81424302 -1.7787809 0.37317321 31
0.45357621 -1.7914778 0.15862344 14
0.72134447 -1.5828019 0.20901306 35
0.44908509 -1.7736886 0.031327069 12
0.71835452 -1.5791469 0.089101963 36
0.44397202 -1.7546999 -0.09302716 4
0.6916284 -1.5221854 -0.028578313 42
0.43982726 -1.7420737 -0.21601059 23
0.6904394 -1.5189167 -0.14265026 39
0.26883763 -1.0641452 -0.20636527 5
0.71215606 -1.564261 -0.26642683 8
0.23689468 -0.94016451 -0.25008118 20
0.46294561 -1.0184349 -0.25006884 16
0.43934998 -1.7767646 0.41415897 19
0.7959643 -1.7561027 0.5066244 33
nan nan nan 0
0.8089782 -1.7919576 0.3750796 33
0.44955546 -1.8155909 0.16058445 14
0.70997775 -1.5797751 0.20810033 36
0.43919358 -1.7735887 0.031283438 12
0.71007639 -1.5828865 0.089101963 36
0.44731978 -1.8079064 -0.095774792 10
0.68262058 -1.5235076 -0.028534682 42
0.43010744 -1.7419429 -0.21570633 22
0.68145198 -1.520241 -0.14243281 39
0.26267755 -1.0631547 -0.20588866 4
0.70293862 -1.5657185 -0.26603618 8
0.23368837 -0.94843006 -0.25201979 23
0.45660126 -1.0186262 -0.24950691 16
0.43540129 -1.7727199 0.41303506 19
0.78491068 -1.7398974 0.50145477 35
0.46087286 -1.8755502 0.3000232 5
0.81899357 -1.8224374 0.38127533 33
0.45052966 -1.8333066 0.16210969 14
0.70416194 -1.5742246 0.20718762 36
0.44144449 -1.7962043 0.031676114 11
0.70628881 -1.5818464 0.088971123 36
0.45483732 -1.8523368 -0.098129913 7
0.677912 -1.5201365 -0.028447421 41
0.42530221 -1.7354589 -0.21479362 23
0.67879766 -1.5214281 -0.14243281 38
0.25617835 -1.0445352 -0.20207591 4
0.70324504 -1.5736982 -0.26720816 8
0.2320327 -0.94883651 -0.25201979 22
0.45482275 -1.0194216 -0.24950691 17
0.4263694 -1.777419 0.41359702 32
nan nan nan 0
0.4320927 -1.7986859 0.28713158 6
0.82443058 -1.8603222 0.38842422 22
0.44440001 -1.8501735 0.16341703 15
0.69590974 -1.5778899 0.20718762 35
0.43261501 -1.8009223 0.031719748 11
0.69293737 -1.5741113 0.088316925 36
0.44745338 -1.8644058 -0.098653272 13
0.66893095 -1.5213797 -0.028403789 43
0.41678503 -1.7400756 -0.21509786 22
0.66678619 -1.5158535 -0.14156298 39
0.25468108 -1.0625751 -0.20541207 4
0.69299239 -1.5728446 -0.26642683 9
0.22706144 -0.95003837 -0.25201979 23
0.44749874 -1.0173374 -0.248383 17
0.41514599 -1.7425323 0.40516773 30
0.91725403 -2.069603 0.59644687 75
0.42382136 -1.7778143 0.28361568 10
nan nan nan 0
0.4463456 -1.8727549 0.16537802 14
0.68813801 -1.5677544 0.20566641 36
0.42889398 -1.7992424 0.031676114 10
0.690189 -1.5753182 0.088316925 36
0.4453508 -1.8700423 -0.098914951 15
0.66324973 -1.5156832 -0.028272897 44
0.41431868 -1.7432151 -0.21540211 23
0.66313446 -1.5147363 -0.14134555 39
0.25169867 -1.0582409 -0.20445889 4
0.69024616 -1.5740517 -0.26642683 9
0.22429755 -0.94573134 -0.25072739 22
0.44769481 -1.0225719 -0.24950691 20
0.40296581 -1.7328864 0.40235797 30
0.91611993 -2.0964873 0.60290891 89
0.41450697 -1.7800089 0.28361568 16
nan nan nan 0
0.44103265 -1.8944755 0.16712113 15
0.68190277 -1.5758854 0.2062749 35
0.42285386 -1.8160738 0.031937901 9
0.67595571 -1.5651745 0.087531887 37
0.44118625 -1.8966703 -0.10022335 15
0.65331197 -1.5145502 -0.028185636 45
0.40295115 -1.7356898 -0.21418515 23
0.65420121 -1.5159037 -0.14112808 39
0.24615431 -1.0595442 -0.20445889 4
0.68199509 -1.5776442 -0.26642683 9
0.21880227 -0.94453901 -0.25008118 23
0.44136 -1.0226693 -0.24894494 18
0.39478832 -1.7097756 0.39673844 34
0.90762138 -2.0870197 0.59967792 89
0.40697268 -1.7614778 0.28049043 18
0.77093387 -1.7819426 0.37031367 22
0.44442296 -1.9243683 0.1697358 15
0.67618883 -1.5702438 0.20536219 36
0.42080387 -1.8216811 0.032025162 9
0.67322296 -1.5663518 0.087531887 36
0.44011149 -1.9071702 -0.10074671 16
0.64967525 -1.5133939 -0.028142003 43
0.39992118 -1.7363904 -0.21418515 23
0.64858705 -1.5101861 -0.14047572 36
0.24321058 -1.0551876 -0.20350571 4
0.6812042 -1.5833637 -0.26720816 9
0.2198348 -0.95669311 -0.2533122 22
0.43860385 -1.0212038 -0.248383 19
0.38499916 -1.7095094 0.39617649 34
0.88712102 -2.0695658 0.59321582 77
0.39882562 -1.7684033 0.28127176 21
0.75481731 -1.7701683 0.36697748 24
0.43761337 -1.941249 0.17104314 18
0.66795778 -1.5737629 0.20536219 36
0.41618651 -1.8458099 0.032417841 9
0.66501242 -1.5698553 0.087531887 36
0.43612903 -1.9362452 -0.10218595 17
0.64370281 -1.5213737 -0.028229265 43
0.38865709 -1.7287743 -0.21296819 23
0.6387167 -1.5089797 -0.14004081 36
0.23768233 -1.0564466 -0.20350571 4
0.67387444 -1.5891795 -0.26759881 9
0.21325074 -0.95075846 -0.25137359 20
0.43133312 -1.0190076 -0.2472591 20
0.38707358 -1.7315133 0.40123406 36
nan nan nan 0
0.39788476 -1.7787378 0.28283435 24
0.75558275 -1.7805105 0.36888388 26
0.44125968 -1.9736127 0.1738757 23
0.66521007 -1.5749263 0.20536219 36
0.41622317 -1.8611729 0.032679629 9
0.66031975 -1.5664177 0.087270208 37
0.43871158 -1.9638106 -0.10362519 21
0.639094 -1.5178926 -0.028142003 43
0.38617668 -1.7318724 -0.21327242 23
0.63121641 -1.4986296 -0.13895354 38
0.23742913 -1.0640482 -0.20493548 4
0.66916776 -1.5858083 -0.26681751 9
0.21419017 -0.96292138 -0.25460461 22
0.42955396 -1.0197588 -0.2472591 20
0.37976372 -1.7431052 0.40348187 36
0.71088076 -1.6931167 0.48206866 38
0.38647023 -1.7711445 0.28127176 24
0.74244088 -1.7753948 0.36697748 32
0.43567571 -1.9978 0.17583671 32
0.65215671 -1.5669458 0.20384097 36
0.40912431 -1.8755403 0.032897785 10
0.65018123 -1.5652475 0.087008521 37
0.4331868 -1.9880393 -0.10480275 30
0.62920916 -1.5166057 -0.028054742 43
0.3765786 -1.7314456 -0.21296819 23
0.62720543 -1.5111043 -0.13982335 40
0.23030122 -1.0580801 -0.20350571 4
0.66180938 -1.5915678 -0.26720816 9
0.2096529 -0.96639085 -0.25525081 23
0.42232224 -1.0175021 -0.24613519 18
0.37600061 -1.7389364 0.40235797 36
0.70511472 -1.6876768 0.48013005 43
0.38441783 -1.7766442 0.28205305 27
0.73649633 -1.7698972 0.36554769 33
0.43480909 -2.0107307 0.17692617 45
0.64846534 -1.5657916 0.20353673 36
0.41268948 -1.9080185 0.033464987 11
0.64840817 -1.5686847 0.087139361 36
0.43181652 -1.9985553 -0.10532611 40
0.62368059 -1.5107781 -0.027923848 43
0.37251493 -1.7272478 -0.21235971 23
0.62265289 -1.5075982 -0.13938844 39
0.22999494 -1.0656798 -0.20493548 5
0.65903062 -1.5927203 -0.26720816 8
0.20746256 -0.96439326 -0.25460461 23
0.42242429 -1.0227329 -0.2472591 20
0.36858422 -1.7504824 0.40460578 28
0.69441849 -1.6868838 0.47883764 31
0.374603 -1.776216 0.2816624 30
0.72815555 -1.7759978 0.36602432 28
0.42478642 -2.0154173 0.17714405 49
0.63837087 -1.5645756 0.20292826 36
0.40372014 -1.915046 0.033552252 12
0.63544697 -1.5605097 0.086485162 37
0.42288297 -2.0081191 -0.10571863 51
0.61481363 -1.51171 -0.027880218 42
0.36295819 -1.7267456 -0.21205546 22
0.61286056 -1.5062292 -0.13895354 40
0.22290887 -1.0596621 -0.20350571 5
0.65255851 -1.6007174 -0.26798946 8
0.20388313 -0.97256017 -0.25654325 23
0.41799104 -1.0271832 -0.24782103 20
0.36186886 -1.7319788 0.40011016 30
0.69055212 -1.6858608 0.47819141 27
0.37401661 -1.7889549 0.28361568 36
0.72132498 -1.7681855 0.36411792 24
0.42126822 -2.0161555 0.17714405 39
0.63375998 -1.5610939 0.20231977 36
0.39783201 -1.9035115 0.033334095 12
0.63177878 -1.5593051 0.086354323 37
0.42039341 -2.0137427 -0.1059803 41
0.60745406 -1.5012084 -0.027662061 44
0.35843298 -1.7200872 -0.21114275 23
0.60928971 -1.5049906 -0.13873607 43
0.22105905 -1.0600495 -0.20350571 5
0.64602691 -1.5927109 -0.26642683 9
0.20218538 -0.97291452 -0.25654325 24
0.41435045 -1.0234028 -0.24669713 20
0.36021665 -1.7721148 0.4091014 34
nan nan nan 0
0.36317405 -1.7836283 0.28244373 32
0.71665961 -1.7833129 0.36650091 27
0.40872839 -2.0085702 0.1762725 38
0.62372237 -1.5597878 0.20171128 37
0.38736364 -1.9031185 0.033290461 12
0.62174243 -1.5579592 0.086092643 37
0.40984377 -2.0159163 -0.1059803 41
0.58374268 -1.4649386 -0.026920335 44
0.34942177 -1.7219403 -0.21114275 22
0.59861445 -1.5012279 -0.13808371 43
0.21598987 -1.0635983 -0.20398229 5
0.63952315 -1.6006529 -0.26720816 9
0.19708847 -0.9739598 -0.25654325 26
0.40989804 -1.0278172 -0.2472591 21
0.35743257 -1.7726784 0.4091014 35
nan nan nan 0
0.35957453 -1.7818384 0.28205305 30
0.70987976 -1.7754546 0.36459452 22
0.40424186 -2.0043969 0.17583671 37
0.61545789 -1.547055 0.19988585 31
0.38354951 -1.901341 0.033246834 12
0.6125294 -1.5428169 0.085176766 32
0.40583381 -2.0141809 -0.10584947 38
0.59231949 -1.4938076 -0.027443908 38
0.34738919 -1.727414 -0.21175122 23
0.59229386 -1.4930207 -0.1372139 39
0.21365319 -1.0615669 -0.20350571 5
0.63489211 -1.5971822 -0.26642683 9
0.19444764 -0.96956468 -0.25525081 26
0.40719572 -1.0262705 -0.24669713 20
0.34410775 -1.7554581 0.40460578 26
nan nan nan 0
0.35071325 -1.7861202 0.28244373 29
0.69876456 -1.7745844 0.36364132 23
0.3937414 -2.0064859 0.17583671 38
0.52987528 -1.3540797 0.17402543 20
0.36640257 -1.866524 0.032592367 12
0.52571827 -1.346251 0.073924541 25
0.39528209 -2.016278 -0.10584947 37
0.52588463 -1.3480341 -0.024651524 26
0.33691803 -1.7219019 -0.2108385 23
nan nan nan 0
0.20668961 -1.0554433 -0.20207591 5
0.62833297 -1.6050786 -0.26720816 9
0.19074212 -0.97768325 -0.25718945 26
0.40002465 -1.023858 -0.24557322 20
0.33487752 -1.722512 0.39673844 31
nan nan nan 0
0.34853339 -1.7915784 0.28322503 28
0.69746757 -1.7803673 0.36459452 26
0.39071187 -2.0096154 0.1760546 38
0.52115917 -1.3388356 0.17189576 27
nan nan nan 0
0.52063382 -1.3401936 0.073532015 32
0.39081478 -2.0120625 -0.10558779 37
0.52444261 -1.3512772 -0.024695154 32
0.33297297 -1.7176142 -0.21023002 23
nan nan nan 0
0.20623693 -1.0630327 -0.20350571 5
0.62282407 -1.599277 -0.26603618 9
0.18676656 -0.96615452 -0.2539584 27
0.39466903 -1.0154873 -0.24332541 23
0.32465425 -1.7195101 0.39561453 31
nan nan nan 0
0.33914801 -1.7933787 0.28322503 26
0.6845814 -1.7748444 0.36268812 24
0.37834319 -2.001843 0.17518304 37
0.5159325 -1.3461746 0.17250423 27
0.33118924 -1.7511215 0.030498078 9
0.51181114 -1.3382432 0.073270336 32
0.37935245 -2.0091741 -0.10532611 38
0.51286298 -1.3423437 -0.024476998 32
0.32534567 -1.7266512 -0.21114275 23
0.51304185 -1.3421443 -0.12242697 32
0.20021747 -1.0616854 -0.2030291 6
0.61533195 -1.6048193 -0.26642683 9
0.18170525 -0.96711916 -0.2539584 29
0.38758636 -1.012997 -0.24220152 23
0.32061604 -1.7128332 0.39392868 29
nan nan nan 0
0.33420902 -1.7842577 0.2816624 23
0.68236732 -1.7783256 0.36316475 24
0.37439272 -2.000052 0.17496516 38
0.50912583 -1.3354939 0.17098303 26
0.32492879 -1.7344955 0.030192662 9
0.51036972 -1.341465 0.073401175 31
0.3753885 -2.0073786 -0.10519527 38
0.51051933 -1.3432368 -0.024476998 31
0.32097369 -1.7198969 -0.21023002 23
0.50712854 -1.3337373 -0.12155715 32
0.19881058 -1.0644466 -0.20350571 6
0.60987169 -1.5989765 -0.26525488 9
0.17957982 -0.9650597 -0.2533122 31
0.38757002 -1.0182178 -0.24332541 21
0.31437254 -1.7313238 0.39786234 29
nan nan nan 0
0.33101362 -1.8200014 0.28713158 18
0.67217404 -1.7795804 0.36268812 26
0.36302909 -1.9970834 0.17452939 37
0.50740111 -1.352064 0.17280847 25
0.3158426 -1.7361729 0.030192662 9
0.50687045 -1.35346 0.073924541 30
0.36487278 -2.0093164 -0.10519527 37
0.50789499 -1.3575835 -0.024695154 30
0.31328353 -1.7288804 -0.21114275 22
0.50542027 -1.3503529 -0.12286189 31
0.19323444 -1.065473 -0.20350571 6
0.60149115 -1.6021478 -0.26525488 9
0.17367484 -0.96123195 -0.25201979 34
0.38309765 -1.0225108 -0.24388736 21
0.31422582 -1.7462034 0.40123406 30
nan nan nan 0
0.3278366 -1.8205763 0.28713158 14
0.6725418 -1.7899318 0.36459452 27
0.3591041 -1.9952625 0.17431149 37
0.50679076 -1.3575916 0.17341694 25
0.31149042 -1.7293401 0.030061768 9
0.50626504 -1.3590163 0.074186221 30
0.36092579 -2.0074925 -0.10506443 37
0.50816202 -1.3654878 -0.024826048 31
0.30895886 -1.7220958 -0.21023002 22
0.50393885 -1.3535641 -0.12307934 31
0.19223362 -1.070641 -0.20445889 4
0.59521401 -1.5939515 -0.26369226 9
0.17367935 -0.97104609 -0.25460461 36
0.38131243 -1.0231779 -0.24388736 21
nan nan nan 0
nan nan nan 0
nan nan nan 0
0.65973401 -1.7842296 0.36268812 25
0.34865203 -1.9971154 0.17431149 39
0.50312716 -1.3695327 0.17463391 25
0.30029333 -1.7186333 0.029843612 10
0.5026086 -1.3710138 0.074709579 30
0.34870309 -1.9995157 -0.10454107 37
0.50447255 -1.3775079 -0.025000572 30
0.30036056 -1.7261351 -0.21053427 23
0.49857286 -1.3608558 -0.12351425 30
0.1857914 -1.0667961 -0.20350571 4
0.58257043 -1.5854688 -0.26173899 9
0.16818444 -0.96956193 -0.2539584 36
0.37425321 -1.0205932 -0.24276346 22
nan nan nan 0
nan nan nan 0
0.34857258 -2.0175104 0.31838399 25
0.64638722 -1.757763 0.356969 25
0.34474412 -1.9952663 0.17409359 36
0.5058893 -1.384377 0.17645934 26
0.29856324 -1.7265455 0.029974507 10
0.50452727 -1.3836032 0.07536377 29
0.34563506 -2.0025818 -0.10467191 38
0.50379306 -1.3830783 -0.025087833 31
0.29609188 -1.7193191 -0.20962153 23
0.50307673 -1.3804226 -0.12525389 31
0.18392922 -1.0671186 -0.20350571 4
nan nan nan 0
0.16527998 -0.96271092 -0.25201979 31
0.37331572 -1.0235299 -0.24332541 20
nan nan nan 0
0.66304564 -1.8233311 0.50985545 29
0.34003133 -2.031487 0.32033727 95
0.64305884 -1.7772634 0.36030519 23
0.33306557 -1.989674 0.17343993 38
0.50371373 -1.4010019 0.17828478 26
0.28992945 -1.7305508 0.030018136 10
0.49982649 -1.393268 0.075756297 30
0.33555439 -2.0068269 -0.10480275 38
0.50079638 -1.3974496 -0.025305986 31
0.2866798 -1.7183979 -0.2093173 22
0.4975374 -1.3877214 -0.12568879 30
0.17953922 -1.075331 -0.20493548 4
nan nan nan 0
0.16062854 -0.96594626 -0.252666 29
0.36462197 -1.016313 -0.24107762 21
nan nan nan 0
nan nan nan 0
0.33608398 -2.0296407 0.31994662 94
nan nan nan 0
0.33080623 -1.9976244 0.17409359 37
0.5046382 -1.4112148 0.17950176 26
0.28569028 -1.7236549 0.029887244 10
0.50247055 -1.4082311 0.076541334 30
0.33043057 -1.9975555 -0.10427939 40
0.50343436 -1.4124335 -0.025567774 30
0.28127161 -1.7042031 -0.20749186 22
0.49933288 -1.4003042 -0.12677607 30
0.17766215 -1.0756427 -0.20493548 5
nan nan nan 0
0.15739292 -0.95669001 -0.25008118 27
0.36533272 -1.0238203 -0.24276346 23
0.28951558 -1.8097029 0.41472092 33
nan nan nan 0
0.32428703 -2.0240569 0.31877464 94
nan nan nan 0
0.31916699 -1.9919508 0.17343993 37
0.49807248 -1.4161762 0.17980599 26
0.27705455 -1.7275956 0.029930875 10
0.49759156 -1.4179024 0.076933846 30
0.31879011 -1.9918615 -0.10388687 39
0.49853402 -1.4221194 -0.025698667 30
0.27273321 -1.7081033 -0.2077961 22
0.49698219 -1.4169855 -0.1280808 30
0.17432609 -1.0911027 -0.20779505 5
nan nan nan 0
0.15425597 -0.96942985 -0.2533122 25
0.35670155 -1.0165385 -0.24051565 22
0.29007956 -1.8318133 0.4197785 33
0.71279377 -2.0133083 0.56219804 74
0.32036975 -2.0221808 0.31838399 94
0.60701442 -1.7249835 0.34839034 30
0.31530243 -1.9900446 0.17322204 38
0.50055772 -1.4310821 0.18163143 26
0.2744278 -1.7305458 0.029974507 10
0.49926448 -1.4305421 0.077588052 30
0.31647706 -1.9998137 -0.10427939 38
0.49854079 -1.4300609 -0.025829561 31
0.26975161 -1.7085768 -0.2077961 21
0.49533564 -1.4201999 -0.12829827 31
0.1724215 -1.0914053 -0.20779505 5
nan nan nan 0
0.15219305 -0.9673112 -0.252666 24
0.35573921 -1.0194561 -0.24107762 19
0.28126094 -1.8405814 0.42146435 27
0.69265443 -1.9896644 0.5544436 63
0.30903453 -2.0189481 0.31760269 95
nan nan nan 0
0.30412918 -1.9867439 0.17278627 37
0.49305773 -1.4336834 0.18163143 27
0.26461107 -1.7270166 0.029887244 10
0.49585411 -1.4449317 0.07824225 30
0.30525172 -1.9965068 -0.10401771 38
0.49431628 -1.4421003 -0.026004085 31
0.26117334 -1.712419 -0.20810033 22
0.49033752 -1.4298341 -0.12895063 31
0.16780296 -1.099573 -0.20922484 5
nan nan nan 0
0.14712617 -0.96809483 -0.252666 22
0.3511968 -1.0236055 -0.24163955 19
0.28162515 -1.8627019 0.42652193 29
nan nan nan 0
0.30551031 -2.0194843 0.31760269 95
0.6110422 -1.7755517 0.3579222 26
0.30103147 -1.9897344 0.17300415 37
0.49784401 -1.4556515 0.18436959 27
0.26233971 -1.7324194 0.029974507 9
0.49495786 -1.4505157 0.078503937 30
0.30139589 -1.9945676 -0.10388687 38
0.49830565 -1.4618694 -0.026353132 31
0.25744981 -1.7079642 -0.20749186 21
0.48946291 -1.4353974 -0.12938553 31
0.16877879 -1.1192827 -0.21303758 5
nan nan nan 0
0.1447282 -0.9635722 -0.25137359 18
0.34542823 -1.012706 -0.23882981 21
0.26979932 -1.8521436 0.42371216 33
nan nan nan 0
0.29528651 -2.0235 0.31799331 94
0.61995548 -1.8321513 0.36888388 25
0.28917971 -1.9814245 0.17213258 38
0.4942036 -1.4699868 0.18589079 27
0.2539826 -1.7387168 0.030061768 9
0.49296215 -1.4696398 0.079419807 30
0.29023269 -1.9911767 -0.10362519 39
0.49064448 -1.4644585 -0.026353132 31
0.2453143 -1.6871849 -0.2047537 19
0.48673147 -1.4520948 -0.13069026 31
0.16501106 -1.1347264 -0.21589714 4
0.54917514 -1.6338562 -0.26720816 9
0.14070559 -0.97148907 -0.2533122 19
0.340121 -1.0145009 -0.23882981 22
0.26550999 -1.8429193 0.42146435 22
nan nan nan 0
0.29280454 -2.0313454 0.31916532 78
0.61912102 -1.8402032 0.37031367 28
0.28678021 -1.9893223 0.17278627 36
0.49243075 -1.4731983 0.18619505 27
0.25094756 -1.7391576 0.030061768 9
0.49358326 -1.4799621 0.079943165 30
0.28640351 -1.9892089 -0.10349435 37
0.49127525 -1.4747893 -0.026527656 31
0.24516971 -1.7072634 -0.20718762 21
0.48816824 -1.4647444 -0.13177752 31
0.16544496 -1.1520212 -0.2192333 4
0.54632264 -1.6348121 -0.26720816 9
0.1390098 -0.97173315 -0.2533122 16
0.33756962 -1.0127851 -0.23826784 21
0.25487125 -1.8395023 0.42034045 22
0.56891894 -1.712895 0.47366801 34
0.28317627 -2.040189 0.32033727 2
0.61335665 -1.8550609 0.37269661 27
nan nan nan 0
0.48861641 -1.4875327 0.18771625 27
nan nan nan 0
0.4889648 -1.492007 0.080466531 30
nan nan nan 0
0.49060658 -1.4987015 -0.026920335 32
0.23521557 -1.7011483 -0.2062749 17
0.48362026 -1.4767386 -0.13264735 30
nan nan nan 0
0.54163826 -1.6493704 -0.26916143 9
0.13424478 -0.97484082 -0.2539584 16
0.33379835 -1.0191622 -0.23939174 23
0.25165337 -1.8374865 0.4197785 38
0.56287611 -1.7047201 0.47108319 36
nan nan nan 0
nan nan nan 0
nan nan nan 0
0.49068198 -1.5025228 0.18954168 27
nan nan nan 0
0.49026087 -1.5047157 0.081120729 30
nan nan nan 0
0.49033099 -1.5066795 -0.027051229 32
nan nan nan 0
0.48570937 -1.491776 -0.13395208 31
nan nan nan 0
0.53798622 -1.6479678 -0.26877078 8
0.13286379 -0.97746724 -0.25460461 8
0.33049086 -1.015117 -0.23826784 22
0.23981789 -1.8243278 0.41640678 35
0.55544478 -1.7122345 0.4723756 37
nan nan nan 0
0.57228583 -1.772953 0.35506263 31
nan nan nan 0
0.48433757 -1.5097928 0.19015017 27
nan nan nan 0
0.48314327 -1.5096378 0.081251569 30
nan nan nan 0
0.48473898 -1.5163625 -0.027182123 32
nan nan nan 0
0.48018831 -1.5014088 -0.13460444 31
nan nan nan 0
0.52706963 -1.6437141 -0.26759881 9
0.12712777 -0.97335893 -0.2533122 7
0.32742712 -1.0237848 -0.23995371 22
nan nan nan 0
0.55245554 -1.7132014 0.4723756 31
nan nan nan 0
0.57296824 -1.785624 0.35744563 31
nan nan nan 0
0.48550478 -1.5224456 0.19167136 28
nan nan nan 0
0.48738015 -1.531871 0.082429126 30
nan nan nan 0
0.48361909 -1.5219665 -0.027269384 31
nan nan nan 0
0.48289645 -1.5188435 -0.13612662 30
nan nan nan 0
0.52495605 -1.6469821 -0.26798946 9
0.12603661 -0.97837096 -0.25460461 7
0.32339597 -1.0173995 -0.23826784 23
0.21485212 -1.7268314 0.39336672 23
0.54715288 -1.7275727 0.47560659 25
nan nan nan 0
0.55320495 -1.7558552 0.35077327 35
nan nan nan 0
0.48201615 -1.5391623 0.19349679 27
nan nan nan 0
0.4823572 -1.5439255 0.082952484 30
nan nan nan 0
0.4778972 -1.5316299 -0.027400276 32
nan nan nan 0
0.477184 -1.528477 -0.136779 31
0.16924509 -1.3669137 -0.26069701 6
0.51558161 -1.6473536 -0.26759881 9
0.12032939 -0.97422272 -0.2533122 7
0.31806451 -1.019079 -0.23826784 22
nan nan nan 0
0.54925424 -1.7446374 0.48013005 34
nan nan nan 0
nan nan nan 0
nan nan nan 0
0.48230553 -1.5494701 0.19471376 27
nan nan nan 0
0.48115584 -1.5495294 0.083214164 30
nan nan nan 0
0.48045275 -1.5491594 -0.027705694 32
nan nan nan 0
0.47972894 -1.5459433 -0.13830116 29
0.16832905 -1.3793895 -0.26307997 6
0.51270562 -1.6482511 -0.26759881 9
0.11949048 -0.98162496 -0.25525081 9
0.31848055 -1.0266031 -0.23995371 22
nan nan nan 0
0.53939283 -1.7451837 0.47948381 35
nan nan nan 0
nan nan nan 0
0.23345391 -1.9862525 0.1719147 3
0.47564942 -1.5567164 0.19532226 28
nan nan nan 0
0.47597399 -1.5615718 0.083737522 30
0.22990373 -1.958827 -0.10153175 3
0.473804 -1.5564322 -0.027792955 32
nan nan nan 0
0.47236016 -1.5508145 -0.13851863 29
0.1596982 -1.368062 -0.26069701 7
0.50188649 -1.6438335 -0.26642683 8
0.11407445 -0.97983778 -0.25460461 10
0.31094229 -1.0212746 -0.23826784 23
nan nan nan 0
0.53992087 -1.7576565 0.48271486 36
nan nan nan 0
nan nan nan 0
0.230271 -1.9891312 0.17213258 3
0.47584191 -1.5670336 0.19653921 28
0.21483542 -1.8547516 0.031981532 5
0.47543886 -1.5695622 0.084130049 31
0.22932808 -1.9840285 -0.10284015 8
0.47546917 -1.5715998 -0.028054742 31
0.18193112 -1.5778452 -0.19045439 8
0.47547802 -1.57069 -0.14025827 30
0.15897202 -1.3829694 -0.26355657 7
0.49973992 -1.6470681 -0.26681751 9
0.1126346 -0.98243529 -0.25525081 14
0.30987489 -1.0241444 -0.23882981 24
0.21477731 -1.9500318 0.44450441 31
0.53000754 -1.7581488 0.48206866 37
nan nan nan 0
nan nan nan 0
0.21958169 -1.9878341 0.1719147 8
0.47120613 -1.5813843 0.19806041 28
0.20484895 -1.8533661 0.031937901 6
0.46936768 -1.5792036 0.084522568 30
0.21866527 -1.9827203 -0.10270931 9
0.47082323 -1.5860394 -0.028272897 32
0.16427231 -1.4924361 -0.17980599 9
0.4686788 -1.5779291 -0.14069317 30
0.15120026 -1.378903 -0.26260337 7
0.49181986 -1.6520268 -0.26720816 8
0.1064575 -0.97340667 -0.252666 16
0.30732131 -1.035082 -0.24107762 27
0.21275616 -1.960055 0.44675222 31
0.527637 -1.7613829 0.48271486 37
0.20453823 -1.8807466 0.29377273 2
0.56017333 -1.8794912 0.3741264 32
0.21691234 -1.9956425 0.17256837 9
0.47128937 -1.5917138 0.19927737 27
0.20027496 -1.8412948 0.031719748 5
0.47017902 -1.5919822 0.085176766 30
0.21600555 -1.9905457 -0.10310183 9
0.47233647 -1.6012322 -0.028534682 31
0.16378021 -1.512459 -0.18223992 9
0.47232774 -1.6002253 -0.14265026 29
0.15035304 -1.3938069 -0.26546293 6
0.4882291 -1.6505167 -0.26681751 8
0.10475842 -0.97359097 -0.252666 17
0.3062135 -1.0379503 -0.24163955 28
0.19818906 -1.9224027 0.43776098 31
0.52115411 -1.7733829 0.48529968 41
0.19493957 -1.8842481 0.29416338 2
0.54685396 -1.8706288 0.37174344 39
0.20493722 -1.9818859 0.17126103 8
0.46713987 -1.608446 0.20110281 27
0.18986695 -1.8348584 0.031588852 5
0.46464148 -1.6040068 0.085700125 29
0.20558015 -1.9916494 -0.10310183 9
0.46604946 -1.6108812 -0.028665574 31
0.1551052 -1.5058899 -0.18132719 9
0.46534055 -1.6074573 -0.14308518 30
0.14231157 -1.3872499 -0.26403317 4
0.48096898 -1.6577899 -0.26759881 8
0.098694816 -0.9645142 -0.25008118 17
0.30146161 -1.0418766 -0.24220152 31
0.1944382 -1.9154402 0.43607512 40
nan nan nan 0
0.1896715 -1.8649306 0.29103813 2
0.54220825 -1.8668702 0.37079024 39
0.2019769 -1.9871966 0.17169681 9
0.46919256 -1.625935 0.2032325 27
0.18541206 -1.8227519 0.031370699 5
0.46671987 -1.6215965 0.086616002 29
0.20085528 -1.9795851 -0.10244763 8
0.46881282 -1.630896 -0.029014623 31
0.15025474 -1.4839364 -0.17858903 9
0.46809295 -1.6274002 -0.14482482 29
0.14013305 -1.3899384 -0.26450974 2
0.4773846 -1.6562558 -0.26720816 9
0.096774355 -0.96228158 -0.24943499 18
0.29827696 -1.0377244 -0.24107762 38
0.18130563 -1.887363 0.42933169 43
0.59123689 -2.0623486 0.56478286 94
0.17732438 -1.8388587 0.2867409 3
0.53310364 -1.8720424 0.37126684 34
0.19180578 -1.9907061 0.1719147 9
0.46271846 -1.6355271 0.20414522 28
0.17467862 -1.8112561 0.031152545 4
0.46232912 -1.6384237 0.08740104 29
0.19119756 -1.9880654 -0.10284015 9
0.46232027 -1.6405408 -0.029145516 31
0.13990933 -1.4575287 -0.17524238 6
0.46024784 -1.632224 -0.14504227 30
0.13239326 -1.3857664 -0.26355657 2
0.4653174 -1.6468604 -0.26525488 9
0.091510214 -0.96037054 -0.24878879 17
0.29552191 -1.0486395 -0.24332541 41
0.1776606 -1.8803691 0.4276458 43
0.58563703 -2.0564137 0.56284428 94
0.17273332 -1.8244143 0.28439698 6
0.52646762 -1.8611704 0.36888388 27
0.18833107 -1.9910378 0.1719147 9
0.46325183 -1.6482675 0.20566641 27
0.17081791 -1.8040918 0.031021649 4
0.46218958 -1.6488367 0.087924398 29
0.18772742 -1.9883959 -0.10284015 8
0.46217695 -1.6509663 -0.029320041 31
0.13713561 -1.4553 -0.17493816 5
0.46214521 -1.6497997 -0.14656444 29
0.12974861 -1.3835517 -0.26307997 4
0.46513668 -1.6571727 -0.26681751 9
0.090934619 -0.97255367 -0.25201979 17
0.29235819 -1.0444677 -0.24220152 48
0.16470771 -1.8497566 0.42034045 48
0.57420737 -2.057127 0.56219804 94
0.1742637 -1.9507385 0.30432039 5
0.51274806 -1.849721 0.36602432 27
0.17746504 -1.9870349 0.17147893 9
0.45727608 -1.6602328 0.20688337 27
0.15982923 -1.7875322 0.030716235 4
0.45822322 -1.6680737 0.088840283 29
0.17797168 -1.9968126 -0.10323267 8
0.45953435 -1.6750431 -0.02971272 30
nan nan nan 0
0.45549729 -1.6593968 -0.14721681 29
0.12314172 -1.3915466 -0.26450974 6
0.45579225 -1.6572061 -0.26642683 9
0.085841119 -0.9730165 -0.25201979 19
0.28819391 -1.0506771 -0.24332541 51
0.1611726 -1.8427321 0.41865459 47
0.57061619 -2.0581262 0.56219804 94
0.16894117 -1.928899 0.3008045 7
0.50689065 -1.8411548 0.36411792 30
0.17421162 -1.9898229 0.17169681 9
0.46098816 -1.6849458 0.20992577 28
0.15649346 -1.785318 0.030672602 4
0.45796481 -1.6784981 0.089363642 28
0.17362638 -1.9871709 -0.10270931 8
0.45661014 -1.6758425 -0.02971272 31
nan nan nan 0
0.45590729 -1.6721946 -0.14830408 29
0.12050405 -1.3893142 -0.26403317 8
0.44961435 -1.6460979 -0.26447359 9
0.084346093 -0.97557133 -0.252666 16
0.28831026 -1.0582215 -0.24501128 45
0.14923377 -1.8192965 0.41303506 36
0.5585559 -2.056427 0.56090558 94
0.1588392 -1.9297572 0.3008045 9
0.49724349 -1.8437837 0.36411792 30
0.16399249 -1.9931901 0.1719147 9
0.45540208 -1.6993124 0.21144699 29
0.14694081 -1.7836217 0.030628972 4
0.45307466 -1.6953346 0.09014868 28
0.16301727 -1.9855644 -0.10257847 9
0.45173374 -1.692691 -0.029974507 30
nan nan nan 0
0.44909185 -1.6817726 -0.14895645 29
0.11342397 -1.3923724 -0.26450974 8
0.44227824 -1.6531967 -0.26525488 9
0.078855403 -0.97118455 -0.25137359 19
0.28212759 -1.0573655 -0.24444932 41
0.14618301 -1.8171002 0.41247311 34
0.5543319 -2.0550685 0.56025946 92
0.15801744 -1.9620311 0.30588302 11
0.48633802 -1.8162198 0.3583988 26
0.15992077 -1.9860252 0.17126103 9
0.45565718 -1.7120862 0.21296819 32
0.14323272 -1.7764001 0.030498078 4
0.45205486 -1.703357 0.090541206 22
0.15935396 -1.9833572 -0.10244763 9
0.45136485 -1.703135 -0.03014903 30
0.13455915 -1.6821827 -0.20262401 3
0.4506681 -1.6993934 -0.15047863 29
0.11099365 -1.3925682 -0.26450974 7
0.43875182 -1.6515813 -0.26486424 10
0.077533327 -0.97613639 -0.252666 16
0.28028169 -1.0578563 -0.24444932 37
0.13473234 -1.7960001 0.40741554 32
nan nan nan 0
0.1453632 -1.9308192 0.3008045 11
0.46928391 -1.7902725 0.35267967 26
0.1495198 -1.9868354 0.17126103 9
0.44984537 -1.7264467 0.21448939 34
0.13300337 -1.7646621 0.030279925 4
0.4469336 -1.7201891 0.091326244 21
0.14896698 -1.9841645 -0.10244763 9
0.44814599 -1.7272363 -0.030541711 29
0.1261138 -1.6878136 -0.2032325 3
0.44429189 -1.7113658 -0.15134846 29
0.10387958 -1.3955779 -0.26498634 8
0.43260965 -1.6634084 -0.26642683 9
0.072595179 -0.97893769 -0.2533122 17
0.27411753 -1.0569539 -0.24388736 16
0.1315593 -1.7913501 0.40629163 43
0.46337336 -1.7693855 0.48013005 25
0.14360134 -1.9532351 0.30432039 9
0.46491066 -1.7863419 0.35172647 24
0.14623213 -1.9895773 0.17147893 9
0.45059699 -1.7416337 0.21631482 31
0.13064682 -1.7748637 0.030454447 5
0.45022792 -1.7451248 0.092634641 24
0.14442231 -1.969481 -0.10166259 8
0.45016795 -1.747368 -0.030890757 26
0.12530199 -1.7177316 -0.20688337 4
0.45260447 -1.7555206 -0.15526263 27
0.10196751 -1.4031008 -0.26641613 7
0.42783475 -1.6569933 -0.26525488 9
0.070716769 -0.97665387 -0.252666 16
0.26918569 -1.0456482 -0.24107762 8
0.12105168 -1.7798827 0.40348187 67
0.4492586 -1.7530842 0.47496042 28
0.1317143 -1.9293231 0.30041385 9
0.43475774 -1.7079428 0.33552229 26
0.13598 -1.9928006 0.17169681 9
0.44577676 -1.7607971 0.21844451 12
0.11984138 -1.7530777 0.030061768 5
0.44972336 -1.7813259 0.094466396 14
0.1341082 -1.9702101 -0.10166259 9
0.44965035 -1.7836128 -0.031501591 16
0.11548186 -1.7059845 -0.20536219 5
0.44894284 -1.7795864 -0.15721974 20
0.094457738 -1.4011668 -0.26593953 7
0.42220873 -1.671173 -0.26720816 9
0.066230521 -0.98665047 -0.25525081 16
0.26310199 -1.0446836 -0.24051565 9
0.1182557 -1.7800707 0.40348187 84
0.44860384 -1.7632214 0.47754523 28
0.12770079 -1.9196941 0.29885122 12
0.43967262 -1.7396103 0.34171802 26
0.13217592 -1.9880645 0.17126103 9
0.44270289 -1.7615724 0.21844451 10
0.11612757 -1.7433071 0.029887244 5
0.44967794 -1.794209 0.095120601 15
0.12969224 -1.9554937 -0.10087755 9
0.4514387 -1.8037817 -0.03185064 17
0.11138023 -1.6888499 -0.2032325 5
0.44827998 -1.790025 -0.15808955 20
0.092169598 -1.4037786 -0.26641613 7
0.4174704 -1.6647269 -0.26603618 9
0.064661294 -0.98917472 -0.25589702 14
0.2588748 -1.0356982 -0.23826784 8
0.10760269 -1.7636628 0.3995482 84
0.44407877 -1.7842827 0.48271486 26
0.11720182 -1.9129421 0.29767928 9
0.42282358 -1.7109364 0.33552229 27
0.12101533 -1.9762996 0.17017159 9
0.43287504 -1.761458 0.21814027 10
0.10624598 -1.7314157 0.029669089 5
0.4474794 -1.8256192 0.096690677 14
0.11945156 -1.9561459 -0.10087755 9
0.44618833 -1.8231064 -0.032156058 16
0.10312634 -1.6993181 -0.20444946 5
0.44727743 -1.8261939 -0.16113392 20
0.084673524 -1.4017922 -0.26593953 7
0.41022888 -1.6716117 -0.26681751 9
0.059200559 -0.98467773 -0.25460461 14
0.25285989 -1.0346757 -0.2377059 8
0.10412259 -1.7516704 0.39673844 42
0.43335807 -1.7545947 0.47431418 23
nan nan nan 0
0.425154 -1.7331095 0.33981162 19
0.11581948 -1.946673 0.16755693 9
0.42951319 -1.7597266 0.21783602 10
0.10249361 -1.7191218 0.029450934 5
0.44640025 -1.8335928 0.097083189 14
0.11531 -1.9438897 -0.10022335 9
0.44777232 -1.843303 -0.032505106 16
0.10031322 -1.6970007 -0.20414522 7
0.44765386 -1.8414837 -0.16243863 21
0.081945971 -1.3970374 -0.26498634 6
0.40435734 -1.6603371 -0.26486424 9
0.057754029 -0.98960209 -0.25589702 12
0.25006473 -1.030342 -0.236582 7
0.094303519 -1.7400284 0.39392868 36
0.42561814 -1.7614577 0.47560659 29
nan nan nan 0
0.41116789 -1.7137748 0.33552229 25
0.10689566 -1.9646428 0.16908213 9
0.42087525 -1.7643636 0.21814027 10
0.092723601 -1.6996503 0.029101888 6
0.44263014 -1.8601789 0.098391593 14
0.10579228 -1.9569322 -0.10087755 9
0.44135445 -1.8576986 -0.032723259 16
0.091557145 -1.6999806 -0.20444946 9
0.4414942 -1.8583325 -0.16374336 22
0.075129941 -1.402336 -0.26593953 6
0.39508021 -1.660031 -0.26447359 9
0.05262062 -0.98746985 -0.25525081 15
0.24523889 -1.034005 -0.23714393 6
0.091266453 -1.7401904 0.39392868 34
0.41912857 -1.7481158 0.47172937 30
nan nan nan 0
0.41476682 -1.7431935 0.34124142 28
nan nan nan 0
0.41779521 -1.7650955 0.21814027 10
0.088817127 -1.6873435 0.028883731 13
0.44227993 -1.8730906 0.099045791 14
nan nan nan 0
0.44216645 -1.8754869 -0.033028677 17
0.087957948 -1.6877469 -0.20292826 17
0.441136 -1.8712138 -0.16483064 21
0.072311081 -1.3951118 -0.26450974 6
0.39390409 -1.6679229 -0.26564553 9
0.050367005 -0.98033273 -0.2533122 16
0.24116077 -1.0249561 -0.23489612 6
0.08207339 -1.7455256 0.39505258 31
0.40910783 -1.7480078 0.47108319 32
nan nan nan 0
0.40057895 -1.7238401 0.33695206 29
0.080053031 -1.6892089 0.14489642 7
0.40711001 -1.7624974 0.21753179 10
0.079172052 -1.6703067 0.028578313 112
0.43836814 -1.9022027 0.10048503 15
0.078788646 -1.6683278 -0.085700125 99
0.43823993 -1.9046332 -0.033508617 17
0.078486122 -1.6807616 -0.20201553 19
0.43584818 -1.8929036 -0.16657028 21
0.06487225 -1.3979343 -0.26498634 6
0.3834815 -1.6627486 -0.26447359 9
0.045339935 -0.98299569 -0.2539584 15
0.23561171 -1.026246 -0.23489612 6
0.080734856 -1.7772896 0.40235797 31
0.40384719 -1.7393149 0.46849838 37
nan nan nan 0
0.3942247 -1.7101967 0.3340925 38
0.076993883 -1.6868582 0.14467853 15
0.40434095 -1.7631347 0.21753179 10
0.076479122 -1.6754367 0.028665574 114
0.43875438 -1.9174833 0.10127007 16
0.075323544 -1.6559923 -0.085045926 102
0.43828627 -1.920009 -0.033770405 18
0.076064095 -1.6858407 -0.20262401 20
0.4347848 -1.9033684 -0.1674401 21
0.06221991 -1.3931417 -0.26403317 6
0.38113597 -1.6658208 -0.26486424 9
0.043419424 -0.97824764 -0.252666 15
0.23289599 -1.0218694 -0.23377222 6
0.072284855 -1.7995955 0.40741554 37
0.39287701 -1.7319216 0.46591356 43
0.080175191 -1.9840496 0.30861759 17
0.38065517 -1.6906352 0.32980317 38
0.068062134 -1.677272 0.14380698 10
0.39619988 -1.7700679 0.21814027 10
0.067800887 -1.6708069 0.028578313 21
0.43420559 -1.9441073 0.10257847 18
0.067627601 -1.6813107 -0.086354323 12
0.43515706 -1.9514644 -0.034293976 19
0.067043811 -1.6812569 -0.20201553 22
0.4302882 -1.9299146 -0.16961464 19
0.05516782 -1.3934388 -0.26403317 6
0.37240857 -1.6677938 -0.26486424 9
0.038557716 -0.98086816 -0.2533122 16
0.2248459 -1.011197 -0.23096247 6
0.07014446 -1.8264964 0.41359702 36
0.38717225 -1.7208308 0.46268252 32
0.076153837 -1.9693813 0.30627367 23
0.37849027 -1.6961504 0.33075634 32
0.064946905 -1.6724108 0.14337119 31
0.39365378 -1.773178 0.21844451 10
0.064593047 -1.670934 0.028578313 8
0.43572101 -1.9667885 0.10375603 23
0.064786278 -1.6839209 -0.086485162 9
0.43611264 -1.9717363 -0.034643024 23
0.063742191 -1.6714524 -0.20079857 25
0.43017891 -1.9452459 -0.17091937 17
0.052735727 -1.393533 -0.26403317 6
0.3700375 -1.6708505 -0.26525488 9
0.036674511 -0.9809404 -0.2533122 16
0.22201042 -1.0068346 -0.22983855 6
nan nan nan 0
0.37366778 -1.7040396 0.45751289 34
0.065816261 -1.9796364 0.30783629 44
0.3717171 -1.7076955 0.33266273 30
nan nan nan 0
0.3819313 -1.7655858 0.21722755 11
0.056085303 -1.6787443 0.028709207 24
0.42826697 -1.9837524 0.10454107 29
0.05588828 -1.6817417 -0.086354323 12
0.42863062 -1.988721 -0.034904812 31
0.05485462 -1.6767331 -0.20140706 25
0.42104888 -1.9523385 -0.17135428 16
0.045423944 -1.4011568 -0.26546293 6
0.36181161 -1.6751775 -0.26564553 9
0.031610753 -0.98353297 -0.2539584 12
0.21603742 -1.0056418 -0.22927661 5
0.061533686 -1.9632959 0.44506633 53
0.36861542 -1.695255 0.45492807 35
0.062934101 -1.987142 0.30900827 96
0.36768791 -1.7035465 0.33170953 37
0.05518344 -1.7450233 0.14968999 3
0.37863052 -1.7637588 0.2169233 11
0.053155255 -1.6788397 0.028709207 23
0.42515039 -1.9844226 0.10454107 36
0.059017491 -1.8814704 -0.096821509 5
0.42621455 -1.9943525 -0.034992073 36
0.052220747 -1.6768172 -0.20140706 25
0.41816708 -1.9555045 -0.17157173 16
0.042618655 -1.3889685 -0.26307997 6
0.35784033 -1.67098 -0.26486424 9
0.029825419 -0.9811725 -0.2533122 17
0.21393897 -1.0035996 -0.22871464 6
nan nan nan 0
0.35749289 -1.6852934 0.45169702 31
0.052402802 -1.9825072 0.30822694 96
0.36059657 -1.7125862 0.3331393 32
nan nan nan 0
0.37041879 -1.7705721 0.21753179 10
0.044848304 -1.6865835 0.028840099 12
0.41630113 -1.9939497 0.10493358 43
0.049165368 -1.8817537 -0.096821509 20
0.41611481 -1.9964843 -0.034992073 50
0.043686245 -1.6869904 -0.20262401 26
0.40638176 -1.9503562 -0.17091937 15
0.035290275 -1.3768992 -0.26069701 6
0.34908623 -1.6728307 -0.26486424 10
0.024858899 -0.9813109 -0.2533122 14
0.20716304 -0.99755752 -0.2270288 19
nan nan nan 0
0.35404766 -1.6835529 0.45105085 25
0.048883986 -1.980127 0.30783629 96
0.35832259 -1.7180777 0.3340925 28
0.047678389 -1.9296024 0.1658138 18
0.36681801 -1.7687875 0.21722755 11
0.041610211 -1.6866665 0.028840099 11
0.41384321 -1.9995605 0.10519527 42
0.047223832 -1.9392421 -0.099830829 31
0.41314083 -1.9996544 -0.035035703 44
0.040741831 -1.6870641 -0.20262401 26
0.40399572 -1.9559383 -0.17135428 14
0.032113582 -1.3426093 -0.25402468 6
0.34515277 -1.6686039 -0.26408291 10
0.022871191 -0.97652787 -0.25201979 12
0.20592354 -1.0003012 -0.22759074 7
0.037419692 -1.9760859 0.44787613 95
0.33806565 -1.652338 0.44200397 24
0.038215056 -1.9828315 0.30822694 96
0.35179558 -1.7319491 0.33647546 37
0.037557054 -1.9472628 0.16733903 42
0.35823631 -1.7756085 0.21783602 12
0.032869928 -1.6918597 0.028927362 11
0.40052772 -1.9895384 0.10454107 41
0.037160009 -1.9444551 -0.10009251 47
0.40131986 -1.9969615 -0.034948442 44
0.031569645 -1.6847787 -0.20231977 26
0.3927559 -1.9531457 -0.17091937 15
0.024135366 -1.301049 -0.24592258 10
0.33710685 -1.6752859 -0.26486424 10
0.017836208 -0.98146367 -0.2533122 7
0.20001943 -0.99901438 -0.2270288 6
0.034355585 -1.978578 0.44843808 96
0.33469486 -1.65056 0.44135776 35
0.034713361 -1.9804261 0.30783629 96
0.34926274 -1.7349652 0.33695206 47
0.034034505 -1.9398547 0.16668536 67
0.35415158 -1.7713671 0.21722755 12
0.029875586 -1.6894153 0.028883731 11
0.3970547 -1.9902345 0.10454107 37
0.033848155 -1.9495094 -0.10035419 70
0.39635298 -1.9903076 -0.03481755 41
0.028629102 -1.6848313 -0.20231977 26
0.39033097 -1.958711 -0.17135428 15
nan nan nan 0
0.33418244 -1.6758717 -0.26486424 10
0.016018253 -0.97424901 -0.25137359 3
0.19973001 -1.0065237 -0.22871464 6
0.023649994 -1.9787349 0.44843808 96
0.32652202 -1.6546578 0.44200397 32
0.024315435 -1.9781116 0.30744565 95
0.34112963 -1.7415843 0.33790523 44
0.02387703 -1.9400064 0.16668536 57
0.34439206 -1.7707626 0.2169233 12
0.021057812 -1.692048 0.028927362 12
0.38470417 -1.9824871 0.10401771 38
0.023668015 -1.9521564 -0.10048503 69
0.38688797 -1.9972614 -0.034904812 43
0.01975416 -1.6799954 -0.20171128 26
0.3810288 -1.9656159 -0.17178918 15
0.014256849 -1.2226568 -0.23067155 10
0.32540306 -1.6775986 -0.26486424 11
0.01098392 -0.98156428 -0.2533122 2
0.19256784 -0.99799657 -0.22646683 6
0.020472901 -1.9714618 0.44675222 96
0.32128406 -1.6433809 0.43877295 31
0.02083924 -1.9756819 0.307055 95
0.33903691 -1.7469931 0.33885843 37
0.020538857 -1.9450258 0.16712113 62
0.34225214 -1.7762316 0.21753179 12
0.018152591 -1.6970811 0.029014623 10
0.38267389 -1.9905072 0.10441023 37
0.020260826 -1.9521948 -0.10048503 68
0.3819719 -1.9905723 -0.034773916 43
0.016844073 -1.6825087 -0.20201553 25
0.37664717 -1.9613882 -0.17135428 16
0.01210233 -1.2202259 -0.23019497 14
0.3220022 -1.6757404 -0.26447359 11
0.0093069999 -0.98641193 -0.25460461 2
0.1898894 -0.99354988 -0.22534293 5
0.0098157981 -1.9739798 0.44731417 96
0.31175995 -1.640298 0.43748054 33
0.010515904 -1.9807023 0.30783629 96
0.33080736 -1.7535652 0.33981162 38
0.010321892 -1.9376354 0.16646747 60
0.33155867 -1.7706859 0.21661907 12
0.0092228595 -1.6871545 0.028840099 12
0.37039059 -1.9826713 0.10388687 37
0.0099866372 -1.9397913 -0.099830829 64
0.37061679 -1.9876326 -0.034686655 43
0.0080070021 -1.6751295 -0.20110281 25
0.36544743 -1.9584391 -0.17091937 16
0.0056822659 -1.210456 -0.22828861 9
0.31414309 -1.6822555 -0.26525488 11
0.0041365759 -0.98403209 -0.2539584 3
0.18377335 -0.98974454 -0.22421904 6
0.0067091137 -1.9715567 0.44675222 96
0.32476428 -1.7238632 0.4600977 51
0.0070524486 -1.9782486 0.30744565 95
0.32591864 -1.7444949 0.33790523 35
0.0069531067 -1.9426315 0.16690324 58
0.33030209 -1.7810165 0.21783602 14
0.0062651187 -1.6821688 0.028752837 12
0.36738929 -1.9857687 0.10401771 42
0.0066071502 -1.9423025 -0.099961676 62
0.36806592 -1.9931905 -0.034773916 42
0.0050690467 -1.6676968 -0.2001901 26
0.36340317 -1.966418 -0.17157173 16
0.0034976543 -1.158927 -0.21828012 5
0.30892903 -1.6706666 -0.26330161 12
0.0024254331 -0.99611306 -0.25718945 5
0.18249711 -0.99245757 -0.22478099 6
-0.0039653089 -1.9740002 0.44731417 96
0.31441092 -1.7184167 0.45815909 51
-0.0033121498 -1.9807276 0.30783629 96
0.31678006 -1.7461774 0.33790523 36
-0.0032315766 -1.9476223 0.16733903 62
0.32008061 -1.7778395 0.21722755 14
-0.0025231102 -1.6746799 0.028621946 14
0.35743365 -1.9901214 0.10414855 39
-0.0035627661 -1.9423105 -0.099961676 58
0.35583854 -1.9852526 -0.034599394 43
-0.0036218793 -1.6552935 -0.19866888 27
0.35310212 -1.9682939 -0.17157173 16
-0.0024951077 -1.1392964 -0.21446738 24
0.30194843 -1.6819783 -0.26486424 13
-0.0028015925 -0.99852711 -0.25783566 8
0.1764203 -0.98860723 -0.22365709 6
-0.0070328917 -1.9666835 0.44562832 95
0.31708953 -1.7498406 0.46655974 59
-0.006726068 -1.9708416 0.30627367 95
0.31461206 -1.7515565 0.33885843 38
-0.0066199442 -1.945123 0.16712113 60
0.31741872 -1.7808372 0.21753179 14
-0.0054677855 -1.6796721 0.028709207 14
0.35174704 -1.9784571 0.10349435 38
-0.0069413995 -1.9398046 -0.099830829 58
0.3528153 -1.988331 -0.034643024 43
-0.0065862616 -1.6701729 -0.20049432 26
0.34790212 -1.9591024 -0.17070192 17
-0.0044424296 -1.1319277 -0.21303758 32
0.2994509 -1.6849328 -0.26525488 14
-0.0045599416 -1.0009357 -0.25848186 10
0.17252094 -0.97692901 -0.22084731 6
-0.017721986 -1.9714885 0.44675222 96
0.30919614 -1.7586093 0.46849838 45
-0.017140044 -1.9806561 0.30783629 96
0.30671895 -1.7604297 0.34028822 53
-0.016708823 -1.9351003 0.16624957 62
0.30809 -1.7824748 0.21753179 12
-0.014262414 -1.6796205 0.028709207 14
0.3413831 -1.9802716 0.10349435 40
-0.017146854 -1.9447347 -0.10009251 60
0.340253 -1.9778385 -0.034424871 45
-0.015305584 -1.6676344 -0.2001901 27
0.33721137 -1.9584438 -0.17048445 18
-0.010262879 -1.1220731 -0.2111312 36
0.29105034 -1.6889099 -0.26564553 15
-0.0096313003 -0.98640877 -0.25460461 12
0.16698124 -0.97541976 -0.22028536 6
-0.020790711 -1.9690224 0.44619027 96
0.30402532 -1.7472553 0.46526733 32
-0.0205689 -1.9781541 0.30744565 96
0.30237633 -1.7537102 0.33885843 47
-0.020199193 -1.9450293 0.16712113 60
0.30497852 -1.7830098 0.21753179 12
-0.017080452 -1.669595 0.028534682 16
0.33750093 -1.9784043 0.10336351 43
-0.020425996 -1.9347161 -0.099569149 62
0.3376506 -1.9833559 -0.034512132 42
-0.018186249 -1.6651237 -0.19988585 28
0.33464053 -1.9639376 -0.17091937 18
-0.012128734 -1.1146916 -0.20970143 37
0.29021004 -1.7015806 -0.26759881 14
-0.011450259 -0.993635 -0.25654325 12
0.16402461 -0.96851003 -0.21859951 6
-0.031485029 -1.9713167 0.44675222 96
0.2969113 -1.760725 0.46849838 26
-0.03072146 -1.9656745 0.30549237 95
0.29318982 -1.7552693 0.33885843 36
-0.030259145 -1.9374267 0.16646747 60
0.29440349 -1.7772412 0.21661907 11
-0.02594649 -1.6769806 0.028665574 16
0.32672498 -1.977682 0.10323267 39
-0.030639477 -1.939575 -0.099830829 59
0.32643694 -1.9801658 -0.034424871 43
-0.026904527 -1.6650058 -0.19988585 25
0.32394177 -1.9632066 -0.17070192 19
-0.018008739 -1.1170665 -0.21017802 38
0.28088781 -1.7006414 -0.26720816 14
-0.016517442 -0.98631752 -0.25460461 14
0.15814044 -0.96455151 -0.21747561 6
-0.034626592 -1.9737005 0.44731417 98
0.29262704 -1.7540973 0.46655974 28
-0.034287911 -1.9730246 0.30666435 95
0.2909385 -1.7606189 0.33981162 37
-0.033731822 -1.942351 0.16690324 58
0.29252341 -1.7850955 0.21753179 12
-0.028919138 -1.679432 0.028709207 16
0.32368097 -1.9807122 0.10336351 40
-0.033932254 -1.9345263 -0.099569149 60
0.32216474 -1.9758003 -0.034337606 44
-0.029904876 -1.6699182 -0.20049432 12
0.32092163 -1.966226 -0.17091937 19
-0.019910391 -1.1145798 -0.20970143 38
0.27791923 -1.7011291 -0.26720816 15
-0.018090928 -0.9790436 -0.252666 15
0.15605552 -0.96242326 -0.21691366 6
-0.045130052 -1.9661782 0.44562832 96
0.28226534 -1.748456 0.46462116 29
-0.044385422 -1.9629437 0.30510172 96
0.28210962 -1.7645406 0.34028822 35
-0.043784089 -1.9371681 0.16646747 60
0.28198895 -1.7792532 0.21661907 12
-0.037594404 -1.6742597 0.028621946 16
0.31330559 -1.9823798 0.10336351 42
-0.04417941 -1.9393139 -0.099830829 61
0.31299981 -1.9848647 -0.034468498 43
-0.038467519 -1.6622968 -0.19958161 25
0.31062213 -1.9678795 -0.17091937 18
-0.025928466 -1.1218204 -0.2111312 35
0.26861656 -1.7001231 -0.26681751 15
-0.02340278 -0.98617816 -0.25460461 16
0.15062551 -0.96082234 -0.2163517 6
-0.048156392 -1.9636695 0.44506633 96
0.2796002 -1.7513299 0.46526733 29
-0.047686368 -1.9579262 0.30432039 8
nan nan nan 0
-0.047291055 -1.9420682 0.16690324 60
0.27927345 -1.7821931 0.2169233 12
-0.040642984 -1.6791892 0.028709207 18
0.3082813 -1.9730605 0.10284015 42
-0.047564082 -1.9392338 -0.099830829 63
0.30797273 -1.9755322 -0.034293976 45
-0.041497756 -1.6671882 -0.2001901 25
0.30757666 -1.9708785 -0.17113683 19
nan nan nan 0
0.26564887 -1.7005893 -0.26681751 16
-0.024925446 -0.97889346 -0.252666 16
0.14933279 -0.96348929 -0.21691366 6
-0.058855355 -1.9658153 0.44562832 96
0.27042645 -1.7527698 0.46526733 30
-0.056429174 -1.9082869 0.2965073 2
nan nan nan 0
-0.057382945 -1.9393046 0.16668536 62
0.26993811 -1.783631 0.2169233 12
-0.049205594 -1.6714579 0.028578313 19
0.29832429 -1.9771155 0.10297099 39
-0.057717185 -1.9389582 -0.099830829 71
0.29686934 -1.9721758 -0.034206714 43
-0.049916483 -1.6570271 -0.19897313 25
0.29574612 -1.9626144 -0.17026702 19
nan nan nan 0
0.25711578 -1.7043974 -0.26720816 16
-0.030523397 -0.99323207 -0.25654325 16
0.1439141 -0.96185052 -0.2163517 6
-0.061389703 -1.9486771 0.44169462 95
0.2666263 -1.7484661 0.46397492 36
-0.059919108 -1.9131215 0.2972886 2
0.30134183 -1.992527 0.38461146 62
-0.060767587 -1.9392014 0.16668536 58
0.26607826 -1.779193 0.21631482 12
-0.052445542 -1.6813627 0.028752837 21
0.2930043 -1.9652909 0.10231679 40
-0.060939156 -1.933864 -0.099569149 71
0.29305345 -1.9702195 -0.034163084 46
-0.052972145 -1.6618978 -0.19958161 29
0.29269266 -1.9655901 -0.17048445 18
-0.039581612 -1.2368318 -0.23353115 8
0.25302911 -1.6975198 -0.26603618 17
-0.031675726 -0.97628194 -0.25201979 16
0.14039697 -0.95005959 -0.21354194 6
-0.065844342 -1.7876543 0.40460578 51
0.25639433 -1.742673 0.46203631 65
-0.069379501 -1.8979762 0.29494467 6
0.29522228 -2.0232091 0.39033058 96
-0.070826918 -1.936368 0.16646747 57
0.25820023 -1.7903821 0.21753179 12
-0.060967058 -1.6735716 0.028621946 21
0.28343177 -1.9717389 0.10257847 35
-0.070875756 -1.9285288 -0.09930747 71
0.28273344 -1.9717268 -0.034163084 38
-0.061578233 -1.6591179 -0.19927737 29
0.28059933 -1.9547735 -0.16939719 15
-0.046057075 -1.2366076 -0.23353115 8
0.2440758 -1.6963354 -0.26564553 17
-0.037169695 -0.98575526 -0.25460461 17
0.1343555 -0.94355166 -0.21185608 7
-0.067979857 -1.7705097 0.40067211 82
0.2533524 -1.7431178 0.46203631 61
-0.07168515 -1.8805931 0.2922101 8
0.29097959 -2.0188651 0.38937744 96
-0.074010849 -1.9312642 0.16603169 59
0.25431812 -1.7834187 0.21661907 8
-0.064084165 -1.678458 0.028709207 22
0.28247586 -1.9870071 0.10336351 8
-0.074536927 -1.9358861 -0.099699996 65
0.27964777 -1.9746914 -0.034206714 9
-0.064579159 -1.668937 -0.20049432 29
0.27683192 -1.9527953 -0.16917974 7
-0.048215296 -1.2365253 -0.23353115 10
0.24040696 -1.6918713 -0.26486424 18
-0.038790237 -0.98327595 -0.2539584 17
0.13427815 -0.95340383 -0.21410389 6
-0.078119703 -1.7895982 0.40516773 78
0.24555108 -1.7515502 0.46397492 45
nan nan nan 0
0.28041422 -2.0178816 0.38890082 96
-0.083453752 -1.9234009 0.16537802 60
nan nan nan 0
-0.072800294 -1.6831064 0.02879647 23
nan nan nan 0
-0.08444912 -1.9304812 -0.099438317 70
nan nan nan 0
-0.07331676 -1.668576 -0.20049432 28
nan nan nan 0
-0.054026239 -1.226459 -0.23162474 16
0.23222728 -1.697998 -0.26564553 18
-0.043878604 -0.98547941 -0.25460461 12
0.1275913 -0.94203198 -0.21129413 5
nan nan nan 0
0.24181896 -1.7471933 0.46268252 36
-0.080262862 -1.7813802 0.27658388 30
0.27721685 -2.0232778 0.38985398 96
-0.086810596 -1.9232522 0.16537802 55
nan nan nan 0
-0.075800359 -1.6779697 0.028709207 23
nan nan nan 0
-0.087702438 -1.9278369 -0.09930747 69
nan nan nan 0
-0.075996816 -1.663488 -0.19988585 28
nan nan nan 0
-0.056398805 -1.2312658 -0.23257795 10
0.2272424 -1.6837236 -0.26330161 20
-0.045653801 -0.9829812 -0.2539584 16
nan nan nan 0
nan nan nan 0
0.23398432 -1.760442 0.46591356 34
-0.09447474 -1.8696964 0.29064748 9
0.26596752 -2.0198367 0.38890082 96
-0.097086899 -1.9202672 0.16516013 60
nan nan nan 0
-0.084327824 -1.6725572 0.028621946 24
nan nan nan 0
-0.098311 -1.9373242 -0.099830829 70
nan nan nan 0
-0.084607691 -1.6556183 -0.19897313 29
nan nan nan 0
-0.062801138 -1.226041 -0.23162474 15
0.21780573 -1.6824806 -0.26291096 20
-0.050800029 -0.98272866 -0.2539584 14
nan nan nan 0
-0.09477403 -1.8083088 0.40966335 39
0.235715 -1.7967533 0.47560659 35
-0.096423976 -1.8448707 0.2867409 9
0.26115546 -2.010566 0.38699445 96
-0.10017323 -1.915121 0.16472435 60
nan nan nan 0
-0.086847857 -1.6649191 0.028491052 26
nan nan nan 0
-0.10129231 -1.9296708 -0.099438317 65
nan nan nan 0
-0.086962126 -1.6455569 -0.19775617 30
nan nan nan 0
-0.064673744 -1.2210284 -0.23067155 16
0.21518819 -1.6853065 -0.26330161 21
-0.052381583 -0.98022711 -0.2533122 16
0.12332372 -0.97452915 -0.21859951 2
-0.10527248 -1.8199286 0.41247311 56
0.22815026 -1.8123349 0.47948381 35
-0.10564946 -1.8369454 0.28556895 9
0.24938917 -2.002167 0.38508809 96
-0.11005382 -1.9120839 0.16450647 63
nan nan nan 0
-0.094979867 -1.6544602 0.028316528 28
nan nan nan 0
-0.11095564 -1.9216371 -0.099045791 72
nan nan nan 0
-0.095723741 -1.6475562 -0.19806041 32
nan nan nan 0
-0.070773311 -1.2157735 -0.22971837 12
0.20574808 -1.6815099 -0.26252028 23
-0.0575133 -0.97993946 -0.2533122 15
0.11791496 -0.97274458 -0.21803756 3
-0.10710196 -1.80274 0.40853944 53
0.22923611 -1.8462731 0.48853073 33
-0.10944974 -1.8466175 0.28713158 12
0.24558972 -2.000164 0.38461146 94
-0.11354074 -1.9143749 0.16472435 62
nan nan nan 0
-0.097867295 -1.654292 0.028316528 30
nan nan nan 0
-0.11506272 -1.9339006 -0.099699996 70
nan nan nan 0
-0.097692795 -1.6325257 -0.19623497 31
nan nan nan 0
-0.072895125 -1.2156482 -0.22971837 18
0.20251077 -1.6794156 -0.26212963 23
-0.059373908 -0.98224795 -0.2539584 15
0.11801854 -0.98745358 -0.22140926 4
-0.1168541 -1.8021342 0.40853944 44
nan nan nan 0
-0.12040906 -1.865731 0.29025683 12
0.23307057 -1.9843655 0.38127533 63
-0.12356278 -1.9137542 0.16472435 70
0.20665088 -1.7845726 0.21601059 6
-0.10669124 -1.6562512 0.02836016 32
0.22710022 -1.9689662 0.10205511 9
-0.12485955 -1.9282893 -0.099438317 78
0.22815177 -1.9838177 -0.034250345 9
-0.10656734 -1.6369437 -0.19684345 31
0.22532828 -1.9568993 -0.16896228 7
-0.078932211 -1.2103524 -0.22876517 8
0.19458276 -1.6878097 -0.26330161 23
-0.064516112 -0.98192364 -0.2539584 15
0.11255906 -0.98563898 -0.22084731 4
-0.11984874 -1.8043787 0.4091014 46
nan nan nan 0
-0.121344 -1.831026 0.28478765 6
0.23162007 -2.0018299 0.38461146 95
-0.12656827 -1.9085659 0.16428858 69
0.20411061 -1.7898599 0.21661907 6
-0.10924611 -1.6510744 0.028272897 33
0.22481292 -1.9792794 0.10257847 9
-0.12856098 -1.9330502 -0.099699996 72
0.22612332 -1.9966284 -0.034468498 8
-0.11043423 -1.6516095 -0.19866888 29
0.22305751 -1.9671855 -0.1698321 8
nan nan nan 0
0.1910665 -1.6832414 -0.26252028 24
-0.06622979 -0.9818095 -0.2539584 15
0.11083861 -0.98583394 -0.22084731 4
-0.13049525 -1.8158518 0.41191116 34
nan nan nan 0
nan nan nan 0
0.22086054 -2.0005765 0.38413486 95
-0.13692018 -1.9128449 0.16472435 71
0.19638288 -1.8057013 0.21844451 6
-0.11897494 -1.6654382 0.028534682 35
0.21389762 -1.9754665 0.10231679 9
-0.13849948 -1.9298605 -0.099569149 78
0.21457051 -1.9878467 -0.034293976 9
-0.11763007 -1.6312103 -0.19623497 26
0.21302766 -1.9708019 -0.17004955 8
nan nan nan 0
0.18225048 -1.6842185 -0.26252028 26
-0.070650339 -0.97181594 -0.25137359 14
0.1064874 -0.99366355 -0.22253317 3
-0.1318998 -1.7962104 0.40741554 34
0.21396729 -1.9428895 0.51373267 94
-0.14290768 -1.9483342 0.3035391 3
0.21790974 -2.0058374 0.38508809 95
-0.13988939 -1.9076358 0.16428858 59
0.19458175 -1.8183746 0.21996571 6
-0.12169624 -1.6627352 0.028491052 50
0.2093692 -1.9659091 0.10179343 9
-0.14168207 -1.9271263 -0.099438317 79
0.21137027 -1.9907032 -0.034337606 9
nan nan nan 0
0.20985658 -1.9736466 -0.17026702 8
nan nan nan 0
0.17877476 -1.6796247 -0.26173899 27
-0.073266454 -0.98373121 -0.25460461 16
0.10395356 -0.98658365 -0.22084731 3
-0.14219853 -1.8027552 0.4091014 42
0.20688111 -1.9727985 0.52148712 58
-0.15369479 -1.9549437 0.30471104 4
0.20688862 -2.0020695 0.38413486 95
-0.15007335 -1.9093597 0.16450647 67
0.18402924 -1.8094964 0.21874875 6
-0.13079719 -1.6670587 0.028578313 51
0.19984409 -1.9744284 0.10218595 9
-0.15216745 -1.9313352 -0.099699996 79
0.19966155 -1.9793504 -0.034119453 9
nan nan nan 0
0.19926378 -1.9722412 -0.17004955 7
-0.095823683 -1.2091323 -0.22876517 4
0.16972277 -1.6780818 -0.26134834 28
-0.077826373 -0.97611308 -0.252666 14
0.10030915 -1.0016512 -0.22421904 2
-0.14582175 -1.8122413 0.41134921 42
nan nan nan 0
-0.15730676 -1.9571338 0.30510172 7
nan nan nan 0
-0.15421319 -1.9190241 0.16537802 75
0.18213537 -1.8221571 0.22026995 6
-0.13411184 -1.6718107 0.028665574 53
0.19614503 -1.9722903 0.10205511 9
-0.1551324 -1.9260901 -0.099438317 78
0.19696316 -1.9871566 -0.034250345 8
-0.11278855 -1.3976493 -0.16763638 37
0.19556957 -1.9701082 -0.1698321 7
-0.097328044 -1.2016258 -0.22733541 9
0.16804779 -1.6906579 -0.26330161 27
-0.079931542 -0.98078912 -0.2539584 16
0.098061666 -0.99697828 -0.22309513 2
-0.15689099 -1.8259871 0.41472092 29
0.17601375 -1.8035806 0.47560659 35
-0.16733901 -1.953823 0.30471104 83
0.17629403 -1.8349457 0.3512499 48
-0.16404411 -1.9157093 0.16516013 68
0.17283212 -1.8255556 0.2205742 6
-0.14264786 -1.6685953 0.028621946 55
0.18629494 -1.9782604 0.10231679 9
-0.16543105 -1.9277385 -0.099569149 80
0.18583833 -1.9806961 -0.034119453 9
nan nan nan 0
0.18501277 -1.968626 -0.16961464 7
nan nan nan 0
0.15871736 -1.6865991 -0.26252028 30
-0.083998695 -0.96832919 -0.25072739 17
0.093787655 -1.0071759 -0.22534293 2
nan nan nan 0
0.17215613 -1.7966748 0.47366801 39
-0.17096621 -1.9559878 0.30510172 96
0.17403717 -1.8450215 0.35315627 58
-0.16694896 -1.9104583 0.16472435 68
0.1703527 -1.8332652 0.22148691 5
-0.14555988 -1.6683438 0.028621946 67
0.18284194 -1.9785825 0.10231679 9
-0.16791455 -1.9174995 -0.099045791 83
0.18238108 -1.9810174 -0.034119453 9
-0.14257705 -1.6217467 -0.19532226 33
0.18204536 -1.973905 -0.17004955 7
nan nan nan 0
0.15530612 -1.681957 -0.26173899 31
-0.086123861 -0.97299153 -0.25201979 16
0.091099121 -0.99763852 -0.22309513 2
-0.17921004 -1.9267113 0.43832293 95
0.16319427 -1.8023609 0.47496042 36
-0.18051462 -1.9476902 0.30392975 96
0.1630321 -1.8312438 0.35029671 58
-0.17718197 -1.9120377 0.16494223 74
0.16030596 -1.8291892 0.22087842 5
-0.15406021 -1.6650701 0.028578313 84
0.17114547 -1.9645929 0.10153175 9
-0.17818542 -1.9190798 -0.099176638 82
0.1717843 -1.9794556 -0.034075823 9
-0.1508334 -1.6185074 -0.19501801 33
0.17237176 -1.982273 -0.17070192 7
-0.11988254 -1.2834152 -0.2435396 3
0.14649731 -1.6827472 -0.26173899 31
-0.090987019 -0.97012317 -0.25137359 17
0.088733435 -1.0296408 -0.23040052 2
-0.18223628 -1.9264275 0.43832293 83
0.15916944 -1.7930229 0.4723756 32
-0.18438274 -1.9522884 0.30471104 98
0.16268845 -1.8633019 0.35649243 7
-0.18051882 -1.9117255 0.16494223 68
0.15689476 -1.8269943 0.2205742 5
-0.15720348 -1.667287 0.028621946 90
0.16815239 -1.9698626 0.10179343 9
-0.18129703 -1.9162806 -0.099045791 82
0.16767696 -1.9722819 -0.033944927 9
-0.15555722 -1.6380019 -0.19745193 32
0.16760938 -1.9676846 -0.16939719 7
-0.13203739 -1.3858004 -0.26355657 9
0.14377666 -1.6854601 -0.26212963 31
-0.09338329 -0.97717381 -0.2533122 14
0.087151945 -1.0322206 -0.23096247 3
-0.18555424 -1.8551264 0.42202631 70
nan nan nan 0
-0.19484973 -1.9537532 0.30510172 96
0.14590433 -1.7809832 0.34028822 8
-0.19002706 -1.9057982 0.16450647 68
0.14732653 -1.8277909 0.2205742 4
-0.16467902 -1.6540058 0.028403789 95
0.15701596 -1.9607636 0.10127007 9
-0.19082698 -1.9103371 -0.098784111 82
0.1571435 -1.9706415 -0.033901297 9
-0.16438195 -1.6396338 -0.19775617 32
0.15771249 -1.9734995 -0.1698321 7
-0.13730071 -1.365558 -0.25974381 9
0.13474606 -1.6837289 -0.26173899 31
-0.097757481 -0.96946436 -0.25137359 18
0.082761049 -1.0448005 -0.23377222 3
-0.18946289 -1.8645258 0.42427412 70
nan nan nan 0
-0.19800769 -1.9509536 0.30471104 96
0.14320044 -1.7861267 0.34124142 8
-0.19360684 -1.9079411 0.16472435 70
0.14393505 -1.8255719 0.22026995 4
-0.16731077 -1.6512293 0.02836016 96
0.15419552 -1.9685 0.10166259 9
-0.19365108 -1.9050342 -0.098522432 87
0.15390386 -1.9734044 -0.033944927 9
-0.16775267 -1.644281 -0.19836466 31
0.15446758 -1.9762543 -0.17004955 7
-0.14246817 -1.3921679 -0.26498634 9
0.13180719 -1.6839615 -0.26173899 32
-0.10020293 -0.97649807 -0.2533122 16
0.082924969 -1.0692223 -0.23939174 3
-0.20007177 -1.8683172 0.42539802 70
0.13934572 -1.8213164 0.47948381 31
-0.20848465 -1.9523453 0.30510172 96
0.13119254 -1.7525966 0.3345691 35
-0.20332728 -1.904425 0.16450647 68
0.13418624 -1.8238262 0.21996571 4
-0.17622206 -1.6528158 0.028403789 95
0.14332354 -1.9618119 0.10127007 9
-0.2041589 -1.9089583 -0.098784111 84
0.14300814 -1.9667054 -0.033814035 9
-0.17528954 -1.6335123 -0.1971477 33
0.14318419 -1.9646183 -0.16896228 8
-0.15028736 -1.3962823 -0.26593953 8
0.12298821 -1.6846285 -0.26173899 30
-0.10531446 -0.97596002 -0.2533122 16
0.078255631 -1.0817865 -0.24220152 5
-0.20327191 -1.8704222 0.42595997 43
0.13337494 -1.7854391 0.46979079 34
-0.21189182 -1.9519784 0.30510172 96
0.12776288 -1.7479286 0.3336159 42
-0.20665082 -1.9040673 0.16450647 71
0.13081896 -1.821583 0.21966147 5
-0.17937863 -1.6549906 0.028447421 98
0.14026587 -1.9670388 0.10153175 9
-0.20667368 -1.9011542 -0.098391593 82
0.13975801 -1.969445 -0.033857666 9
-0.1778684 -1.6307373 -0.19684345 34
0.14011988 -1.9698329 -0.16939719 8
-0.15434502 -1.4106534 -0.2687991 8
0.11931926 -1.6749904 -0.26017636 30
-0.10594589 -0.96617424 -0.25072739 17
0.07800366 -1.1037844 -0.2472591 5
-0.21283141 -1.8644551 0.42483607 91
0.12454513 -1.7933394 0.47172937 57
-0.22182773 -1.9483889 0.30471104 98
0.11774667 -1.7363331 0.33123294 43
-0.21633355 -1.900485 0.16428858 65
0.12093756 -1.817292 0.21905299 4
-0.18690109 -1.6440954 0.028272897 96
0.12962413 -1.9627646 0.10127007 9
-0.21748085 -1.9074866 -0.098784111 80
0.12893541 -1.9626682 -0.033726774 9
-0.18583488 -1.6248536 -0.19623497 33
0.12946521 -1.9655702 -0.16896228 8
-0.16059735 -1.4000747 -0.26689273 7
0.11122439 -1.6854461 -0.26173899 32
-0.11128379 -0.96800494 -0.25137359 16
0.073406771 -1.1211888 -0.25119275 6
-0.21547727 -1.8616987 0.42427412 91
0.11972193 -1.7694629 0.46526733 50
-0.22551392 -1.9504515 0.30510172 98
0.11707084 -1.7708133 0.33790523 67
-0.2205154 -1.9075257 0.16494223 70
0.11709914 -1.807597 0.21783602 4
-0.19092818 -1.653698 0.028447421 101
0.12603235 -1.9604969 0.10113923 9
-0.2205202 -1.9046243 -0.098653272 83
0.12468358 -1.9504194 -0.033508617 9
-0.18924865 -1.6294558 -0.19684345 33
0.12636454 -1.9707632 -0.16939719 8
-0.16332786 -1.4022294 -0.2673693 7
0.10811763 -1.683174 -0.26134834 32
-0.11268842 -0.96541107 -0.25072739 16
0.073098198 -1.1456195 -0.25681227 8
-0.22377318 -1.8459976 0.4209024 39
0.11186564 -1.7917551 0.47108319 34
-0.23482694 -1.9418906 0.30392975 96
0.10702043 -1.7591559 0.33552229 44
-0.22989739 -1.9014006 0.16450647 75
0.10794032 -1.8131388 0.21844451 4
-0.19837441 -1.6427505 0.028272897 100
0.11484846 -1.9461784 0.10035419 9
-0.23018716 -1.9009655 -0.098522432 83
0.11370874 -1.9385706 -0.033290461 9
-0.19777784 -1.6284426 -0.19684345 33
0.11528376 -1.9589684 -0.16830991 8
-0.16976786 -1.3940479 -0.26593953 7
0.099303111 -1.6837171 -0.26134834 32
-0.11803897 -0.96720445 -0.25137359 15
0.067098774 -1.1459866 -0.25681227 9
-0.22517554 -1.8335562 0.41809264 39
0.10858579 -1.7895373 0.47043696 34
-0.23851889 -1.9439285 0.30432039 96
0.10440328 -1.7666886 0.33695206 49
-0.2332156 -1.9009964 0.16450647 69
0.10387968 -1.7984629 0.21661907 4
-0.20216161 -1.6498439 0.028403789 100
0.11145156 -1.9463758 0.10035419 9
-0.23411833 -1.905516 -0.098784111 82
0.11017732 -1.9362708 -0.033246834 9
-0.20031343 -1.6256325 -0.19653921 33
0.11156913 -1.9541944 -0.16787501 8
-0.17280905 -1.3986199 -0.26689273 7
0.096068844 -1.6789581 -0.26056704 33
-0.12063117 -0.97418541 -0.2533122 16
0.064802811 -1.1412389 -0.25568837 9
-0.23384276 -1.8226472 0.41584483 36
0.098515041 -1.7780265 0.46720597 34
-0.24869396 -1.9426529 0.30432039 96
0.094874971 -1.7623105 0.33599886 44
-0.24316597 -1.8997493 0.16450647 71
nan nan nan 0
-0.20983803 -1.6413256 0.028272897 101
0.099362627 -1.9120324 0.098522432 9
-0.24441217 -1.9067402 -0.098914951 83
nan nan nan 0
-0.20850328 -1.6221006 -0.19623497 30
0.10093146 -1.9472911 -0.16722265 7
-0.1801298 -1.397696 -0.26689273 7
0.087411389 -1.6819036 -0.26095769 32
-0.12667224 -0.9807241 -0.25525081 15
0.059637245 -1.1561562 -0.25906011 9
-0.23385896 -1.8005391 0.41078725 36
0.095275998 -1.7757844 0.46655974 20
-0.25208417 -1.9422158 0.30432039 96
0.092335016 -1.7722752 0.33790523 39
-0.24745005 -1.9067304 0.16516013 70
0.084456064 -1.6702932 0.20079857 9
-0.21302646 -1.6434352 0.028316528 100
0.08278469 -1.6603969 0.085307606 47
-0.2480638 -1.9087861 -0.099045791 81
0.082184367 -1.6599128 -0.028403789 98
nan nan nan 0
0.082934104 -1.6689076 -0.14286771 15
-0.18289012 -1.3998123 -0.2673693 7
0.084345259 -1.6795878 -0.26056704 33
-0.12679297 -0.96853155 -0.25201979 15
0.056441285 -1.134366 -0.25400251 9
-0.24129196 -1.7823517 0.40685359 56
0.084992543 -1.7569638 0.46139011 25
-0.26258305 -1.943316 0.30471104 95
0.08256951 -1.7629299 0.33599886 23
-0.25608686 -1.8955376 0.16428858 70
0.075471207 -1.6657554 0.2001901 9
-0.22162852 -1.6422974 0.028316528 100
0.073617615 -1.6508324 0.084784247 95
-0.25670636 -1.8975662 -0.098522432 82
0.073843941 -1.667811 -0.028534682 113
nan nan nan 0
0.073256075 -1.649417 -0.14112808 70
-0.18921524 -1.3915417 -0.26593953 7
0.075432226 -1.6775398 -0.26017636 34
-0.13252379 -0.97263896 -0.2533122 17
0.050146561 -1.1273464 -0.25231665 10
-0.24475762 -1.7867969 0.40797749 37
nan nan nan 0
-0.2656371 -1.9404087 0.30432039 12
nan nan nan 0
-0.25973493 -1.8975549 0.16450647 74
0.071760707 -1.6485332 0.19806041 24
-0.22483593 -1.6443843 0.02836016 100
0.07084994 -1.6534523 0.084915087 22
-0.26001787 -1.8971153 -0.098522432 82
0.070142269 -1.650458 -0.028229265 74
nan nan nan 0
0.070942074 -1.6619823 -0.14221536 25
-0.19198181 -1.3936399 -0.26641613 7
0.07250426 -1.6776689 -0.26017636 34
-0.13321659 -0.96523106 -0.25137359 16
0.047267675 -1.1079655 -0.24782103 34
-0.25095966 -1.7613335 0.40235797 33
nan nan nan 0
-0.24813871 -1.7458876 0.27345866 5
nan nan nan 0
-0.26931384 -1.8937037 0.16428858 80
0.064043783 -1.6712004 0.20079857 5
-0.23273407 -1.6382358 0.028272897 100
0.062493443 -1.6612843 0.085307606 22
-0.27136496 -1.9056131 -0.099045791 81
0.061599445 -1.6533 -0.028272897 8
nan nan nan 0
0.062838718 -1.6772621 -0.14352009 4
-0.19822359 -1.3853289 -0.26498634 7
0.063919827 -1.68296 -0.26095769 34
-0.13896345 -0.96930021 -0.252666 15
0.040959958 -1.0960282 -0.24501128 38
-0.25302607 -1.7561157 0.40123406 33
0.07679525 -1.9265405 0.5066244 90
-0.24870522 -1.7283456 0.27072406 7
0.071871452 -1.8788329 0.3583988 7
-0.27226123 -1.890766 0.16407068 75
0.061126895 -1.6713096 0.20079857 6
-0.23559298 -1.637827 0.028272897 101
0.059882671 -1.6688749 0.085700125 7
-0.27361444 -1.8977245 -0.098653272 82
0.059286915 -1.6683918 -0.028534682 10
-0.23359862 -1.6161699 -0.19593073 35
0.060006857 -1.6798577 -0.14373754 5
-0.20099626 -1.3874092 -0.26546293 6
0.061078496 -1.6855366 -0.26134834 32
-0.14100653 -0.97144544 -0.2533122 16
0.038368583 -1.0790594 -0.24107762 8
-0.26143482 -1.7474945 0.3995482 40
0.066349551 -1.9172628 0.50403959 90
-0.25995407 -1.7416707 0.27306798 8
0.062902294 -1.9037097 0.36316475 27
-0.28437907 -1.9040912 0.16537802 80
0.056512505 -1.7931257 0.21570633 7
-0.24453697 -1.6390429 0.028316528 102
nan nan nan 0
-0.28391871 -1.8987346 -0.098784111 83
nan nan nan 0
-0.24391079 -1.6271926 -0.19745193 35
nan nan nan 0
-0.20862575 -1.3887643 -0.26593953 6
0.051919598 -1.6759616 -0.25978571 33
-0.14572699 -0.96830642 -0.252666 17
0.032549806 -1.0743762 -0.23995371 33
-0.26307908 -1.7398568 0.39786234 34
0.062577561 -1.9053079 0.5008086 35
-0.26150793 -1.7314496 0.27150536 9
0.059910204 -1.9136277 0.36507112 27
-0.28657818 -1.8962057 0.16472435 80
0.053863473 -1.8081024 0.21753179 19
-0.24626945 -1.6312002 0.028185636 101
0.053907908 -1.8489159 0.095120601 13
-0.28723219 -1.8982362 -0.098784111 85
0.053415824 -1.8536466 -0.031763379 16
-0.24712533 -1.6292174 -0.19775617 35
0.053206313 -1.8370614 -0.15743718 15
-0.21179344 -1.3932496 -0.26689273 6
0.049073268 -1.6785177 -0.26017636 33
-0.14668034 -0.96327698 -0.25137359 16
0.030994287 -1.0841703 -0.24220152 56
-0.27248871 -1.7384081 0.39786234 71
0.052165661 -1.8911259 0.49693137 31
-0.26903358 -1.7202998 0.26994276 11
0.050238747 -1.926181 0.36745411 35
-0.29766506 -1.9020597 0.16537802 77
0.044865418 -1.8257233 0.21966147 16
-0.25558472 -1.6348267 0.028272897 100
0.045344714 -1.8916 0.097344875 13
-0.2963897 -1.8917741 -0.098522432 85
0.044749409 -1.8938814 -0.032461476 16
-0.25642794 -1.632803 -0.19836466 35
nan nan nan 0
-0.21793126 -1.38485 -0.26546293 6
0.040283944 -1.6787517 -0.26017636 33
-0.15286414 -0.96965027 -0.2533122 16
0.025250016 -1.0818825 -0.24163955 63
-0.27253386 -1.7211384 0.39392868 70
0.048591845 -1.8815575 0.49434653 31
-0.27203563 -1.7198277 0.26994276 11
0.047401063 -1.945892 0.37126684 43
-0.29980913 -1.8941587 0.16472435 80
0.041553285 -1.8208376 0.21905299 15
-0.25843766 -1.6343781 0.028272897 100
0.042903233 -1.9266176 0.099176638 27
-0.29851159 -1.8838576 -0.098129913 84
0.042171516 -1.9239433 -0.032985047 31
-0.25927734 -1.6323529 -0.19836466 34
0.042448882 -1.9220407 -0.16483064 28
-0.22073692 -1.3868906 -0.26593953 6
0.037353907 -1.6788194 -0.26017636 33
-0.15494113 -0.97176623 -0.2539584 16
0.023110066 -1.0721842 -0.23939174 50
-0.2814455 -1.7172353 0.39336672 46
0.038294345 -1.8624711 0.4891769 36
-0.28183919 -1.7232527 0.27072406 15
0.038160045 -1.9902779 0.37984553 95
-0.30769962 -1.880276 0.16363491 76
0.032068677 -1.8235112 0.21935724 15
-0.26699165 -1.6330024 0.028272897 100
0.033153493 -1.9442886 0.10009251 41
-0.30837134 -1.8822688 -0.098129913 82
0.03238254 -1.9391326 -0.033246834 45
-0.26701102 -1.6260767 -0.19775617 35
0.032527994 -1.9297067 -0.165483 35
-0.22759394 -1.3832949 -0.26546293 6
0.028368371 -1.6691167 -0.25861374 33
-0.15962981 -0.96855944 -0.2533122 16
0.017646331 -1.079597 -0.24107762 68
-0.28133988 -1.6999707 0.38943306 67
0.035095081 -1.8649496 0.48982313 36
-0.28565726 -1.7276297 0.27150536 12
0.034686293 -1.9903414 0.37984553 95
-0.3113898 -1.882193 0.1638528 75
0.028886005 -1.8235644 0.21935724 15
-0.27066219 -1.6374655 0.02836016 96
0.02976002 -1.9443434 0.10009251 63
-0.30919403 -1.8669521 -0.097344875 89
0.029170822 -1.9491832 -0.033421356 72
-0.27025777 -1.6280556 -0.19806041 34
0.029116509 -1.9272705 -0.16526555 44
-0.22879019 -1.3756344 -0.26403317 6
0.025588334 -1.6765703 -0.25978571 33
-0.16132002 -0.96827936 -0.2533122 15
0.015670223 -1.0747551 -0.23995371 76
-0.29094684 -1.7008244 0.38999504 45
0.025368566 -1.8675224 0.49046931 35
-0.29469913 -1.7261102 0.27150536 10
0.024228914 -1.9880419 0.37936896 95
-0.32039711 -1.8756276 0.16341703 74
0.019337488 -1.8236907 0.21935724 14
-0.27923217 -1.6360258 0.02836016 96
0.019579098 -1.9444727 0.10009251 60
-0.32108119 -1.8776096 -0.097999074 83
0.018934466 -1.9468096 -0.033377726 71
-0.27709076 -1.616837 -0.19684345 32
0.019024992 -1.9273965 -0.16526555 44
-0.2364084 -1.3768358 -0.26450974 6
0.016620763 -1.6618668 -0.25744176 32
-0.16597371 -0.96504217 -0.252666 14
0.010042629 -1.0748223 -0.23995371 71
-0.29820675 -1.7267656 0.39617649 30
0.022109088 -1.8675638 0.49046931 34
-0.30151314 -1.7474895 0.27502126 9
0.020790357 -1.990535 0.37984553 95
-0.32452232 -1.8799732 0.1638528 75
0.016154522 -1.8237215 0.21935724 14
-0.28251478 -1.6379987 0.028403789 99
0.016105587 -1.9370146 0.099699996 63
-0.32435775 -1.8770463 -0.097999074 82
0.015510877 -1.9443403 -0.033334095 70
-0.28033847 -1.6187956 -0.1971477 31
0.015661024 -1.9274267 -0.16526555 44
-0.23838827 -1.3740036 -0.26403317 6
0.013801686 -1.6693008 -0.25861374 31
-0.16807589 -0.96712959 -0.2533122 14
0.0080510527 -1.0650948 -0.2377059 67
-0.30797514 -1.7275248 0.39673844 34
0.012417961 -1.8773139 0.49305412 32
-0.31413999 -1.7653319 0.27814651 9
0.010294031 -1.9808004 0.37793916 96
-0.33128908 -1.8610876 0.16232757 75
0.0065750442 -1.8188184 0.21874875 15
-0.29064688 -1.6340365 0.02836016 98
0.0059902435 -1.9420654 0.099961676 62
-0.33594301 -1.885152 -0.098522432 35
0.0053048655 -1.9393957 -0.033246834 65
-0.28924957 -1.6197479 -0.19745193 31
0.0055688727 -1.9274824 -0.16526555 45
-0.24296664 -1.3582455 -0.26117361 5
0.0049899872 -1.6570039 -0.25666046 32
-0.1709846 -0.95435452 -0.25008118 16
0.0024579887 -1.0626864 -0.23714393 64
-0.31372562 -1.7438183 0.40067211 32
0.0092299273 -1.8894075 0.49628517 34
-0.31941757 -1.7769303 0.28009978 12
0.0068368684 -1.9808153 0.37793916 96
-0.33143464 -1.8433512 0.16080233 10
0.0034222524 -1.82379 0.21935724 15
-0.29394317 -1.6359864 0.028403789 98
0.0025640912 -1.9320867 0.099438317 64
nan nan nan 0
0.0019116866 -1.9369024 -0.0332032 64
-0.29251939 -1.621682 -0.19775617 32
0.0022047739 -1.9274892 -0.16526555 45
-0.24665581 -1.3650626 -0.26260337 5
0.0020979643 -1.6570101 -0.25666046 34
-0.17438887 -0.96355706 -0.252666 15
0.00060324854 -1.0626891 -0.23714393 64
-0.32002798 -1.7253326 0.39673844 34
-0.00065295218 -1.89426 0.49757758 38
nan nan nan 0
-0.0035347026 -1.980824 0.37793916 98
nan nan nan 0
-0.0061227614 -1.8188201 0.21874875 15
-0.30204743 -1.6319677 0.02836016 87
-0.0075562019 -1.9345701 0.099569149 62
-0.29785168 -1.6078802 -0.083868369 18
-0.0082250917 -1.9343863 -0.033159569 64
-0.3005504 -1.617689 -0.19745193 32
-0.0078744795 -1.9200027 -0.16461319 41
-0.25199071 -1.354104 -0.26069701 6
-0.0065750931 -1.6545291 -0.25626981 35
-0.17719588 -0.9507643 -0.24943499 17
-0.0049567102 -1.0504975 -0.23433419 59
-0.32679325 -1.7463737 0.40179601 34
-0.0039598998 -1.8918411 0.49693137 60
-0.36010852 -1.9251158 0.30432039 96
-0.0069948835 -1.983269 0.37841576 95
-0.30241144 -1.6182622 0.14097442 24
-0.0092841974 -1.8138437 0.21814027 16
-0.30720505 -1.6437207 0.028578313 94
-0.01094093 -1.9370507 0.099699996 65
-0.30250475 -1.6171719 -0.084391728 30
-0.011601218 -1.934369 -0.033159569 63
-0.30475423 -1.6244771 -0.19836466 27
-0.011251583 -1.9274576 -0.16526555 44
-0.25617963 -1.3633074 -0.26260337 5
-0.0094261467 -1.6421686 -0.25431654 33
-0.18020888 -0.95757109 -0.25137359 16
-0.0067901653 -1.0504873 -0.23433419 59
-0.33299229 -1.7278394 0.39786234 31
-0.013912665 -1.9014544 0.49951619 60
-0.36830723 -1.9135066 0.3027578 82
-0.017347416 -1.9782969 0.37746257 96
-0.31229961 -1.623992 0.14162809 23
-0.018859247 -1.8236957 0.21935724 15
-0.3167569 -1.6469979 0.028665574 94
-0.021061756 -1.9344702 0.099569149 62
-0.31476533 -1.635174 -0.085438445 54
-0.021773843 -1.9392806 -0.033246834 61
-0.31278268 -1.6204232 -0.19806041 21
-0.021343527 -1.9273722 -0.16526555 46
-0.2609688 -1.3499029 -0.26022041 5
-0.018064864 -1.6470354 -0.25509784 14
-0.18336539 -0.94713402 -0.24878879 16
-0.012343956 -1.0577452 -0.23602003 75
nan nan nan 0
-0.017183254 -1.8941822 0.49757758 60
-0.36786014 -1.8934727 0.29963252 91
-0.02086056 -1.9856259 0.37889233 95
-0.31656557 -1.6307774 0.14228174 23
-0.022042165 -1.8236599 0.21935724 16
-0.31819373 -1.6390827 0.028534682 73
-0.024412302 -1.9319342 0.099438317 54
-0.31426623 -1.6174709 -0.084522568 29
-0.025158493 -1.9392397 -0.033246834 63
-0.31608769 -1.6223099 -0.19836466 21
-0.024707392 -1.927332 -0.16526555 47
-0.26474437 -1.3566695 -0.26165017 5
-0.020865759 -1.6395937 -0.25392589 22
-0.18642169 -0.95392042 -0.25072739 17
-0.014212159 -1.060158 -0.236582 87
-0.36185533 -1.8090601 0.41753069 35
-0.027186874 -1.9013109 0.49951619 60
nan nan nan 0
-0.031125018 -1.9756736 0.37698597 96
-0.32706046 -1.6388646 0.14315331 7
-0.03159048 -1.8235196 0.21935724 16
nan nan nan 0
-0.034566283 -1.9342761 0.099569149 53
nan nan nan 0
-0.035232544 -1.9340829 -0.033159569 63
nan nan nan 0
-0.034720257 -1.9221958 -0.16483064 46
-0.27281606 -1.360076 -0.26260337 5
nan nan nan 0
-0.19045335 -0.9481976 -0.24943499 16
-0.019693188 -1.0551976 -0.23545809 82
-0.3690525 -1.8299766 0.42258826 37
-0.030472366 -1.8988456 0.49886999 55
-0.35165888 -1.7456497 0.27619323 22
-0.034610432 -1.9780701 0.37746257 96
-0.33041474 -1.6407323 0.14337119 18
-0.034814212 -1.8259426 0.21966147 16
nan nan nan 0
-0.037769634 -1.9242281 0.099045791 54
nan nan nan 0
-0.038475912 -1.9265206 -0.033028677 64
nan nan nan 0
-0.037988134 -1.917152 -0.16439573 45
-0.27273881 -1.3475741 -0.26022041 2
nan nan nan 0
-0.19307673 -0.95259571 -0.25072739 18
-0.021573935 -1.0575972 -0.23602003 65
-0.39832759 -1.9209604 0.44450441 95
-0.040596317 -1.9083186 0.50145477 60
-0.36230278 -1.7510371 0.27736521 22
-0.044816729 -1.9705009 0.37603277 96
-0.34255114 -1.6560477 0.14489642 14
-0.044266041 -1.8207736 0.21905299 15
-0.33972174 -1.6424147 0.028665574 14
-0.048069127 -1.9339876 0.099569149 54
-0.34723306 -1.6770592 -0.087924398 9
-0.048791166 -1.9362887 -0.0332032 61
-0.34298208 -1.6523341 -0.20262401 8
-0.048138756 -1.9219066 -0.16483064 48
nan nan nan 0
-0.041332949 -1.6589658 -0.25705114 36
-0.19557807 -0.93975472 -0.24749638 17
-0.026955586 -1.0501634 -0.23433419 41
-0.40234587 -1.9251003 0.44562832 96
-0.043678228 -1.8961722 0.49822378 55
-0.35775229 -1.7141521 0.27150536 30
-0.048255831 -1.9704198 0.37603277 95
-0.3387925 -1.6237611 0.14206386 25
-0.047560744 -1.8256551 0.21966147 16
-0.34310108 -1.6442658 0.028709207 14
-0.051565617 -1.9388924 0.099830829 57
-0.34246308 -1.6398014 -0.085961804 52
-0.052047532 -1.9312029 -0.033115938 59
-0.3473992 -1.6590176 -0.20353673 8
-0.051371347 -1.9168401 -0.16439573 50
nan nan nan 0
-0.04422833 -1.6588912 -0.25705114 36
-0.19571531 -0.93232435 -0.24555777 15
-0.028788423 -1.0501148 -0.23433419 37
-0.41121513 -1.9157515 0.44394243 98
-0.052732658 -1.8621181 0.4891769 55
-0.3672424 -1.7146695 0.27189603 31
-0.058168776 -1.9554206 0.37317321 35
nan nan nan 0
-0.057190608 -1.8278615 0.21996571 15
-0.3517057 -1.6424468 0.028709207 38
-0.061569624 -1.9336048 0.099569149 55
-0.35157022 -1.6404263 -0.086092643 33
-0.06223312 -1.9334025 -0.033159569 62
-0.35031742 -1.6304957 -0.2001901 11
-0.0616288 -1.9240131 -0.16504809 49
-0.25074172 -1.1666491 -0.22495243 4
-0.053057544 -1.6635734 -0.25783244 35
-0.20264721 -0.94072628 -0.24814259 15
-0.034492992 -1.0572547 -0.23602003 41
-0.41474113 -1.9174836 0.44450441 96
-0.056115761 -1.8668514 0.49046931 74
-0.37180626 -1.7212651 0.27306798 30
-0.056360509 -1.7762393 0.33838186 6
-0.40560487 -1.8769033 0.16494223 65
-0.060380738 -1.8277589 0.21996571 15
-0.35457179 -1.6418304 0.028709207 21
-0.065490194 -1.9509621 0.10048503 55
nan nan nan 0
-0.065607451 -1.9332908 -0.033159569 63
-0.35210627 -1.6250327 -0.19958161 24
-0.064986736 -1.9239025 -0.16504809 47
-0.30095294 -1.3867922 -0.2687991 8
-0.055960942 -1.6634783 -0.25783244 36
-0.20325404 -0.93565321 -0.24685018 17
-0.036411315 -1.0596278 -0.236582 40
-0.42457944 -1.9128339 0.44394243 96
-0.062958308 -1.7772237 0.46655974 52
-0.37813085 -1.7072433 0.27111471 31
-0.065153874 -1.7612035 0.33552229 35
-0.4154267 -1.8747538 0.16494223 80
-0.069861226 -1.8249377 0.21966147 15
-0.36207718 -1.6350715 0.028621946 37
-0.075795509 -1.9530873 0.10061587 61
-0.41839069 -1.8864883 -0.099438317 76
-0.075453088 -1.925427 -0.033028677 64
-0.35898736 -1.6159015 -0.19866888 31
-0.07496807 -1.9210471 -0.16483064 51
-0.30284807 -1.3612487 -0.26403317 9
-0.064759277 -1.6656301 -0.25822309 35
-0.20920973 -0.93928862 -0.24814259 16
-0.04213072 -1.0642917 -0.2377059 37
-0.42811748 -1.9145415 0.44450441 96
-0.065893166 -1.772284 0.46526733 59
-0.38165075 -1.70899 0.27150536 32
-0.067873076 -1.7512771 0.3336159 47
-0.42087972 -1.8837459 0.1658138 75
-0.072673872 -1.8148944 0.21844451 16
-0.36657256 -1.6417538 0.028752837 23
-0.079681195 -1.9654257 0.10127007 99
-0.4211354 -1.8833194 -0.09930747 76
-0.07871709 -1.9227947 -0.032985047 63
-0.36180711 -1.6152724 -0.19866888 31
-0.078033999 -1.9134473 -0.16417827 50
-0.30900604 -1.3774755 -0.2673693 9
-0.067759752 -1.6679821 -0.25861374 36
-0.20924732 -0.9318561 -0.24620397 17
-0.043898083 -1.0617822 -0.23714393 37
-0.43901655 -1.9145709 0.44506633 96
-0.075364031 -1.7767409 0.46655974 30
-0.38782683 -1.6949358 0.26955208 35
-0.077244736 -1.7558018 0.3345691 23
-0.42850471 -1.8718079 0.16494223 71
-0.082281671 -1.8169682 0.21874875 16
-0.37516367 -1.639812 0.028752837 23
-0.090079464 -1.9674759 0.10140091 99
-0.43099064 -1.8810885 -0.09930747 76
-0.088674225 -1.9198589 -0.032941416 64
-0.36970186 -1.610938 -0.19836466 31
-0.088051669 -1.9130125 -0.16417827 55
-0.31566134 -1.3734478 -0.26689273 8
-0.076173067 -1.6602035 -0.25744176 35
-0.21576203 -0.93780518 -0.24814259 16
-0.050074089 -1.0761409 -0.24051565 42
-0.44367483 -1.920998 0.44675222 98
-0.083078213 -1.8876027 0.49628517 57
-0.39078447 -1.6942563 0.26955208 35
-0.08073213 -1.7654717 0.33647546 21
-0.43458277 -1.883188 0.16603169 75
-0.085563146 -1.8193008 0.21905299 16
-0.37971842 -1.6464599 0.028883731 23
-0.09362603 -1.9698098 0.10153175 99
-0.43540141 -1.8851974 -0.099569149 75
-0.092138708 -1.9221984 -0.032985047 65
-0.37419894 -1.6175412 -0.19927737 30
-0.091842279 -1.9228077 -0.16504809 56
-0.31694385 -1.3681146 -0.26593953 8
-0.07895983 -1.6576011 -0.25705114 36
-0.21574776 -0.9303726 -0.24620397 15
-0.052059341 -1.0784855 -0.24107762 42
-0.4540619 -1.9185694 0.44675222 96
-0.091492504 -1.8557806 0.48788449 57
-0.39965016 -1.692187 0.26955208 77
-0.089856364 -1.7625735 0.33599886 24
-0.44271195 -1.8736172 0.16537802 71
-0.095211156 -1.8213062 0.21935724 16
-0.38717964 -1.639585 0.02879647 23
-0.10381272 -1.9667991 0.10140091 98
-0.44584313 -1.8853208 -0.099699996 72
-0.10220201 -1.9216895 -0.032985047 67
-0.38208851 -1.6131457 -0.19897313 31
-0.10165677 -1.9173257 -0.16461319 57
-0.32410285 -1.3664362 -0.26593953 7
-0.087637886 -1.6571651 -0.25705114 36
-0.2217413 -0.93392748 -0.24749638 17
-0.057945237 -1.0830643 -0.24220152 44
-0.457075 -1.9178537 0.44675222 98
-0.095902637 -1.87974 0.49434653 57
-0.40375173 -1.6962901 0.27033341 45
-0.093055382 -1.764865 0.33647546 32
-0.44713989 -1.877686 0.1658138 65
-0.098389782 -1.8211372 0.21935724 15
-0.3900407 -1.6389068 0.02879647 21
-0.1073755 -1.969108 0.10153175 98
-0.44797075 -1.8796839 -0.099438317 74
-0.10529332 -1.9165159 -0.032897785 68
-0.38374573 -1.6076505 -0.19836466 31
-0.10474229 -1.9121712 -0.16417827 58
-0.32419226 -1.356324 -0.26403317 7
-0.090530045 -1.6570095 -0.25705114 36
-0.22507091 -0.94058186 -0.24943499 15
-0.060331829 -1.092693 -0.24444932 46
-0.46628517 -1.9106208 0.44562832 96
-0.10522453 -1.869566 0.49176171 57
-0.41086715 -1.6869572 0.26916143 67
-0.10215916 -1.7619032 0.33599886 31
-0.45518944 -1.8680619 0.16516013 68
-0.10806452 -1.8230745 0.21966147 15
-0.39921072 -1.6392701 0.028840099 20
-0.11625142 -1.9435942 0.10022335 96
-0.45780659 -1.8773125 -0.099438317 76
-0.11561533 -1.9209292 -0.032985047 69
-0.39334103 -1.6104389 -0.19897313 30
-0.11446618 -1.9066238 -0.16374336 55
-0.33304819 -1.3617573 -0.26546293 7
-0.099345692 -1.6589781 -0.25744176 37
-0.22825588 -0.93235666 -0.24749638 17
-0.066325963 -1.0972264 -0.24557322 43
-0.47103649 -1.9169813 0.44731417 96
-0.10888929 -1.8766135 0.49370036 69
-0.41381082 -1.6862376 0.26916143 77
-0.10565407 -1.7690728 0.33742866 30
-0.46083379 -1.8769367 0.16603169 63
-0.11124621 -1.8228831 0.21966147 16
-0.40326792 -1.6434247 0.028927362 18
-0.11905295 -1.9334196 0.099699996 69
-0.45988625 -1.8716629 -0.099176638 72
-0.11926516 -1.9257149 -0.033072308 65
-0.39853391 -1.6193855 -0.2001901 28
-0.11838451 -1.9163656 -0.16461319 57
-0.33601481 -1.3635559 -0.26593953 7
-0.10253132 -1.6637322 -0.25822309 37
-0.22929978 -0.92961323 -0.24685018 16
-0.069087334 -1.1117005 -0.24894494 47
-0.48140138 -1.9144047 0.44731417 96
-0.11783412 -1.8615541 0.48982313 34
-0.42323786 -1.686442 0.26955208 82
-0.11445697 -1.761147 0.33599886 22
-0.47004625 -1.8720831 0.1658138 56
-0.12142113 -1.8321812 0.22087842 17
-0.40942305 -1.6315955 0.028752837 20
-0.12949599 -1.9377526 0.099961676 70
-0.47090143 -1.8740708 -0.099438317 71
-0.12869953 -1.9150865 -0.032897785 67
-0.40761578 -1.6196822 -0.20049432 28
-0.12777403 -1.9057783 -0.16374336 60
-0.34375256 -1.3641567 -0.26641613 6
-0.11032034 -1.6533349 -0.25666046 36
-0.23356876 -0.92605937 -0.24620397 16
-0.074907213 -1.1113235 -0.24894494 45
-0.48440796 -1.9136461 0.44731417 98
-0.11987656 -1.8420631 0.48465347 30
-0.42467159 -1.6809884 0.26877078 87
-0.11784476 -1.7658428 0.33695206 15
-0.47576508 -1.8809153 0.16668536 65
-0.12429896 -1.8319882 0.22087842 17
-0.41473123 -1.6405693 0.028927362 21
-0.13122293 -1.9176177 0.098914951 69
-0.47478649 -1.8756655 -0.099569149 71
-0.13237399 -1.9198471 -0.032985047 65
-0.40893531 -1.6142305 -0.19988585 29
-0.13159521 -1.9130075 -0.16439573 60
-0.3461329 -1.3635547 -0.26641613 6
-0.11320581 -1.6531398 -0.25666046 37
-0.23698279 -0.93266869 -0.24814259 16
-0.077283293 -1.1209283 -0.25119275 50
-0.49380866 -1.9087256 0.44675222 96
-0.12724252 -1.8125182 0.476899 33
-0.43222752 -1.6739613 0.26798946 90
-0.1283063 -1.7872585 0.34124142 10
-0.48652959 -1.8833045 0.16712113 64
-0.13353983 -1.8263617 0.22026995 18
-0.42491221 -1.6457078 0.029058255 18
-0.14143933 -1.9193944 0.099045791 69
-0.48522854 -1.8755703 -0.099699996 72
-0.14226817 -1.9216456 -0.033028677 67
-0.41800642 -1.6144687 -0.2001901 28
-0.14196599 -1.9172604 -0.16483064 63
-0.35426807 -1.3665348 -0.2673693 6
-0.12151036 -1.6475981 -0.25587916 37
-0.24170041 -0.93145728 -0.24814259 15
-0.08281067 -1.115648 -0.25006884 48
-0.4977558 -1.9102178 0.44731417 96
-0.12990417 -1.8050656 0.47496042 37
-0.43577257 -1.6755935 0.26838014 89
-0.13365337 -1.8139364 0.34648395 9
-0.48918641 -1.880043 0.16690324 64
-0.13636895 -1.8211761 0.21966147 16
-0.42680657 -1.6400523 0.028970992 19
-0.1447891 -1.9191446 0.099045791 73
-0.48660576 -1.8674746 -0.09930747 67
-0.14507265 -1.9139158 -0.032897785 72
-0.41956589 -1.6089358 -0.19958161 29
-0.14476481 -1.9095583 -0.16417827 60
-0.35602945 -1.3635409 -0.26689273 6
-0.12456492 -1.6498466 -0.25626981 37
-0.24410394 -0.93332684 -0.24878879 13
-0.085456081 -1.1252209 -0.25231665 45
-0.50808376 -1.9074967 0.44731417 98
-0.14020926 -1.8115612 0.476899 42
-0.444832 -1.6732112 0.26838014 85
nan nan nan 0
-0.50063622 -1.8821812 0.16733903 64
-0.14583535 -1.8154637 0.21905299 16
-0.435388 -1.6377951 0.028970992 20
-0.15497506 -1.9158443 0.098914951 76
-0.49637711 -1.8649012 -0.09930747 67
-0.15581889 -1.9180866 -0.032985047 73
-0.42826489 -1.6066422 -0.19958161 29
-0.15495661 -1.9112569 -0.16439573 61
-0.36340168 -1.3615947 -0.26689273 6
-0.13406692 -1.6565336 -0.25744176 37
-0.24961534 -0.93436784 -0.24943499 17
-0.091730587 -1.1271709 -0.25287861 38
-0.50918055 -1.8996391 0.44562832 96
-0.14226419 -1.7968659 0.47302178 32
-0.44839278 -1.674817 0.26877078 80
nan nan nan 0
-0.50262707 -1.8764944 0.16690324 64
-0.14979111 -1.8251007 0.22026995 17
-0.43954393 -1.6418606 0.029058255 16
-0.15831859 -1.915571 0.098914951 69
-0.50287467 -1.8760862 -0.099961676 69
-0.15876453 -1.9128287 -0.032897785 69
-0.43300635 -1.6130798 -0.20049432 29
-0.15849186 -1.9134662 -0.16461319 68
-0.36321697 -1.3514814 -0.26498634 7
-0.13676117 -1.6538358 -0.25705114 36
-0.25124574 -0.93393075 -0.24943499 18
-0.095041551 -1.1440082 -0.25681227 35
-0.52138805 -1.9039031 0.44731417 96
-0.1526558 -1.8081315 0.47625282 37
-0.4558486 -1.6676838 0.26798946 75
-0.1600899 -1.8635269 0.35649243 51
-0.51178616 -1.8714353 0.16668536 50
-0.15913542 -1.8218188 0.21996571 18
-0.44747293 -1.6371261 0.029014623 13
-0.16855909 -1.9172031 0.099045791 68
-0.51335222 -1.8758348 -0.10009251 64
-0.16920575 -1.9169521 -0.032985047 69
-0.44144639 -1.6107905 -0.20049432 28
-0.16829582 -1.9101286 -0.16439573 71
-0.37094083 -1.351927 -0.26546293 6
-0.14478981 -1.6457157 -0.25587916 36
-0.25548819 -0.93027496 -0.24878879 17
-0.10123492 -1.1459223 -0.25737423 31
-0.52437806 -1.9030818 0.44731417 96
-0.15400013 -1.7862023 0.47043696 78
-0.45546952 -1.6549854 0.26603618 47
-0.17084256 -1.951275 0.37364981 96
-0.51637858 -1.8753401 0.16712113 36
-0.16231483 -1.8215383 0.21996571 18
-0.45166138 -1.6411613 0.029101888 13
-0.17168783 -1.9144191 0.098914951 69
-0.51662534 -1.874936 -0.10009251 63
-0.17233291 -1.9141637 -0.032941416 69
-0.44491982 -1.612409 -0.20079857 28
-0.1714123 -1.907351 -0.16417827 70
-0.37067312 -1.3418188 -0.26355657 6
-0.14830369 -1.6528406 -0.25705114 36
-0.2571114 -0.92982763 -0.24878879 17
-0.10407048 -1.155452 -0.25962204 28
-0.53400499 -1.8978723 0.44675222 96
-0.16463356 -1.7998049 0.47431418 45
-0.46345842 -1.6502013 0.26564553 47
-0.18127817 -1.952798 0.3741264 95
-0.5261907 -1.8726106 0.16712113 35
-0.17116895 -1.8132505 0.21905299 19
-0.45956972 -1.636368 0.029058255 14
-0.18124896 -1.9085219 0.098653272 68
-0.52575725 -1.8698026 -0.099961676 64
-0.18212169 -1.9107463 -0.032897785 76
-0.45268101 -1.6076694 -0.20049432 29
-0.18139677 -1.9064273 -0.16417827 71
-0.37903187 -1.3445821 -0.26450974 6
-0.15604867 -1.6422061 -0.25548851 38
-0.26329723 -0.93311459 -0.25008118 17
-0.10989733 -1.1524653 -0.25906011 24
-0.53831697 -1.9017179 0.44787613 96
-0.16821064 -1.804325 0.47560659 21
-0.46229139 -1.6351374 0.26330161 52
-0.18468617 -1.9524785 0.3741264 95
-0.52809787 -1.8668979 0.16668536 36
-0.17410207 -1.8104786 0.21874875 19
-0.46242502 -1.6355635 0.029058255 12
-0.18481418 -1.910688 0.098784111 69
-0.52901989 -1.8688822 -0.099961676 64
-0.18569197 -1.9129139 -0.032941416 74
-0.45616567 -1.6092635 -0.20079857 29
-0.18472384 -1.9061078 -0.16417827 70
-0.38070485 -1.3415583 -0.26403317 6
-0.1593768 -1.6468482 -0.25626981 38
-0.26226759 -0.92336637 -0.24749638 18
-0.11281206 -1.161974 -0.2613079 23
-0.54859829 -1.8987774 0.44787613 96
-0.17419624 -1.7673597 0.46591356 31
-0.46878603 -1.625579 0.26212963 46
-0.19514495 -1.9539274 0.374603 95
-0.53994375 -1.8712839 0.16733903 37
-0.18480076 -1.8218888 0.22026995 18
-0.46959186 -1.6283178 0.028970992 15
-0.19506349 -1.9121786 0.098914951 69
-0.54088259 -1.8732802 -0.10035419 67
-0.19620277 -1.9168898 -0.033028677 72
-0.46596918 -1.611619 -0.20140706 28
-0.19420689 -1.900158 -0.16374336 71
-0.3884095 -1.3419032 -0.26450974 6
-0.16750954 -1.6410767 -0.25548851 37
-0.27048177 -0.93357205 -0.25072739 15
-0.11865599 -1.1589429 -0.26074594 20
-0.55362648 -1.9049292 0.44956198 96
-0.17681095 -1.7622458 0.46462116 33
-0.4695496 -1.6176465 0.26095769 45
-0.19903983 -1.958468 0.37555617 95
-0.54251206 -1.8679476 0.16712113 36
-0.18748304 -1.8166256 0.21966147 18
-0.47383207 -1.6322954 0.029058255 14
-0.19764498 -1.9043837 0.098522432 71
-0.54415125 -1.8723334 -0.10035419 69
-0.19954807 -1.9165444 -0.033028677 73
-0.46669316 -1.6036578 -0.20049432 28
-0.19802637 -1.9047718 -0.16417827 69
-0.39006135 -1.3388679 -0.26403317 6
-0.17111824 -1.6481521 -0.25666046 36
-0.27143008 -0.93078142 -0.25008118 16
-0.12019297 -1.1538864 -0.25962204 18
-0.56323028 -1.8995709 0.44900003 96
-0.18479852 -1.7492841 0.46139011 28
-0.47730973 -1.6127988 0.26056704 37
-0.20852582 -1.9500766 0.3741264 95
-0.55370402 -1.8698561 0.16755693 36
-0.19673075 -1.8131515 0.21935724 19
-0.48308426 -1.6321881 0.029101888 17
-0.20787843 -1.9058052 0.098653272 69
-0.55394721 -1.8694586 -0.10035419 62
-0.20851608 -1.9055318 -0.032854151 73
-0.47650042 -1.6059484 -0.20110281 28
-0.20852627 -1.9086616 -0.16461319 70
-0.3991721 -1.3438622 -0.26546293 6
-0.17896223 -1.6398673 -0.25548851 36
-0.27560711 -0.9270339 -0.24943499 19
-0.12648851 -1.1556638 -0.26018399 12
-0.56411821 -1.8916827 0.44731417 95
-0.18558691 -1.7273419 0.45557427 18
-0.4999342 -1.6782044 0.27150536 57
-0.2116695 -1.9472693 0.37364981 96
-0.55197161 -1.8521843 0.16603169 35
-0.20122419 -1.8251411 0.22087842 18
-0.48879704 -1.6409217 0.02927641 12
-0.21066599 -1.9004755 0.098391593 70
-0.55649352 -1.8660972 -0.10022335 63
-0.21184154 -1.905165 -0.032854151 75
-0.48144063 -1.6122452 -0.20201553 28
-0.21158822 -1.9058187 -0.16439573 70
-0.40010488 -1.3384626 -0.26450974 6
-0.18235488 -1.6444625 -0.25626981 36
-0.27722466 -0.92655146 -0.24943499 15
-0.12850533 -1.1554413 -0.26018399 10
-0.57789993 -1.9002526 0.45012394 95
-0.19357195 -1.7167442 0.45298943 18
-0.51303369 -1.689736 0.27384931 52
-0.22213472 -1.9485732 0.3741264 95
-0.56384009 -1.8564157 0.16668536 38
-0.20994154 -1.8166653 0.21996571 19
-0.4944672 -1.6287758 0.029101888 11
-0.22174264 -1.9092687 0.098914951 69
-0.56625664 -1.8631579 -0.10022335 61
-0.22153062 -1.9015461 -0.032810524 77
-0.49060073 -1.6120752 -0.20231977 27
-0.22100025 -1.8997358 -0.16396083 71
-0.40854424 -1.3410426 -0.26546293 6
-0.19068445 -1.6410314 -0.25587916 37
-0.28136334 -0.92277861 -0.24878879 16
-0.1350982 -1.1595942 -0.2613079 9
-0.57945478 -1.8946848 0.44900003 96
-0.19361593 -1.6900028 0.44588119 21
-0.51380998 -1.6817557 0.27267733 47
-0.2255353 -1.9481826 0.3741264 95
-0.56488872 -1.8482857 0.16603169 54
-0.21311191 -1.8162961 0.21996571 19
-0.49950787 -1.6350795 0.02923278 10
-0.22392856 -1.8989586 0.098391593 72
-0.5709725 -1.8669401 -0.10048503 61
-0.2248491 -1.9011567 -0.032810524 76
-0.49414277 -1.6135885 -0.20262401 26
-0.22460182 -1.9018211 -0.16417827 71
-0.40799439 -1.3309458 -0.26355657 6
-0.19354831 -1.640696 -0.25587916 37
-0.28439936 -0.92690092 -0.25008118 16
-0.13684523 -1.1569363 -0.26074594 9
-0.59115201 -1.8961718 0.45012394 96
-0.20161928 -1.68177 0.44394258 24
-0.52334493 -1.6813992 0.27306798 40
-0.2354435 -1.944538 0.37364981 96
-0.57752919 -1.8548113 0.16690324 51
-0.22321095 -1.8200828 0.2205742 18
-0.50880772 -1.6348276 0.02927641 10
-0.23416786 -1.9002384 0.098522432 76
-0.58148485 -1.8663079 -0.10061587 58
-0.23540187 -1.9049162 -0.032897785 73
-0.49887654 -1.599139 -0.20110281 25
-0.23395821 -1.8956741 -0.16374336 72
-0.41716173 -1.3358163 -0.26498634 6
-0.20243165 -1.6421118 -0.25626981 36
-0.28634864 -0.9161846 -0.24749638 16
-0.14261177 -1.1537851 -0.26018399 8
-0.5941298 -1.8952408 0.45012394 95
-0.20569469 -1.6910082 0.44652739 27
-0.52775967 -1.6851946 0.27384931 37
-0.23619498 -1.9221953 0.36936048 68
-0.57852513 -1.8466729 0.16624957 51
-0.22668752 -1.8221536 0.22087842 18
-0.51166022 -1.6339371 0.02927641 12
-0.23778786 -1.9023049 0.098653272 71
-0.58549035 -1.8676716 -0.10074671 58
-0.23811609 -1.8995405 -0.032810524 76
-0.50166678 -1.5982659 -0.20110281 25
-0.23726642 -1.895263 -0.16374336 75
-0.41949251 -1.3350861 -0.26498634 6
-0.20469809 -1.6368539 -0.25548851 36
-0.28867626 -0.91798574 -0.24814259 20
-0.14462528 -1.1535345 -0.26018399 8
-0.60734916 -1.9012779 0.45237175 96
-0.21514127 -1.6947012 0.4478198 29
-0.54335123 -1.7035738 0.27736521 32
-0.22450814 -1.74805 0.33552229 27
-0.58514923 -1.8341308 0.16537802 17
-0.23559882 -1.8160185 0.22026995 17
-0.51944631 -1.628855 0.02923278 11
-0.24869539 -1.9084629 0.099045791 69
-0.59526134 -1.8645804 -0.10074671 55
-0.24901289 -1.9057057 -0.032941416 77
-0.5115447 -1.6003428 -0.20171128 26
-0.24750318 -1.8964649 -0.16396083 74
-0.42797935 -1.3375442 -0.26593953 6
-0.21420319 -1.6431079 -0.25666046 36
-0.29570207 -0.92335725 -0.25008118 17
-0.15005083 -1.147928 -0.25906011 9
-0.6088407 -1.8956841 0.45124781 95
-0.21779689 -1.6919272 0.44717363 32
-0.5455668 -1.7002726 0.27697453 24
-0.22445311 -1.7233113 0.33075634 28
-0.59140313 -1.8425891 0.16624957 49
-0.23908547 -1.8180656 0.2205742 18
-0.52382088 -1.6327045 0.029320041 10
-0.25074142 -1.8981225 0.098522432 71
-0.60004616 -1.8682913 -0.10100839 56
-0.25169381 -1.9003106 -0.032854151 79
-0.51357478 -1.5970861 -0.20140706 25
-0.25049195 -1.8935603 -0.16374336 73
-0.43257847 -1.3438004 -0.2673693 7
-0.2154869 -1.6304872 -0.25470719 35
-0.29805827 -0.92513698 -0.25072739 19
-0.15236451 -1.1500806 -0.25962204 8
-0.61984795 -1.8946768 0.45180979 96
-0.22759594 -1.6979469 0.44911221 35
nan nan nan 0
-0.2318567 -1.7099487 0.32837337 24
-0.60492182 -1.8513001 0.16733903 60
-0.24893185 -1.8192482 0.22087842 19
-0.5331412 -1.6323148 0.029363673 10
-0.26101056 -1.8992578 0.098653272 76
-0.61059833 -1.867496 -0.10113923 55
-0.26164037 -1.8989668 -0.032854151 83
-0.52192998 -1.5943751 -0.20140706 25
-0.26040316 -1.8922228 -0.16374336 74
-0.43577197 -1.3298615 -0.26498634 6
-0.2250098 -1.6366781 -0.25587916 35
-0.29986978 -0.91439044 -0.24814259 17
-0.15870722 -1.1516815 -0.26018399 8
-0.62282336 -1.8937008 0.45180979 96
-0.22960337 -1.6903654 0.44717363 48
nan nan nan 0
-0.23451322 -1.7071092 0.32789677 31
-0.6089319 -1.8526068 0.16755693 58
-0.25177205 -1.8163521 0.2205742 19
-0.54068595 -1.6456249 0.029625459 9
-0.26534018 -1.9062201 0.099045791 76
-0.61385679 -1.8664274 -0.10113923 56
-0.26427492 -1.8935542 -0.03276689 79
-0.5254907 -1.5958178 -0.20171128 24
-0.26302928 -1.8868306 -0.16330846 76
-0.44117796 -1.338418 -0.26689273 6
-0.22686449 -1.6289431 -0.25470719 36
-0.30222633 -0.91615766 -0.24878879 18
-0.15973532 -1.1441609 -0.25849813 8
-0.63150853 -1.8856848 0.45068586 95
-0.23845093 -1.68914 0.44717363 46
-0.63149983 -1.8877834 0.30939892 95
-0.24174699 -1.6937058 0.32551381 24
-0.62179297 -1.8588375 0.16842848 55
-0.25988901 -1.8051811 0.21935724 19
-0.54929495 -1.6427714 0.029625459 10
-0.27356076 -1.892446 0.098391593 79
-0.62282628 -1.860821 -0.10100839 55
-0.27383327 -1.8896701 -0.032723259 79
-0.53779441 -1.6048043 -0.2032325 25
-0.27430874 -1.8952901 -0.16417827 73
-0.44426188 -1.3244611 -0.26450974 6
-0.23608376 -1.6326226 -0.25548851 36
-0.30856535 -0.91913861 -0.25008118 18
-0.1660638 -1.1457211 -0.25906011 7
-0.63758743 -1.8939224 0.45293367 96
-0.24307503 -1.7006794 0.45040461 32
-0.63716263 -1.8936971 0.3105709 95
-0.2481479 -1.7175796 0.33027974 9
-0.62662917 -1.8624687 0.16886425 55
-0.26339096 -1.8071812 0.21966147 19
-0.55056268 -1.6370735 0.029538197 10
-0.27793023 -1.8993789 0.098784111 80
-0.62607306 -1.8597312 -0.10100839 54
-0.27713096 -1.8891894 -0.032723259 81
-0.53820896 -1.5968114 -0.20231977 26
-0.27761623 -1.8948085 -0.16417827 73
-0.44814813 -1.3283324 -0.26546293 7
-0.23788013 -1.6248753 -0.25431654 37
-0.30861488 -0.91402549 -0.24878879 16
-0.16703096 -1.1381947 -0.25737423 6
-0.64544946 -1.883534 0.45124781 95
-0.25093302 -1.6922139 0.44846603 28
-0.64706922 -1.8903351 0.3105709 94
-0.25642321 -1.7114009 0.32932657 9
-0.63879865 -1.8662287 0.16951792 53
-0.27284971 -1.8057773 0.21966147 19
-0.55831504 -1.6318041 0.029494565 10
-0.28787148 -1.8978976 0.098784111 80
-0.63742429 -1.8611498 -0.10127007 56
-0.2870189 -1.8877124 -0.032723259 81
-0.54979235 -1.603357 -0.20353673 25
-0.28679731 -1.8884026 -0.16374336 69
-0.45269763 -1.3190073 -0.26403317 6
-0.24783945 -1.633377 -0.25587916 36
-0.31418547 -0.91467947 -0.24943499 18
-0.17298821 -1.1373044 -0.25737423 5
-0.65158933 -1.8917276 0.45349562 95
-0.25705373 -1.7132765 0.45428187 43
-0.64875555 -1.8845348 0.30978957 96
-0.26013273 -1.7158054 0.33027974 10
-0.64205486 -1.865111 0.16951792 57
-0.27600098 -1.8052982 0.21966147 19
-0.56360978 -1.6379155 0.029625459 9
-0.29043773 -1.8924552 0.098522432 78
-0.63904107 -1.8553151 -0.10100839 55
-0.29031312 -1.8872085 -0.032723259 57
-0.55421305 -1.607085 -0.20414522 25
-0.29046521 -1.8903615 -0.16396083 70
-0.45580295 -1.3205339 -0.26450974 6
-0.25032192 -1.6305003 -0.25548851 34
-0.32053962 -0.92781651 -0.2533122 15
-0.17497292 -1.1370008 -0.25737423 3
-0.66262299 -1.8904728 0.4540576 96
-0.26492748 -1.7047451 0.45234326 39
-0.65861398 -1.881112 0.30978957 96
-0.2687389 -1.7119945 0.32980317 12
-0.65016133 -1.857024 0.16908213 55
-0.28506792 -1.8013766 0.21935724 20
-0.57052171 -1.6302251 0.029538197 10
-0.30034256 -1.8909086 0.098522432 79
-0.64874667 -1.8519436 -0.10100839 55
-0.2978676 -1.8708459 -0.032461476 37
-0.56344384 -1.6065018 -0.20444946 25
-0.29958844 -1.8838938 -0.16352591 68
-0.4635269 -1.3204437 -0.26498634 6
-0.25847498 -1.6267275 -0.25509784 36
-0.32217342 -0.9170177 -0.25072739 14
-0.18129733 -1.1384763 -0.25793618 2
-0.66559172 -1.8894296 0.4540576 96
-0.26974556 -1.7162137 0.45557427 42
-0.66518509 -1.8892733 0.31135219 95
-0.2698344 -1.6993989 0.32742018 64
-0.65257221 -1.8535382 0.16886425 58
-0.28975564 -1.8106811 0.2205742 20
-0.57419842 -1.6315838 0.029581826 10
-0.3040325 -1.8928473 0.098653272 79
-0.65364134 -1.8555164 -0.10127007 53
-0.30465552 -1.892542 -0.032854151 37
-0.56707484 -1.6078552 -0.2047537 25
-0.30092797 -1.8710688 -0.16243863 75
-0.46255079 -1.3103803 -0.26307997 6
-0.26208374 -1.631152 -0.25587916 36
-0.32539126 -0.92100507 -0.25201979 13
-0.18290634 -1.1357515 -0.25737423 2
-0.67333281 -1.8789234 0.45237175 95
-0.27644116 -1.7004691 0.45169702 43
-0.67423373 -1.8834404 0.31096154 95
-0.27990198 -1.705231 0.32884994 98
-0.66226828 -1.8500959 0.16886425 55
-0.29843459 -1.8042408 0.21996571 20
-0.58104414 -1.6238497 0.029494565 9
-0.31353617 -1.8887656 0.098522432 78
-0.66250384 -1.849719 -0.10113923 52
-0.30930367 -1.8588539 -0.032286949 80
-0.57212514 -1.5955245 -0.20353673 25
-0.31031823 -1.8670098 -0.16222119 78
-0.472734 -1.3171755 -0.26498634 6
-0.26982528 -1.6248833 -0.25509784 36
-0.32774666 -0.91247493 -0.25008118 17
-0.19041187 -1.1443965 -0.25962204 2
-0.67711085 -1.8801545 0.45293367 96
-0.28210562 -1.7166729 0.45622048 37
-0.67751992 -1.8822607 0.31096154 94
-0.28169176 -1.6974736 0.32742018 14
-0.66887897 -1.8583072 0.1697358 55
-0.30238938 -1.8086141 0.2205742 19
-0.58727247 -1.6322376 0.029669089 10
-0.31846151 -1.8980681 0.099045791 75
-0.66827559 -1.8556042 -0.10153175 53
-0.31867778 -1.895301 -0.032941416 81
-0.57659739 -1.5991904 -0.20414522 25
-0.31357634 -1.8664652 -0.16222119 78
-0.47335988 -1.3117338 -0.26403317 7
-0.27426893 -1.6341553 -0.25666046 35
-0.33263797 -0.92098081 -0.252666 15
-0.19201441 -1.1416585 -0.25906011 3
-0.68811351 -1.87875 0.45349562 96
-0.28989694 -1.7080261 0.45428187 37
-0.68736613 -1.8786875 0.31096154 95
-0.29179984 -1.7032353 0.32884994 10
-0.676884 -1.8501034 0.16930003 55
-0.31060719 -1.7996671 0.21966147 18
-0.59150547 -1.6174072 0.029450934 9
-0.3262943 -1.8840699 0.098391593 79
-0.67798233 -1.8520796 -0.10153175 54
-0.32733238 -1.886215 -0.032810524 89
-0.58496284 -1.5961494 -0.20414522 25
-0.32292512 -1.8623428 -0.16200373 35
-0.48191804 -1.3138431 -0.26498634 6
-0.28212222 -1.6303118 -0.25626981 35
-0.33578223 -0.91469556 -0.25137359 17
-0.19880365 -1.1454412 -0.26018399 2
-0.6935944 -1.8845227 0.45518148 98
-0.29247561 -1.7051362 0.45363566 38
-0.69202483 -1.8822391 0.31174287 95
-0.2972455 -1.7172391 0.33170953 9
-0.68183595 -1.8535924 0.1697358 55
-0.31301394 -1.7967315 0.21935724 18
-0.59605777 -1.6210628 0.029538197 9
-0.32882929 -1.8810946 0.098260753 80
-0.68380731 -1.8579199 -0.10192427 53
-0.32849449 -1.8733255 -0.032592367 90
-0.5917697 -1.6068664 -0.20566641 24
nan nan nan 0
-0.48335811 -1.3106986 -0.26450974 6
-0.28329283 -1.6200829 -0.25470719 34
-0.33401564 -0.90505207 -0.24878879 16
-0.2022461 -1.1547319 -0.2624318 3
-0.70430773 -1.8831462 0.45574343 98
-0.30027437 -1.6988753 0.45234326 36
-0.70187062 -1.87859 0.31174287 95
-0.30720675 -1.722964 0.3331393 9
-0.69033527 -1.8477854 0.16951792 53
-0.31549567 -1.755973 0.21448939 18
-0.60600907 -1.6227064 0.029625459 9
-0.33780023 -1.8744311 0.097999074 49
-0.69057322 -1.8474219 -0.10153175 51
-0.3362186 -1.8617953 -0.032417841 60
-0.60017508 -1.6037459 -0.20566641 24
-0.2989426 -1.6541331 -0.14373754 74
-0.49430534 -1.3197209 -0.26689273 7
-0.29306564 -1.6258712 -0.25587916 35
-0.3411485 -0.91012907 -0.25072739 17
-0.20871291 -1.156056 -0.26299375 5
-0.7055468 -1.8774787 0.45461956 96
-0.30909273 -1.7316488 0.46139011 32
-0.70514834 -1.877362 0.31174287 95
-0.30935609 -1.7175925 0.33218613 23
-0.69443715 -1.8489083 0.1697358 50
-0.32292858 -1.7798462 0.21753179 9
-0.60972136 -1.6239853 0.029669089 10
nan nan nan 0
-0.69907916 -1.8602308 -0.10231679 50
nan nan nan 0
-0.60472578 -1.607339 -0.2062749 23
-0.30271035 -1.6585113 -0.14417244 74
-0.49400431 -1.3119693 -0.26546293 7
-0.29590285 -1.6253572 -0.25587916 36
-0.34102437 -0.90501577 -0.24943499 16
-0.21286835 -1.167681 -0.26580352 8
-0.71743739 -1.8781834 0.45574343 96
-0.31944704 -1.7371356 0.46332875 37
-0.71761596 -1.8805629 0.31291485 95
-0.32275847 -1.7400906 0.33695206 10
-0.70499843 -1.8475728 0.16995369 51
-0.30796239 -1.6463528 0.20110281 9
-0.61821616 -1.6207706 0.029669089 9
nan nan nan 0
-0.70824063 -1.8540899 -0.10218595 48
-0.30638924 -1.6283729 -0.028316528 43
-0.61224508 -1.6018338 -0.20597066 24
-0.30895615 -1.6421562 -0.14286771 12
-0.50262666 -1.3139467 -0.26641613 7
-0.30530572 -1.6286421 -0.25666046 35
-0.34922969 -0.9122327 -0.25201979 17
-0.21809903 -1.1617585 -0.26467961 8
-0.72246504 -1.8814751 0.45686737 98
-0.32204369 -1.7341998 0.46268252 38
-0.72089714 -1.8793075 0.31291485 94
-0.32922038 -1.7563608 0.34028822 10
-0.71179855 -1.8556373 0.17082526 49
-0.31355882 -1.6604501 0.20292826 9
-0.62402016 -1.6265793 0.029799983 9
nan nan nan 0
-0.71326983 -1.8575107 -0.10244763 48
-0.30877101 -1.6253788 -0.028272897 96
-0.61593235 -1.603078 -0.2062749 23
-0.31457058 -1.6563027 -0.14417244 12
-0.50315148 -1.3084886 -0.26546293 6
-0.30860031 -1.6305343 -0.25705114 20
-0.35098037 -0.91156048 -0.25201979 16
-0.22101504 -1.1661664 -0.26580352 8
-0.73085886 -1.8730015 0.45574343 95
nan nan nan 0
-0.73015553 -1.8730798 0.31252417 95
-0.33520192 -1.7377365 0.33695206 36
-0.71820128 -1.8424808 0.16995369 53
nan nan nan 0
-0.63343829 -1.6256176 0.029843612 9
nan nan nan 0
-0.72025794 -1.8467752 -0.10205511 53
-0.31614134 -1.616321 -0.028142003 95
-0.62278676 -1.5951012 -0.20566641 24
-0.32559335 -1.6668609 -0.14525972 34
-0.50843114 -1.3011779 -0.26450974 6
-0.31881475 -1.6361157 -0.25822309 20
-0.3539806 -0.90521538 -0.25072739 16
-0.22366297 -1.1458119 -0.2613079 7
-0.73736489 -1.8809196 0.45799124 95
nan nan nan 0
-0.73613256 -1.8786972 0.31369612 95
-0.33684587 -1.7299184 0.33552229 36
-0.72414821 -1.8481784 0.17060737 54
-0.31459153 -1.6021304 0.19593073 13
-0.64084506 -1.636142 0.030061768 9
nan nan nan 0
-0.72713351 -1.8548092 -0.10257847 52
nan nan nan 0
-0.62920594 -1.6032474 -0.20688337 24
-0.32755166 -1.6614006 -0.14482482 34
-0.51160157 -1.3025715 -0.26498634 6
-0.31932041 -1.623436 -0.25626981 17
-0.35644782 -0.90684211 -0.25137359 16
-0.22520094 -1.1430278 -0.26074594 7
-0.74753076 -1.8769026 0.45799124 96
-0.38063803 -1.919678 0.51437891 94
-0.74229914 -1.8656431 0.31213349 95
nan nan nan 0
-0.73289227 -1.8420482 0.17038947 55
nan nan nan 0
-0.64940298 -1.6327642 0.030061768 9
nan nan nan 0
-0.73776084 -1.8532952 -0.10270931 58
-0.35290894 -1.7415307 -0.030410817 9
-0.63574958 -1.5953226 -0.2062749 24
-0.33673421 -1.662105 -0.14504227 12
-0.51841474 -1.2998749 -0.26498634 6
-0.33312464 -1.6483803 -0.26056704 9
-0.35759267 -0.89599842 -0.24878879 18
-0.23307869 -1.1513909 -0.26299375 5
-0.74866408 -1.8712044 0.45686737 96
-0.38164663 -1.9071646 0.51114786 90
-0.74555421 -1.8643447 0.31213349 94
-0.38536587 -1.9104435 0.37174344 95
-0.73239857 -1.8315201 0.16951792 61
nan nan nan 0
-0.65225178 -1.6316283 0.030061768 10
nan nan nan 0
-0.74099427 -1.8520048 -0.10270931 62
nan nan nan 0
-0.63945818 -1.5965133 -0.20657913 24
-0.33914235 -1.6590734 -0.14482482 12
-0.51885039 -1.2944148 -0.26403317 6
-0.33892193 -1.6623212 -0.26291096 10
-0.36186653 -0.90209186 -0.25072739 18
-0.23317523 -1.1414278 -0.26074594 2
-0.76061577 -1.8716382 0.45799124 95
-0.38826266 -1.8885731 0.5066244 79
-0.7580986 -1.8672767 0.31330547 95
-0.3968403 -1.9156126 0.37317321 95
-0.74479532 -1.8345802 0.17017159 64
nan nan nan 0
-0.65984344 -1.6258756 0.030018136 9
nan nan nan 0
-0.74973947 -1.8457875 -0.10257847 67
-0.34172177 -1.6264352 -0.028403789 96
-0.64406002 -1.5839527 -0.20536219 25
-0.34984472 -1.6670301 -0.14569463 12
-0.5265488 -1.2939522 -0.26450974 6
-0.34362534 -1.6411778 -0.25978571 19
-0.3665849 -0.90018487 -0.25072739 17
nan nan nan 0
-0.76263195 -1.8681866 0.45742929 95
-0.38864952 -1.8736972 0.50274718 76
-0.76135647 -1.8659507 0.31330547 95
-0.4016723 -1.9221272 0.374603 95
-0.74611008 -1.8286674 0.1697358 65
-0.34198332 -1.6218759 0.19897313 12
-0.66173369 -1.622408 0.029974507 9
-0.34512335 -1.6313453 0.085569285 33
-0.75485128 -1.849097 -0.10284015 68
-0.3409788 -1.6087093 -0.028098373 81
-0.65058827 -1.5920101 -0.20657913 24
-0.34562349 -1.6322864 -0.14265026 27
-0.52414626 -1.2816799 -0.26212677 6
-0.34648919 -1.6405755 -0.25978571 23
-0.36631715 -0.89507699 -0.24943499 17
nan nan nan 0
-0.77833849 -1.8775297 0.46080104 96
-0.40342647 -1.8952696 0.50920922 80
-0.77301002 -1.8664998 0.31408679 95
-0.41122198 -1.9175971 0.3741264 95
-0.75853992 -1.831636 0.17038947 33
nan nan nan 0
-0.66926086 -1.6166124 0.029930875 9
nan nan nan 0
-0.76548064 -1.847425 -0.10297099 48
nan nan nan 0
-0.65891504 -1.5885818 -0.20657913 25
nan nan nan 0
-0.53273773 -1.2834487 -0.26307997 6
-0.35404176 -1.6339095 -0.25900438 23
-0.37099874 -0.89314675 -0.24943499 18
-0.24963921 -1.1504071 -0.26355571 8
-0.78034818 -1.8740568 0.46023905 96
-0.40924019 -1.9063749 0.51244026 91
-0.77531552 -1.8628688 0.31369612 95
-0.41713408 -1.9288758 0.37650937 95
-0.75598103 -1.8165188 0.16908213 24
-0.39037877 -1.7916832 0.2205742 14
-0.6711188 -1.613135 0.029887244 9
-0.41185582 -1.8851258 0.09930747 75
-0.75427628 -1.8115283 -0.10100839 25
-0.41141102 -1.8799142 -0.032985047 64
-0.65881503 -1.5805613 -0.20566641 25
-0.40806252 -1.8659588 -0.16374336 48
-0.53308123 -1.2779895 -0.26212677 6
-0.35637239 -1.6308753 -0.25861374 37
-0.37536108 -0.89917833 -0.25137359 17
-0.25215814 -1.1523513 -0.26411766 8
-0.79047638 -1.8698074 0.46023905 96
-0.42075726 -1.9112855 0.51437891 94
-0.78602171 -1.8610578 0.31408679 95
-0.4245992 -1.9146794 0.3741264 94
-0.75188631 -1.7804286 0.16603169 23
-0.39975461 -1.7896147 0.2205742 15
-0.67468256 -1.5980902 0.029669089 9
-0.42172062 -1.8829435 0.09930747 72
-0.75595999 -1.7891638 -0.099961676 25
-0.42070705 -1.8752939 -0.032941416 64
-0.66805094 -1.5793744 -0.20597066 26
-0.41998321 -1.8735225 -0.16461319 48
-0.53592664 -1.2661458 -0.26022041 6
-0.36384031 -1.6241649 -0.25783244 38
-0.3753323 -0.88609111 -0.24814259 17
-0.25818834 -1.151015 -0.26411766 8
-0.79532087 -1.8730463 0.46136299 96
-0.42512798 -1.9152659 0.51567131 94
-0.79023552 -1.8619552 0.31447744 95
-0.42317104 -1.8923692 0.36983705 55
-0.74426639 -1.7539054 0.16363491 24
-0.40341666 -1.7913364 0.22087842 15
-0.68040681 -1.6038104 0.029799983 9
-0.42446214 -1.8797681 0.099176638 64
-0.75125837 -1.7694651 -0.098914951 24
-0.42507085 -1.8794353 -0.033028677 67
-0.67177957 -1.5804886 -0.2062749 26
-0.42325246 -1.8727865 -0.16461319 48
-0.53813559 -1.2652085 -0.26022041 6
-0.36936143 -1.6355778 -0.25978571 37
-0.37782848 -0.88765502 -0.24878879 18
-0.261253 -1.155319 -0.26524156 8
-0.80351073 -1.8642431 0.46023905 95
-0.43674079 -1.9200822 0.51760995 94
-0.80290979 -1.864593 0.31564942 95
nan nan nan 0
-0.7435686 -1.7271192 0.16145602 23
-0.41279051 -1.7891995 0.22087842 14
-0.68582278 -1.593341 0.029669089 9
-0.43374178 -1.8750862 0.099045791 64
-0.74962384 -1.7402959 -0.097475715 23
-0.43490565 -1.8771839 -0.033028677 68
-0.67709053 -1.570117 -0.20536219 26
-0.43194053 -1.8656895 -0.16417827 45
-0.54475278 -1.2623736 -0.26022041 5
-0.37682018 -1.6288069 -0.25900438 38
-0.38150918 -0.88344926 -0.24814259 17
-0.26513654 -1.1444341 -0.26299375 9
-0.81031728 -1.8719175 0.46248686 96
-0.43902284 -1.9146066 0.51631749 94
-0.80616289 -1.8631889 0.31564942 95
-0.39810726 -1.7218939 0.33647546 8
-0.72775126 -1.6824079 0.15731612 23
-0.41646871 -1.7908947 0.22118267 14
-0.68959737 -1.5944349 0.02971272 9
-0.43757498 -1.8767589 0.099176638 67
-0.74371487 -1.7183729 -0.096298151 23
-0.43874404 -1.8788575 -0.033072308 68
-0.68081892 -1.5712086 -0.20566641 26
-0.43575633 -1.8673594 -0.16439573 47
-0.54695523 -1.2614208 -0.26022041 5
-0.37910822 -1.6257406 -0.25861374 38
-0.3849819 -0.88720912 -0.24943499 17
-0.2665889 -1.1415952 -0.2624318 9
-0.81945157 -1.8652766 0.46192494 96
-0.45068124 -1.9193387 0.51825607 95
-0.81590748 -1.8589423 0.31564942 95
-0.40488097 -1.7102275 0.3345691 5
-0.7235108 -1.6489398 0.15448356 6
-0.42413381 -1.7814434 0.22026995 14
-0.69390953 -1.5816506 0.029538197 11
-0.44739562 -1.8744422 0.099176638 65
-0.73962563 -1.6847509 -0.094597243 23
-0.44857565 -1.8765345 -0.033072308 64
-0.69203931 -1.5744342 -0.20657913 25
-0.44667366 -1.8698996 -0.16483064 45
-0.55751711 -1.2675202 -0.26212677 5
-0.3881821 -1.6261367 -0.25900438 38
-0.38766745 -0.88076431 -0.24814259 16
-0.27089128 -1.1330693 -0.26074594 7
-0.82139522 -1.8617593 0.46136299 96
-0.45458111 -1.9209006 0.5189023 95
-0.81815225 -1.855257 0.31525874 94
-0.40335864 -1.6904092 0.33075634 5
-0.70221943 -1.593007 0.1492542 3
-0.42724234 -1.7807004 0.22026995 14
-0.69666898 -1.5804371 0.029538197 24
-0.45182276 -1.8785158 0.099438317 65
-0.73549575 -1.667475 -0.093681358 24
-0.4524298 -1.8781801 -0.033115938 64
-0.69478613 -1.5732239 -0.20657913 24
-0.44935942 -1.8666946 -0.16461319 43
-0.5597285 -1.2665452 -0.26212677 6
-0.38930669 -1.6182497 -0.25783244 39
-0.3931286 -0.88891339 -0.25072739 16
-0.27342972 -1.1349654 -0.2613079 6
-0.8344484 -1.863955 0.46304882 96
-0.46294376 -1.9114486 0.51696372 94
-0.83290637 -1.8622136 0.31721202 36
-0.40817323 -1.6715746 0.32742018 9
-0.71258861 -1.5938535 0.14968999 3
-0.438317 -1.7856731 0.22118267 13
-0.70697981 -1.5813293 0.029625459 54
-0.46106154 -1.8736987 0.09930747 64
-0.73604202 -1.645378 -0.092634641 23
-0.46166527 -1.8733572 -0.033072308 64
-0.70504761 -1.5740916 -0.20718762 24
-0.45853734 -1.8618964 -0.16439573 45
-0.56937271 -1.2703115 -0.26355657 5
-0.39835802 -1.6185884 -0.25822309 37
-0.39579219 -0.88243955 -0.24943499 17
-0.27764767 -1.1264155 -0.25962204 6
-0.83537346 -1.8582004 0.46192494 96
-0.46627918 -1.9106377 0.51696372 94
-0.8361553 -1.8607571 0.31721202 95
-0.41051006 -1.6684749 0.32694358 23
-0.70616329 -1.5721707 0.14772898 3
-0.44025329 -1.7800847 0.2205742 13
-0.70768547 -1.5755349 0.029538197 8
-0.4667114 -1.8825896 0.099830829 60
-0.72352582 -1.6099492 -0.090672038 23
-0.4649342 -1.8725486 -0.033072308 64
-0.70677304 -1.5705968 -0.20688337 24
-0.46356845 -1.8683493 -0.16504809 43
-0.5685569 -1.2626067 -0.26212677 5
-0.40059462 -1.6154923 -0.25783244 37
-0.39832827 -0.88394731 -0.25008118 14
-0.28019097 -1.1282958 -0.26018399 6
-0.84845376 -1.8602997 0.4636108 96
-0.47859418 -1.9175482 0.51954854 95
-0.84588665 -1.8563535 0.31721202 95
-0.42042544 -1.6710657 0.32789677 34
-0.71335065 -1.5661864 0.14751109 29
-0.44896528 -1.7753479 0.22026995 13
-0.71592516 -1.571808 0.029538197 85
-0.47413108 -1.8704342 0.09930747 62
-0.71222943 -1.5629956 -0.088186085 49
-0.47656053 -1.8773612 -0.0332032 64
-0.71808463 -1.5736438 -0.2077961 23
-0.47152457 -1.8586498 -0.16439573 38
-0.57618248 -1.2618434 -0.26260337 5
-0.41024843 -1.6181631 -0.25861374 36
-0.4069832 -0.8906281 -0.252666 14
-0.28668496 -1.1291766 -0.26074594 6
-0.85035843 -1.8567507 0.46304882 96
-0.48018989 -1.9096795 0.51760995 95
-0.84912533 -1.8548743 0.31721202 95
-0.42274475 -1.667949 0.32742018 38
-0.71296692 -1.5581483 0.14685743 26
-0.45206317 -1.7745615 0.22026995 13
-0.7165823 -1.5660123 0.029450934 112
-0.4780069 -1.8720243 0.099438317 60
-0.71287298 -1.5572124 -0.087924398 108
-0.47983643 -1.8765265 -0.0332032 65
-0.72186661 -1.5746425 -0.20810033 23
-0.47476777 -1.8578241 -0.16439573 39
-0.5814628 -1.2675236 -0.26403317 5
-0.41246751 -1.6150504 -0.25822309 36
-0.40752515 -0.88772351 -0.25201979 16
-0.28687251 -1.1215873 -0.25906011 6
-0.85833532 -1.8477062 0.46192494 95
-0.49018234 -1.9071391 0.51760995 95
-0.86299217 -1.8593583 0.31877464 94
-0.429645 -1.6585803 0.32599038 43
-0.72636831 -1.5656842 0.14794688 3
-0.46196771 -1.7745732 0.2205742 13
-0.72160888 -1.5554398 0.029320041 30
-0.48905155 -1.8743302 0.099699996 55
-0.73681951 -1.5874095 -0.089887001 108
-0.49028158 -1.8764082 -0.033246834 63
-0.73324639 -1.5775888 -0.20901306 23
-0.48511237 -1.857724 -0.16461319 39
-0.58601564 -1.2600142 -0.26307997 5
-0.42276925 -1.6200415 -0.25939506 38
-0.41114435 -0.88339007 -0.25137359 16
-0.29516774 -1.1295071 -0.2613079 6
-0.86330014 -1.8507688 0.46304882 96
-0.4953095 -1.9132986 0.51954854 95
-0.86414504 -1.8533752 0.31799331 94
-0.43376559 -1.6625806 0.32694358 43
-0.73542678 -1.5779514 0.1492542 5
-0.46506426 -1.7737643 0.2205742 13
-0.7253809 -1.5564425 0.029363673 9
-0.49232209 -1.8734738 0.099699996 55
-0.72795677 -1.5612438 -0.088447765 8
-0.49355569 -1.8755496 -0.033246834 63
-0.73494637 -1.5740592 -0.20870881 23
-0.48835394 -1.8568745 -0.16461319 38
-0.58821392 -1.2589895 -0.26307997 5
-0.42559612 -1.6193012 -0.25939506 36
-0.41063127 -0.87829965 -0.25008118 16
-0.29530638 -1.1219155 -0.25962204 6
-0.87434489 -1.8482721 0.4636108 96
-0.50409663 -1.9060066 0.51825607 95
-0.87489462 -1.8510567 0.31838399 94
-0.44246486 -1.6602867 0.32694358 43
-0.85457343 -1.8081496 0.1719147 8
-0.47434524 -1.7713048 0.2205742 14
-0.73566079 -1.5571409 0.029450934 9
-0.50148326 -1.8684576 0.099569149 54
nan nan nan 0
-0.50336927 -1.8729397 -0.033246834 64
-0.74105012 -1.565706 -0.20810033 24
-0.49806979 -1.854292 -0.16461319 37
-0.59479785 -1.2558923 -0.26307997 5
-0.43406886 -1.6170506 -0.25939506 36
-0.41937864 -0.88485891 -0.252666 16
-0.30304596 -1.1274189 -0.2613079 6
-0.87934136 -1.8512951 0.46473467 96
-0.50803858 -1.907459 0.5189023 95
-0.88024622 -1.8539863 0.31916532 94
-0.44536191 -1.6595119 0.32694358 43
-0.86950034 -1.8313922 0.17431149 9
-0.47679588 -1.7680768 0.22026995 13
-0.76093453 -1.6032529 0.030367186 2
-0.50409782 -1.8651679 0.099438317 54
-0.86547947 -1.8221099 -0.10388687 9
-0.50793219 -1.876887 -0.033334095 61
-0.74698538 -1.57113 -0.20901306 23
-0.50066078 -1.8510143 -0.16439573 37
-0.59804618 -1.2570668 -0.26355657 5
-0.43497694 -1.6091341 -0.25822309 36
-0.41883764 -0.87976855 -0.25137359 15
-0.30375874 -1.1221803 -0.26018399 6
-0.89040411 -1.8487043 0.46529663 95
-0.51864731 -1.9071046 0.51954854 95
-0.88994157 -1.8493519 0.31916532 94
-0.4559716 -1.6642631 0.32837337 42
-0.87583154 -1.8200848 0.17365782 9
-0.48669961 -1.7679502 0.2205742 12
-0.76606083 -1.5924925 0.030236293 3
-0.51517355 -1.8673192 0.099699996 54
-0.87609315 -1.8198019 -0.10401771 8
-0.51643246 -1.8693799 -0.033246834 63
-0.75628108 -1.5694315 -0.2093173 23
-0.51231724 -1.8555741 -0.16504809 36
-0.60248214 -1.2495 -0.26260337 5
-0.44599769 -1.6163629 -0.25978571 36
-0.42659959 -0.8840825 -0.2533122 13
-0.31090936 -1.1252757 -0.2613079 6
-0.89436948 -1.8494955 0.46585861 95
-0.52197504 -1.9061966 0.51954854 95
-0.89747453 -1.8566848 0.32072794 95
-0.45693657 -1.6563622 0.32694358 42
-0.88117868 -1.8230361 0.17409359 9
-0.48912764 -1.7647052 0.22026995 12
-0.77319854 -1.6001511 0.030410817 2
-0.51644421 -1.8591959 0.09930747 54
-0.88253486 -1.8250098 -0.10441023 9
-0.51903021 -1.866066 -0.0332032 61
-0.75901908 -1.5681092 -0.2093173 23
-0.51423234 -1.849875 -0.16461319 36
-0.60788029 -1.2550684 -0.26403317 5
-0.44750908 -1.6108201 -0.25900438 36
-0.42391178 -0.87465197 -0.25072739 15
-0.31158558 -1.1200324 -0.26018399 6
-0.90221423 -1.8402567 0.46473467 94
-0.53130406 -1.9011099 0.5189023 95
-0.90500718 -1.847527 0.31994662 94
-0.46889666 -1.6657676 0.32932657 39
-0.89510232 -1.8273395 0.17496516 9
-0.4963527 -1.7549517 0.21935724 12
-0.78266793 -1.5983244 0.030454447 2
-0.52752209 -1.8612735 0.099569149 54
-0.8920784 -1.8203638 -0.10441023 8
-0.53014731 -1.8681352 -0.033290461 59
-0.76831442 -1.5663402 -0.20962153 23
-0.52525902 -1.8519523 -0.16504809 35
-0.61227494 -1.2474653 -0.26307997 4
-0.45793796 -1.6155874 -0.26017636 36
-0.4252789 -0.86592352 -0.24878879 18
-0.31744581 -1.1183857 -0.26018399 6
-0.91264856 -1.8541297 0.46866837 96
-0.5346213 -1.9001797 0.5189023 95
-0.9093225 -1.8481593 0.32033727 93
-0.47114033 -1.6625836 0.32884994 38
-0.89829034 -1.8257746 0.17496516 9
-0.50143558 -1.7612473 0.22026995 11
-0.79651189 -1.6193744 0.030890757 3
-0.53212857 -1.8651546 0.099830829 53
-0.89194041 -1.8120873 -0.10401771 8
-0.53272605 -1.8648021 -0.033246834 62
-0.76994801 -1.562772 -0.2093173 22
-0.52916867 -1.8534292 -0.16526555 34
-0.61445123 -1.2463948 -0.26307997 4
-0.45874375 -1.6076566 -0.25900438 36
-0.43108028 -0.87383491 -0.25137359 15
-0.32071725 -1.1225197 -0.2613079 6
-0.92157727 -1.8469858 0.46810642 95
-0.54456329 -1.8973545 0.5189023 95
-0.92119443 -1.8477906 0.32111859 42
-0.48051435 -1.6624534 0.32932657 36
-0.90783775 -1.8210461 0.17496516 9
-0.50996453 -1.7562131 0.21996571 12
-0.8072145 -1.6196537 0.03097802 3
-0.54603869 -1.8767357 0.10061587 52
-0.90699774 -1.8185579 -0.10467191 9
-0.54317635 -1.8643886 -0.033290461 62
-0.77700937 -1.5565003 -0.20901306 21
-0.53817523 -1.8482401 -0.16504809 34
-0.62316805 -1.2475483 -0.26403317 4
-0.4685221 -1.6099782 -0.25978571 35
-0.43239775 -0.8650915 -0.24943499 15
-0.32457349 -1.1138008 -0.25962204 6
-0.9244774 -1.8455359 0.46810642 95
-0.5485388 -1.8987229 0.51954854 95
-0.92663318 -1.8505939 0.32189989 95
-0.48477381 -1.6663288 0.33027974 36
-0.91436595 -1.8261365 0.17561881 9
-0.51371908 -1.7577038 0.22026995 11
-0.81676716 -1.6316466 0.031239806 3
-0.55140162 -1.8829725 0.10100839 54
-0.91129053 -1.8192033 -0.10480275 8
-0.54642951 -1.8634377 -0.033290461 59
-0.77972478 -1.5551418 -0.20901306 12
-0.54140019 -1.8472981 -0.16504809 33
-0.62313765 -1.2420746 -0.26307997 4
-0.47201902 -1.6115296 -0.26017636 34
-0.43281925 -0.86217934 -0.24878879 18
-0.32854605 -1.1202533 -0.2613079 6
-0.93555391 -1.8426782 0.46866837 96
-0.55847293 -1.8958247 0.51954854 95
-0.9329527 -1.8391134 0.32072794 95
-0.49764207 -1.6778957 0.3331393 34
-0.92165744 -1.8168837 0.17518304 9
-0.52150995 -1.7502302 0.21966147 11
-0.82529914 -1.6273478 0.031239806 3
-0.56550515 -1.8944228 0.10179343 96
-0.92306697 -1.8188572 -0.10506443 8
-0.5575996 -1.8653443 -0.033377726 58
-0.78898287 -1.5532489 -0.2093173 6
-0.55389452 -1.85399 -0.1659179 34
-0.62851763 -1.2366085 -0.26260337 4
-0.48045051 -1.6090362 -0.26017636 34
-0.44062474 -0.86635274 -0.25072739 13
-0.33302996 -1.1138444 -0.26018399 6
-0.93955541 -1.8433757 0.46923029 95
-0.56178093 -1.894847 0.51954854 95
-0.93953007 -1.8440797 0.32189989 94
-0.50126565 -1.6793782 0.3336159 33
-0.92822498 -1.8219266 0.17583671 9
-0.52527076 -1.751696 0.21996571 11
-0.82700133 -1.6236786 0.031196173 3
-0.57308757 -1.9077889 0.10257847 98
-0.92510438 -1.8150202 -0.10493358 8
-0.56013983 -1.8619729 -0.033334095 55
-0.79169261 -1.5518695 -0.2093173 2
-0.556418 -1.8506336 -0.16570047 34
-0.6284374 -1.231141 -0.26165017 4
-0.48466647 -1.6129286 -0.26095769 32
-0.44434169 -0.86987948 -0.25201979 14
-0.33635882 -1.1179324 -0.2613079 6
-0.95175511 -1.8425919 0.47035423 95
-0.5730809 -1.8965064 0.52084094 95
-0.94576931 -1.8325554 0.32072794 67
-0.51500851 -1.6931789 0.33695206 33
-0.94004017 -1.8214658 0.1762725 9
-0.53443533 -1.7489216 0.21996571 11
-0.83893675 -1.6259869 0.031327069 3
-0.58234358 -1.9023732 0.10244763 98
-0.93344778 -1.8079342 -0.10480275 8
-0.56915432 -1.8566229 -0.033290461 54
nan nan nan 0
-0.56610018 -1.8476949 -0.16570047 34
-0.634875 -1.2278336 -0.26165017 4
-0.48952207 -1.5985537 -0.25900438 31
-0.45111829 -0.87182647 -0.2533122 10
-0.34220767 -1.1161559 -0.2613079 6
-0.95464826 -1.8410946 0.47035423 95
-0.57569283 -1.8931913 0.52019477 95
-0.95124274 -1.8352842 0.32150921 67
nan nan nan 0
-0.94206971 -1.8176122 0.1760546 9
-0.53748697 -1.7479863 0.21996571 11
-0.84292561 -1.6267385 0.031370699 3
-0.58639246 -1.9037415 0.10257847 98
-0.94005549 -1.8129481 -0.10519527 8
-0.57531881 -1.8651878 -0.033464987 58
nan nan nan 0
-0.57223678 -1.8562307 -0.16657028 33
-0.64155287 -1.2354295 -0.26355657 4
-0.49159065 -1.5953352 -0.25861374 30
-0.44928592 -0.86461538 -0.25137359 14
-0.3434462 -1.1132263 -0.26074594 6
-0.96913552 -1.8445244 0.47260204 95
-0.58701628 -1.894768 0.52148712 94
-0.95739007 -1.8237227 0.32033727 23
nan nan nan 0
-0.95041412 -1.8104506 0.17583671 8
-0.54810369 -1.7498876 0.2205742 11
-0.84910393 -1.6178784 0.031283438 3
-0.59783626 -1.9054126 0.10284015 98
-0.95069796 -1.8102106 -0.10532611 8
-0.58284581 -1.8549907 -0.033334095 58
nan nan nan 0
-0.57972634 -1.8460755 -0.1659179 32
-0.64686751 -1.2298831 -0.26307997 4
-0.50140315 -1.5974553 -0.25939506 28
-0.45267797 -0.86011618 -0.25072739 14
-0.35071266 -1.1160665 -0.26186985 6
-0.96861666 -1.8365389 0.47091618 95
-0.58889574 -1.8891262 0.52019477 95
-0.967493 -1.8351487 0.32268122 37
-0.58877915 -1.8784442 0.37555617 85
-0.95822632 -1.817597 0.17670827 8
-0.54671717 -1.7347172 0.21874875 11
-0.85542953 -1.6230242 0.03141433 3
-0.59743017 -1.892454 0.10218595 95
-0.95385599 -1.8085486 -0.10532611 8
-0.5875783 -1.8587409 -0.033421356 54
nan nan nan 0
-0.58443689 -1.8498141 -0.16635282 34
-0.64786381 -1.2265837 -0.26260337 3
-0.50271612 -1.5918643 -0.25861374 27
-0.45644382 -0.86359072 -0.25201979 16
-0.34975913 -1.1061504 -0.25962204 6
-0.98198909 -1.8377136 0.47260204 95
-0.6002298 -1.8906237 0.52148712 94
-0.9782533 -1.8322347 0.32307184 31
-0.60453326 -1.8940531 0.37936896 95
-0.96538013 -1.8081632 0.1762725 8
-0.55654496 -1.7341956 0.21905299 12
-0.86509514 -1.6207269 0.031457961 3
-0.60126173 -1.8702718 0.10113923 41
-0.96920341 -1.8145345 -0.1059803 8
-0.5957818 -1.8508766 -0.033334095 53
nan nan nan 0
-0.59411454 -1.8467286 -0.16635282 33
-0.65311688 -1.2210122 -0.26212677 4
-0.51029468 -1.5868576 -0.25822309 25
-0.46095929 -0.86118889 -0.25201979 13
-0.35407132 -1.0996604 -0.25849813 6
-0.98602784 -1.8383145 0.47316399 94
-0.60206991 -1.8849689 0.52019477 95
nan nan nan 0
-0.60858297 -1.8953334 0.37984553 95
-0.97207087 -1.8130569 0.17692617 8
-0.55730134 -1.7261316 0.21814027 12
-0.86673945 -1.6170127 0.03141433 3
-0.60147399 -1.8597107 0.10061587 51
-0.97118682 -1.8106412 -0.10584947 8
-0.60206938 -1.8593532 -0.033508617 53
nan nan nan 0
-0.59885943 -1.8504314 -0.16678773 31
-0.65524691 -1.2198704 -0.26212677 3
-0.51532435 -1.593019 -0.25939506 24
-0.46360916 -0.86250806 -0.252666 10
-0.35673147 -1.1013613 -0.25906011 7
-0.99712455 -1.8350919 0.47372591 94
-0.61267263 -1.8840889 0.52084094 95
nan nan nan 0
-0.61849856 -1.892121 0.37984553 95
-0.97917002 -1.8035671 0.17649037 8
-0.56940711 -1.7326272 0.21935724 11
-0.87877804 -1.6190393 0.031545222 3
-0.60810226 -1.8470432 0.10009251 44
-0.98423463 -1.8121096 -0.10624199 7
-0.61024272 -1.8514237 -0.033421356 55
nan nan nan 0
-0.60931373 -1.8496379 -0.16700518 30
-0.65927404 -1.2121143 -0.26117361 3
-0.52212644 -1.585604 -0.25861374 24
-0.46696022 -0.85794985 -0.25201979 9
-0.36324689 -1.1017948 -0.25962204 6
-1.0023426 -1.8377986 0.47484982 94
-0.61596012 -1.8830166 0.52084094 95
nan nan nan 0
-0.62180001 -1.8910387 0.37984553 95
-0.98351043 -1.8040409 0.17670827 8
nan nan nan 0
-0.87680864 -1.6087289 0.031370699 3
-0.61288369 -1.8507227 0.10035419 48
-0.99218547 -1.819152 -0.10676534 6
-0.612692 -1.8479813 -0.033377726 54
nan nan nan 0
-0.61176318 -1.8462056 -0.16678773 29
-0.66138858 -1.2109618 -0.26117361 3
-0.52643305 -1.5893825 -0.25939506 23
-0.46961927 -0.85925049 -0.252666 9
-0.36744222 -1.1081048 -0.2613079 7
-1.015811 -1.8387421 0.47653568 95
-0.62656856 -1.8820589 0.52148712 94
nan nan nan 0
-0.63169289 -1.8877569 0.37984553 95
-0.99294287 -1.7988665 0.17670827 8
-0.53515577 -1.5897311 0.20140706 12
-0.88642979 -1.6063031 0.03141433 3
-0.62335747 -1.8498561 0.10048503 51
-1.0041145 -1.8183006 -0.10702702 5
-0.62315309 -1.8471184 -0.033421356 53
nan nan nan 0
-0.62142146 -1.8429772 -0.16678773 29
-0.6665296 -1.2053362 -0.26069701 4
-0.53318322 -1.5819201 -0.25861374 22
-0.47176498 -0.8525582 -0.25137359 8
-0.36862072 -1.0922984 -0.25793618 6
-1.0175149 -1.8350152 0.47597376 94
-0.62985241 -1.8809624 0.52148712 94
nan nan nan 0
-0.63809663 -1.8959626 0.38175192 95
-0.99970889 -1.8036622 0.17736192 8
-0.58450526 -1.7275922 0.21935724 11
-0.89408696 -1.6134942 0.031588852 3
-0.62658513 -1.8487653 0.10048503 52
-1.0036485 -1.8099985 -0.10663451 5
-0.62717366 -1.8483967 -0.033464987 52
-0.72352111 -1.3042856 -0.17858903 2
-0.62622589 -1.8466107 -0.16722265 28
-0.66863227 -1.2041711 -0.26069701 3
-0.53830248 -1.5880092 -0.25978571 22
-0.47325227 -0.85173351 -0.25137359 8
-0.37207413 -1.0962732 -0.25906011 6
-1.0310125 -1.8358518 0.47765961 95
-0.64201289 -1.8845022 0.52342576 94
nan nan nan 0
-0.64801508 -1.8925955 0.38175192 95
-1.0128014 -1.8049158 0.1780156 8
-0.59113771 -1.7174631 0.21844451 11
-0.9037481 -1.6109694 0.031632487 2
-0.63948971 -1.8549076 0.10100839 48
-1.0131118 -1.8047186 -0.10663451 4
-0.63684314 -1.8450875 -0.033464987 53
-0.72059828 -1.283183 -0.17615512 3
-0.63588607 -1.8433064 -0.16722265 28
-0.67613357 -1.2027912 -0.26117361 3
-0.5458113 -1.5828325 -0.25939506 22
-0.47176483 -0.83873105 -0.24814259 7
-0.37859493 -1.0966157 -0.25962204 6
-1.036291 -1.838472 0.47878349 95
-0.64452356 -1.8810924 0.52277958 94
nan nan nan 0
-0.6505236 -1.8891394 0.38127533 95
-1.0196234 -1.8096513 0.17866927 7
-0.59735763 -1.7258165 0.21966147 11
-0.89918453 -1.5963298 0.031370699 2
-0.6411013 -1.8490672 0.10074671 51
-1.0174881 -1.8051215 -0.10676534 3
-0.64087671 -1.8463366 -0.033508617 54
nan nan nan 0
-0.63910234 -1.8421938 -0.16722265 28
-0.67702264 -1.1994739 -0.26069701 3
-0.55017835 -1.5865477 -0.26017636 23
-0.47441977 -0.84000689 -0.24878879 6
-0.37892854 -1.0913444 -0.25849813 6
-1.0474325 -1.8349528 0.47934544 95
-0.65594292 -1.8822565 0.52407193 94
nan nan nan 0
-0.66040611 -1.8857074 0.38127533 95
nan nan nan 0
-0.60720378 -1.7250078 0.21996571 11
nan nan nan 0
-0.65077418 -1.8456851 0.10074671 50
nan nan nan 0
-0.65053523 -1.8429556 -0.033508617 54
nan nan nan 0
-0.64709288 -1.834121 -0.16678773 27
-0.6832937 -1.1959125 -0.26069701 3
-0.55766302 -1.5813143 -0.25978571 22
-0.48843366 -0.85426509 -0.2539584 5
-0.38543952 -1.0916456 -0.25906011 6
-1.0478879 -1.82908 0.47822157 92
-0.65764028 -1.8765471 0.52277958 94
nan nan nan 0
-0.66531616 -1.8891851 0.38222849 95
nan nan nan 0
-0.61185795 -1.7286278 0.2205742 10
nan nan nan 0
-0.65399456 -1.8445466 0.10074671 51
nan nan nan 0
-0.65375084 -1.8418174 -0.033508617 53
nan nan nan 0
-0.6519475 -1.8376873 -0.16722265 26
-0.68048352 -1.1862098 -0.25879061 3
-0.56206006 -1.5849978 -0.26056704 22
-0.48268533 -0.84085864 -0.25008118 3
-0.38653827 -1.0886724 -0.25849813 6
-1.0638901 -1.8339138 0.4810313 94
-0.66987288 -1.8799083 0.52471817 94
nan nan nan 0
-0.67519873 -1.8856757 0.38222849 95
nan nan nan 0
-0.62090063 -1.7254004 0.2205742 10
nan nan nan 0
-0.66700816 -1.8504993 0.10127007 53
nan nan nan 0
-0.66254252 -1.8360159 -0.033464987 50
nan nan nan 0
-0.66156071 -1.8342485 -0.16722265 25
-0.69533169 -1.197475 -0.26212677 3
-0.56952018 -1.5797077 -0.26017636 22
nan nan nan 0
-0.39305118 -1.0889282 -0.25906011 7
-1.0630869 -1.825928 0.47934544 94
-0.67234349 -1.8764608 0.52407193 94
nan nan nan 0
-0.67683667 -1.8798726 0.38127533 95
nan nan nan 0
-0.62391108 -1.7243141 0.2205742 10
nan nan nan 0
-0.67108226 -1.8516816 0.10140091 51
nan nan nan 0
-0.66744024 -1.8395604 -0.033552252 52
nan nan nan 0
-0.66560471 -1.8354343 -0.1674401 24
nan nan nan 0
-0.57478213 -1.5856827 -0.26134834 21
nan nan nan 0
-0.39330715 -1.0836543 -0.25793618 6
-1.0766671 -1.8264418 0.4810313 94
-0.6854443 -1.8819993 0.52665675 95
nan nan nan 0
-0.69002301 -1.8855292 0.38318169 95
nan nan nan 0
-0.63378167 -1.7233548 0.22087842 10
nan nan nan 0
-0.6816259 -1.850487 0.10153175 49
nan nan nan 0
-0.67878187 -1.840735 -0.033639513 52
nan nan nan 0
-0.6786294 -1.8412794 -0.16830991 23
nan nan nan 0
-0.58307678 -1.5826515 -0.26134834 20
nan nan nan 0
-0.40147766 -1.0884465 -0.25962204 7
-1.080777 -1.8268437 0.48159325 94
-0.68542725 -1.8717213 0.52407193 94
nan nan nan 0
-0.69247061 -1.8820168 0.38270509 95
nan nan nan 0
-0.63507891 -1.7175869 0.22026995 10
nan nan nan 0
-0.68140799 -1.8399218 0.10100839 49
nan nan nan 0
-0.68285704 -1.8418931 -0.033683144 50
nan nan nan 0
-0.67926204 -1.8330802 -0.16765755 23
nan nan nan 0
-0.5858382 -1.5816314 -0.26134834 20
nan nan nan 0
-0.40253878 -1.0854568 -0.25906011 6
-1.0918989 -1.8230582 0.48215523 94
-0.69940346 -1.8794335 0.52730298 94
nan nan nan 0
-0.70146108 -1.8760645 0.38222849 95
nan nan nan 0
-0.64406347 -1.714238 0.22026995 10
nan nan nan 0
-0.6927802 -1.841006 0.10127007 47
nan nan nan 0
-0.691616 -1.8359513 -0.033639513 50
nan nan nan 0
-0.68797851 -1.8271657 -0.1674401 22
nan nan nan 0
-0.59497505 -1.5808556 -0.26173899 20
nan nan nan 0
-0.40736672 -1.0810512 -0.25849813 6
-1.0985317 -1.8276011 0.48384106 95
-0.69931853 -1.8691546 0.52471817 95
-1.0696986 -1.7803957 0.32307184 82
-0.70559257 -1.8771366 0.38270509 95
nan nan nan 0
-0.64531231 -1.7084644 0.21966147 10
-0.99110895 -1.6498351 0.032985047 5
-0.69687039 -1.8421313 0.10140091 48
nan nan nan 0
-0.69481921 -1.8347415 -0.033639513 49
nan nan nan 0
-0.69204277 -1.8282934 -0.16765755 22
nan nan nan 0
-0.5986008 -1.5821266 -0.26212963 19
nan nan nan 0
-0.40925294 -1.0803386 -0.25849813 6
-1.1071357 -1.8195506 0.48327911 90
-0.71336007 -1.8767644 0.52794921 95
-1.1085538 -1.8232725 0.33205694 93
-0.71541154 -1.8734164 0.38270509 95
-1.0933148 -1.7982463 0.18106605 27
-0.65424889 -1.7050622 0.21966147 10
-1.0036352 -1.6510271 0.033115938 5
-0.70739633 -1.8407897 0.10153175 47
nan nan nan 0
-0.70441639 -1.8310782 -0.033639513 48
nan nan nan 0
-0.69894069 -1.8176647 -0.16700518 21
nan nan nan 0
-0.60951561 -1.5858924 -0.26330161 18
nan nan nan 0
-0.41576976 -1.0804579 -0.25906011 6
-1.115078 -1.8261212 0.48552692 94
-0.71406406 -1.8687425 0.52601057 95
-1.1040043 -1.8086957 0.32971299 89
-0.71955448 -1.8744582 0.38318169 95
-1.0964518 -1.7963353 0.18106605 28
-0.65633661 -1.7016003 0.21935724 10
-1.0195572 -1.6705971 0.033552252 5
-0.71150225 -1.8418832 0.10166259 47
nan nan nan 0
-0.70850724 -1.8321793 -0.033683144 47
nan nan nan 0
-0.70389712 -1.8210924 -0.1674401 20
nan nan nan 0
-0.61051524 -1.5802147 -0.26252028 18
nan nan nan 0
-0.41852471 -1.0820061 -0.25962204 6
-1.1236594 -1.8179903 0.484965 94
-0.72470766 -1.8672316 0.52665675 95
-1.1186569 -1.8112894 0.33127561 89
-0.73113173 -1.8752418 0.38413486 94
-1.112395 -1.8011588 0.1821555 27
-0.66613644 -1.700453 0.21966147 10
-1.0309212 -1.6694869 0.033639513 5
-0.7202301 -1.8358063 0.10153175 44
nan nan nan 0
-0.72081602 -1.8354307 -0.033814035 47
nan nan nan 0
-0.71523207 -1.8220227 -0.16787501 20
nan nan nan 0
-0.62057227 -1.5815986 -0.26330161 17
nan nan nan 0
-0.42418429 -1.0797999 -0.25962204 6
-1.1329428 -1.8265681 0.48777473 95
-0.73145562 -1.8749716 0.52924156 94
-1.1244226 -1.8135293 0.33205694 87
-0.73440355 -1.8739629 0.38413486 94
-1.1168512 -1.8013301 0.18237339 27
-0.67000669 -1.7015991 0.21996571 10
-1.0443857 -1.6846712 0.033988561 5
-0.72525412 -1.8391956 0.10179343 48
nan nan nan 0
-0.72401839 -1.8341699 -0.033814035 49
nan nan nan 0
-0.71841097 -1.8207716 -0.16787501 20
nan nan nan 0
-0.62063241 -1.5736146 -0.26212963 16
nan nan nan 0
-0.42695397 -1.0813272 -0.26018399 6
-1.1415119 -1.8183497 0.48721281 92
-0.74214727 -1.8733633 0.5298878 94
-1.1325887 -1.8055263 0.33166626 87
-0.7433033 -1.8678099 0.38365832 96
-1.1222916 -1.7891318 0.18171974 28
-0.67799151 -1.6957611 0.21966147 10
-1.0598428 -1.6897612 0.034206714 5
-0.73764229 -1.8423325 0.10218595 49
nan nan nan 0
-0.73638594 -1.8373207 -0.033944927 49
nan nan nan 0
-0.72885549 -1.8192991 -0.16809246 20
nan nan nan 0
-0.6276778 -1.5681583 -0.26173899 15
nan nan nan 0
-0.43440503 -1.0836062 -0.2613079 6
-1.145667 -1.8186144 0.48777473 94
-0.742751 -1.865328 0.52794921 95
-1.1420097 -1.814188 0.33361953 83
-0.74837452 -1.871071 0.38461146 94
-1.1347153 -1.8019141 0.18324494 31
-0.68065441 -1.694694 0.21966147 10
-1.0761288 -1.7090489 0.034643024 5
-0.74053532 -1.8411715 0.10218595 55
nan nan nan 0
-0.7386629 -1.833712 -0.033901297 55
nan nan nan 0
-0.73110473 -1.8157117 -0.16787501 20
nan nan nan 0
-0.63041377 -1.5670602 -0.26173899 14
nan nan nan 0
-0.43250218 -1.0738696 -0.25906011 6
-1.1577954 -1.816697 0.48889863 95
-0.75398189 -1.8660271 0.52924156 94
-1.1554779 -1.8144286 0.33479151 79
-0.75783527 -1.8672593 0.38461146 95
-1.1424813 -1.7940483 0.18302706 34
-0.69231188 -1.6980072 0.2205742 10
-1.0766982 -1.6909368 0.034381237 5
-0.75204241 -1.8418958 0.10244763 58
nan nan nan 0
-0.75075579 -1.8368976 -0.034032188 57
nan nan nan 0
-0.73653901 -1.8027571 -0.16700518 21
nan nan nan 0
-0.64046508 -1.568315 -0.26252028 14
nan nan nan 0
-0.4408578 -1.0783657 -0.26074594 6
-1.1645905 -1.8210293 0.49058449 94
-0.75543064 -1.8602289 0.52794921 95
-1.1599746 -1.8144884 0.33518216 74
-0.76017129 -1.863659 0.38413486 95
-1.1429244 -1.7878573 0.18259129 30
-0.69153374 -1.6876026 0.21935724 11
-1.0648177 -1.6659015 0.033901297 5
-0.75337094 -1.8359568 0.10218595 58
nan nan nan 0
-0.7511273 -1.8286417 -0.033901297 58
nan nan nan 0
-0.73968434 -1.801469 -0.16700518 22
nan nan nan 0
-0.64040709 -1.5603343 -0.26134834 12
nan nan nan 0
-0.44273922 -1.0775945 -0.26074594 6
-1.174426 -1.8147017 0.49058449 94
-0.76973653 -1.8674227 0.53118026 94
-1.1681167 -1.8063176 0.33479151 76
-0.77365345 -1.8687319 0.38604125 95
-1.1441444 -1.7693076 0.18128394 10
-0.70320207 -1.6908391 0.22026995 11
-1.0599337 -1.6393254 0.033464987 3
-0.75629145 -1.8158389 0.10127007 27
nan nan nan 0
-0.75973517 -1.8223742 -0.033857666 28
nan nan nan 0
-0.74942034 -1.7974404 -0.16700518 20
nan nan nan 0
-0.64951152 -1.5592417 -0.26173899 12
nan nan nan 0
-0.44744673 -1.0730096 -0.26018399 6
-1.182907 -1.8208156 0.4928323 94
-0.77299464 -1.8660764 0.53118026 94
-1.1753064 -1.810486 0.33596346 67
-0.77817768 -1.8695109 0.38651785 95
-1.1377256 -1.7526938 0.17975873 9
-0.70805448 -1.694193 0.22087842 12
-1.0535365 -1.6226214 0.033159569 3
-0.7527492 -1.7983797 0.10035419 23
nan nan nan 0
-0.75330871 -1.7979689 -0.033421356 26
nan nan nan 0
-0.74681377 -1.7823341 -0.16570047 22
nan nan nan 0
-0.65412664 -1.5626663 -0.26252028 12
nan nan nan 0
-0.44931883 -1.0722271 -0.26018399 6
-1.1940812 -1.8164233 0.49339426 94
-0.78214848 -1.8596383 0.53053403 94
-1.1864424 -1.8061632 0.33635414 65
-0.7879557 -1.8654107 0.38651785 95
-1.1403462 -1.7361106 0.17866927 9
-0.71528333 -1.6857638 0.22026995 12
-1.0647664 -1.6212589 0.033246834 3
-0.74984437 -1.7643811 0.098653272 25
nan nan nan 0
-0.75718725 -1.7800521 -0.033159569 26
nan nan nan 0
-0.75419754 -1.773811 -0.16526555 22
nan nan nan 0
-0.66161221 -1.5568291 -0.26212963 11
nan nan nan 0
-0.45133436 -1.0607989 -0.25793618 6
-1.1929038 -1.8084486 0.49170843 87
-0.78632808 -1.8604972 0.53118026 94
-1.1936761 -1.8102704 0.33752608 61
-0.79311788 -1.8685553 0.38747105 95
-1.1365105 -1.7237277 0.17757982 9
-0.72015965 -1.689083 0.22087842 13
-1.055194 -1.6006277 0.032854151 3
-0.74707216 -1.7492801 0.097868234 24
nan nan nan 0
-0.74856788 -1.7511189 -0.032635998 26
nan nan nan 0
-0.74950725 -1.7541517 -0.16352591 23
nan nan nan 0
-0.66336471 -1.5533985 -0.26173899 10
nan nan nan 0
-0.45413384 -1.0622532 -0.25849813 6
-1.2107953 -1.8141178 0.49508011 92
-0.79700553 -1.8585761 0.53182638 94
-1.2017665 -1.8019426 0.33713546 60
-0.80385631 -1.8666331 0.38794762 95
-1.1386021 -1.7073995 0.17649037 9
-0.72801423 -1.6830091 0.2205742 15
-1.0607829 -1.5909239 0.03276689 3
-0.74437571 -1.7178265 0.096298151 25
nan nan nan 0
-0.75080258 -1.7311063 -0.03233058 26
nan nan nan 0
-0.75080079 -1.7319039 -0.16178627 23
nan nan nan 0
-0.67441577 -1.5567092 -0.26291096 10
nan nan nan 0
-0.46257085 -1.066577 -0.26018399 6
-1.210929 -1.8081681 0.49395624 92
-0.80309999 -1.8638426 0.53376508 94
-1.2117867 -1.810096 0.33908871 56
-0.80614346 -1.8629727 0.38747105 95
-1.1304823 -1.6888629 0.17474726 9
-0.73193401 -1.6840141 0.22087842 17
-1.0593811 -1.5828425 0.032635998 2
-0.7394439 -1.6981934 0.095251434 24
nan nan nan 0
-0.73793292 -1.6930915 -0.031632487 25
nan nan nan 0
-0.74492037 -1.7100196 -0.15982918 23
nan nan nan 0
-0.67811114 -1.5577962 -0.26330161 10
nan nan nan 0
-0.46443167 -1.065768 -0.26018399 6
-1.2234306 -1.8056207 0.49508011 87
-0.81092346 -1.8551817 0.53247261 94
-1.2198616 -1.8016831 0.33869806 53
-0.81588686 -1.8587263 0.38747105 95
-1.1323193 -1.6726154 0.17365782 8
-0.73476887 -1.6665206 0.21905299 20
-1.0648478 -1.5731367 0.032548737 2
-0.73829454 -1.6714365 0.093943037 24
nan nan nan 0
-0.74176228 -1.6777613 -0.03141433 27
nan nan nan 0
-0.74084991 -1.6764495 -0.15700227 23
nan nan nan 0
-0.68625844 -1.5542244 -0.26330161 9
nan nan nan 0
-0.47000563 -1.0633217 -0.26018399 5
-1.2276368 -1.8057102 0.49564207 84
-0.81512624 -1.8559772 0.53311884 94
-1.2285632 -1.8077154 0.34026068 55
-0.81912971 -1.8572994 0.38747105 95
-1.1240238 -1.6541678 0.1719147 8
-0.72968131 -1.6470655 0.21661907 22
-1.0675919 -1.5712757 0.032548737 2
-0.72912568 -1.6427321 0.092372961 24
nan nan nan 0
-0.72955263 -1.6421609 -0.030759864 27
nan nan nan 0
nan nan nan 0
nan nan nan 0
-0.68996531 -1.5552843 -0.26369226 9
nan nan nan 0
-0.47088081 -1.0602695 -0.25962204 5
-1.2387708 -1.8010474 0.49620405 90
-0.82678819 -1.8561002 0.53441119 94
-1.236611 -1.7992241 0.33987004 53
-0.82884318 -1.852985 0.38747105 95
-1.1227825 -1.6339009 0.17038947 8
-0.72919393 -1.6228282 0.2138809 10
-1.0729693 -1.5615468 0.032461476 2
-0.72956479 -1.620659 0.091326244 9
nan nan nan 0
-0.73814094 -1.6383184 -0.030759864 9
nan nan nan 0
-0.73321348 -1.6280413 -0.15287063 9
nan nan nan 0
-0.69306374 -1.5403773 -0.26173899 9
nan nan nan 0
-0.47444266 -1.0533394 -0.25849813 5
-1.24714 -1.8071144 0.49845183 91
-0.83297104 -1.8612742 0.53634989 93
-1.2425575 -1.801126 0.34065136 55
-0.83407778 -1.856017 0.38842422 95
-1.1213845 -1.6257926 0.1697358 8
-0.70258397 -1.5558902 0.20505793 5
-1.0771142 -1.5617281 0.032505106 2
-0.70886308 -1.567004 0.088316925 9
nan nan nan 0
-0.70409745 -1.554956 -0.029189149 18
nan nan nan 0
-0.70542616 -1.5586094 -0.146347 5
nan nan nan 0
-0.69575113 -1.5391654 -0.26173899 8
nan nan nan 0
-0.47628039 -1.0525097 -0.25849813 4
-1.2568991 -1.8003402 0.49845183 94
-0.84270519 -1.8568873 0.53634989 93
-1.2519711 -1.7945952 0.34065136 53
-0.847835 -1.8605663 0.39033058 95
-1.1256016 -1.6137747 0.16908213 7
-0.70866686 -1.5476724 0.20444946 37
-1.0795488 -1.5478715 0.03233058 2
-0.71188349 -1.551911 0.087662719 51
nan nan nan 0
-0.71637744 -1.5603455 -0.029363673 103
nan nan nan 0
-0.72183973 -1.5730249 -0.14808664 5
nan nan nan 0
-0.70380062 -1.5355014 -0.26173899 8
nan nan nan 0
-0.4787634 -1.043347 -0.25681227 4
-1.2625239 -1.8023516 0.49957573 94
-0.84494781 -1.8532139 0.53570366 95
-1.2607735 -1.8004932 0.34221399 53
-0.84904796 -1.8546165 0.38937744 95
-1.1241257 -1.6056913 0.16842848 6
-0.71342891 -1.5509474 0.20505793 23
-1.0822487 -1.545985 0.03233058 2
-0.71251327 -1.5461259 0.08740104 32
nan nan nan 0
-0.7149359 -1.5500025 -0.029189149 98
nan nan nan 0
-0.72562081 -1.5740269 -0.14830408 5
nan nan nan 0
-0.70647949 -1.5342705 -0.26173899 8
nan nan nan 0
-0.48361659 -1.0491589 -0.25849813 4
-1.2722572 -1.7954943 0.49957573 85
-0.85564804 -1.8509589 0.53634989 93
-1.2758982 -1.8019234 0.34377658 52
-0.85874712 -1.8501455 0.38937744 95
-1.125313 -1.5896268 0.16733903 6
-0.72362542 -1.5516939 0.20566641 3
-1.0888823 -1.5382584 0.032286949 7
-0.72900492 -1.5604914 0.088447765 4
nan nan nan 0
-0.72514749 -1.5507721 -0.02927641 8
nan nan nan 0
-0.73280382 -1.5679471 -0.14808664 2
nan nan nan 0
-0.71138781 -1.5238297 -0.26056704 8
nan nan nan 0
-0.48705819 -1.0421903 -0.25737423 4
-1.2779026 -1.7974622 0.50069964 84
-0.86292624 -1.8582335 0.53893471 92
-1.2776091 -1.7976823 0.34338593 50
-0.864039 -1.8530968 0.39033058 95
-1.1208634 -1.5775163 0.16624957 5
-0.72737932 -1.5526785 0.20597066 4
-1.0901159 -1.5343195 0.032243319 8
nan nan nan 0
nan nan nan 0
nan nan nan 0
nan nan nan 0
-0.74606466 -1.5892376 -0.15026118 3
nan nan nan 0
-0.7171734 -1.529301 -0.26173899 8
nan nan nan 0
-0.49092931 -1.0457572 -0.25849813 4
-1.2918807 -1.7964513 0.5023855 88
-0.87059659 -1.8493148 0.53764224 93
-1.2913321 -1.7969799 0.34455788 51
-0.87477374 -1.8507686 0.39080721 95
-1.1145573 -1.5514137 0.16407068 5
-0.78418988 -1.6520879 0.21996571 3
-1.0952137 -1.5245334 0.032156058 7
-0.87213194 -1.8352686 0.10467191 9
nan nan nan 0
-0.86419135 -1.8168329 -0.034512132 8
nan nan nan 0
-0.83952326 -1.7654406 -0.16765755 4
nan nan nan 0
-0.72727919 -1.529991 -0.26252028 7
nan nan nan 0
-0.49328411 -1.0365608 -0.25681227 4
-1.2947011 -1.7944198 0.5023855 77
-0.87587798 -1.8521638 0.53893471 91
-1.2973589 -1.7987266 0.34533921 49
-0.87905031 -1.8514584 0.39128381 94
-1.107053 -1.5353353 0.16254546 5
-0.77751046 -1.6305344 0.21722755 3
-1.0964087 -1.5205933 0.032112423 7
-0.87747467 -1.8382546 0.10493358 9
nan nan nan 0
-0.86843354 -1.8175796 -0.034555763 8
nan nan nan 0
-0.84046674 -1.7594731 -0.16722265 4
nan nan nan 0
-0.7299484 -1.5287193 -0.26252028 7
nan nan nan 0
-0.49613437 -1.0379003 -0.25737423 4
-1.308704 -1.7932884 0.50407141 90
-0.88556391 -1.8475525 0.53893471 92
-1.3053026 -1.7899151 0.34494856 50
-0.88873249 -1.8468304 0.39128381 94
-1.1003854 -1.5094076 0.16036656 7
-0.80000103 -1.6555206 0.22118267 3
-1.096983 -1.5047399 0.03189427 2
-0.88708764 -1.8336349 0.10493358 9
nan nan nan 0
-0.88336033 -1.8242685 -0.034773916 7
nan nan nan 0
-0.84966779 -1.7550484 -0.16722265 3
nan nan nan 0
-0.73366404 -1.515974 -0.26095769 7
nan nan nan 0
-0.50577533 -1.0440744 -0.25962204 3
-1.3129598 -1.7931944 0.50463331 83
-0.88982975 -1.8481821 0.53958082 91
-1.3157253 -1.797591 0.34690183 47
-0.89620668 -1.854124 0.39319018 94
-1.0971277 -1.4994512 0.15949501 7
-0.80504531 -1.6585919 0.22179115 3
-1.0996076 -1.502823 0.03189427 2
-0.89571768 -1.8433235 0.10558779 9
nan nan nan 0
-0.89307272 -1.8362255 -0.035035703 7
nan nan nan 0
-0.85272956 -1.7535627 -0.16722265 3
nan nan nan 0
-0.73845589 -1.5191387 -0.26173899 7
nan nan nan 0
-0.50231093 -1.0322167 -0.25681227 3
-1.3240942 -1.788021 0.50519526 84
-0.90265703 -1.8500162 0.54151952 89
-1.3251193 -1.7906772 0.34690183 49
-0.90697736 -1.8516126 0.39366677 94
-1.0930985 -1.4776804 0.15775189 7
-0.81262887 -1.6521245 0.22148691 4
-1.1015069 -1.4890128 0.031719748 2
-0.89986718 -1.8273973 0.10493358 8
nan nan nan 0
-0.89387429 -1.8135679 -0.034686655 7
nan nan nan 0
-0.85970813 -1.7446007 -0.16678773 3
nan nan nan 0
-0.74531478 -1.5130334 -0.26134834 6
nan nan nan 0
-0.51091468 -1.0361398 -0.25849813 3
-1.3327191 -1.7937555 0.50744307 80
-0.90588456 -1.848438 0.54151952 90
-1.3311905 -1.7923238 0.34768313 50
-0.90805054 -1.8456178 0.39271358 94
-1.0941893 -1.4737724 0.157534 7
-0.8176983 -1.6551585 0.22209539 4
-1.10112 -1.4830773 0.031632487 2
-0.90525895 -1.8303045 0.10519527 8
nan nan nan 0
-0.90255821 -1.8232181 -0.034904812 7
nan nan nan 0
-0.86605048 -1.7498014 -0.1674401 3
nan nan nan 0
-0.74686533 -1.509514 -0.26095769 6
nan nan nan 0
-0.51057732 -1.030872 -0.25737423 3
-1.3453348 -1.7904111 0.50856698 87
-0.91768903 -1.8480003 0.54281187 88
-1.3450097 -1.7912492 0.34885508 51
-0.91879165 -1.8430367 0.39319018 94
-1.0944055 -1.4580715 0.15644456 6
-0.82966924 -1.6575193 0.22300811 3
-1.1133778 -1.4832841 0.031763379 2
-0.91594356 -1.827774 0.10532611 8
nan nan nan 0
-0.91209209 -1.8184674 -0.034904812 6
nan nan nan 0
-0.87186664 -1.7385563 -0.16678773 2
nan nan nan 0
-0.75696009 -1.5100037 -0.26173899 5
nan nan nan 0
-0.51813579 -1.0325477 -0.25849813 2
-1.3496133 -1.7902396 0.50912893 78
-0.92305917 -1.850723 0.54410434 90
-1.3451586 -1.7849574 0.34807378 15
-0.92310095 -1.8436273 0.39366677 94
-1.0909464 -1.4482083 0.155573 6
-0.83034265 -1.6516294 0.22239964 4
-1.1009045 -1.4613889 0.031327069 2
-0.9146623 -1.8172426 0.10480275 7
nan nan nan 0
-0.919743 -1.8258121 -0.035079334 6
nan nan nan 0
-0.87713009 -1.7414858 -0.16722265 2
nan nan nan 0
-0.76290786 -1.5153058 -0.26291096 5
nan nan nan 0
-0.51776171 -1.0272824 -0.25737423 2
-1.3622369 -1.7867832 0.51025283 81
-0.93056804 -1.8415487 0.54281187 92
-1.3559841 -1.7798527 0.34846446 8
-0.93384683 -1.8409597 0.39414334 94
-1.0894487 -1.4305977 0.15426567 6
-0.83785844 -1.6450452 0.22209539 3
-1.1039915 -1.4496434 0.031196173 2
-0.92529386 -1.8146549 0.10493358 7
nan nan nan 0
-0.928159 -1.8187424 -0.035035703 5
nan nan nan 0
-0.88172919 -1.7279851 -0.16635282 2
nan nan nan 0
-0.76413536 -1.4980743 -0.26056704 5
nan nan nan 0
-0.52643073 -1.0310793 -0.25906011 3
-1.3650419 -1.7846413 0.51025283 80
-0.93595701 -1.8442339 0.54410434 90
-1.3680975 -1.7892455 0.35080835 9
-0.93927681 -1.8437054 0.39509654 94
-1.0904294 -1.4267168 0.15404777 6
-0.83847898 -1.6391565 0.22148691 3
nan nan nan 0
-0.92732662 -1.8108127 0.10480275 7
nan nan nan 0
-0.93587255 -1.8260274 -0.035210226 4
nan nan nan 0
-0.88813567 -1.7331008 -0.16700518 2
nan nan nan 0
-0.7701084 -1.5033405 -0.26173899 4
nan nan nan 0
-0.52712661 -1.0279869 -0.25849813 2
-1.3851219 -1.790709 0.5141865 80
-0.94889879 -1.8457587 0.54604292 90
-1.3729119 -1.7762003 0.34963641 9
-0.95115882 -1.8431288 0.39604971 95
-1.0872118 -1.4072034 0.15252255 5
-0.85045862 -1.6413618 0.22239964 4
nan nan nan 0
-0.941374 -1.8148074 0.10532611 7
nan nan nan 0
-0.94542074 -1.8211023 -0.035210226 4
nan nan nan 0
-0.89719796 -1.7284267 -0.16700518 2
nan nan nan 0
-0.77092153 -1.4862533 -0.25939506 4
nan nan nan 0
-0.53361613 -1.027379 -0.25906011 3
-1.3879331 -1.7885311 0.5141865 77
-0.95101553 -1.8419514 0.54539669 91
-1.3741853 -1.7720914 0.34924576 9
-0.95437425 -1.841466 0.39604971 95
-1.0881379 -1.4033372 0.15230466 5
-0.85417545 -1.6422281 0.22270387 3
nan nan nan 0
-0.94651973 -1.8177601 0.10558779 7
nan nan nan 0
-0.95204997 -1.8261065 -0.035341118 3
nan nan nan 0
-0.90479785 -1.7357028 -0.16787501 2
nan nan nan 0
-0.77805364 -1.4936776 -0.26095769 3
nan nan nan 0
-0.53522927 -1.0265396 -0.25906011 3
-1.3957735 -1.7793238 0.51362455 79
-0.96589643 -1.8478281 0.54862773 89
-1.3941202 -1.7784667 0.35198036 9
-0.96481788 -1.8387874 0.39652634 95
-1.0844604 -1.3841002 0.15077944 5
-0.85930896 -1.6311386 0.22179115 3
nan nan nan 0
-0.95486474 -1.8105681 0.10545694 7
nan nan nan 0
-0.95779461 -1.8146248 -0.035210226 2
nan nan nan 0
-0.90461195 -1.7133007 -0.16613537 2
nan nan nan 0
-0.78357124 -1.485209 -0.26017636 3
nan nan nan 0
-0.5484997 -1.0388334 -0.26299375 3
-1.4049108 -1.7845362 0.51587236 78
-0.96576679 -1.8397171 0.54668915 90
-1.3773532 -1.7508181 0.34690183 8
-0.96948606 -1.8391052 0.39700294 95
-1.0822498 -1.3763371 0.15012577 5
-0.86330944 -1.6318325 0.22209539 3
nan nan nan 0
-0.96035057 -1.8133168 0.10571863 7
nan nan nan 0
-0.96096027 -1.8129504 -0.035210226 2
nan nan nan 0
nan nan nan 0
nan nan nan 0
-0.80226392 -1.5144305 -0.26564553 2
nan nan nan 0
-0.54238278 -1.022778 -0.25906011 3
-1.4191021 -1.7826227 0.51755822 77
-0.977965 -1.8387341 0.5479815 89
-1.372956 -1.72596 0.34338593 8
-0.98370636 -1.8426739 0.3989093 92
-1.0788162 -1.3568274 0.14860053 5
-0.87679332 -1.6358974 0.22331235 3
nan nan nan 0
-0.96897191 -1.8058916 0.10558779 7
nan nan nan 0
nan nan nan 0
nan nan nan 0
nan nan nan 0
nan nan nan 0
nan nan nan 0
nan nan nan 0
-0.54447538 -1.013377 -0.25737423 3
-1.4219005 -1.7803915 0.51755822 73
-0.98570484 -1.8455554 0.55056632 91
-1.3682551 -1.7139189 0.34143266 8
-0.98461121 -1.8366231 0.3979561 93
-1.0796272 -1.3529974 0.14838265 5
-0.87496442 -1.625613 0.22209539 3
nan nan nan 0
-0.97566038 -1.810799 0.1059803 7
nan nan nan 0
-1.00463 -1.8632983 -0.036344636 1
nan nan nan 0
nan nan nan 0
nan nan nan 0
nan nan nan 0
nan nan nan 0
-0.54279876 -1.0059797 -0.25568837 2
nan nan nan 0
-0.99535459 -1.840369 0.55056632 90
-1.3772104 -1.7067311 0.34143266 9
-0.99654657 -1.8357614 0.3989093 92
-1.0757372 -1.333768 0.14685743 5
-0.88582832 -1.6253729 0.22270387 3
nan nan nan 0
-0.98155564 -1.7990831 0.10558779 6
nan nan nan 0
-0.99886215 -1.8294581 -0.035777431 2
nan nan nan 0
nan nan nan 0
nan nan nan 0
nan nan nan 0
nan nan nan 0
-0.55965245 -1.0245483 -0.2613079 2
-1.280793 -1.5812675 0.46136299 34
-0.99741733 -1.8365046 0.5499202 90
-1.3490741 -1.6659721 0.33361953 14
-1.000919 -1.8361766 0.3993859 92
-1.0764945 -1.3299545 0.14663954 5
-0.88510603 -1.6172854 0.22179115 3
nan nan nan 0
-0.98708361 -1.8017515 0.10584947 6
nan nan nan 0
-1.0128258 -1.8474616 -0.03617011 2
nan nan nan 0
nan nan nan 0
nan nan nan 0
nan nan nan 0
nan nan nan 0
nan nan nan 0
-1.2862391 -1.5705481 0.46023905 37
-1.0128145 -1.8418504 0.55315113 89
-1.3186369 -1.6111487 0.32385316 62
-1.015244 -1.8395156 0.40129229 91
-1.0818641 -1.3223739 0.14642164 5
-0.89475924 -1.6148022 0.22209539 3
nan nan nan 0
-1.0025347 -1.8074876 0.10650366 6
nan nan nan 0
-1.0188601 -1.8355689 -0.036039218 2
nan nan nan 0
nan nan nan 0
nan nan nan 0
nan nan nan 0
nan nan nan 0
nan nan nan 0
-1.2856082 -1.5647641 0.45911518 32
-1.0171905 -1.8421967 0.55379736 89
-1.3277229 -1.6164718 0.32541579 34
-1.020823 -1.8420391 0.40224546 91
-1.0730932 -1.3070219 0.14489642 5
-0.89997846 -1.6175808 0.22270387 3
nan nan nan 0
-1.0081079 -1.8101029 0.10676534 6
nan nan nan 0
-1.0184255 -1.8272297 -0.035908323 2
nan nan nan 0
nan nan nan 0
nan nan nan 0
nan nan nan 0
nan nan nan 0
nan nan nan 0
-1.3096389 -1.5765091 0.46473467 28
-1.0244745 -1.8326243 0.55250502 89
nan nan nan 0
-1.0268652 -1.8302402 0.40081567 92
-1.0767369 -1.2975557 0.14446063 5
-0.91086066 -1.6171765 0.22331235 3
nan nan nan 0
-1.0163503 -1.8026221 0.10663451 6
nan nan nan 0
-1.0340971 -1.8327705 -0.03612648 2
nan nan nan 0
nan nan nan 0
nan nan nan 0
nan nan nan 0
nan nan nan 0
nan nan nan 0
-1.4682419 -1.7614423 0.52092993 61
-1.0300266 -1.8350505 0.55379736 89
nan nan nan 0
-1.0372577 -1.8412902 0.40367526 91
-1.0790001 -1.2956746 0.14446063 5
-0.90030307 -1.5917922 0.21996571 3
nan nan nan 0
nan nan nan 0
nan nan nan 0
nan nan nan 0
nan nan nan 0
nan nan nan 0
nan nan nan 0
nan nan nan 0
nan nan nan 0
nan nan nan 0
-1.4966072 -1.77581 0.52767336 72
-1.0396206 -1.8296322 0.55379736 91
-1.4890759 -1.7681111 0.3601841 12
-1.0432509 -1.8294302 0.40224546 91
-1.0777402 -1.2804891 0.14337119 4
nan nan nan 0
nan nan nan 0
nan nan nan 0
nan nan nan 0
nan nan nan 0
nan nan nan 0
nan nan nan 0
nan nan nan 0
nan nan nan 0
nan nan nan 0
nan nan nan 0
-1.496246 -1.769739 0.52654946 69
-1.0499654 -1.8404168 0.55767465 89
-1.5001369 -1.7749326 0.36213735 12
-1.0525163 -1.8382685 0.40462843 89
-1.0735369 -1.2710028 0.14249964 4
nan nan nan 0
nan nan nan 0
nan nan nan 0
nan nan nan 0
nan nan nan 0
nan nan nan 0
nan nan nan 0
nan nan nan 0
nan nan nan 0
nan nan nan 0
nan nan nan 0
-1.5121367 -1.7690195 0.52879727 67
-1.0595872 -1.8348939 0.55767465 88
-1.5094098 -1.7670536 0.36213735 21
-1.062127 -1.8327324 0.40462843 89
-1.0720814 -1.2559025 0.14141019 4
nan nan nan 0
nan nan nan 0
nan nan nan 0
nan nan nan 0
nan nan nan 0
nan nan nan 0
nan nan nan 0
nan nan nan 0
nan nan nan 0
nan nan nan 0
nan nan nan 0
-1.5149137 -1.766642 0.52879727 67
-1.0652016 -1.8372256 0.55896699 88
-1.5141002 -1.7662899 0.36252803 35
-1.0665538 -1.8329998 0.40510502 89
-1.0694046 -1.248361 0.14075653 4
nan nan nan 0
nan nan nan 0
nan nan nan 0
nan nan nan 0
nan nan nan 0
nan nan nan 0
nan nan nan 0
nan nan nan 0
nan nan nan 0
nan nan nan 0
nan nan nan 0
-1.5276443 -1.7620982 0.52992117 61
-1.0748068 -1.8316228 0.55896699 88
-1.5298011 -1.7657981 0.36409065 35
-1.079859 -1.8337424 0.40653479 87
-1.0775585 -1.2446254 0.14097442 5
nan nan nan 0
nan nan nan 0
nan nan nan 0
nan nan nan 0
nan nan nan 0
nan nan nan 0
nan nan nan 0
nan nan nan 0
nan nan nan 0
nan nan nan 0
nan nan nan 0
-1.5368106 -1.7670437 0.53216898 64
-1.0792234 -1.8318279 0.55961323 91
-1.5361239 -1.7668499 0.36487198 35
-1.0830579 -1.8318548 0.40653479 87
-1.073187 -1.2352302 0.14010285 5
nan nan nan 0
nan nan nan 0
nan nan nan 0
nan nan nan 0
nan nan nan 0
nan nan nan 0
nan nan nan 0
nan nan nan 0
nan nan nan 0
nan nan nan 0
nan nan nan 0
-1.5527887 -1.7660155 0.53441679 65
-1.0912642 -1.8303057 0.56090558 91
-1.555142 -1.7699044 0.36721587 34
-1.0926346 -1.8261589 0.40653479 87
-1.0730585 -1.2221158 0.13923129 5
nan nan nan 0
nan nan nan 0
nan nan nan 0
nan nan nan 0
nan nan nan 0
nan nan nan 0
nan nan nan 0
nan nan nan 0
nan nan nan 0
nan nan nan 0
nan nan nan 0
-1.5571738 -1.7653998 0.53497875 63
-1.0932213 -1.8263236 0.56025946 91
-1.5579203 -1.7674594 0.36721587 34
-1.0983386 -1.8284621 0.40748802 87
-1.0669467 -1.2109075 0.13814184 5
-0.95688212 -1.5874817 0.22300811 8
nan nan nan 0
-1.0819217 -1.7932683 0.10794291 11
nan nan nan 0
-1.0751356 -1.7798623 -0.035690166 3
nan nan nan 0
nan nan nan 0
nan nan nan 0
nan nan nan 0
nan nan nan 0
nan nan nan 0
-1.5680186 -1.7590396 0.5355407 63
-1.1049439 -1.8249041 0.56155181 91
-1.5720851 -1.7648054 0.36838785 34
-1.1088488 -1.8249795 0.40796459 84
-1.0680879 -1.1999167 0.13748819 5
-0.9548856 -1.5654769 0.2205742 8
nan nan nan 0
-1.0925926 -1.7897127 0.10807375 11
nan nan nan 0
-1.1165954 -1.8277932 -0.036780942 3
nan nan nan 0
nan nan nan 0
nan nan nan 0
nan nan nan 0
nan nan nan 0
nan nan nan 0
-1.5808398 -1.767186 0.53891242 61
-1.1118773 -1.8291723 0.56349045 91
-1.5801046 -1.7675781 0.36955982 34
-1.1187199 -1.8333354 0.41034755 83
-1.0602129 -1.1869181 0.13618085 5
-0.95632571 -1.5616885 0.22026995 8
nan nan nan 0
-1.1009146 -1.7963285 0.10859711 10
nan nan nan 0
nan nan nan 0
nan nan nan 0
nan nan nan 0
nan nan nan 0
nan nan nan 0
nan nan nan 0
nan nan nan 0
-1.5936487 -1.7622179 0.54003632 62
-1.1192353 -1.8190101 0.56219804 91
-1.5946159 -1.7644951 0.3707318 34
-1.128304 -1.8274528 0.41034755 83
-1.0632766 -1.1774716 0.13574508 4
-0.96085507 -1.5501544 0.21935724 8
nan nan nan 0
-1.109306 -1.7882215 0.10846627 9
nan nan nan 0
nan nan nan 0
nan nan nan 0
nan nan nan 0
nan nan nan 0
nan nan nan 0
nan nan nan 0
nan nan nan 0
-1.6029676 -1.7669239 0.54228413 60
-1.1262025 -1.8232262 0.56413662 91
-1.6010137 -1.7653649 0.37151313 34
-1.1302031 -1.8233922 0.40987095 83
-1.0586319 -1.1682401 0.13487351 4
-0.96617073 -1.5526953 0.21996571 8
nan nan nan 0
-1.1111099 -1.7841605 0.10833542 10
nan nan nan 0
nan nan nan 0
nan nan nan 0
nan nan nan 0
nan nan nan 0
nan nan nan 0
nan nan nan 0
nan nan nan 0
-1.6158001 -1.7618133 0.54340804 61
-1.1344582 -1.8152539 0.56349045 91
-1.611905 -1.7587769 0.37190375 34
-1.1423339 -1.8216132 0.41082415 83
-1.0647342 -1.1626811 0.13487351 4
-0.97692084 -1.5518215 0.2205742 8
nan nan nan 0
-1.1230892 -1.7825485 0.10859711 10
nan nan nan 0
nan nan nan 0
nan nan nan 0
nan nan nan 0
nan nan nan 0
nan nan nan 0
nan nan nan 0
nan nan nan 0
-1.6218671 -1.7628558 0.54453194 61
-1.1389035 -1.8153194 0.56413662 91
-1.6166452 -1.7577771 0.3722944 34
-1.1455114 -1.8196168 0.41082415 83
-1.0532631 -1.1461668 0.13313039 4
-0.97698689 -1.5459123 0.21996571 8
nan nan nan 0
-1.1301886 -1.7869242 0.10898963 10
nan nan nan 0
nan nan nan 0
nan nan nan 0
nan nan nan 0
nan nan nan 0
nan nan nan 0
nan nan nan 0
nan nan nan 0
-1.6297208 -1.7522725 0.54396999 71
-1.1483928 -1.8093312 0.56413662 91
-1.6291916 -1.7529031 0.37307572 35
-1.1550231 -1.8135939 0.41082415 82
-1.0626439 -1.144282 0.13356617 4
-0.98773074 -1.5449636 0.2205742 8
nan nan nan 0
-1.1435524 -1.7872995 0.10938215 10
nan nan nan 0
nan nan nan 0
nan nan nan 0
nan nan nan 0
nan nan nan 0
nan nan nan 0
nan nan nan 0
nan nan nan 0
-1.639124 -1.7568296 0.5462178 87
-1.1541357 -1.8114033 0.56542909 91
-1.6373054 -1.7554704 0.3742477 42
-1.1581867 -1.8115752 0.41082415 82
-1.0612391 -1.1387857 0.13313039 4
-0.98775548 -1.539054 0.21996571 8
nan nan nan 0
-1.1345677 -1.7663695 0.10820458 8
nan nan nan 0
nan nan nan 0
nan nan nan 0
nan nan nan 0
nan nan nan 0
nan nan nan 0
nan nan nan 0
nan nan nan 0
-1.6536239 -1.7532481 0.54790366 94
-1.1662123 -1.8094009 0.56672144 90
-1.6430843 -1.7432821 0.37346637 45
-1.1729696 -1.8137405 0.41273054 80
-1.0671872 -1.1332135 0.13313039 3
-1.0011846 -1.5421996 0.22118267 7
nan nan nan 0
-1.1505795 -1.7708869 0.10885879 6
nan nan nan 0
nan nan nan 0
nan nan nan 0
nan nan nan 0
nan nan nan 0
nan nan nan 0
nan nan nan 0
nan nan nan 0
-1.6597271 -1.7541848 0.54902756 53
-1.1706759 -1.809393 0.56736767 90
-1.6546154 -1.749375 0.37541965 44
-1.1734694 -1.807568 0.41177732 80
-1.0640252 -1.1259252 0.13247673 2
-0.99712622 -1.5300385 0.21966147 7
nan nan nan 0
-1.1441529 -1.7542179 0.10794291 5
nan nan nan 0
nan nan nan 0
nan nan nan 0
nan nan nan 0
nan nan nan 0
nan nan nan 0
nan nan nan 0
nan nan nan 0
-1.6658236 -1.7416611 0.54790366 31
-1.1840882 -1.8093094 0.56930625 89
-1.6671677 -1.7442551 0.37620097 23
-1.1856033 -1.8055075 0.41273054 79
nan nan nan 0
-1.0105661 -1.5330973 0.22087842 7
nan nan nan 0
-1.1451002 -1.7356815 0.10715786 5
nan nan nan 0
nan nan nan 0
nan nan nan 0
nan nan nan 0
nan nan nan 0
nan nan nan 0
nan nan nan 0
nan nan nan 0
-1.6618057 -1.7320164 0.54565585 29
-1.1925311 -1.8153251 0.57189107 87
-1.6599454 -1.7306582 0.37385702 20
-1.1941378 -1.8116432 0.41463691 78
-1.3427382 -1.4004461 0.16668536 2
-1.0118761 -1.5292584 0.2205742 7
nan nan nan 0
-1.1357623 -1.7149199 0.1059803 5
nan nan nan 0
nan nan nan 0
nan nan nan 0
nan nan nan 0
nan nan nan 0
nan nan nan 0
nan nan nan 0
nan nan nan 0
-1.6609679 -1.7125161 0.54228413 28
-1.2006875 -1.807042 0.5712449 87
-1.6638244 -1.7166278 0.37268507 19
-1.2076782 -1.8115003 0.41606668 76
-1.3621955 -1.4059051 0.16821058 1
-1.0239944 -1.5301361 0.22148691 7
nan nan nan 0
-1.137802 -1.6985633 0.10532611 5
nan nan nan 0
nan nan nan 0
nan nan nan 0
nan nan nan 0
nan nan nan 0
nan nan nan 0
nan nan nan 0
nan nan nan 0
-1.6568555 -1.7029263 0.54003632 27
-1.2078468 -1.8109797 0.57318354 88
-1.6579051 -1.7051667 0.3707318 18
-1.2121986 -1.8114322 0.41654328 75
-1.3681228 -1.4070934 0.16864637 1
-1.0305314 -1.5347161 0.22239964 6
nan nan nan 0
-1.1279757 -1.6780981 0.10414855 5
nan nan nan 0
nan nan nan 0
nan nan nan 0
nan nan nan 0
nan nan nan 0
nan nan nan 0
nan nan nan 0
nan nan nan 0
-1.6554937 -1.6838136 0.53666461 27
-1.2143056 -1.8008325 0.57189107 88
-1.6564186 -1.6859025 0.36838785 18
-1.2240936 -1.8093448 0.4174965 75
-1.3787209 -1.4037009 0.16908213 1
-1.039942 -1.5313554 0.22270387 6
nan nan nan 0
-1.1325498 -1.6659656 0.10375603 4
nan nan nan 0
nan nan nan 0
nan nan nan 0
nan nan nan 0
nan nan nan 0
nan nan nan 0
nan nan nan 0
nan nan nan 0
-1.6410168 -1.6638807 0.53104508 26
-1.2214952 -1.8047192 0.57382971 87
-1.6506834 -1.6742243 0.3664346 17
-1.2272495 -1.8072054 0.4174965 75
-1.377669 -1.3977485 0.16864637 2
-1.0453984 -1.5336457 0.22331235 6
nan nan nan 0
-1.1284428 -1.6536595 0.10310183 5
nan nan nan 0
nan nan nan 0
nan nan nan 0
nan nan nan 0
nan nan nan 0
nan nan nan 0
nan nan nan 0
nan nan nan 0
-1.6465524 -1.6515301 0.52992117 26
-1.2350075 -1.804286 0.57576835 87
-1.6454732 -1.6515753 0.36330935 16
-1.23531 -1.7987288 0.41701987 75
-1.4008013 -1.4063818 0.17060737 2
-1.0506073 -1.5240581 0.22270387 6
nan nan nan 0
-1.1314323 -1.6394964 0.10257847 4
nan nan nan 0
nan nan nan 0
nan nan nan 0
nan nan nan 0
nan nan nan 0
nan nan nan 0
nan nan nan 0
nan nan nan 0
-1.640811 -1.6400504 0.52711141 26
-1.2408813 -1.8061143 0.5770607 85
-1.6396168 -1.6399767 0.36135608 16
-1.2470949 -1.8084934 0.41987944 72
-1.4032538 -1.4039348 0.17060737 2
-1.0546726 -1.5242661 0.22300811 6
nan nan nan 0
-1.1272074 -1.6272417 0.10192427 4
nan nan nan 0
nan nan nan 0
nan nan nan 0
nan nan nan 0
nan nan nan 0
nan nan nan 0
nan nan nan 0
nan nan nan 0
-1.6392586 -1.6208806 0.5237397 26
-1.2520094 -1.8013602 0.57770693 85
-1.6449525 -1.6276108 0.36057475 15
-1.2551476 -1.7999231 0.41940287 71
-1.4143728 -1.3998225 0.17104314 2
-1.0685762 -1.5266831 0.22422507 6
nan nan nan 0
-1.1245706 -1.6047366 0.10087755 4
nan nan nan 0
nan nan nan 0
nan nan nan 0
nan nan nan 0
nan nan nan 0
nan nan nan 0
nan nan nan 0
nan nan nan 0
-1.6365938 -1.6131777 0.52205384 26
-1.2551514 -1.7991724 0.57770693 85
-1.6389921 -1.6160758 0.35862145 15
-1.2624964 -1.8037702 0.42083263 71
-1.4203633 -1.400846 0.17147893 2
-1.0698175 -1.5227817 0.22392082 8
nan nan nan 0
-1.123075 -1.5966355 0.10048503 4
nan nan nan 0
nan nan nan 0
nan nan nan 0
nan nan nan 0
nan nan nan 0
nan nan nan 0
nan nan nan 0
nan nan nan 0
-1.6400614 -1.5992018 0.52036798 26
-1.2687186 -1.7985049 0.57964557 85
-1.6332814 -1.5936877 0.35549623 14
-1.2719234 -1.7971351 0.42083263 70
-1.4258946 -1.391652 0.17126103 2
-1.074912 -1.5131066 0.22331235 9
nan nan nan 0
-1.1184386 -1.5723928 0.09930747 3
nan nan nan 0
nan nan nan 0
nan nan nan 0
nan nan nan 0
nan nan nan 0
nan nan nan 0
nan nan nan 0
nan nan nan 0
-1.6355785 -1.5898377 0.51812023 26
-1.2788126 -1.8061572 0.58287656 84
-1.6272018 -1.582235 0.35354298 14
-1.2778922 -1.7989196 0.4217858 70
-1.4408303 -1.4013044 0.17278627 2
-1.081858 -1.5172999 0.22422507 10
nan nan nan 0
-1.1153977 -1.5622973 0.098784111 2
nan nan nan 0
nan nan nan 0
nan nan nan 0
nan nan nan 0
nan nan nan 0
nan nan nan 0
nan nan nan 0
nan nan nan 0
-1.6353698 -1.57253 0.51531041 26
-1.2868505 -1.7974702 0.58223039 84
-1.6265602 -1.56514 0.35158968 15
-1.2944318 -1.8021852 0.4241688 69
-1.4445556 -1.3902903 0.17235048 2
-1.091234 -1.5136309 0.22452931 8
nan nan nan 0
-1.1133673 -1.5422421 0.097868234 1
nan nan nan 0
nan nan nan 0
nan nan nan 0
nan nan nan 0
nan nan nan 0
nan nan nan 0
nan nan nan 0
nan nan nan 0
-1.630798 -1.5632224 0.5130626 25
-1.294201 -1.8011138 0.58416903 87
-1.6236664 -1.5574595 0.35041773 15
-1.293282 -1.7939421 0.422739 68
-1.4523772 -1.3929336 0.17300415 2
-1.0965091 -1.5159432 0.22513779 8
nan nan nan 0
-1.10849 -1.5303643 0.097214036 4
nan nan nan 0
nan nan nan 0
nan nan nan 0
nan nan nan 0
nan nan nan 0
nan nan nan 0
nan nan nan 0
nan nan nan 0
-1.6354231 -1.5513121 0.51193869 25
-1.3033009 -1.7945404 0.58416903 84
-1.6335913 -1.5506351 0.35080835 14
-1.3052276 -1.791346 0.42369217 69
-1.4594088 -1.3855646 0.17300415 2
-1.0985918 -1.5021552 0.22392082 8
nan nan nan 0
-1.1091363 -1.5144507 0.09655983 2
nan nan nan 0
nan nan nan 0
nan nan nan 0
nan nan nan 0
nan nan nan 0
nan nan nan 0
nan nan nan 0
nan nan nan 0
-1.6328129 -1.5434396 0.51025283 25
-1.3092679 -1.796172 0.58546138 84
-1.6291139 -1.5410002 0.34924576 13
-1.3144439 -1.7967716 0.42559856 68
-1.4690677 -1.3898551 0.1738757 2
-1.0836505 -1.4761881 0.22026995 9
nan nan nan 0
-1.1073564 -1.5064671 0.096167319 1
nan nan nan 0
nan nan nan 0
nan nan nan 0
nan nan nan 0
nan nan nan 0
nan nan nan 0
nan nan nan 0
nan nan nan 0
-1.6304554 -1.5246089 0.50688112 25
-1.3218251 -1.7929558 0.58675385 84
-1.6247964 -1.5203638 0.34651116 13
-1.3252892 -1.7918406 0.42607516 64
-1.4911253 -1.3954871 0.17561881 2
-1.0901473 -1.4683075 0.21996571 10
nan nan nan 0
-1.1036136 -1.4843966 0.095120601 6
nan nan nan 0
nan nan nan 0
nan nan nan 0
nan nan nan 0
nan nan nan 0
nan nan nan 0
nan nan nan 0
nan nan nan 0
-1.6274983 -1.5170674 0.50519526 25
-1.327817 -1.7945346 0.58804619 83
-1.6238326 -1.5141608 0.34572983 13
-1.3298733 -1.7914985 0.42655176 63
-1.4990275 -1.3979733 0.1762725 2
-1.0867975 -1.458429 0.21874875 11
nan nan nan 0
-1.098762 -1.4724454 0.094466396 4
nan nan nan 0
nan nan nan 0
nan nan nan 0
nan nan nan 0
nan nan nan 0
nan nan nan 0
nan nan nan 0
nan nan nan 0
-1.6285132 -1.5016403 0.50294745 26
-1.3400803 -1.7914314 0.58933866 84
-1.6244737 -1.4989457 0.34416723 13
-1.3407044 -1.7864767 0.42702836 64
-1.5136538 -1.3968545 0.17714405 2
-1.088466 -1.4447758 0.21753179 11
nan nan nan 0
-1.1034592 -1.4626786 0.094204716 4
nan nan nan 0
nan nan nan 0
nan nan nan 0
nan nan nan 0
nan nan nan 0
nan nan nan 0
nan nan nan 0
nan nan nan 0
-1.6236906 -1.4924926 0.50069964 25
-1.3504349 -1.7987612 0.59256965 85
-1.6198112 -1.489429 0.34260461 12
-1.3482378 -1.7900239 0.42845812 64
-1.5197587 -1.3975788 0.17757982 2
-1.0820363 -1.4309756 0.21570633 11
nan nan nan 0
-1.0924913 -1.4428034 0.09302716 3
nan nan nan 0
nan nan nan 0
nan nan nan 0
nan nan nan 0
nan nan nan 0
nan nan nan 0
nan nan nan 0
nan nan nan 0
-1.6281343 -1.4804109 0.49957573 25
-1.3569224 -1.7878125 0.59127724 84
-1.6202763 -1.4742862 0.34104198 12
-1.3590746 -1.7848958 0.42893475 64
-1.5399603 -1.401324 0.17910506 2
-1.0850081 -1.4193649 0.21479362 11
nan nan nan 0
-1.0970056 -1.4330909 0.092765473 3
nan nan nan 0
nan nan nan 0
nan nan nan 0
nan nan nan 0
nan nan nan 0
nan nan nan 0
nan nan nan 0
nan nan nan 0
-1.6123946 -1.4615074 0.49395624 25
-1.3629596 -1.7892897 0.59256965 84
-1.6118629 -1.4615138 0.33869806 12
-1.3666463 -1.7883799 0.43036452 64
-1.5460964 -1.4019767 0.17954083 2
-1.0799564 -1.407606 0.21327242 10
nan nan nan 0
-1.0873771 -1.4153055 0.091718756 3
-0.19311421 -0.17724714 -0.011906429 4
nan nan nan 0
nan nan nan 0
nan nan nan 0
nan nan nan 0
nan nan nan 0
nan nan nan 0
nan nan nan 0
-1.6130179 -1.4462636 0.49170843 26
-1.3752484 -1.7859616 0.59386206 84
-1.6158142 -1.4497589 0.33791673 12
-1.3804804 -1.7870351 0.43179429 60
-1.5515606 -1.3922005 0.17932293 2
-1.0782175 -1.3901441 0.21144699 10
nan nan nan 0
-1.0947727 -1.4095926 0.091718756 3
-0.19403963 -0.17623357 -0.011906429 4
nan nan nan 0
-0.19679874 -0.17852542 -0.028294345 4
nan nan nan 0
nan nan nan 0
nan nan nan 0
nan nan nan 0
nan nan nan 0
-1.6043813 -1.4339974 0.48833668 25
-1.3827823 -1.7893006 0.5958007 83
-1.6146579 -1.4436483 0.33713546 12
-1.3835974 -1.784623 0.43179429 62
-1.5595627 -1.3944658 0.17997661 2
-1.0776037 -1.3843361 0.2108385 10
nan nan nan 0
-1.0849926 -1.3918962 0.090672038 2
-0.19807269 -0.17921886 -0.012168109 4
nan nan nan 0
-0.18599541 -0.16827543 -0.026468903 5
nan nan nan 0
nan nan nan 0
nan nan nan 0
nan nan nan 0
nan nan nan 0
-1.6139431 -1.4269079 0.48889863 25
-1.3980635 -1.7896607 0.59838551 83
-1.6166419 -1.4302702 0.33596346 12
-1.3959424 -1.7812235 0.43274748 60
-1.5761759 -1.3945237 0.18106605 2
-1.0787197 -1.3708587 0.20962153 10
nan nan nan 0
-1.0922656 -1.3861961 0.090672038 3
-0.18590747 -0.16661303 -0.01125223 4
nan nan nan 0
-0.18501289 -0.16565794 -0.026164662 6
nan nan nan 0
nan nan nan 0
nan nan nan 0
nan nan nan 0
nan nan nan 0
-1.6106956 -1.4195437 0.48721281 25
-1.4041572 -1.7910248 0.59967792 82
-1.6117213 -1.4209211 0.33440083 12
-1.403589 -1.7845805 0.43417725 61
-1.5823466 -1.3950614 0.18150184 2
-1.0780449 -1.3650711 0.20901306 10
nan nan nan 0
-1.0931399 -1.3823255 0.090541206 2
-0.19557014 -0.17453358 -0.011906429 4
nan nan nan 0
-0.1927574 -0.17188704 -0.027381623 6
nan nan nan 0
nan nan nan 0
nan nan nan 0
nan nan nan 0
nan nan nan 0
-1.6070819 -1.401494 0.48384106 25
-1.4117084 -1.7819986 0.59903169 83
-1.6133066 -1.4078796 0.33322889 12
-1.4141266 -1.7793781 0.43465388 57
-1.595021 -1.3919424 0.1821555 2
-1.0741415 -1.345992 0.20688337 10
nan nan nan 0
-1.092355 -1.3670031 0.089887001 3
-0.19271524 -0.17022875 -0.01164475 4
nan nan nan 0
-0.21234676 -0.18719532 -0.030424027 5
nan nan nan 0
nan nan nan 0
nan nan nan 0
nan nan nan 0
nan nan nan 0
-1.6095256 -1.3986869 0.48384106 25
-1.4193139 -1.7852125 0.60097033 81
-1.6064379 -1.3969681 0.33127561 12
nan nan nan 0
-1.5936866 -1.3858911 0.18171974 2
-1.0733968 -1.3402333 0.2062749 10
nan nan nan 0
-1.0869547 -1.3553361 0.089232802 3
-0.19678386 -0.17316398 -0.011906429 4
nan nan nan 0
-0.20704807 -0.18194839 -0.029511305 6
nan nan nan 0
nan nan nan 0
nan nan nan 0
nan nan nan 0
nan nan nan 0
-1.6096745 -1.383613 0.48159325 26
-1.428952 -1.7775072 0.60097033 81
-1.6064787 -1.3818216 0.32971299 12
-1.2654614 -1.5683043 0.38461146 12
-1.6049407 -1.380493 0.1821555 3
-1.0744064 -1.3266761 0.20505793 10
nan nan nan 0
-1.0974067 -1.3533217 0.089494482 2
-0.19389895 -0.16887921 -0.01164475 5
nan nan nan 0
-0.22498356 -0.19536205 -0.032249466 7
nan nan nan 0
nan nan nan 0
nan nan nan 0
nan nan nan 0
nan nan nan 0
-1.6007383 -1.3715827 0.47822157 25
-1.4350773 -1.7787759 0.60226274 81
-1.5995067 -1.3709891 0.32775971 12
-1.2712771 -1.5699148 0.38556468 18
-1.6187019 -1.3874043 0.18346284 3
-1.0736003 -1.3209393 0.20444946 10
nan nan nan 0
-1.0903423 -1.3397614 0.088709444 2
-0.20178252 -0.17503142 -0.012168109 4
nan nan nan 0
-0.23098403 -0.19980475 -0.033162192 6
nan nan nan 0
-0.92510128 -0.79202378 -0.22971837 4
nan nan nan 0
nan nan nan 0
nan nan nan 0
-1.6081358 -1.3629019 0.47822157 25
-1.4474162 -1.774987 0.60355514 81
-1.6047788 -1.3610001 0.32736906 11
-1.2717291 -1.5537237 0.38318169 22
-1.6240432 -1.3773006 0.18324494 3
-1.072652 -1.305692 0.20292826 10
nan nan nan 0
-1.0910184 -1.3263052 0.088186085 3
-0.19888471 -0.17074697 -0.011906429 4
nan nan nan 0
-0.23771207 -0.20339851 -0.03407491 6
nan nan nan 0
-0.95736098 -0.81092006 -0.23686729 4
nan nan nan 0
nan nan nan 0
nan nan nan 0
-1.6009635 -1.3525221 0.4754118 24
-1.4520376 -1.7743301 0.60420132 81
-1.599602 -1.3518283 0.32580644 11
-1.2651184 -1.5401021 0.38032213 34
-1.6302518 -1.3776755 0.18368071 2
-1.0686357 -1.2961425 0.20171128 10
nan nan nan 0
-1.0869944 -1.316681 0.087662719 2
-0.2049081 -0.1752279 -0.012298949 4
nan nan nan 0
-0.23996453 -0.20458199 -0.034379151 7
nan nan nan 0
-0.96440822 -0.81398833 -0.23829708 5
nan nan nan 0
nan nan nan 0
nan nan nan 0
-1.5989041 -1.3360388 0.47260204 24
-1.4674499 -1.774159 0.60678613 79
-1.5971794 -1.335523 0.32385316 12
-1.2809817 -1.5429157 0.38270509 26
-1.631707 -1.3643333 0.18302706 2
-1.0785744 -1.2943505 0.20231977 10
nan nan nan 0
-1.079524 -1.2936814 0.086485162 2
-0.2096567 -0.17735144 -0.012560629 4
nan nan nan 0
-0.24865705 -0.20967759 -0.03559611 7
nan nan nan 0
-0.97997332 -0.81834924 -0.24115664 5
nan nan nan 0
nan nan nan 0
nan nan nan 0
-1.5972543 -1.3304108 0.4714781 25
-1.4705441 -1.771595 0.60678613 79
-1.5976093 -1.3311543 0.32346252 12
-1.2883724 -1.5463446 0.38413486 21
-1.6168524 -1.3471507 0.18106605 2
-1.0760716 -1.2867426 0.20140706 10
nan nan nan 0
-1.0801827 -1.2898769 0.086354323 2
-0.20804618 -0.17538919 -0.01242979 4
nan nan nan 0
-0.25856724 -0.21717019 -0.037117314 7
nan nan nan 0
-0.98895514 -0.82290542 -0.24306302 8
nan nan nan 0
nan nan nan 0
nan nan nan 0
-1.6025475 -1.3202025 0.47091618 24
-1.4875426 -1.7731376 0.61001718 77
-1.5950238 -1.314926 0.32150921 12
-1.3027575 -1.5471009 0.38604125 17
-1.6296532 -1.3434138 0.18171974 2
-1.0764076 -1.2734927 0.2001901 10
nan nan nan 0
-1.0885291 -1.2861133 0.086485162 2
-0.21281782 -0.17746945 -0.012691469 4
nan nan nan 0
nan nan nan 0
nan nan nan 0
-1.0065289 -0.82861555 -0.24639918 9
nan nan nan 0
nan nan nan 0
nan nan nan 0
-1.5970833 -1.3115065 0.46866837 24
-1.4937385 -1.7742399 0.61130959 77
-1.5954069 -1.3105747 0.32111859 11
nan nan nan 0
-1.6319956 -1.3405676 0.18171974 2
-1.0770286 -1.2697154 0.19988585 9
nan nan nan 0
-1.0859389 -1.2784902 0.086092643 2
-0.21891977 -0.18184564 -0.013083989 4
nan nan nan 0
nan nan nan 0
nan nan nan 0
-1.011773 -0.82996505 -0.24735238 9
nan nan nan 0
nan nan nan 0
nan nan nan 0
-1.5946943 -1.2951761 0.46585861 25
-1.5045693 -1.7682366 0.61195576 77
-1.5964942 -1.2975363 0.31994662 11
-1.5010999 -1.7586002 0.44227937 43
-1.6215854 -1.317883 0.17975873 2
-1.0723927 -1.2508408 0.19775617 9
nan nan nan 0
-1.0893761 -1.2689893 0.085830964 2
-0.21792977 -0.17912437 -0.012953148 4
nan nan nan 0
nan nan nan 0
nan nan nan 0
-1.0084736 -0.81848091 -0.245446 9
nan nan nan 0
nan nan nan 0
nan nan nan 0
-1.5929369 -1.2896073 0.46473467 25
-1.5107822 -1.7692875 0.61324817 76
-1.5949156 -1.2916433 0.31916532 11
-1.5121315 -1.7653127 0.44466233 53
-1.6103251 -1.3040915 0.17823349 2
-1.0665082 -1.2395397 0.19623497 9
nan nan nan 0
nan nan nan 0
-0.21824208 -0.17874375 -0.012953148 4
nan nan nan 0
nan nan nan 0
nan nan nan 0
-1.0194529 -0.82442176 -0.24782895 9
nan nan nan 0
nan nan nan 0
nan nan nan 0
-1.5960851 -1.2779285 0.4636108 24
-1.5215995 -1.7631842 0.6138944 75
-1.6016568 -1.2832747 0.31916532 11
-1.5229563 -1.7592297 0.44513896 52
-1.6054614 -1.2863092 0.17692617 1
-1.0632455 -1.2226765 0.19440953 9
nan nan nan 0
nan nan nan 0
-0.21917498 -0.1775986 -0.012953148 5
nan nan nan 0
nan nan nan 0
nan nan nan 0
-1.0275927 -0.82213348 -0.24878214 9
nan nan nan 0
nan nan nan 0
nan nan nan 0
-1.5904691 -1.2693485 0.46136299 24
-1.5278295 -1.7641833 0.61518681 75
-1.5923072 -1.2712442 0.31682137 11
-1.5292362 -1.7602806 0.44609213 52
nan nan nan 0
-1.0604987 -1.2151964 0.19349679 9
nan nan nan 0
nan nan nan 0
-0.22339015 -0.18032683 -0.013214828 5
nan nan nan 0
nan nan nan 0
nan nan nan 0
-1.0386318 -0.8279742 -0.25116512 10
nan nan nan 0
nan nan nan 0
nan nan nan 0
-1.5858321 -1.2516799 0.45799124 23
-1.5418068 -1.7616209 0.61712545 75
-1.5911849 -1.2567745 0.31525874 10
-1.5465096 -1.7614863 0.44847509 51
nan nan nan 0
-1.0570303 -1.1984332 0.19167136 9
nan nan nan 0
nan nan nan 0
-0.22237039 -0.17760941 -0.013083989 5
nan nan nan 0
-0.97972977 -0.77362466 -0.14877349 6
nan nan nan 0
-1.0506693 -0.82859248 -0.25307149 10
nan nan nan 0
nan nan nan 0
nan nan nan 0
-1.5858802 -1.2476829 0.45742929 24
-1.5496494 -1.7643802 0.61906403 73
-1.5875505 -1.2494196 0.31408679 10
-1.5479629 -1.7569399 0.44799849 51
nan nan nan 0
-1.0558416 -1.192861 0.19106288 9
nan nan nan 0
nan nan nan 0
-0.22660717 -0.18030475 -0.013345668 4
nan nan nan 0
-0.99865055 -0.78569674 -0.15151165 6
nan nan nan 0
-1.0675683 -0.83886653 -0.25688425 10
nan nan nan 0
nan nan nan 0
nan nan nan 0
-1.5868354 -1.2346021 0.45574343 24
-1.5620654 -1.7598606 0.62035644 72
-1.5921209 -1.2395749 0.31369612 10
-1.5669117 -1.7598273 0.45085809 51
nan nan nan 0
-1.0538275 -1.1780455 0.18954168 8
nan nan nan 0
nan nan nan 0
-0.22754812 -0.17911576 -0.013345668 5
nan nan nan 0
-1.0203947 -0.79414809 -0.1542498 7
nan nan nan 0
-1.0622474 -0.82574779 -0.25450125 11
nan nan nan 0
nan nan nan 0
nan nan nan 0
-1.58492 -1.229126 0.45461956 24
-1.5715456 -1.7643578 0.62294126 72
-1.5864722 -1.2307473 0.31213349 10
-1.5748756 -1.7625893 0.45228785 48
nan nan nan 0
-1.055882 -1.1762044 0.18954168 8
nan nan nan 0
nan nan nan 0
-0.23180895 -0.18177454 -0.013607348 5
nan nan nan 0
-1.0276685 -0.79691935 -0.15516253 7
nan nan nan 0
-1.0598024 -0.82089233 -0.25354809 12
nan nan nan 0
nan nan nan 0
nan nan nan 0
-1.5780059 -1.2101686 0.45068586 23
-1.5855991 -1.7614995 0.6248799 71
-1.5850531 -1.2164177 0.3105709 10
-1.5890063 -1.7597932 0.45371762 48
nan nan nan 0
-1.0587021 -1.1669745 0.18893321 8
nan nan nan 0
nan nan nan 0
-0.2307753 -0.17904057 -0.013476508 5
nan nan nan 0
-1.029856 -0.79002005 -0.15485829 8
nan nan nan 0
-1.0621359 -0.81384212 -0.25307149 10
nan nan nan 0
nan nan nan 0
nan nan nan 0
-1.5760313 -1.2047333 0.44956198 23
-1.5951324 -1.7659104 0.62746471 71
-1.5812849 -1.2091552 0.30939892 10
-1.5953641 -1.7606608 0.45467082 47
nan nan nan 0
-1.0557415 -1.159606 0.18802048 8
nan nan nan 0
nan nan nan 0
-0.24498174 -0.18923748 -0.014392388 4
nan nan nan 0
-1.0391278 -0.79423761 -0.15607525 8
nan nan nan 0
-1.0655074 -0.81347358 -0.25354809 12
nan nan nan 0
nan nan nan 0
nan nan nan 0
-1.5708582 -1.1873862 0.44619027 24
-1.6092309 -1.7628945 0.62940329 72
-1.5777406 -1.1934202 0.30744565 10
-1.6078688 -1.7559094 0.45562398 47
nan nan nan 0
-1.0584491 -1.1504003 0.18741199 7
nan nan nan 0
nan nan nan 0
-0.23799799 -0.18193668 -0.013869028 5
nan nan nan 0
-1.0412906 -0.78729218 -0.15577102 8
nan nan nan 0
-1.0677916 -0.80640721 -0.25307149 14
nan nan nan 0
nan nan nan 0
nan nan nan 0
-1.5707743 -1.1834532 0.44562832 24
-1.6139331 -1.7618673 0.63004953 71
-1.5817943 -1.1921489 0.30783629 10
-1.6109309 -1.7531006 0.45562398 48
nan nan nan 0
-1.0554211 -1.143067 0.18649927 7
nan nan nan 0
nan nan nan 0
-0.24430145 -0.18602221 -0.014261548 5
nan nan nan 0
-1.0505997 -0.79143459 -0.15698798 8
nan nan nan 0
-1.0652715 -0.8015967 -0.25211832 10
nan nan nan 0
nan nan nan 0
nan nan nan 0
-1.5712895 -1.1705769 0.44394243 23
-1.632959 -1.7640451 0.63392675 76
-1.5761281 -1.1750065 0.30549237 10
-1.6284205 -1.7536495 0.45800698 51
nan nan nan 0
-1.064767 -1.1411637 0.18710777 6
nan nan nan 0
nan nan nan 0
-0.24527214 -0.1847405 -0.014261548 4
nan nan nan 0
-1.0587128 -0.78888249 -0.15759645 8
nan nan nan 0
-1.0733953 -0.79893303 -0.25307149 12
nan nan nan 0
nan nan nan 0
nan nan nan 0
-1.5613832 -1.159405 0.44057071 23
-1.6360353 -1.7611924 0.63392675 83
-1.5742091 -1.1693128 0.30471104 10
-1.6381572 -1.7579994 0.45991334 57
nan nan nan 0
-1.0616848 -1.1338547 0.18619505 6
nan nan nan 0
nan nan nan 0
-0.25562343 -0.19174422 -0.014915747 4
nan nan nan 0
-1.0660714 -0.79146254 -0.15850918 8
nan nan nan 0
-1.0708416 -0.79414022 -0.25211832 14
nan nan nan 0
nan nan nan 0
nan nan nan 0
-1.5695983 -1.15238 0.44113269 23
-1.6551317 -1.7631857 0.63780397 95
-1.5823015 -1.1625144 0.30510172 10
-1.6506978 -1.7529777 0.46086654 71
nan nan nan 0
-1.0642067 -1.1246655 0.18558656 6
nan nan nan 0
nan nan nan 0
-0.25058308 -0.18597548 -0.014523228 4
nan nan nan 0
-1.0681987 -0.78440392 -0.15820493 9
nan nan nan 0
-1.0749849 -0.78852242 -0.25211832 14
nan nan nan 0
nan nan nan 0
nan nan nan 0
-1.5773083 -1.1542231 0.44281852 25
-1.6615117 -1.7638162 0.63909638 95
-1.5803403 -1.1568377 0.30432039 10
-1.6588013 -1.7554549 0.46229634 71
nan nan nan 0
-1.0814984 -1.1390462 0.18832473 5
nan nan nan 0
nan nan nan 0
-0.25292346 -0.18701023 -0.014654067 4
nan nan nan 0
-1.077585 -0.78838789 -0.15942189 8
nan nan nan 0
-1.0723927 -0.78375447 -0.25116512 11
nan nan nan 0
nan nan nan 0
nan nan nan 0
-1.5795801 -1.1428201 0.44169462 23
-1.6607534 -1.7445782 0.63521916 50
-1.5883771 -1.1499934 0.30471104 10
-1.6595125 -1.7378548 0.45991334 30
nan nan nan 0
nan nan nan 0
nan nan nan 0
nan nan nan 0
-0.25187531 -0.18422157 -0.014523228 4
nan nan nan 0
-1.0776736 -0.77983117 -0.15881342 8
nan nan nan 0
-1.0744907 -0.77669382 -0.25068852 12
nan nan nan 0
nan nan nan 0
nan nan nan 0
-1.5912597 -1.147452 0.44450441 24
-1.6521418 -1.7294307 0.63069576 34
-1.6044101 -1.1573182 0.30744565 11
-1.6557648 -1.7278551 0.45800698 26
nan nan nan 0
nan nan nan 0
nan nan nan 0
nan nan nan 0
-0.25624928 -0.1866982 -0.014784907 4
nan nan nan 0
-1.0891073 -0.78519094 -0.16033462 8
nan nan nan 0
-1.0778381 -0.77624881 -0.25116512 11
nan nan nan 0
nan nan nan 0
nan nan nan 0
-1.5994296 -1.1402379 0.44506633 23
-1.6561525 -1.7155342 0.62875712 33
-1.6205053 -1.1560626 0.30939892 10
-1.6647891 -1.7191619 0.45800698 25
nan nan nan 0
nan nan nan 0
nan nan nan 0
nan nan nan 0
-0.25722331 -0.18535393 -0.014784907 4
nan nan nan 0
-1.0891588 -0.77660203 -0.15972614 8
nan nan nan 0
-1.0798868 -0.76917356 -0.25068852 10
nan nan nan 0
nan nan nan 0
nan nan nan 0
-1.6151288 -1.1475875 0.44900003 22
-1.6541129 -1.7074277 0.62681848 33
-1.6285627 -1.1575184 0.3105709 9
-1.6592522 -1.7074374 0.45562398 25
nan nan nan 0
-1.5155705 -1.5547075 0.26195085 8
nan nan nan 0
nan nan nan 0
-0.25958294 -0.1863488 -0.014915747 4
nan nan nan 0
-1.0986121 -0.78043693 -0.16094311 9
nan nan nan 0
-1.0832311 -0.76870513 -0.25116512 9
nan nan nan 0
nan nan nan 0
nan nan nan 0
-1.6272982 -1.1430269 0.45068586 22
-1.6579721 -1.6935563 0.6248799 32
-1.6346011 -1.1489755 0.3105709 9
-1.6595889 -1.6899545 0.45324105 24
nan nan nan 0
-1.5445427 -1.5680073 0.26560175 8
nan nan nan 0
nan nan nan 0
-0.25851104 -0.18355368 -0.014784907 4
nan nan nan 0
-1.1087807 -0.77894485 -0.16185582 7
nan nan nan 0
-1.0892519 -0.76442975 -0.25164169 8
nan nan nan 0
nan nan nan 0
nan nan nan 0
-1.6330856 -1.1432598 0.45180979 22
-1.654169 -1.6837556 0.62229508 31
-1.6406518 -1.14895 0.31135219 9
-1.6487821 -1.6730447 0.44942826 24
nan nan nan 0
-1.5681664 -1.5865293 0.26925263 8
nan nan nan 0
nan nan nan 0
-0.26701728 -0.18882154 -0.015308267 4
nan nan nan 0
-1.1040338 -0.77274817 -0.16094311 7
nan nan nan 0
-1.0885712 -0.76112407 -0.25116512 7
nan nan nan 0
nan nan nan 0
nan nan nan 0
-1.6452607 -1.1385602 0.45349562 21
-1.647679 -1.6596166 0.61647922 31
-1.6608647 -1.1501715 0.31408679 9
-1.6506059 -1.6574197 0.4475219 23
nan nan nan 0
-1.5904522 -1.5923706 0.27168655 8
nan nan nan 0
nan nan nan 0
-0.27211034 -0.19025905 -0.015569946 4
nan nan nan 0
-1.1182762 -0.77400398 -0.16246429 7
nan nan nan 0
-1.0905209 -0.75402099 -0.25068852 6
nan nan nan 0
nan nan nan 0
nan nan nan 0
-1.6590869 -1.1442615 0.45686737 21
-1.6420677 -1.6481671 0.61324817 30
-1.6588019 -1.1444701 0.31330547 9
-1.6448393 -1.6458399 0.44513896 23
nan nan nan 0
-1.6160191 -1.6124223 0.27564168 8
nan nan nan 0
nan nan nan 0
-0.27449849 -0.19119935 -0.015700785 4
nan nan nan 0
-1.115536 -0.76923943 -0.16185582 6
nan nan nan 0
-1.0938582 -0.75350595 -0.25116512 4
nan nan nan 0
nan nan nan 0
nan nan nan 0
-1.6652536 -1.1352682 0.45686737 21
-1.6421244 -1.6310202 0.61001718 31
-1.6708949 -1.1399384 0.31447744 9
-1.6499531 -1.6337447 0.44418573 23
nan nan nan 0
-1.6244396 -1.6039388 0.27564168 8
nan nan nan 0
nan nan nan 0
-0.27549586 -0.18975946 -0.015700785 4
nan nan nan 0
-1.1298088 -0.77036351 -0.16337702 7
nan nan nan 0
-1.0957583 -0.74638945 -0.25068852 4
nan nan nan 0
nan nan nan 0
nan nan nan 0
-1.6771159 -1.1394868 0.4596771 21
-1.6381165 -1.6213424 0.60743237 31
-1.6747266 -1.1386987 0.31486809 9
-1.6458281 -1.6239538 0.44227937 23
nan nan nan 0
-1.6393123 -1.6135945 0.27777135 8
nan nan nan 0
nan nan nan 0
-0.27169394 -0.18647611 -0.015439106 4
nan nan nan 0
-1.1556689 -0.78529066 -0.16702791 8
nan nan nan 0
-1.1031574 -0.7486015 -0.25211832 3
nan nan nan 0
nan nan nan 0
nan nan nan 0
-1.6850826 -1.1320465 0.46023905 21
-1.639415 -1.6062559 0.60484755 31
-1.6868175 -1.1340417 0.31604007 9
-1.6400089 -1.6018565 0.43846661 23
nan nan nan 0
-1.6530609 -1.6101937 0.27868408 7
nan nan nan 0
nan nan nan 0
-0.28303483 -0.1920024 -0.016093306 4
nan nan nan 0
nan nan nan 0
nan nan nan 0
-1.0967342 -0.73618388 -0.24973533 2
nan nan nan 0
nan nan nan 0
nan nan nan 0
-1.6931331 -1.1331629 0.46192494 21
-1.6353179 -1.5966297 0.60226274 31
-1.6990585 -1.137957 0.31799331 9
-1.63957 -1.5952749 0.43751341 24
nan nan nan 0
-1.6380972 -1.589988 0.27564168 7
nan nan nan 0
nan nan nan 0
-0.27298915 -0.1845748 -0.015439106 4
nan nan nan 0
nan nan nan 0
nan nan nan 0
-1.0898495 -0.72882336 -0.24782895 2
nan nan nan 0
nan nan nan 0
nan nan nan 0
-1.7134703 -1.1333799 0.46585861 20
-1.6387314 -1.5827147 0.60032409 31
-1.7031304 -1.1273866 0.31760269 9
-1.6390781 -1.5781399 0.43513048 23
nan nan nan 0
-1.6359569 -1.5707686 0.27381623 7
nan nan nan 0
nan nan nan 0
-0.28645167 -0.19139753 -0.016224146 4
nan nan nan 0
-1.7597938 -1.1630479 -0.25434485 28
nan nan nan 0
-1.0896782 -0.72021556 -0.24687576 2
nan nan nan 0
nan nan nan 0
nan nan nan 0
-1.7233889 -1.1360424 0.46810642 20
-1.627598 -1.5664264 0.59515446 31
-1.7172738 -1.1328571 0.31994662 9
-1.6329926 -1.5667634 0.43274748 23
nan nan nan 0
-1.6294762 -1.5596001 0.27229503 7
nan nan nan 0
nan nan nan 0
-0.27844247 -0.18540876 -0.015700785 4
nan nan nan 0
-1.7678391 -1.1643714 -0.25525758 26
nan nan nan 0
-1.082727 -0.71292597 -0.2449694 2
nan nan nan 0
nan nan nan 0
nan nan nan 0
-1.7293136 -1.1270032 0.46810642 20
-1.6355056 -1.5581684 0.59515446 31
-1.7273209 -1.126544 0.32072794 9
-1.6373496 -1.5550907 0.43179429 23
nan nan nan 0
-1.6214364 -1.5356569 0.26955688 7
nan nan nan 0
nan nan nan 0
-0.28150231 -0.1853095 -0.015831625 5
nan nan nan 0
-1.7697502 -1.1523948 -0.2546491 27
nan nan nan 0
nan nan nan 0
nan nan nan 0
nan nan nan 0
nan nan nan 0
-1.7435441 -1.1319308 0.4714781 20
-1.6277342 -1.5453131 0.59127724 32
-1.7417154 -1.131588 0.32307184 9
-1.633215 -1.5451833 0.42988792 23
nan nan nan 0
-1.620512 -1.5294111 0.26894841 6
nan nan nan 0
nan nan nan 0
-0.28811097 -0.18889052 -0.016224146 5
nan nan nan 0
-1.7780079 -1.15335 -0.2555618 25
nan nan nan 0
nan nan nan 0
-1.003672 -0.9441821 -0.21251644 3
nan nan nan 0
nan nan nan 0
-1.7516947 -1.1237944 0.47204006 20
-1.6290433 -1.529856 0.58869243 32
-1.7519705 -1.1248124 0.32385316 9
-1.6287663 -1.5248443 0.42655176 23
nan nan nan 0
-1.6215217 -1.5138328 0.26773143 6
nan nan nan 0
nan nan nan 0
-0.28489146 -0.18468629 -0.015962467 5
nan nan nan 0
-1.784222 -1.1437132 -0.2555618 23
nan nan nan 0
nan nan nan 0
-1.0051616 -0.93536168 -0.21173513 4
nan nan nan 0
nan nan nan 0
-1.7555115 -1.1223519 0.47260204 19
-1.6211514 -1.5170876 0.5848152 32
-1.7664196 -1.1297243 0.32619709 8
-1.627843 -1.5186436 0.42559856 23
nan nan nan 0
-1.6259745 -1.5126941 0.26803565 6
nan nan nan 0
nan nan nan 0
-0.28731799 -0.18553166 -0.016093306 5
nan nan nan 0
-1.7924931 -1.1445981 -0.25647452 19
nan nan nan 0
nan nan nan 0
-0.99415725 -0.92181093 -0.20900053 5
nan nan nan 0
nan nan nan 0
-1.7759827 -1.1219314 0.47653568 18
-1.627304 -1.5069338 0.58416903 31
-1.7743989 -1.1217775 0.32658774 8
-1.6321727 -1.5067626 0.42464539 23
nan nan nan 0
-1.6302284 -1.5007912 0.26742721 6
-0.28645617 -0.18294109 0.005322984 3
nan nan nan 0
-0.28617388 -0.18269289 -0.015962467 5
nan nan nan 0
-1.8047603 -1.139165 -0.25738728 14
nan nan nan 0
nan nan nan 0
-0.99715638 -0.91491741 -0.20860986 5
nan nan nan 0
nan nan nan 0
-1.7839311 -1.1230282 0.47822157 18
-1.6228461 -1.4975256 0.58158422 31
-1.782626 -1.1226208 0.32775971 8
-1.6221811 -1.492255 0.42130923 23
nan nan nan 0
-1.6328454 -1.4979436 0.26742721 6
-0.27196079 -0.17312987 0.0050175665 3
nan nan nan 0
-0.29706216 -0.18883391 -0.016616665 5
nan nan nan 0
-1.815153 -1.1412894 -0.25860423 10
nan nan nan 0
nan nan nan 0
-1.0023851 -0.91652024 -0.20939118 5
nan nan nan 0
nan nan nan 0
-1.7982599 -1.1184989 0.48046938 18
-1.6199849 -1.4792145 0.57770693 31
-1.7926747 -1.1158779 0.32854104 8
-1.6263493 -1.4804292 0.42035604 23
nan nan nan 0
-1.6369983 -1.4860302 0.2668187 5
-0.27923334 -0.17566065 0.0051484597 3
nan nan nan 0
-0.28956321 -0.18200766 -0.016093306 5
nan nan nan 0
-1.8253212 -1.1343856 -0.2592127 9
nan nan nan 0
nan nan nan 0
-1.0071702 -0.91125923 -0.20939118 6
nan nan nan 0
nan nan nan 0
-1.8186599 -1.1272063 0.48552692 18
-1.6154326 -1.4698685 0.57512212 32
-1.8030185 -1.1179448 0.33010364 8
-1.618045 -1.4676728 0.4174965 23
nan nan nan 0
-1.6267319 -1.4714918 0.26468903 5
-0.27953953 -0.17517303 0.0051484597 3
nan nan nan 0
-0.28988045 -0.181502 -0.016093306 5
nan nan nan 0
-1.8209654 -1.1272852 -0.25829998 8
nan nan nan 0
nan nan nan 0
-1.0105877 -0.91115969 -0.20978184 6
nan nan nan 0
-0.81095618 -0.73119223 -0.24388736 7
-1.8330463 -1.122431 0.48777473 18
-1.6213155 -1.4597703 0.57447588 31
-1.8130606 -1.1110657 0.33088496 8
-1.6202387 -1.4542513 0.41606668 23
nan nan nan 0
-1.6288778 -1.4579779 0.2637763 5
-0.28258529 -0.17501116 0.0051920903 3
nan nan nan 0
-0.29508686 -0.18258613 -0.016354986 5
nan nan nan 0
-1.8395498 -1.1254946 -0.26012543 7
nan nan nan 0
nan nan nan 0
-1.0098335 -0.90090573 -0.20860986 6
nan nan nan 0
-0.82744974 -0.73834175 -0.24782103 7
-1.8618549 -1.1360214 0.49508011 17
-1.6166841 -1.4504719 0.57189107 31
-1.8297584 -1.1168923 0.33361953 8
-1.6172969 -1.4465015 0.41463691 23
nan nan nan 0
-1.6258746 -1.450166 0.26286358 4
-0.27435157 -0.16931583 0.0050175665 4
nan nan nan 0
-0.29540509 -0.18207084 -0.016354986 6
nan nan nan 0
-1.8457514 -1.1248612 -0.2607339 6
nan nan nan 0
nan nan nan 0
-1.0132443 -0.90078866 -0.20900053 7
nan nan nan 0
-0.83961958 -0.7466538 -0.25119275 6
-1.8804988 -1.1334658 0.49845183 16
-1.6152436 -1.4339513 0.56866008 31
-1.8398123 -1.1098437 0.33440083 8
-1.6211797 -1.4347527 0.41368371 23
nan nan nan 0
-1.6278745 -1.4366956 0.26195085 4
-0.27737579 -0.16916627 0.0050611976 3
nan nan nan 0
-0.30491069 -0.18567093 -0.016878346 5
nan nan nan 0
-1.8558695 -1.1177384 -0.26134241 4
nan nan nan 0
nan nan nan 0
-1.0068556 -0.88564801 -0.20665661 8
nan nan nan 0
-0.8380509 -0.73739725 -0.24950691 7
-1.888545 -1.1342678 0.50013769 16
-1.6123276 -1.4263178 0.56672144 31
-1.8629234 -1.1193303 0.33830741 8
-1.6108209 -1.4205312 0.41034755 23
nan nan nan 0
-1.6210798 -1.4256392 0.26042965 4
-0.28838918 -0.17510954 0.0052793524 3
nan nan nan 0
-0.30523431 -0.18513848 -0.016878346 5
nan nan nan 0
-1.8663332 -1.1195962 -0.26255935 3
nan nan nan 0
nan nan nan 0
-1.0083998 -0.88388938 -0.20665661 9
nan nan nan 0
-0.82656127 -0.72463876 -0.24557322 7
-1.9177119 -1.1376858 0.50631922 15
-1.6088911 -1.4082888 0.56284428 32
-1.8751316 -1.1133373 0.33947936 8
-1.6163911 -1.41046 0.40987095 23
nan nan nan 0
-1.6191798 -1.4089675 0.25890848 3
-0.28500128 -0.1710486 0.0051920903 4
nan nan nan 0
-0.30619949 -0.18353774 -0.016878346 5
nan nan nan 0
-1.8657628 -1.1060183 -0.2616466 2
nan nan nan 0
nan nan nan 0
-1.0074342 -0.87372464 -0.20548463 15
nan nan nan 0
-0.83401102 -0.72350883 -0.24669713 7
-1.929987 -1.1408613 0.50912893 16
-1.6040802 -1.3991129 0.56025946 32
-1.8834517 -1.1138283 0.34065136 8
-1.6114563 -1.4011798 0.40796459 23
nan nan nan 0
-1.6178939 -1.4028801 0.25829998 3
-0.28960463 -0.17309196 0.0052793524 4
nan nan nan 0
-0.30651936 -0.18300304 -0.016878346 5
nan nan nan 0
-1.874104 -1.1065397 -0.26255935 2
nan nan nan 0
-0.29352444 -0.174942 -0.059574269 3
-1.021997 -0.88331175 -0.20821923 15
nan nan nan 0
nan nan nan 0
-1.9487599 -1.1377612 0.51250064 17
-1.6059092 -1.3859493 0.55832076 32
-1.8956569 -1.1076832 0.34182331 7
-1.6150571 -1.389514 0.40701142 23
nan nan nan 0
-1.6176977 -1.3879106 0.25708303 3
-0.28618848 -0.16905475 0.0051920903 4
nan nan nan 0
-0.31394389 -0.1851676 -0.017270865 6
nan nan nan 0
-1.8905939 -1.1029545 -0.26408052 2
nan nan nan 0
-0.3729316 -0.21905133 -0.077208251 3
nan nan nan 0
nan nan nan 0
nan nan nan 0
-1.967398 -1.1444839 0.51699626 17
-1.6028429 -1.3784082 0.55638218 32
-1.9189395 -1.1167752 0.34572983 7
-1.6081809 -1.3786863 0.40462843 23
nan nan nan 0
-1.6088215 -1.375386 0.25525758 3
-0.28648308 -0.16855499 0.0051920903 4
nan nan nan 0
-0.30563045 -0.17960511 -0.016747504 5
nan nan nan 0
-1.8903698 -1.0984083 -0.2637763 2
nan nan nan 0
-0.37118971 -0.21717009 -0.076731659 3
-1.3054934 -1.1141293 -0.26603618 7
nan nan nan 0
nan nan nan 0
-1.9883543 -1.1423049 0.52092993 16
-1.6026949 -1.3637208 0.55379736 32
-1.929044 -1.1091704 0.34651116 7
-1.6116415 -1.3670641 0.40367526 23
nan nan nan 0
-1.612219 -1.3637303 0.2546491 3
-0.28519371 -0.16580853 0.0051484597 4
nan nan nan 0
-0.30873224 -0.17924464 -0.016878346 6
nan nan nan 0
-1.8896357 -1.0847946 -0.26286358 2
nan nan nan 0
-0.39149219 -0.22619371 -0.081021003 3
-1.301897 -1.099288 -0.26408291 6
nan nan nan 0
nan nan nan 0
-1.9880311 -1.1379718 0.52036798 17
-1.5958794 -1.353092 0.55056632 32
-1.9502715 -1.1168298 0.35002708 7
-1.6027999 -1.3547193 0.40081567 23
nan nan nan 0
-1.607021 -1.3545012 0.25343215 3
-0.29199314 -0.16903158 0.0052793524 4
nan nan nan 0
-0.30470914 -0.17622858 -0.016616665 6
nan nan nan 0
nan nan nan 0
nan nan nan 0
-0.38335767 -0.22064935 -0.079114631 3
-1.3132396 -1.1049881 -0.26603618 6
nan nan nan 0
nan nan nan 0
-2.0111322 -1.1367745 0.5248636 17
-1.599249 -1.3416049 0.54927397 33
-1.9582425 -1.1078169 0.35041773 7
-1.6023544 -1.3399945 0.3989093 23
nan nan nan 0
-1.6007754 -1.3349149 0.25130248 3
-0.29722747 -0.16995835 0.005366615 4
nan nan nan 0
-0.30562764 -0.17463072 -0.016616665 6
nan nan nan 0
nan nan nan 0
nan nan nan 0
-0.39733878 -0.2258631 -0.081974193 3
-1.3000721 -1.0822477 -0.26212963 6
nan nan nan 0
nan nan nan 0
-2.015039 -1.1348077 0.52542555 13
-1.601588 -1.3388118 0.54927397 32
-1.9666302 -1.1080284 0.35158968 6
-1.6046907 -1.337196 0.3989093 23
nan nan nan 0
-1.6011977 -1.3305289 0.25099823 3
-0.30188116 -0.17188968 0.0054538767 4
nan nan nan 0
-0.30157933 -0.17165044 -0.016354986 6
nan nan nan 0
nan nan nan 0
nan nan nan 0
-0.41913849 -0.23717199 -0.086740136 3
-1.3000627 -1.0783954 -0.26173899 5
nan nan nan 0
nan nan nan 0
-2.0317991 -1.1297992 0.52823532 10
-1.5992881 -1.3226911 0.54604292 32
-1.9853566 -1.1049101 0.3539336 7
-1.6059999 -1.3240795 0.39747953 23
nan nan nan 0
-1.6043155 -1.3189665 0.25038972 3
-0.30277705 -0.17030668 0.0054538767 4
nan nan nan 0
-0.30902207 -0.17370468 -0.016747504 7
nan nan nan 0
nan nan nan 0
nan nan nan 0
-0.42896202 -0.23973033 -0.088646516 3
-1.2885504 -1.0574287 -0.25822309 6
nan nan nan 0
nan nan nan 0
-2.0335715 -1.1266063 0.52823532 9
-1.5978734 -1.3168176 0.54475045 32
-1.9959248 -1.1062243 0.35549623 7
-1.6045225 -1.3181504 0.39652634 23
nan nan nan 0
-1.6066151 -1.3161644 0.25038972 3
-0.31182292 -0.17461769 0.0056284005 4
nan nan nan 0
-0.30277029 -0.16954085 -0.016354986 7
nan nan nan 0
nan nan nan 0
nan nan nan 0
-0.43367767 -0.24135189 -0.089599699 3
-1.277043 -1.0441998 -0.25548851 5
nan nan nan 0
nan nan nan 0
-2.0439136 -1.1179217 0.52935922 9
-1.5954049 -1.3007817 0.54151952 32
-2.0168586 -1.104046 0.35823083 6
-1.6018972 -1.3019706 0.39414334 23
nan nan nan 0
-1.6000142 -1.2967678 0.24826005 3
-0.31053936 -0.17178415 0.0055847699 5
nan nan nan 0
-0.30584499 -0.16914986 -0.016485825 7
nan nan nan 0
nan nan nan 0
nan nan nan 0
-0.44571099 -0.244948 -0.09198267 3
nan nan nan 0
nan nan nan 0
-0.82476336 -0.66625994 -0.236582 2
-2.047807 -1.1158736 0.52992117 9
-1.5920597 -1.2934141 0.53958082 32
-2.0187824 -1.1005243 0.35823083 6
-1.6003597 -1.2960752 0.39319018 23
nan nan nan 0
-1.5945668 -1.2877202 0.24704309 3
-0.31523004 -0.17363115 0.0056720315 5
nan nan nan 0
-0.30394652 -0.16742301 -0.016354986 8
nan nan nan 0
nan nan nan 0
nan nan nan 0
-0.44613782 -0.24416971 -0.09198267 3
-1.2325108 -0.99327457 -0.24494082 6
nan nan nan 0
-0.81457889 -0.65560538 -0.23321028 2
-2.0559607 -1.10593 0.53048313 10
-1.5912944 -1.2789916 0.53699601 32
-2.0375679 -1.0969515 0.36057475 6
-1.5994769 -1.2815231 0.39128381 23
nan nan nan 0
-1.5954819 -1.274694 0.24613038 3
-0.30732727 -0.16724576 0.0054975078 5
nan nan nan 0
-0.30701843 -0.16701056 -0.016485825 7
nan nan nan 0
nan nan nan 0
nan nan nan 0
-0.45822644 -0.24762519 -0.094365641 3
-1.1914635 -0.94972956 -0.23556508 11
nan nan nan 0
nan nan nan 0
-2.0684359 -1.1084435 0.53329289 12
-1.589761 -1.2731844 0.53570366 32
-2.0481882 -1.0980533 0.36213735 6
-1.594053 -1.2725877 0.38937744 23
nan nan nan 0
-1.5938282 -1.2688076 0.24552189 2
-0.31202662 -0.16906767 0.0055847699 5
nan nan nan 0
-0.30070502 -0.16294208 -0.016093306 8
nan nan nan 0
nan nan nan 0
nan nan nan 0
-0.47164956 -0.25375611 -0.097225204 3
-1.1776873 -0.93531632 -0.23243985 27
nan nan nan 0
nan nan nan 0
-2.0808654 -1.1006478 0.53497875 12
-1.5926266 -1.2618349 0.53441119 32
-2.0779257 -1.1000032 0.3664346 5
-1.5987718 -1.2626983 0.38890082 22
nan nan nan 0
-1.5907197 -1.2527469 0.24400067 3
-0.31511769 -0.16859931 0.0056284005 5
nan nan nan 0
-0.30596927 -0.1636972 -0.016354986 8
nan nan nan 0
nan nan nan 0
nan nan nan 0
-0.4751431 -0.25242692 -0.097701803 4
-1.1825683 -0.92913711 -0.23243985 37
-0.36137012 -0.19211587 -0.10016172 3
nan nan nan 0
-2.0976844 -1.1053151 0.53891242 11
-1.5872579 -1.2530503 0.53182638 32
nan nan nan 0
-1.5874972 -1.2492518 0.38556468 23
nan nan nan 0
-1.5929037 -1.2499686 0.24400067 2
-0.30877504 -0.16455749 0.0054975078 6
nan nan nan 0
-0.31288341 -0.16664909 -0.016747504 8
nan nan nan 0
nan nan nan 0
nan nan nan 0
-0.48427606 -0.2561574 -0.099608175 4
-1.1706103 -0.91637534 -0.22970524 38
-0.3702634 -0.19596487 -0.10274653 4
nan nan nan 0
-2.1144445 -1.0995601 0.54172218 10
-1.5842972 -1.2372682 0.52859539 31
-2.5939314 -1.3495506 0.4570666 7
-1.5901504 -1.2378987 0.38461146 23
nan nan nan 0
-1.5876864 -1.232455 0.24217525 3
-0.3185052 -0.16754754 0.0056720315 6
nan nan nan 0
-0.31153598 -0.16385809 -0.016616665 9
nan nan nan 0
nan nan nan 0
nan nan nan 0
-0.47471455 -0.24797505 -0.097225204 4
-1.1656539 -0.90264428 -0.22775199 41
-0.35841158 -0.18737081 -0.098869309 5
nan nan nan 0
-2.1291525 -1.1029503 0.54509389 10
-1.5788441 -1.2285511 0.52601057 31
-2.5940897 -1.3438869 0.45667592 7
-1.5845654 -1.2290872 0.38270509 23
nan nan nan 0
-1.5859163 -1.2266371 0.24156678 3
-0.31657699 -0.16584301 0.0056284005 6
nan nan nan 0
-0.32291001 -0.16904712 -0.017270865 8
nan nan nan 0
nan nan nan 0
nan nan nan 0
nan nan nan 0
-1.1613766 -0.896065 -0.22658001 36
-0.36303288 -0.18895505 -0.10016172 5
nan nan nan 0
-2.1394289 -1.0936284 0.5462178 9
-1.5814345 -1.2173125 0.52471817 31
-2.5900948 -1.324671 0.45472264 7
-1.5870919 -1.217777 0.38175192 22
nan nan nan 0
-1.5864152 -1.2137794 0.24065405 2
-0.31076241 -0.1607729 0.0054975078 7
nan nan nan 0
-0.31711972 -0.16394915 -0.016878346 7
nan nan nan 0
nan nan nan 0
nan nan nan 0
nan nan nan 0
nan nan nan 0
-0.36186409 -0.18595788 -0.099515513 3
nan nan nan 0
-2.1020539 -1.0704007 0.53610265 8
-1.5816437 -1.2130764 0.52407193 31
-2.5924027 -1.3201485 0.45472264 7
-1.589215 -1.215005 0.38175192 22
nan nan nan 0
-1.5845914 -1.2079911 0.24004556 3
-0.31549886 -0.162496 0.0055847699 7
nan nan nan 0
-0.32185668 -0.16565759 -0.017140025 9
nan nan nan 0
nan nan nan 0
nan nan nan 0
nan nan nan 0
-1.0930916 -0.83090448 -0.21173513 25
-0.34925774 -0.17878592 -0.09563829 4
nan nan nan 0
-2.077328 -1.0437254 0.52823532 7
-1.5802913 -1.1989216 0.52148712 31
-2.6014862 -1.3076643 0.45511332 7
-1.5857848 -1.1992433 0.37936896 22
nan nan nan 0
-1.5829833 -1.1936835 0.23882861 3
-0.31411129 -0.15972066 0.0055411388 8
nan nan nan 0
-0.32718271 -0.16620894 -0.017401705 9
nan nan nan 0
nan nan nan 0
nan nan nan 0
nan nan nan 0
-1.0993958 -0.82666016 -0.21212578 29
-0.358832 -0.18126963 -0.098223105 5
nan nan nan 0
-2.06371 -1.0328418 0.52430165 7
-1.5766121 -1.1917793 0.51954854 30
-2.5927203 -1.2976031 0.45316002 7
-1.5800488 -1.1905482 0.37746257 21
nan nan nan 0
-1.5870446 -1.1924139 0.23913284 2
-0.33004174 -0.16699311 0.0058465553 8
nan nan nan 0
-0.31853834 -0.16117555 -0.016878346 10
nan nan nan 0
nan nan nan 0
nan nan nan 0
nan nan nan 0
-1.0909805 -0.81730467 -0.2101725 30
-0.36347309 -0.18279298 -0.099515513 5
nan nan nan 0
-2.047416 -1.0108943 0.51868212 10
-1.578969 -1.1806064 0.51825607 30
-2.5906203 -1.2796414 0.45159739 6
-1.5784034 -1.1763743 0.37555617 21
nan nan nan 0
-1.5793486 -1.173695 0.23700316 2
-0.32642791 -0.16305164 0.0057592937 9
nan nan nan 0
-0.3238565 -0.16171311 -0.017140025 12
nan nan nan 0
nan nan nan 0
nan nan nan 0
nan nan nan 0
-1.1031612 -0.81748813 -0.21173513 29
-0.3687616 -0.18301453 -0.10080792 4
nan nan nan 0
-2.0511882 -1.0087503 0.51924407 12
-1.5810272 -1.1778488 0.51825607 30
-2.5950663 -1.2762063 0.45198807 6
-1.5824212 -1.1750854 0.37603277 21
nan nan nan 0
-1.5853765 -1.1738993 0.23761165 2
-0.32671198 -0.16248167 0.0057592937 10
nan nan nan 0
-0.32862067 -0.16334744 -0.017401705 16
nan nan nan 0
nan nan nan 0
nan nan nan 0
nan nan nan 0
-1.0926964 -0.80672169 -0.20939118 27
-0.36040023 -0.17813137 -0.098223105 4
nan nan nan 0
-2.0675793 -1.0029445 0.52205384 12
-1.5735867 -1.159494 0.51373267 31
-2.5883799 -1.2561412 0.44964412 5
-1.5806539 -1.1609542 0.3741264 21
nan nan nan 0
-1.5934998 -1.167053 0.23791587 2
-0.33205724 -0.16294853 0.0058465553 12
nan nan nan 0
-0.32048362 -0.15727194 -0.016878346 18
nan nan nan 0
nan nan nan 0
nan nan nan 0
nan nan nan 0
-1.1068519 -0.80830377 -0.21134447 18
nan nan nan 0
nan nan nan 0
-2.0757349 -1.0028692 0.5237397 12
-1.5794947 -1.1596135 0.51502508 32
-2.5861201 -1.2494762 0.44886282 5
-1.5767463 -1.153832 0.37269661 23
nan nan nan 0
-1.5895308 -1.1598681 0.23700316 2
-0.336844 -0.16454065 0.0059338179 15
nan nan nan 0
-0.32750422 -0.15996504 -0.017270865 19
-0.27475858 -0.19542943 -0.0052793524 2
nan nan nan 0
nan nan nan 0
nan nan nan 0
-1.1022855 -0.80199254 -0.2101725 9
nan nan nan 0
nan nan nan 0
-2.0877306 -0.99476194 0.52542555 12
-1.5874956 -1.1527511 0.51567131 32
-2.5903974 -1.2348572 0.44847217 4
-1.5847509 -1.147004 0.37317321 22
nan nan nan 0
-1.5995996 -1.1544431 0.23761165 2
-0.34221503 -0.16492297 0.0060210801 17
nan nan nan 0
-0.31706479 -0.15288582 -0.016616665 22
-0.28792837 -0.20278028 -0.0055411388 2
-0.26833466 -0.12953934 -0.032249466 3
nan nan nan 0
-0.31900018 -0.15341625 -0.061957236 3
-1.1164669 -0.80345482 -0.21212578 5
nan nan nan 0
nan nan nan 0
-2.104702 -0.99877942 0.52935922 12
-1.6051316 -1.1613401 0.52084094 23
-2.590317 -1.2292769 0.44808149 4
-1.5966865 -1.1514367 0.37555617 23
nan nan nan 0
-1.5996006 -1.1501961 0.2373074 2
-0.33798447 -0.16218504 0.0059338179 27
nan nan nan 0
-0.32635662 -0.15660624 -0.017140025 25
-0.28219905 -0.19789198 -0.0054102456 2
-0.25958747 -0.12482744 -0.031032506 4
nan nan nan 0
-0.30595276 -0.14657111 -0.059097677 3
nan nan nan 0
nan nan nan 0
nan nan nan 0
-2.125526 -0.99459201 0.53329289 12
-1.6190331 -1.1585597 0.52342576 20
-2.5855329 -1.2104697 0.44612825 4
-1.6086776 -1.1473497 0.37698597 21
nan nan nan 0
-1.6197336 -1.1519041 0.23943709 2
-0.35015151 -0.16570494 0.0061519728 29
nan nan nan 0
-0.32264829 -0.15278195 -0.016878346 32
-0.28933704 -0.20076522 -0.0055411388 2
-0.28947121 -0.13710465 -0.034987628 5
nan nan nan 0
-0.30894059 -0.14600353 -0.059574269 4
nan nan nan 0
nan nan nan 0
nan nan nan 0
-2.135921 -0.99536085 0.5355407 13
-1.6328319 -1.1641715 0.52730298 23
-2.5807149 -1.2032808 0.44495627 4
-1.6166694 -1.1488189 0.37841576 20
nan nan nan 0
-1.6174985 -1.1464792 0.23882861 2
-0.3549729 -0.16720237 0.0062392349 38
nan nan nan 0
-0.32517821 -0.15327132 -0.017009186 30
-0.28357372 -0.19591704 -0.0054102456 2
-0.29418698 -0.13874088 -0.03559611 5
nan nan nan 0
-0.2869311 -0.13513902 -0.054808326 5
nan nan nan 0
nan nan nan 0
-0.32643405 -0.22711986 -0.083730921 4
-2.1521745 -0.9892416 0.53835046 12
-1.6505252 -1.1642716 0.53118026 25
-2.5802476 -1.186661 0.4437843 3
-1.6224635 -1.1406215 0.37841576 20
nan nan nan 0
-1.6275367 -1.1408522 0.23943709 2
-0.34445637 -0.16018894 0.0060210801 56
nan nan nan 0
-0.31916851 -0.148444 -0.016616665 36
-0.28865182 -0.19735382 -0.0054975078 2
-0.29265356 -0.13616486 -0.035291869 5
nan nan nan 0
nan nan nan 0
nan nan nan 0
nan nan nan 0
-0.31965542 -0.21979213 -0.081483103 4
-2.1694095 -0.99256611 0.54228413 12
-1.6604456 -1.1669617 0.53376508 26
-2.5778232 -1.1801032 0.44300303 3
-1.6346856 -1.1445655 0.38079873 20
nan nan nan 0
-1.6417123 -1.1465623 0.24126253 2
-0.34021598 -0.15745023 0.0059338179 76
nan nan nan 0
-0.32851136 -0.15203433 -0.017140025 24
-0.28080556 -0.19111486 -0.005322984 2
-0.30643657 -0.14183277 -0.037117314 5
nan nan nan 0
nan nan nan 0
nan nan nan 0
nan nan nan 0
-0.33797804 -0.23183727 -0.086540677 4
-2.1858554 -0.98581278 0.54509389 12
-1.6786163 -1.1662552 0.53764224 26
-2.5729134 -1.1610676 0.44104972 3
-1.6527432 -1.1444007 0.38365832 20
nan nan nan 0
-1.6540083 -1.1419064 0.24217525 2
-0.33875665 -0.15464006 0.0058901869 96
nan nan nan 0
-0.32474998 -0.14826219 -0.016878346 27
-0.28594607 -0.19243801 -0.0054102456 2
-0.31851536 -0.14526066 -0.038638514 116
nan nan nan 0
-0.30423251 -0.13866013 -0.058144487 126
nan nan nan 0
nan nan nan 0
-0.34322909 -0.23278441 -0.087664582 4
-2.1962931 -0.98636305 0.5473417 12
-1.686597 -1.1674608 0.53958082 26
-2.5704296 -1.1545547 0.4402684 3
-1.6648226 -1.148505 0.38604125 19
nan nan nan 0
-1.6641642 -1.1446612 0.24339221 2
-0.32762179 -0.14893527 0.0056720315 119
nan nan nan 0
-0.32045177 -0.14565311 -0.016616665 31
-0.28010812 -0.18768153 -0.0052793524 3
-0.31876838 -0.14470452 -0.038638514 133
nan nan nan 0
-0.29775229 -0.13512495 -0.056714702 144
-1.3782271 -0.94630647 -0.25900438 2
-0.27816799 -0.12610745 -0.072374918 4
-0.34764135 -0.23495716 -0.088788487 4
-2.221653 -0.98332351 0.55239928 12
-1.6966665 -1.1613512 0.54087329 25
-2.5764394 -1.1410803 0.4402684 3
-1.674862 -1.1425475 0.38699445 20
nan nan nan 0
-1.6762806 -1.1401323 0.24430493 2
-0.32153863 -0.14418571 0.0055411388 125
nan nan nan 0
-0.31664288 -0.14195509 -0.016354986 46
-0.28108698 -0.18621232 -0.0052793524 3
-0.3195217 -0.14303347 -0.038638514 144
nan nan nan 0
-0.30519313 -0.13653283 -0.058144487 149
-1.3525759 -0.91818857 -0.25314459 2
-0.29430044 -0.1314524 -0.076898351 4
-0.35288775 -0.23588485 -0.089912392 4
-2.234344 -0.98473608 0.55520904 12
-1.702675 -1.1611183 0.54216564 23
-2.5626056 -1.1296202 0.43753383 3
-1.6829332 -1.1437746 0.38842422 20
nan nan nan 0
-1.690575 -1.1455845 0.24613038 2
-0.32636562 -0.14563772 0.0056284005 126
nan nan nan 0
-0.32374611 -0.14441749 -0.016747504 69
-0.28554687 -0.18853073 -0.005366615 3
-0.32204279 -0.14347339 -0.038942754 157
nan nan nan 0
-0.30318338 -0.13501428 -0.057667889 143
-1.3705089 -0.92693853 -0.25626981 2
-0.29231688 -0.12997052 -0.076252148 4
-0.35933757 -0.23938477 -0.091598257 4
-2.2508152 -0.97747582 0.5580188 12
-1.706732 -1.1508325 0.54151952 19
-2.5730159 -1.1181524 0.43831512 3
-1.6929668 -1.1376942 0.38937744 20
-0.28262916 -0.1246329 0.02396783 4
-1.69655 -1.136717 0.24613038 2
-0.32024422 -0.14094272 0.0054975078 131
nan nan nan 0
-0.32220727 -0.14172728 -0.016616665 84
-0.28653011 -0.18703304 -0.005366615 3
-0.31823528 -0.13981344 -0.038334273 162
nan nan nan 0
-0.30839148 -0.13537273 -0.058621082 145
-1.3671483 -0.91423666 -0.25470719 3
-0.31295168 -0.13704596 -0.082067989 4
-0.35856602 -0.23613851 -0.091036305 5
-2.2635312 -0.97876471 0.56082857 12
-1.6887212 -1.1343403 0.53505743 12
-2.5704296 -1.1117024 0.43753383 3
-1.703095 -1.1402171 0.39128381 19
-0.29656535 -0.13006201 0.025275165 4
-1.7047137 -1.1379007 0.24704309 2
-0.3250795 -0.14236501 0.0055847699 132
nan nan nan 0
-0.33162329 -0.14512116 -0.017140025 83
-0.28477868 -0.18514249 -0.005322984 3
-0.32759431 -0.14318544 -0.039551232 167
nan nan nan 0
-0.30637294 -0.13386434 -0.058144487 142
-1.3584857 -0.90497547 -0.25275391 3
-0.30209407 -0.13173681 -0.07883697 4
-0.3690896 -0.24230219 -0.09384606 4
-2.2844868 -0.97317463 0.56476223 12
-1.6645064 -1.1053725 0.5253644 10
-2.576215 -1.0982286 0.43753383 3
-1.7151718 -1.1353616 0.39271358 19
-0.29953393 -0.12948252 0.025493054 4
-1.7189202 -1.1344448 0.24826005 2
-0.32122037 -0.13870358 0.0054975078 147
nan nan nan 0
-0.3254863 -0.14045152 -0.016747504 106
-0.29408276 -0.18916593 -0.0054975078 3
-0.33062354 -0.14243819 -0.039855473 171
nan nan nan 0
-0.31158844 -0.1341746 -0.059097677 140
-1.3734975 -0.90467 -0.25470719 3
-0.30500397 -0.13109417 -0.079483174 3
-0.37035325 -0.24036632 -0.09384606 3
-2.2972293 -0.97433233 0.567572 12
-1.6302338 -1.0783968 0.51373267 10
-2.5644851 -1.0879534 0.43518987 3
-1.7212424 -1.1350776 0.39366677 20
-0.3089329 -0.13284399 0.026364611 4
-1.7312497 -1.1382819 0.24978127 2
-0.33066902 -0.14204141 0.0056720315 156
nan nan nan 0
-0.32343179 -0.13891014 -0.016616665 111
-0.29441246 -0.18865238 -0.0054975078 3
-0.32858595 -0.14089493 -0.039551232 172
nan nan nan 0
-0.30730003 -0.13172221 -0.058144487 135
-1.3750743 -0.90227145 -0.25470719 3
nan nan nan 0
-0.36874035 -0.23837577 -0.093284108 3
-2.3182068 -0.96845019 0.57150567 12
-1.637876 -1.0711728 0.51437891 14
-2.5655887 -1.0726093 0.43440861 3
-1.7394791 -1.1341188 0.39652634 19
-0.31192264 -0.1321837 0.026582502 5
-1.7496513 -1.137343 0.25160667 2
-0.32218087 -0.13645768 0.0054975078 162
nan nan nan 0
-0.31954631 -0.13529271 -0.016354986 123
-0.29958463 -0.18983762 -0.0055847699 3
-0.32931918 -0.13917254 -0.039551232 172
nan nan nan 0
-0.31704962 -0.1338807 -0.060050864 126
-1.3859832 -0.89910787 -0.25587916 4
nan nan nan 0
-0.37202224 -0.23777495 -0.09384606 4
-2.3242249 -0.9666751 0.57262957 12
-1.6437836 -1.0709587 0.51567131 21
-2.5492129 -1.0605543 0.43128335 2
-1.7435112 -1.1324224 0.39700294 19
-0.30985281 -0.130684 0.026364611 5
-1.7516338 -1.1342876 0.25160667 2
-0.32934406 -0.13877089 0.0056284005 163
nan nan nan 0
-0.31978196 -0.13473478 -0.016354986 131
-0.29362568 -0.18523139 -0.0054538767 3
-0.3226845 -0.13574758 -0.038638514 173
nan nan nan 0
-0.31501511 -0.13238877 -0.059574269 122
-1.4041121 -0.90745515 -0.25900438 4
nan nan nan 0
-0.3724367 -0.23712528 -0.09384606 4
-2.3474607 -0.96145874 0.57712519 11
-1.6493686 -1.0623373 0.51567131 25
-2.5501599 -1.0453221 0.43050203 3
-1.755603 -1.1272695 0.3984327 19
-0.3151429 -0.13094588 0.026800392 5
-1.7700706 -1.133155 0.25343215 2
-0.32775265 -0.13609807 0.0055847699 149
nan nan nan 0
-0.32510471 -0.1349484 -0.016616665 139
-0.29879892 -0.18639149 -0.0055411388 3
-0.32568812 -0.13499412 -0.038942754 171
nan nan nan 0
-0.32024905 -0.13259052 -0.060527459 117
-1.3963808 -0.89208031 -0.25666046 4
nan nan nan 0
-0.36957699 -0.23253417 -0.092722155 3
-2.3715324 -0.96695083 0.58274472 11
-1.6552794 -1.0620749 0.51696372 27
-2.5428321 -1.0371456 0.4289394 4
-1.7658257 -1.1295114 0.40033907 19
-0.30845091 -0.12757866 0.026146721 4
-1.7783135 -1.1340801 0.25434485 2
-0.33261997 -0.1374107 0.0056720315 124
nan nan nan 0
-0.32071477 -0.13249902 -0.016354986 151
-0.30333588 -0.18856241 -0.0056284005 3
-0.32822222 -0.13535945 -0.039246995 166
nan nan nan 0
-0.31593168 -0.13018635 -0.059574269 109
-1.4020948 -0.89230472 -0.25744176 4
nan nan nan 0
-0.37613347 -0.23583476 -0.094408013 3
-2.39482 -0.96135235 0.58724034 11
-1.6750722 -1.0624814 0.52148712 27
-2.5413523 -1.0210602 0.42776746 3
-1.7800014 -1.1255145 0.40224546 18
-0.30217993 -0.12318116 0.025493054 4
-1.7905159 -1.1287366 0.25525758 2
-0.33333489 -0.13566723 0.0056720315 39
nan nan nan 0
-0.32603893 -0.13267548 -0.016616665 159
-0.29375371 -0.18029504 -0.0054102456 3
-0.32892644 -0.13363904 -0.039246995 159
nan nan nan 0
-0.32800379 -0.13308333 -0.061957236 93
-1.4171803 -0.89155406 -0.25939506 5
nan nan nan 0
-0.37119135 -0.2299484 -0.092722155 3
-2.4031153 -0.96029621 0.5889262 11
-1.6748854 -1.0582615 0.52084094 28
-2.5408368 -1.0157081 0.42737678 3
-1.7902577 -1.1276559 0.40415183 18
-0.31164721 -0.12634505 0.026364611 4
-1.7966806 -1.1282582 0.25586605 2
-0.32428446 -0.13138025 0.0054975078 39
nan nan nan 0
-0.32626995 -0.13210623 -0.016616665 161
-0.29406795 -0.17978205 -0.0054102456 4
-0.32224298 -0.13031106 -0.038334273 156
nan nan nan 0
-0.32595503 -0.13160405 -0.061480645 59
-1.3957574 -0.87459314 -0.25509784 6
nan nan nan 0
-0.37983024 -0.23450409 -0.094969966 3
-2.4241493 -0.95351034 0.59285986 10
-1.6947212 -1.0584658 0.5253644 28
-2.5507169 -1.0041965 0.4281581 3
-1.7940574 -1.1169652 0.40367526 18
-0.30303249 -0.12106857 0.025493054 3
-1.8173019 -1.1280271 0.25799572 2
-0.32496792 -0.12968051 0.0054975078 103
nan nan nan 0
-0.32463339 -0.12948352 -0.016485825 155
-0.29500523 -0.17823987 -0.0054102456 4
-0.32523105 -0.12952784 -0.038638514 151
nan nan nan 0
-0.32663965 -0.12989555 -0.061480645 43
-1.3940305 -0.8633551 -0.25392589 7
nan nan nan 0
-0.37485397 -0.22864158 -0.093284108 3
-2.4392579 -0.95502013 0.59623158 10
-1.702709 -1.0593479 0.52730298 27
-2.5409665 -0.99524826 0.42620483 3
-1.8126665 -1.124216 0.40748802 17
-0.29628468 -0.11781941 0.024839386 3
-1.8276991 -1.1300913 0.2592127 2
-0.32053766 -0.12729309 0.0054102456 113
nan nan nan 0
-0.3248589 -0.12891673 -0.016485825 140
-0.29319125 -0.17640789 -0.005366615 4
-0.32776836 -0.12986179 -0.038942754 146
nan nan nan 0
-0.3314395 -0.1311066 -0.062433831 14
-1.3829476 -0.85310692 -0.25158197 7
nan nan nan 0
-0.37111533 -0.22541386 -0.092160203 3
-2.4603057 -0.94792777 0.60016519 10
-1.7164494 -1.0554971 0.5298878 28
-2.5461428 -0.98193014 0.42620483 3
-1.8268864 -1.1198577 0.40939438 18
nan nan nan 0
-1.8420498 -1.1256996 0.26042965 2
-0.33519661 -0.13099992 0.0056720315 85
nan nan nan 0
-0.31853908 -0.12452506 -0.016093306 130
-0.30689991 -0.18270437 -0.0056284005 3
-0.31917801 -0.12458516 -0.037725795 140
nan nan nan 0
-0.32753852 -0.12761204 -0.061480645 12
-1.3831859 -0.84327149 -0.25080064 7
nan nan nan 0
-0.37436578 -0.22474334 -0.092722155 3
-2.4731672 -0.94841504 0.60297501 10
-1.7244585 -1.0562981 0.53182638 28
-2.5432405 -0.97571903 0.4254235 3
-1.8392972 -1.1230842 0.41177732 17
nan nan nan 0
-1.8482456 -1.1250725 0.26103815 2
-0.33309036 -0.12952097 0.0056284005 8
nan nan nan 0
-0.31409255 -0.1221844 -0.015831625 126
-0.30081695 -0.17826261 -0.0054975078 4
-0.32171297 -0.12491353 -0.038030032 132
nan nan nan 0
-0.34381163 -0.13316299 -0.064816803 12
-1.3677995 -0.83055508 -0.24767539 8
nan nan nan 0
-0.37683493 -0.22536169 -0.093284108 2
nan nan nan 0
-1.7423443 -1.0547867 0.53570366 27
-2.5552464 -0.96500182 0.42659551 2
-1.8493495 -1.1159832 0.41273054 16
nan nan nan 0
-1.8647293 -1.1217974 0.26255935 2
-0.32206887 -0.12336759 0.0054102456 5
nan nan nan 0
-0.32407331 -0.12405828 -0.016354986 123
-0.3081679 -0.18055739 -0.0056284005 4
-0.32700783 -0.12497427 -0.038638514 127
nan nan nan 0
-0.34909922 -0.13308632 -0.065769993 16
-1.370016 -0.82210541 -0.24728474 8
nan nan nan 0
-0.38634625 -0.2284303 -0.095531918 3
nan nan nan 0
-1.7441825 -1.0517442 0.53570366 27
-2.5546145 -0.95967382 0.42620483 3
-1.8659997 -1.121635 0.41606668 16
nan nan nan 0
-1.870936 -1.1211009 0.26316783 2
-0.34100816 -0.1298247 0.0057592937 2
nan nan nan 0
-0.31727576 -0.12086463 -0.015962467 121
-0.3106254 -0.18130627 -0.0056720315 4
-0.32954955 -0.12527277 -0.038942754 125
nan nan nan 0
-0.33553675 -0.12732486 -0.062910423 14
-1.365101 -0.81589437 -0.24611278 8
nan nan nan 0
-0.38257173 -0.22524054 -0.094408013 3
nan nan nan 0
-1.7620964 -1.0500429 0.53958082 27
-2.5572879 -0.9454301 0.42581415 3
-1.8781692 -1.1156225 0.4174965 15
nan nan nan 0
-1.8853104 -1.1163644 0.26438478 2
nan nan nan 0
nan nan nan 0
-0.31321943 -0.11747433 -0.015700785 120
-0.30942094 -0.17840159 -0.0056284005 4
-0.3208864 -0.1201166 -0.037725795 116
nan nan nan 0
nan nan nan 0
-1.3778443 -0.81378263 -0.24767539 7
nan nan nan 0
-0.37956005 -0.22074109 -0.093284108 3
nan nan nan 0
-1.7680746 -1.0494407 0.54087329 27
-2.5542977 -0.93926412 0.42503288 2
-1.8843323 -1.1148509 0.41844967 15
nan nan nan 0
-1.89793 -1.1193973 0.26590598 2
nan nan nan 0
nan nan nan 0
-0.32748747 -0.12208512 -0.016485825 43
-0.30758008 -0.17658924 -0.0055847699 4
-0.3257558 -0.12126269 -0.038334273 42
nan nan nan 0
nan nan nan 0
-1.3750131 -0.80886054 -0.24689408 7
nan nan nan 0
-0.3862299 -0.22380719 -0.094969966 3
nan nan nan 0
-1.7818668 -1.0450743 0.5434581 27
-2.5522127 -0.9233616 0.42386088 2
-1.9028405 -1.1124272 0.42130923 15
nan nan nan 0
-1.9123304 -1.1144598 0.26712295 2
nan nan nan 0
nan nan nan 0
nan nan nan 0
-0.31281725 -0.17749783 -0.0056720315 4
nan nan nan 0
nan nan nan 0
-0.35323271 -0.12902968 -0.066246584 3
-1.389886 -0.80788457 -0.24884737 6
nan nan nan 0
-0.38529491 -0.22054985 -0.094408013 4
-2.5796161 -0.92767835 0.62432921 1
-1.7878534 -1.0444084 0.54475045 27
-2.5468483 -0.91640252 0.42268893 2
-1.9068973 -1.1103437 0.4217858 13
nan nan nan 0
-1.9249903 -1.1173707 0.26864415 2
nan nan nan 0
nan nan nan 0
nan nan nan 0
-0.31744772 -0.17946556 -0.0057592937 4
nan nan nan 0
nan nan nan 0
-0.34652498 -0.12593354 -0.064816803 10
-1.3891605 -0.8042143 -0.2484567 6
nan nan nan 0
nan nan nan 0
-2.5845973 -0.91370773 0.62432921 2
-1.8037419 -1.0410925 0.5479815 26
-2.5562687 -0.90469927 0.42347026 3
-1.9233085 -1.106485 0.4241688 13
nan nan nan 0
-1.9372644 -1.1109927 0.26955688 2
nan nan nan 0
nan nan nan 0
-0.32424608 -0.11641329 -0.016224146 3
-0.31188166 -0.17406401 -0.0056284005 4
-0.3389149 -0.12139709 -0.039855473 11
nan nan nan 0
-0.37264568 -0.13307543 -0.070059337 9
-1.3869324 -0.79323363 -0.24728474 5
nan nan nan 0
nan nan nan 0
-2.5791337 -0.90722656 0.62264335 2
-1.8201938 -1.0464005 0.55250502 27
-2.5485246 -0.89696372 0.42190763 2
-1.9316173 -1.1068 0.42559856 12
nan nan nan 0
-1.9478096 -1.1125501 0.27077383 2
-0.29884219 -0.10691854 0.0049303048 3
nan nan nan 0
-0.33387148 -0.11915438 -0.016747504 8
-0.30784637 -0.17103568 -0.0055411388 4
-0.34615171 -0.12326704 -0.040768195 13
nan nan nan 0
-0.38214341 -0.13566615 -0.071965717 6
-1.3797462 -0.78589863 -0.24572213 2
nan nan nan 0
nan nan nan 0
-2.5632784 -0.88611019 0.61758578 6
-1.8340373 -1.0416449 0.55508983 26
-2.5555201 -0.8844133 0.42229825 3
-1.9437858 -1.100311 0.42702836 12
nan nan nan 0
-1.9687186 -1.1109028 0.27290353 2
-0.28994706 -0.10208892 0.0047557806 3
nan nan nan 0
-0.33449081 -0.1174046 -0.016747504 9
-0.31308922 -0.17188244 -0.0056284005 4
-0.335062 -0.11741152 -0.039246995 17
nan nan nan 0
-0.38748994 -0.13525975 -0.072918907 5
nan nan nan 0
nan nan nan 0
-0.33749199 -0.18628845 -0.080921151 2
-2.5485387 -0.87654805 0.61365211 7
-1.8400513 -1.0408295 0.55638218 25
-2.5547245 -0.87914991 0.42190763 2
-1.9499737 -1.0993359 0.42798153 11
nan nan nan 0
-1.9836192 -1.1147852 0.27472895 2
-0.2806682 -0.098335773 0.0045812563 3
nan nan nan 0
-0.35358652 -0.1233033 -0.017794225 6
-0.3046771 -0.16642895 -0.0054538767 4
-0.33057141 -0.11521817 -0.038638514 23
nan nan nan 0
-0.36914852 -0.1282302 -0.069106147 5
nan nan nan 0
nan nan nan 0
-0.34417847 -0.18929558 -0.082607009 4
-2.560169 -0.86508089 0.61533797 5
-1.8475816 -1.0323635 0.55702841 26
-2.5592926 -0.86576146 0.42190763 2
-1.9749783 -1.0998966 0.43227088 11
nan nan nan 0
-1.9937634 -1.1068013 0.27533746 2
-0.30012614 -0.1032596 0.0049303048 3
nan nan nan 0
-0.34003356 -0.1166625 -0.017009186 12
-0.31209725 -0.16847722 -0.0055847699 4
-0.33117017 -0.11348574 -0.038638514 22
nan nan nan 0
-0.33724752 -0.11534812 -0.062433831 5
nan nan nan 0
nan nan nan 0
-0.34091115 -0.18511549 -0.081483103 4
-2.5545959 -0.85873467 0.61365211 5
-1.8641347 -1.0373899 0.56155181 25
-2.5584588 -0.86050773 0.42151698 2
-1.9833261 -1.1000319 0.43370065 10
nan nan nan 0
-2.0087073 -1.1105491 0.27716288 2
nan nan nan 0
nan nan nan 0
-0.34023666 -0.11606885 -0.017009186 14
-0.31020439 -0.16672079 -0.0055411388 4
-0.33372074 -0.11369533 -0.038942754 19
nan nan nan 0
-0.34675875 -0.11787094 -0.064340211 3
nan nan nan 0
nan nan nan 0
-0.33271798 -0.17978428 -0.0792353 3
-2.5592048 -0.84490043 0.61365211 6
-1.8779963 -1.0322865 0.56413662 25
-2.5699642 -0.84941977 0.42268893 2
-1.9998083 -1.0955492 0.43608364 10
nan nan nan 0
-2.0144947 -1.1000164 0.27716288 2
nan nan nan 0
nan nan nan 0
-0.33372632 -0.11194152 -0.016616665 11
-0.30668759 -0.16269431 -0.0054538767 4
-0.34374005 -0.1150482 -0.040159713 17
nan nan nan 0
-0.3403762 -0.11375659 -0.062910423 2
nan nan nan 0
nan nan nan 0
-0.36354637 -0.19445917 -0.087102629 3
-2.5605285 -0.84087944 0.61365211 7
-1.8882587 -1.0336641 0.56672144 25
-2.5572178 -0.84076422 0.42034501 2
-2.0146296 -1.0991353 0.43894321 10
nan nan nan 0
-2.020575 -1.0992309 0.27777135 2
nan nan nan 0
nan nan nan 0
-0.33866617 -0.11291346 -0.016878346 6
-0.31794521 -0.16813959 -0.0056720315 4
-0.341562 -0.11373638 -0.039855473 14
nan nan nan 0
nan nan nan 0
nan nan nan 0
nan nan nan 0
-0.34675571 -0.18453215 -0.082607009 3
-2.550983 -0.82298321 0.61028039 7
-1.8977101 -1.0264006 0.56801391 25
-2.5615849 -0.82736319 0.42034501 2
-2.0244832 -1.0912617 0.43989637 10
nan nan nan 0
-2.052506 -1.1027806 0.28142226 2
nan nan nan 0
nan nan nan 0
-0.33212316 -0.10884412 -0.016485825 8
-0.31659135 -0.16534315 -0.0056284005 4
-0.35160235 -0.11498395 -0.041072436 12
nan nan nan 0
nan nan nan 0
nan nan nan 0
nan nan nan 0
-0.36271852 -0.19082183 -0.086540677 3
-2.5500953 -0.81778741 0.60971838 7
-1.9101174 -1.0288357 0.5712449 24
-2.5700798 -0.82515079 0.42151698 2
-2.0395355 -1.0943608 0.44275597 10
nan nan nan 0
-2.0740986 -1.1097707 0.28416041 2
nan nan nan 0
nan nan nan 0
-0.35371336 -0.11511061 -0.017663386 7
-0.31027064 -0.16124676 -0.0054975078 4
-0.35416615 -0.11512537 -0.041376676 9
nan nan nan 0
-0.327308 -0.10636713 -0.060050864 3
nan nan nan 0
nan nan nan 0
-0.35661584 -0.18672495 -0.084854826 3
-2.5405376 -0.79960006 0.60634673 8
-1.9220458 -1.0219007 0.57318354 25
-2.56744 -0.80901188 0.42034501 2
-2.0539031 -1.08828 0.44466233 9
nan nan nan 0
-2.0713048 -1.0938802 0.28294346 2
nan nan nan 0
nan nan nan 0
-0.34478399 -0.11026403 -0.017140025 6
-0.31334785 -0.16073494 -0.0055411388 4
-0.35004833 -0.11172254 -0.040768195 10
nan nan nan 0
-0.31851029 -0.10166239 -0.058144487 4
nan nan nan 0
nan nan nan 0
-0.35546958 -0.18364984 -0.084292874 3
-2.5324893 -0.79270428 0.60409892 8
-1.9408822 -1.0276208 0.57835317 25
-2.5735614 -0.8060022 0.42112631 2
-2.070977 -1.0927401 0.44799849 9
nan nan nan 0
nan nan nan 0
nan nan nan 0
nan nan nan 0
-0.35927457 -0.11412659 -0.017925065 5
-0.31805053 -0.16251861 -0.0056284005 5
-0.35498089 -0.11258808 -0.041376676 8
nan nan nan 0
-0.32103062 -0.10183531 -0.058621082 3
nan nan nan 0
nan nan nan 0
-0.33856341 -0.17391607 -0.079797253 3
-2.5344117 -0.77827722 0.60353696 8
-1.9505121 -1.0196911 0.57964557 25
-2.5683036 -0.78962016 0.41956368 2
-2.1027615 -1.0955392 0.45371762 7
nan nan nan 0
-2.5981011 -1.3502532 0.35474414 2
nan nan nan 0
nan nan nan 0
-0.35509327 -0.11078069 -0.017663386 5
-0.32333189 -0.16315868 -0.0057156626 5
-0.34844694 -0.10855014 -0.040463954 9
nan nan nan 0
-0.32155943 -0.10015301 -0.058621082 3
nan nan nan 0
nan nan nan 0
-0.33731019 -0.17101313 -0.0792353 2
-2.5286405 -0.77216583 0.60185111 8
-1.960848 -1.0207638 0.58223039 24
-2.5696778 -0.78513634 0.41956368 2
-2.1090231 -1.0941362 0.45467082 7
nan nan nan 0
-2.6290805 -1.360587 0.35869926 2
nan nan nan 0
nan nan nan 0
-0.35767433 -0.11088819 -0.017794225 5
-0.31695798 -0.15914431 -0.0055847699 5
-0.35575825 -0.11010712 -0.041376676 8
nan nan nan 0
-0.300598 -0.09317816 -0.054331735 3
nan nan nan 0
nan nan nan 0
nan nan nan 0
-2.5211105 -0.75498748 0.59904134 8
-1.9726026 -1.0138079 0.58416903 24
-2.5690217 -0.7702558 0.41878235 2
-2.1387269 -1.0954306 0.45991334 8
nan nan nan 0
-2.6361685 -1.3468026 0.35869926 2
nan nan nan 0
nan nan nan 0
-0.37021014 -0.11258847 -0.018448424 6
-0.32223767 -0.15975915 -0.0056720315 5
-0.34681836 -0.10540556 -0.040159713 9
nan nan nan 0
-0.31284231 -0.095104471 -0.056714702 4
nan nan nan 0
nan nan nan 0
nan nan nan 0
-2.5246284 -0.75171989 0.5996033 8
-1.9851073 -1.015887 0.58740002 24
-2.5774634 -0.7678811 0.41995436 2
-2.1537404 -1.098411 0.46277294 8
nan nan nan 0
-2.638515 -1.3421996 0.35869926 2
nan nan nan 0
nan nan nan 0
-0.35365319 -0.106967 -0.017532544 6
-0.32028863 -0.15806209 -0.0056284005 6
-0.34938094 -0.10550527 -0.040463954 8
nan nan nan 0
-0.29182786 -0.088292561 -0.052425358 4
nan nan nan 0
nan nan nan 0
nan nan nan 0
-2.5216417 -0.7360068 0.59791738 7
-2.0076258 -1.0142263 0.59256965 24
-2.5719659 -0.75161111 0.41839173 2
-2.168222 -1.0915498 0.4646793 8
nan nan nan 0
-2.6388588 -1.3250153 0.35778654 2
nan nan nan 0
-0.2604937 -0.12601465 0.013345668 2
-0.38297191 -0.11349216 -0.019102622 6
-0.31887859 -0.15526016 -0.0055847699 6
-0.34754577 -0.10298177 -0.040159713 8
-0.29334095 -0.14247181 -0.025442196 7
-0.30171391 -0.089498803 -0.054331735 4
nan nan nan 0
nan nan nan 0
nan nan nan 0
-2.5204549 -0.73136783 0.59735548 6
-2.0223246 -1.0172585 0.59644687 23
-2.5875049 -0.75124198 0.42073566 2
-2.1810832 -1.0932829 0.46706229 8
nan nan nan 0
-2.6345141 -1.3170686 0.35687381 2
nan nan nan 0
-0.28973088 -0.1400971 0.015046587 3
-0.39036393 -0.11490561 -0.019495143 6
-0.32809004 -0.15917872 -0.0057592937 6
-0.35249293 -0.10375212 -0.040768195 7
-0.29804298 -0.14418991 -0.025877105 7
-0.29243714 -0.086253084 -0.052425358 4
nan nan nan 0
nan nan nan 0
nan nan nan 0
-2.5314062 -0.71971375 0.59904134 4
-2.034106 -1.0098909 0.59838551 23
-2.5652735 -0.73026514 0.41643846 2
-2.2065566 -1.0916791 0.47135159 8
nan nan nan 0
-2.6502686 -1.3076618 0.35809079 2
nan nan nan 0
-0.2837466 -0.13525851 0.014654067 3
-0.40537083 -0.11694877 -0.020280182 8
-0.3221958 -0.15413731 -0.0056284005 6
-0.34348115 -0.09920083 -0.039551232 7
-0.31219018 -0.14924827 -0.027181834 27
-0.30233139 -0.087390274 -0.054331735 4
nan nan nan 0
nan nan nan 0
nan nan nan 0
-2.5325334 -0.71573657 0.59904134 3
-2.0488422 -1.0127865 0.60226274 23
-2.585557 -0.73114896 0.41956368 2
-2.2216558 -1.0943574 0.47421119 8
nan nan nan 0
-2.6569979 -1.3052293 0.35869926 2
nan nan nan 0
-0.29294172 -0.13917364 0.015177427 4
-0.41518617 -0.1189501 -0.020803541 126
-0.31797832 -0.15136833 -0.0055411388 6
-0.35081995 -0.10061686 -0.040463954 8
-0.30351162 -0.14430484 -0.026312014 36
-0.30012059 -0.086199202 -0.05385514 4
nan nan nan 0
nan nan nan 0
nan nan nan 0
-2.5034935 -0.69294989 0.59117401 3
-2.0606222 -1.0052346 0.60420132 23
nan nan nan 0
-2.2472024 -1.0924027 0.47850055 8
nan nan nan 0
-2.6481769 -1.2836986 0.35656956 1
nan nan nan 0
nan nan nan 0
nan nan nan 0
-0.32101527 -0.15079279 -0.0055847699 6
-0.34655759 -0.09745986 -0.039855473 7
-0.30426306 -0.14271368 -0.026312014 46
-0.31003287 -0.087230161 -0.055761516 4
nan nan nan 0
nan nan nan 0
-0.29596663 -0.13911872 -0.067434296 6
-2.5069284 -0.68966103 0.59173596 2
-2.0732248 -1.0069338 0.60743237 23
nan nan nan 0
-2.2733834 -1.1002834 0.48374304 8
nan nan nan 0
nan nan nan 0
nan nan nan 0
nan nan nan 0
nan nan nan 0
-0.31902733 -0.14914477 -0.0055411388 6
-0.35151383 -0.098165251 -0.040463954 7
-0.31123847 -0.14543429 -0.026964379 78
-0.30544987 -0.085395403 -0.054808326 4
nan nan nan 0
nan nan nan 0
-0.29620898 -0.13860194 -0.067434296 6
nan nan nan 0
-2.0806446 -0.99711281 0.60807854 23
nan nan nan 0
-2.2857513 -1.0915496 0.48517281 7
nan nan nan 0
nan nan nan 0
nan nan nan 0
-0.31264561 -0.14418596 0.016224146 5
nan nan nan 0
-0.32431647 -0.14962374 -0.0056284005 6
-0.34962624 -0.095680729 -0.040159713 7
-0.31199569 -0.14380267 -0.026964379 94
-0.30115131 -0.082526192 -0.05385514 5
-0.32289675 -0.1492438 -0.050785176 9
nan nan nan 0
-0.29693064 -0.13704911 -0.067434296 25
nan nan nan 0
-2.0998023 -1.001834 0.61324817 23
nan nan nan 0
-2.3075836 -1.0970778 0.48946217 7
nan nan nan 0
nan nan nan 0
nan nan nan 0
-0.32414606 -0.14905295 0.016878346 5
nan nan nan 0
-0.32231894 -0.1479857 -0.0055847699 7
-0.35217386 -0.095770314 -0.040463954 7
-0.30549684 -0.14005309 -0.026312014 104
-0.29892305 -0.081370249 -0.053378545 4
-0.31869704 -0.14655857 -0.050003868 7
nan nan nan 0
-0.29714555 -0.13658251 -0.067434296 31
nan nan nan 0
-2.1157603 -0.99635929 0.61647922 23
nan nan nan 0
-2.3242061 -1.0906166 0.49184516 7
nan nan nan 0
nan nan nan 0
nan nan nan 0
-0.32266161 -0.14629385 0.016747504 6
-0.31111044 -0.083193824 -0.015046587 5
-0.3253274 -0.14741273 -0.0056284005 7
-0.35026944 -0.093298696 -0.040159713 8
-0.31299201 -0.14162105 -0.026964379 113
-0.29458106 -0.07861983 -0.052425358 5
-0.33063695 -0.15013304 -0.051957142 7
nan nan nan 0
-0.29565227 -0.13398798 -0.066872343 37
nan nan nan 0
-2.130604 -0.99884152 0.62035644 22
nan nan nan 0
-2.3440707 -1.0944901 0.49565789 7
nan nan nan 0
nan nan nan 0
nan nan nan 0
-0.30708039 -0.13833927 0.015831625 6
-0.31125516 -0.082650714 -0.015046587 7
-0.32105336 -0.14473195 -0.0055411388 8
-0.36244255 -0.095797911 -0.041680917 6
-0.31323871 -0.14107455 -0.026964379 121
-0.29947001 -0.079333678 -0.053378545 4
-0.31747526 -0.14328498 -0.049613211 9
nan nan nan 0
-0.29147336 -0.13140583 -0.065748438 38
nan nan nan 0
-2.1469281 -0.99238724 0.62358749 22
nan nan nan 0
-2.3609056 -1.0873544 0.49804088 7
nan nan nan 0
nan nan nan 0
nan nan nan 0
-0.31236035 -0.13876306 0.016093306 6
-0.31410351 -0.08163397 -0.015177427 11
-0.32183173 -0.14299278 -0.0055411388 8
-0.34371161 -0.088962473 -0.039246995 7
-0.3139731 -0.1394325 -0.026964379 130
-0.29275674 -0.075908661 -0.051948763 5
-0.32273149 -0.14363119 -0.05039452 10
nan nan nan 0
-0.28775659 -0.12778483 -0.064624533 43
nan nan nan 0
-2.1596167 -0.99370748 0.62681848 22
nan nan nan 0
-2.373945 -1.0883656 0.50042385 7
nan nan nan 0
nan nan nan 0
nan nan nan 0
-0.31033224 -0.137178 0.015962467 7
-0.29245713 -0.075596601 -0.013999867 21
-0.31980786 -0.1413907 -0.0054975078 8
-0.35349256 -0.090782166 -0.040463954 7
-0.3187449 -0.14095783 -0.027399288 143
-0.2881279 -0.074203514 -0.050995573 5
-0.31849244 -0.14100951 -0.049613211 22
nan nan nan 0
-0.2835522 -0.12524809 -0.063500628 46
nan nan nan 0
-2.1779735 -0.98839974 0.63069576 22
nan nan nan 0
-2.3997211 -1.0850557 0.50471324 7
nan nan nan 0
nan nan nan 0
nan nan nan 0
-0.31787187 -0.13863455 0.016354986 7
-0.30981761 -0.078244731 -0.014915747 20
-0.32737884 -0.14279895 -0.0056284005 9
-0.34432432 -0.086560763 -0.039246995 7
-0.31720871 -0.13826208 -0.027181834 154
-0.29089603 -0.073278435 -0.051472165 4
-0.31247643 -0.13628799 -0.048441246 23
nan nan nan 0
-0.29086047 -0.12677838 -0.065186486 43
nan nan nan 0
-2.1906903 -0.9895891 0.63392675 21
nan nan nan 0
-2.4038472 -1.0818768 0.50518978 7
nan nan nan 0
nan nan nan 0
nan nan nan 0
-0.31583637 -0.13705575 0.016224146 7
-0.32935473 -0.082447693 -0.015962467 17
-0.32306731 -0.14017886 -0.0055411388 10
-0.3492963 -0.087135904 -0.039855473 7
-0.3242645 -0.140771 -0.027834198 162
-0.28625435 -0.071609803 -0.050518978 5
-0.32172084 -0.13979599 -0.050003868 28
nan nan nan 0
-0.28219914 -0.12226381 -0.062938675 42
nan nan nan 0
-2.211271 -0.98501354 0.63845021 21
nan nan nan 0
-2.4274106 -1.0772705 0.50900251 7
nan nan nan 0
nan nan nan 0
nan nan nan 0
-0.31883198 -0.13641202 0.016354986 7
-0.34192291 -0.083623424 -0.016616665 24
-0.32608232 -0.13949765 -0.0055847699 10
-0.34250647 -0.083579347 -0.038942754 8
-0.32727411 -0.14008024 -0.028051652 169
-0.28901294 -0.070677914 -0.050995573 5
-0.31793433 -0.13610637 -0.049222555 27
nan nan nan 0
-0.29396427 -0.12573476 -0.065748438 33
nan nan nan 0
-2.2262223 -0.98705089 0.64232737 21
nan nan nan 0
-2.4427464 -1.079005 0.5118621 7
nan nan nan 0
nan nan nan 0
nan nan nan 0
-0.32135364 -0.13686323 0.016485825 8
-0.3542144 -0.085906692 -0.017270865 26
-0.32632527 -0.13892832 -0.0055847699 17
-0.34506658 -0.083552711 -0.039246995 8
-0.33207557 -0.14151892 -0.028486561 174
-0.28197026 -0.068482153 -0.049565792 5
-0.31591263 -0.13455361 -0.048831902 32
nan nan nan 0
-0.29418325 -0.12522151 -0.065748438 24
nan nan nan 0
-2.244626 -0.98120993 0.64620465 20
nan nan nan 0
-2.4618528 -1.0721022 0.51472169 7
nan nan nan 0
nan nan nan 0
nan nan nan 0
-0.31977654 -0.13418286 0.016354986 8
-0.35222715 -0.083487555 -0.017140025 26
-0.33163318 -0.13921043 -0.0056720315 22
-0.34791702 -0.082303427 -0.039551232 7
-0.33281198 -0.13977824 -0.028486561 184
-0.28471643 -0.067556061 -0.050042383 5
-0.30982092 -0.12994023 -0.047659937 33
nan nan nan 0
-0.30376533 -0.12757736 -0.067996249 13
nan nan nan 0
-2.2640369 -0.9850319 0.65137428 20
nan nan nan 0
-2.4727206 -1.071723 0.51662809 6
nan nan nan 0
-2.7744977 -1.1985643 0.36630529 1
nan nan nan 0
-0.3223013 -0.13461643 0.016485825 8
-0.3548055 -0.083431736 -0.017270865 9
-0.32958141 -0.13763909 -0.0056284005 23
-0.3408041 -0.080032878 -0.038638514 8
-0.32391268 -0.13524073 -0.027616743 201
-0.28483391 -0.06705904 -0.050042383 5
-0.31910995 -0.13332672 -0.049222555 33
nan nan nan 0
-0.28834733 -0.12025294 -0.06406258 8
nan nan nan 0
-2.2824697 -0.97890007 0.6552515 19
nan nan nan 0
-2.5031052 -1.0694088 0.52187061 6
nan nan nan 0
-2.7875803 -1.1869472 0.36721799 1
nan nan nan 0
-0.32989043 -0.13586675 0.016878346 7
-0.35036534 -0.080480225 -0.017009186 9
-0.33489633 -0.1378721 -0.0057156626 24
-0.34364 -0.07878907 -0.038942754 8
-0.32690719 -0.13452001 -0.027834198 211
-0.27799544 -0.063963175 -0.048612602 5
-0.31526211 -0.12971409 -0.048441246 34
nan nan nan 0
-0.28673363 -0.11778264 -0.063500628 3
nan nan nan 0
-2.2886138 -0.9768194 0.65654391 17
nan nan nan 0
-2.5185094 -1.0708228 0.52473021 6
nan nan nan 0
nan nan nan 0
nan nan nan 0
-0.31863737 -0.13041131 0.016224146 6
-0.36512741 -0.083120957 -0.017794225 7
-0.32823324 -0.13435857 -0.0055847699 23
-0.33408701 -0.07603918 -0.037725795 9
-0.32943401 -0.13492236 -0.028051652 214
-0.28529513 -0.065068901 -0.050042383 5
-0.31321555 -0.12819764 -0.048050594 34
nan nan nan 0
nan nan nan 0
nan nan nan 0
-2.3092675 -0.97140652 0.66106731 16
nan nan nan 0
-2.5263431 -1.0585734 0.52520674 6
nan nan nan 0
nan nan nan 0
nan nan nan 0
-0.32161885 -0.129705 0.016354986 5
-0.35335851 -0.078561559 -0.017140025 7
-0.32201374 -0.12974545 -0.0054538767 20
-0.34418169 -0.076388106 -0.038942754 10
-0.33013594 -0.13319561 -0.028051652 201
-0.28563192 -0.063574217 -0.050042383 5
-0.32071501 -0.12941821 -0.049222555 33
nan nan nan 0
nan nan nan 0
nan nan nan 0
-2.3198636 -0.97112119 0.66365212 15
nan nan nan 0
-2.5372412 -1.0579554 0.52711314 6
nan nan nan 0
nan nan nan 0
-2.7706192 -0.59840256 0.048866734 2
-0.32414943 -0.13010329 0.016485825 4
-0.37302101 -0.082144976 -0.018186744 6
-0.31531614 -0.12630267 -0.005322984 11
-0.3394621 -0.074746132 -0.038334273 8
-0.32806864 -0.13166212 -0.027834198 183
-0.2881422 -0.063589193 -0.050518978 5
-0.32549873 -0.13075851 -0.050003868 32
nan nan nan 0
nan nan nan 0
nan nan nan 0
-2.3405328 -0.96543604 0.66817564 13
nan nan nan 0
-2.5495512 -1.0474653 0.52854294 5
nan nan nan 0
nan nan nan 0
-2.7590363 -0.58080763 0.048604947 3
-0.31789714 -0.12556104 0.016093306 3
-0.3636722 -0.078141741 -0.017663386 9
-0.31597316 -0.12464996 -0.005322984 5
-0.33741993 -0.072459832 -0.038030032 10
-0.32414499 -0.12805247 -0.027399288 154
-0.29327616 -0.063081674 -0.051472165 4
-0.31932658 -0.12623788 -0.048831902 29
nan nan nan 0
nan nan nan 0
nan nan nan 0
-2.3511443 -0.96503389 0.67076045 13
nan nan nan 0
-2.5740769 -1.0523381 0.53330886 4
nan nan nan 0
nan nan nan 0
nan nan nan 0
-0.32042715 -0.12594973 0.016224146 2
-0.36136365 -0.076998912 -0.017532544 8
-0.30230328 -0.11843397 -0.0050611976 3
-0.34969473 -0.074388929 -0.039551232 9
-0.3220621 -0.12654552 -0.027181834 138
-0.29578918 -0.063066542 -0.051948763 5
-0.31954643 -0.12568036 -0.048831902 23
nan nan nan 0
-0.3403939 -0.13450657 -0.076425537 1
nan nan nan 0
-2.374063 -0.9599852 0.67593008 11
nan nan nan 0
-2.5727267 -1.0360843 0.53187907 3
nan nan nan 0
nan nan nan 0
nan nan nan 0
-0.31413344 -0.12147547 0.015831625 2
-0.35686791 -0.074115425 -0.017270865 7
-0.31915507 -0.12337296 -0.005366615 3
-0.34278229 -0.071084239 -0.038638514 8
-0.32040948 -0.12392854 -0.026964379 133
-0.28408581 -0.059095733 -0.049565792 5
-0.31332827 -0.12123886 -0.047659937 26
nan nan nan 0
-0.32753971 -0.12725186 -0.073053822 2
nan nan nan 0
-2.3936458 -0.96308398 0.68109971 10
nan nan nan 0
-2.5972967 -1.0407581 0.536645 3
nan nan nan 0
nan nan nan 0
nan nan nan 0
-0.314345 -0.12092701 0.015831625 2
-0.37413159 -0.076928779 -0.018186744 7
-0.32169095 -0.12374362 -0.0054102456 2
-0.34777233 -0.071459167 -0.039246995 9
-0.31368804 -0.12059443 -0.026312014 132
-0.289002 -0.059559897 -0.050518978 5
-0.31124714 -0.1197736 -0.047269277 29
nan nan nan 0
-0.34810627 -0.13485037 -0.078111395 3
nan nan nan 0
-2.4053864 -0.95321882 0.68303829 10
nan nan nan 0
-2.6049919 -1.0280492 0.53712159 2
nan nan nan 0
nan nan nan 0
nan nan nan 0
-0.30800578 -0.11653325 0.015439106 2
-0.38923147 -0.077837259 -0.018971782 7
-0.33163783 -0.12572038 -0.0055847699 3
-0.3481417 -0.069637261 -0.039246995 9
-0.31663242 -0.11986309 -0.02652947 125
-0.28208223 -0.056643583 -0.049089197 5
-0.31646404 -0.11995468 -0.048050594 21
nan nan nan 0
-0.3374812 -0.128546 -0.075301625 3
nan nan nan 0
-2.4250076 -0.95613784 0.68820792 10
nan nan nan 0
-2.6387429 -1.03611 0.54379392 3
nan nan nan 0
nan nan nan 0
nan nan nan 0
-0.31285727 -0.1178182 0.015700785 2
-0.38691553 -0.076684006 -0.018840943 7
-0.34582141 -0.13061124 -0.0058465553 2
-0.35069928 -0.06949918 -0.039551232 9
-0.32379758 -0.12203649 -0.027181834 100
-0.28941074 -0.057540849 -0.050518978 5
-0.33276287 -0.12571748 -0.050785176 7
nan nan nan 0
-0.33317137 -0.12617277 -0.074177727 4
nan nan nan 0
-2.4344802 -0.94518363 0.68950039 9
nan nan nan 0
-2.6418443 -1.0213908 0.54331732 2
nan nan nan 0
nan nan nan 0
nan nan nan 0
-0.31346989 -0.11617847 0.015700785 2
nan nan nan 0
nan nan nan 0
-0.34618038 -0.066748209 -0.038942754 9
-0.31978503 -0.11854626 -0.026746925 33
-0.29694536 -0.05737653 -0.051948763 5
nan nan nan 0
nan nan nan 0
-0.33609891 -0.12530668 -0.074739672 4
nan nan nan 0
-2.4541366 -0.9479261 0.69467002 9
nan nan nan 0
-2.6413336 -1.0158937 0.54284072 2
nan nan nan 0
nan nan nan 0
-4.0272164 -0.7519294 0.070900396 2
-0.27405205 -0.10041451 0.013476508 2
-0.45616603 -0.086767957 -0.02250446 19
nan nan nan 0
-0.34873614 -0.06659653 -0.039246995 9
-0.32696673 -0.12066552 -0.027399288 17
-0.28980538 -0.055518992 -0.050518978 5
nan nan nan 0
nan nan nan 0
-0.32949808 -0.12209139 -0.073053822 3
nan nan nan 0
-2.4793687 -0.9428243 0.70048583 9
nan nan nan 0
nan nan nan 0
nan nan nan 0
nan nan nan 0
-4.0335579 -0.73127753 0.070944034 2
-0.27223879 -0.098095335 0.013345668 2
-0.40747795 -0.075501896 -0.019887663 6
nan nan nan 0
-0.3539643 -0.065649346 -0.039855473 9
-0.32759407 -0.11895189 -0.027399288 7
-0.29250762 -0.054434575 -0.050995573 5
-1.4543447 -0.54555255 -0.24025296 2
nan nan nan 0
-0.33013284 -0.12036447 -0.073053822 3
nan nan nan 0
nan nan nan 0
nan nan nan 0
nan nan nan 0
nan nan nan 0
nan nan nan 0
-4.0299072 -0.72335547 0.070856765 2
-0.26306245 -0.094104797 0.012822309 2
-0.4174394 -0.076548725 -0.020411022 6
-0.29379258 -0.10555169 -0.0048430427 2
-0.35163546 -0.064595878 -0.039551232 11
-0.33013245 -0.11925621 -0.027616743 6
-0.28776968 -0.053064905 -0.050042383 5
-1.4760932 -0.55084354 -0.24376884 2
nan nan nan 0
-0.32578433 -0.11806756 -0.071929917 4
nan nan nan 0
nan nan nan 0
nan nan nan 0
nan nan nan 0
nan nan nan 0
nan nan nan 0
-4.0163999 -0.69925189 0.070551351 2
-0.26355156 -0.092726126 0.012822309 2
nan nan nan 0
-0.30371928 -0.10747914 -0.0050175665 2
-0.35196885 -0.062753841 -0.039551232 10
-0.33775982 -0.12011817 -0.028269107 6
-0.29771754 -0.053224932 -0.051948763 5
-1.4534869 -0.53367025 -0.23947163 2
nan nan nan 0
-0.32411447 -0.1155118 -0.071367964 4
nan nan nan 0
nan nan nan 0
nan nan nan 0
nan nan nan 0
nan nan nan 0
nan nan nan 0
-4.0274682 -0.69393408 0.070725873 2
nan nan nan 0
nan nan nan 0
-0.3015604 -0.10608619 -0.0049739354 2
-0.34474024 -0.060883891 -0.038638514 10
-0.33095697 -0.11694857 -0.027616743 5
-0.29055232 -0.05146727 -0.050518978 5
-1.475269 -0.53881741 -0.24298753 3
nan nan nan 0
-0.32431561 -0.11494595 -0.071367964 5
nan nan nan 0
-3.5490208 -1.2952415 1.0016172 8
nan nan nan 0
-2.782552 -1.0095502 0.56810021 2
nan nan nan 0
nan nan nan 0
-4.0261149 -0.67201614 0.070638612 2
nan nan nan 0
-0.38386476 -0.065710507 -0.018579263 4
-0.31151372 -0.10790741 -0.0051484597 2
-0.3523984 -0.060295127 -0.039551232 9
-0.33156478 -0.11521408 -0.027616743 5
-0.30050319 -0.051545173 -0.052425358 5
nan nan nan 0
nan nan nan 0
-0.3157554 -0.10991679 -0.069120154 5
nan nan nan 0
-3.530854 -1.2816042 0.99580133 8
nan nan nan 0
-2.8143032 -1.0155674 0.574296 2
nan nan nan 0
nan nan nan 0
-4.0272818 -0.66498816 0.070638612 2
nan nan nan 0
-0.37166148 -0.063014559 -0.017925065 4
-0.3140536 -0.10820985 -0.0051920903 2
-0.35250306 -0.059679981 -0.039551232 12
-0.32942206 -0.11379158 -0.027399288 4
-0.29090452 -0.049437594 -0.050518978 5
nan nan nan 0
nan nan nan 0
-0.31823763 -0.1101939 -0.069682106 5
nan nan nan 0
-3.5352428 -1.2622844 0.99515516 8
nan nan nan 0
-2.8057127 -0.99587107 0.57143641 2
nan nan nan 0
nan nan nan 0
-4.0257716 -0.64310604 0.070551351 2
nan nan nan 0
nan nan nan 0
-0.31225947 -0.10573002 -0.0051484597 3
-0.35526153 -0.058222082 -0.039855473 12
-0.33940402 -0.1153906 -0.028269107 4
-0.29600757 -0.048679888 -0.051472165 5
nan nan nan 0
nan nan nan 0
-0.32340053 -0.11015884 -0.070806012 4
nan nan nan 0
-3.5215166 -1.2504358 0.9906317 7
nan nan nan 0
-2.8120723 -0.99261343 0.57238954 2
nan nan nan 0
nan nan nan 0
-4.029357 -0.63646764 0.070594981 2
nan nan nan 0
nan nan nan 0
-0.30537 -0.10269526 -0.0050175665 2
-0.35536262 -0.057601944 -0.039855473 11
-0.33255756 -0.11231628 -0.027616743 4
-0.28639311 -0.046647836 -0.049565792 4
-0.36722025 -0.12470612 -0.055863693 3
nan nan nan 0
nan nan nan 0
nan nan nan 0
-3.5302947 -1.2327791 0.99127787 7
nan nan nan 0
-2.8195484 -0.97868431 0.57286614 2
nan nan nan 0
nan nan nan 0
nan nan nan 0
nan nan nan 0
-0.37734011 -0.059219372 -0.018186744 7
-0.31062782 -0.10272996 -0.0051048286 3
-0.35811278 -0.056111977 -0.040159713 10
-0.34490821 -0.11464821 -0.028704016 4
-0.2914868 -0.045879919 -0.050518978 4
-0.34453887 -0.11468948 -0.051957142 3
nan nan nan 0
nan nan nan 0
nan nan nan 0
-3.5301604 -1.2258208 0.9906317 6
nan nan nan 0
-2.8328454 -0.97778302 0.57524914 2
nan nan nan 0
nan nan nan 0
nan nan nan 0
nan nan nan 0
-0.35769174 -0.055594768 -0.017140025 4
-0.30371594 -0.099747516 -0.0049739354 3
-0.35330197 -0.054752458 -0.039551232 12
-0.3427529 -0.11323523 -0.028486561 5
-0.29156643 -0.045371111 -0.050518978 4
-0.36341321 -0.12052914 -0.055082384 4
nan nan nan 0
nan nan nan 0
nan nan nan 0
-3.5319612 -1.205754 0.98933929 5
nan nan nan 0
-2.8402493 -0.96372914 0.57572573 2
nan nan nan 0
nan nan nan 0
nan nan nan 0
nan nan nan 0
-0.36044872 -0.054078955 -0.017270865 6
-0.30896965 -0.099757887 -0.0050611976 3
-0.35358381 -0.052901831 -0.039551232 12
-0.35041824 -0.11383451 -0.029138925 5
-0.29422921 -0.044193044 -0.050995573 4
-0.36637783 -0.11941757 -0.055473037 3
nan nan nan 0
nan nan nan 0
nan nan nan 0
-3.5317743 -1.1988087 0.98869306 5
nan nan nan 0
-2.853548 -0.96271074 0.57810873 2
nan nan nan 0
nan nan nan 0
nan nan nan 0
nan nan nan 0
-0.37289965 -0.055217255 -0.017925065 6
-0.30203569 -0.096827894 -0.0049303048 2
-0.34876242 -0.051584497 -0.038942754 12
-0.37186038 -0.12037212 -0.031096017 6
-0.28458673 -0.042299673 -0.049089197 4
-0.3665857 -0.11877793 -0.055473037 2
nan nan nan 0
nan nan nan 0
nan nan nan 0
-3.5288429 -1.1772316 0.98610824 4
nan nan nan 0
-2.8585496 -0.94775653 0.57810873 2
nan nan nan 0
nan nan nan 0
nan nan nan 0
nan nan nan 0
-0.37071043 -0.052923456 -0.017794225 4
-0.30253854 -0.095245115 -0.0049303048 3
-0.34656933 -0.049420491 -0.038638514 13
-0.353569 -0.11216739 -0.029356381 4
-0.28723586 -0.041141227 -0.049565792 4
-0.36251462 -0.11530375 -0.054691728 2
nan nan nan 0
nan nan nan 0
nan nan nan 0
-3.5331836 -1.1718339 0.98675448 3
nan nan nan 0
-2.8928137 -0.95357114 0.58478099 1
nan nan nan 0
nan nan nan 0
nan nan nan 0
nan nan nan 0
-0.34853774 -0.04925026 -0.016616665 5
-0.29558024 -0.092376038 -0.0047994116 3
-0.35157305 -0.049481351 -0.039246995 12
-0.35613018 -0.112328 -0.029573835 4
-0.28730723 -0.04063984 -0.049565792 4
nan nan nan 0
nan nan nan 0
nan nan nan 0
nan nan nan 0
-3.5209086 -1.1473094 0.98158485 2
nan nan nan 0
-2.9047682 -0.94069016 0.58621085 1
nan nan nan 0
nan nan nan 0
nan nan nan 0
nan nan nan 0
-0.3413642 -0.046454825 -0.016224146 5
-0.29605985 -0.09082713 -0.0047994116 3
-0.34690592 -0.046999797 -0.038638514 14
-0.34723356 -0.10739986 -0.028704016 4
-0.28021464 -0.038189251 -0.048136011 3
nan nan nan 0
nan nan nan 0
nan nan nan 0
nan nan nan 0
-3.5137193 -1.1381742 0.97900003 2
nan nan nan 0
-2.9531047 -0.95072943 0.5957427 1
nan nan nan 0
nan nan nan 0
nan nan nan 0
nan nan nan 0
-0.33154026 -0.044583142 -0.015700785 6
-0.28907758 -0.088019133 -0.0046685184 2
-0.3469874 -0.046394259 -0.038638514 14
-0.35453439 -0.10907768 -0.029356381 6
-0.29001832 -0.038944069 -0.050042383 3
nan nan nan 0
nan nan nan 0
nan nan nan 0
nan nan nan 0
-3.5196307 -1.1197608 0.97900003 1
nan nan nan 0
nan nan nan 0
nan nan nan 0
nan nan nan 0
nan nan nan 0
nan nan nan 0
-0.33176917 -0.042846598 -0.015700785 4
-0.29191858 -0.08725556 -0.004712149 3
-0.33983693 -0.043668296 -0.037725795 14
-0.34797487 -0.10497311 -0.028704016 6
-0.27803844 -0.035933834 -0.047659416 4
nan nan nan 0
nan nan nan 0
nan nan nan 0
nan nan nan 0
-3.5215795 -1.1136162 0.97900003 1
nan nan nan 0
nan nan nan 0
nan nan nan 0
nan nan nan 0
-4.0168586 -0.49152535 0.070027776 2
nan nan nan 0
-0.33184344 -0.042267486 -0.015700785 5
-0.28491431 -0.084504724 -0.0045812563 3
-0.34237605 -0.043373641 -0.038030032 15
-0.3386513 -0.10138654 -0.027834198 10
-0.27566427 -0.035154525 -0.047182821 4
nan nan nan 0
nan nan nan 0
nan nan nan 0
nan nan nan 0
nan nan nan 0
nan nan nan 0
nan nan nan 0
nan nan nan 0
nan nan nan 0
-4.0193772 -0.47048649 0.070027776 2
nan nan nan 0
-0.32462072 -0.039663345 -0.015308267 6
-0.2996884 -0.087419197 -0.0048430427 3
-0.34752831 -0.042151652 -0.038638514 15
-0.35346007 -0.10400587 -0.029138925 21
-0.28315851 -0.034554344 -0.048612602 3
-0.31293538 -0.091685794 -0.046097312 3
nan nan nan 0
nan nan nan 0
nan nan nan 0
nan nan nan 0
nan nan nan 0
nan nan nan 0
nan nan nan 0
nan nan nan 0
-4.0127425 -0.46261528 0.069896884 2
nan nan nan 0
-0.32716978 -0.039381068 -0.015439106 5
-0.29984048 -0.086896017 -0.0048430427 2
-0.3426705 -0.040982369 -0.038030032 16
-0.35364106 -0.10338881 -0.029138925 21
-0.2734645 -0.032952219 -0.046706226 3
-0.31073391 -0.090416305 -0.04570666 3
nan nan nan 0
nan nan nan 0
nan nan nan 0
nan nan nan 0
nan nan nan 0
nan nan nan 0
nan nan nan 0
nan nan nan 0
nan nan nan 0
nan nan nan 0
-0.32240793 -0.037124757 -0.015177427 5
-0.29789704 -0.084606998 -0.0047994116 3
-0.35028094 -0.039992861 -0.038942754 14
-0.35894853 -0.10296711 -0.029573835 13
-0.2687535 -0.030991526 -0.045753039 3
-0.2993792 -0.085233994 -0.043753386 4
nan nan nan 0
nan nan nan 0
nan nan nan 0
nan nan nan 0
nan nan nan 0
nan nan nan 0
nan nan nan 0
nan nan nan 0
nan nan nan 0
nan nan nan 0
-0.32247224 -0.036561992 -0.015177427 3
-0.29325309 -0.082659535 -0.004712149 3
-0.34294829 -0.038589098 -0.038030032 17
-0.38060823 -0.10874408 -0.031530928 13
-0.25416511 -0.0289628 -0.042893473 3
-0.31845558 -0.090364829 -0.046878621 4
nan nan nan 0
nan nan nan 0
nan nan nan 0
nan nan nan 0
nan nan nan 0
nan nan nan 0
nan nan nan 0
nan nan nan 0
nan nan nan 0
nan nan nan 0
-0.31024122 -0.033602897 -0.014523228 4
-0.29368186 -0.081122942 -0.004712149 3
-0.35055161 -0.037546482 -0.038942754 15
-0.36443949 -0.10185669 -0.030008744 11
nan nan nan 0
-0.30944565 -0.085919023 -0.045316003 4
nan nan nan 0
nan nan nan 0
nan nan nan 0
nan nan nan 0
nan nan nan 0
nan nan nan 0
nan nan nan 0
nan nan nan 0
-4.0387073 -0.40854701 0.070245937 1
nan nan nan 0
-0.32023561 -0.034060143 -0.015046587 5
-0.30102453 -0.082701117 -0.0048430427 2
-0.34567839 -0.036440831 -0.038334273 19
-0.35983342 -0.099830806 -0.029573835 11
nan nan nan 0
-0.31670782 -0.08744926 -0.046487968 4
nan nan nan 0
nan nan nan 0
nan nan nan 0
nan nan nan 0
nan nan nan 0
nan nan nan 0
nan nan nan 0
nan nan nan 0
-4.0656738 -0.3897689 0.070682235 1
nan nan nan 0
-0.3154389 -0.03190957 -0.014784907 4
-0.3062616 -0.082492575 -0.0049303048 3
-0.35327557 -0.035332229 -0.039246995 16
-0.35316548 -0.095898449 -0.02892147 9
nan nan nan 0
-0.31953579 -0.086467519 -0.046878621 4
nan nan nan 0
nan nan nan 0
nan nan nan 0
nan nan nan 0
nan nan nan 0
nan nan nan 0
nan nan nan 0
nan nan nan 0
-4.0713248 -0.38313851 0.070769504 1
nan nan nan 0
-0.30803686 -0.030661941 -0.014392388 2
-0.30881041 -0.082638107 -0.0049739354 3
-0.34592438 -0.034026671 -0.038334273 19
-0.34853944 -0.093925677 -0.028486561 8
nan nan nan 0
-0.32206187 -0.086583272 -0.047269277 4
nan nan nan 0
nan nan nan 0
nan nan nan 0
nan nan nan 0
nan nan nan 0
nan nan nan 0
nan nan nan 0
nan nan nan 0
-4.0857253 -0.36291611 0.070987664 1
nan nan nan 0
-0.30819321 -0.029048651 -0.014392388 3
-0.31164771 -0.081687614 -0.0050175665 3
-0.35104167 -0.032648358 -0.038942754 17
-0.34902647 -0.092099451 -0.028486561 6
nan nan nan 0
-0.32249597 -0.084952071 -0.047269277 4
nan nan nan 0
nan nan nan 0
nan nan nan 0
nan nan nan 0
nan nan nan 0
nan nan nan 0
nan nan nan 0
nan nan nan 0
-4.1062746 -0.35751012 0.071336709 1
nan nan nan 0
-0.30824345 -0.028510708 -0.014392388 3
-0.30937982 -0.080480196 -0.0049739354 3
-0.34367573 -0.031458449 -0.038030032 18
-0.34198338 -0.089506023 -0.027834198 7
nan nan nan 0
-0.32502395 -0.085046485 -0.047659937 4
nan nan nan 0
nan nan nan 0
nan nan nan 0
nan nan nan 0
nan nan nan 0
nan nan nan 0
nan nan nan 0
nan nan nan 0
-4.1005573 -0.33611262 0.071205817 2
nan nan nan 0
-0.31336528 -0.027300285 -0.014654067 6
-0.31702313 -0.080866747 -0.0051048286 3
-0.35372916 -0.030458027 -0.039246995 16
-0.3400428 -0.087065384 -0.027616743 7
nan nan nan 0
-0.31831402 -0.081408724 -0.046487968 4
nan nan nan 0
nan nan nan 0
nan nan nan 0
nan nan nan 0
nan nan nan 0
nan nan nan 0
nan nan nan 0
nan nan nan 0
nan nan nan 0
nan nan nan 0
-0.30843496 -0.026358087 -0.014392388 6
-0.30992046 -0.078372471 -0.0049739354 3
-0.35130808 -0.029645052 -0.038942754 17
-0.33538291 -0.085182577 -0.027181834 6
nan nan nan 0
-0.3208403 -0.081493795 -0.046878621 4
nan nan nan 0
nan nan nan 0
nan nan nan 0
nan nan nan 0
nan nan nan 0
nan nan nan 0
nan nan nan 0
nan nan nan 0
-0.30391297 -0.024450963 0.004712149 3
nan nan nan 0
-0.30607903 -0.024558188 -0.014261548 9
-0.31033996 -0.076694503 -0.0049739354 3
-0.34651387 -0.027379537 -0.038334273 21
-0.34064233 -0.084689341 -0.027616743 6
nan nan nan 0
-0.32127655 -0.079756707 -0.046878621 4
nan nan nan 0
nan nan nan 0
nan nan nan 0
nan nan nan 0
nan nan nan 0
nan nan nan 0
nan nan nan 0
nan nan nan 0
-0.27902454 -0.022111578 0.0042758393 4
nan nan nan 0
-0.30114126 -0.023663465 -0.013999867 9
-0.31289235 -0.076782398 -0.0050175665 2
-0.35151121 -0.027130408 -0.038942754 19
-0.33837953 -0.083466887 -0.027399288 6
nan nan nan 0
-0.31185836 -0.07670112 -0.045316003 4
nan nan nan 0
nan nan nan 0
nan nan nan 0
nan nan nan 0
nan nan nan 0
nan nan nan 0
nan nan nan 0
nan nan nan 0
-0.30407628 -0.022328671 0.004712149 4
nan nan nan 0
-0.31122494 -0.022755165 -0.014523228 10
-0.30360097 -0.072675124 -0.0048430427 3
-0.34669656 -0.024959765 -0.038334273 17
-0.35087872 -0.084769793 -0.028486561 5
nan nan nan 0
-0.31943306 -0.076900676 -0.046487968 4
nan nan nan 0
nan nan nan 0
nan nan nan 0
nan nan nan 0
nan nan nan 0
nan nan nan 0
nan nan nan 0
nan nan nan 0
-0.30411479 -0.021797923 0.004712149 4
nan nan nan 0
-0.29382539 -0.021071997 -0.013607348 12
-0.30130404 -0.071532384 -0.0047994116 3
-0.35169202 -0.024675755 -0.038942754 18
-0.34619725 -0.082935371 -0.028051652 4
nan nan nan 0
-0.31717324 -0.075736053 -0.046097312 4
nan nan nan 0
nan nan nan 0
nan nan nan 0
nan nan nan 0
nan nan nan 0
nan nan nan 0
nan nan nan 0
nan nan nan 0
-0.31171006 -0.020656556 0.0048430427 4
nan nan nan 0
-0.29143959 -0.019383447 -0.013476508 10
-0.30895397 -0.071753941 -0.0049303048 3
-0.35181639 -0.022833971 -0.038942754 19
-0.34904432 -0.081719853 -0.028269107 5
nan nan nan 0
-0.31516883 -0.073479868 -0.04570666 4
nan nan nan 0
nan nan nan 0
nan nan nan 0
nan nan nan 0
nan nan nan 0
nan nan nan 0
nan nan nan 0
nan nan nan 0
-0.34668049 -0.02215741 0.0054538767 4
nan nan nan 0
-0.27901131 -0.018147495 -0.012822309 6
-0.30422366 -0.070022978 -0.0048430427 3
-0.35433301 -0.022363175 -0.039246995 18
-0.34918645 -0.08111053 -0.028269107 4
nan nan nan 0
-0.32248968 -0.074700467 -0.046878621 4
nan nan nan 0
nan nan nan 0
nan nan nan 0
nan nan nan 0
nan nan nan 0
nan nan nan 0
nan nan nan 0
nan nan nan 0
-0.34679174 -0.020341899 0.0054538767 3
nan nan nan 0
-0.2791025 -0.016686352 -0.012822309 3
-0.30944741 -0.069595307 -0.0049303048 3
-0.34205526 -0.019856093 -0.037725795 23
-0.33991951 -0.07695549 -0.027399288 4
nan nan nan 0
-0.31807485 -0.0718555 -0.046097312 3
nan nan nan 0
nan nan nan 0
nan nan nan 0
nan nan nan 0
nan nan nan 0
nan nan nan 0
nan nan nan 0
nan nan nan 0
nan nan nan 0
nan nan nan 0
nan nan nan 0
-0.30227339 -0.067318544 -0.0047994116 3
-0.34704584 -0.019511014 -0.038334273 20
-0.34489873 -0.077516444 -0.027834198 4
nan nan nan 0
-0.31579804 -0.070726737 -0.04570666 3
nan nan nan 0
nan nan nan 0
nan nan nan 0
nan nan nan 0
nan nan nan 0
nan nan nan 0
nan nan nan 0
nan nan nan 0
nan nan nan 0
nan nan nan 0
nan nan nan 0
-0.31236041 -0.0679994 -0.0049739354 3
-0.33227015 -0.017015643 -0.036508828 10
-0.34044847 -0.07458055 -0.027399288 5
nan nan nan 0
-0.31856877 -0.069633186 -0.046097312 3
nan nan nan 0
nan nan nan 0
nan nan nan 0
nan nan nan 0
nan nan nan 0
nan nan nan 0
nan nan nan 0
nan nan nan 0
nan nan nan 0
nan nan nan 0
nan nan nan 0
-0.30517164 -0.065768525 -0.0048430427 3
nan nan nan 0
-0.34543151 -0.075106733 -0.027834198 5
nan nan nan 0
-0.31628412 -0.068520345 -0.04570666 3
nan nan nan 0
nan nan nan 0
nan nan nan 0
nan nan nan 0
nan nan nan 0
nan nan nan 0
nan nan nan 0
nan nan nan 0
nan nan nan 0
nan nan nan 0
-0.34416959 -0.015324918 -0.016224146 3
-0.30307329 -0.063620649 -0.0047994116 3
nan nan nan 0
-0.34339043 -0.072749503 -0.027616743 5
nan nan nan 0
-0.32145572 -0.067951605 -0.046487968 4
nan nan nan 0
nan nan nan 0
nan nan nan 0
nan nan nan 0
nan nan nan 0
nan nan nan 0
nan nan nan 0
nan nan nan 0
nan nan nan 0
nan nan nan 0
-0.341701 -0.01463098 -0.016093306 3
-0.29586527 -0.061457034 -0.0046685184 3
nan nan nan 0
-0.34351689 -0.072150059 -0.027616743 5
nan nan nan 0
-0.32398334 -0.067930371 -0.046878621 4
nan nan nan 0
nan nan nan 0
nan nan nan 0
nan nan nan 0
nan nan nan 0
nan nan nan 0
nan nan nan 0
nan nan nan 0
nan nan nan 0
nan nan nan 0
-0.34925875 -0.013082128 -0.016485825 5
-0.30351004 -0.061503265 -0.0047994116 3
nan nan nan 0
-0.34388995 -0.070350431 -0.027616743 5
nan nan nan 0
-0.30986059 -0.063069299 -0.044534694 4
nan nan nan 0
nan nan nan 0
nan nan nan 0
nan nan nan 0
nan nan nan 0
nan nan nan 0
nan nan nan 0
nan nan nan 0
nan nan nan 0
nan nan nan 0
-0.32682228 -0.011790283 -0.015308267 3
-0.30361694 -0.060973451 -0.0047994116 3
-0.31761459 -0.011350187 -0.034683391 10
-0.34157795 -0.069223814 -0.027399288 5
nan nan nan 0
-0.31720996 -0.06409765 -0.04570666 3
nan nan nan 0
nan nan nan 0
nan nan nan 0
nan nan nan 0
nan nan nan 0
nan nan nan 0
nan nan nan 0
nan nan nan 0
nan nan nan 0
nan nan nan 0
-0.3293753 -0.010141631 -0.015439106 3
-0.29903999 -0.058352865 -0.004712149 3
-0.27797899 -0.0087100621 -0.029815545 36
-0.34680972 -0.068461485 -0.027834198 5
nan nan nan 0
-0.30786687 -0.060447838 -0.044144038 4
nan nan nan 0
nan nan nan 0
nan nan nan 0
nan nan nan 0
nan nan nan 0
nan nan nan 0
nan nan nan 0
nan nan nan 0
-0.42470926 -0.01187054 0.0068064379 3
nan nan nan 0
-0.32190484 -0.0093915984 -0.015046587 3
-0.29914138 -0.057830855 -0.004712149 2
-0.27551156 -0.0082162414 -0.029511305 82
-0.34936658 -0.068365388 -0.028051652 4
nan nan nan 0
-0.31038862 -0.06041706 -0.044534694 4
nan nan nan 0
nan nan nan 0
nan nan nan 0
nan nan nan 0
nan nan nan 0
nan nan nan 0
nan nan nan 0
nan nan nan 0
-0.44725665 -0.010136925 0.0071991174 4
nan nan nan 0
nan nan nan 0
-0.29208198 -0.054821007 -0.0045812563 2
-0.28051284 -0.0068619056 -0.030119784 65
-0.34483868 -0.065542124 -0.027616743 5
nan nan nan 0
-0.30828136 -0.058297068 -0.044144038 4
nan nan nan 0
nan nan nan 0
nan nan nan 0
nan nan nan 0
nan nan nan 0
nan nan nan 0
nan nan nan 0
nan nan nan 0
-0.43477887 -0.0090710185 0.0069809621 3
nan nan nan 0
nan nan nan 0
-0.2970778 -0.055299275 -0.0046685184 2
nan nan nan 0
-0.34983531 -0.065924704 -0.028051652 4
nan nan nan 0
-0.31806359 -0.059717976 -0.04570666 3
nan nan nan 0
nan nan nan 0
nan nan nan 0
nan nan nan 0
nan nan nan 0
nan nan nan 0
nan nan nan 0
nan nan nan 0
-0.43731987 -0.0068227644 0.0070245932 3
nan nan nan 0
nan nan nan 0
-0.29246679 -0.052729525 -0.0045812563 2
nan nan nan 0
-0.34528783 -0.063133113 -0.027616743 4
nan nan nan 0
-0.30869064 -0.056089576 -0.044144038 4
nan nan nan 0
nan nan nan 0
nan nan nan 0
nan nan nan 0
nan nan nan 0
nan nan nan 0
nan nan nan 0
nan nan nan 0
-0.44732913 -0.0061554639 0.0071991174 3
nan nan nan 0
nan nan nan 0
-0.29991969 -0.05364855 -0.004712149 2
nan nan nan 0
-0.34050795 -0.06157995 -0.027181834 4
nan nan nan 0
-0.31848276 -0.057440449 -0.04570666 4
nan nan nan 0
nan nan nan 0
nan nan nan 0
nan nan nan 0
nan nan nan 0
nan nan nan 0
nan nan nan 0
nan nan nan 0
-0.46235278 -0.0038786202 0.0074609029 3
nan nan nan 0
nan nan nan 0
-0.29282779 -0.050686449 -0.0045812563 2
-0.33269125 -0.0030866864 -0.036508828 5
-0.34816739 -0.061183438 -0.027834198 5
nan nan nan 0
-0.31635302 -0.055312362 -0.045316003 4
nan nan nan 0
nan nan nan 0
nan nan nan 0
nan nan nan 0
nan nan nan 0
nan nan nan 0
nan nan nan 0
nan nan nan 0
-0.47235733 -0.0030978327 0.0076354276 4
nan nan nan 0
nan nan nan 0
-0.30028692 -0.051553428 -0.004712149 2
-0.34510323 -0.0025298465 -0.038030032 6
-0.34827363 -0.060575675 -0.027834198 4
nan nan nan 0
-0.31159526 -0.053849138 -0.044534694 4
nan nan nan 0
nan nan nan 0
nan nan nan 0
nan nan nan 0
nan nan nan 0
nan nan nan 0
nan nan nan 0
nan nan nan 0
-0.48236552 -0.00059836853 0.0078099514 4
nan nan nan 0
nan nan nan 0
-0.29317451 -0.048640907 -0.0045812563 2
-0.34014896 -0.000739321 -0.037421554 6
-0.35103643 -0.05919661 -0.028051652 4
nan nan nan 0
-0.31673145 -0.053102471 -0.045316003 4
nan nan nan 0
nan nan nan 0
nan nan nan 0
nan nan nan 0
nan nan nan 0
nan nan nan 0
nan nan nan 0
nan nan nan 0
-0.48736501 0.00026533185 0.0078972131 4
-0.25115803 -0.040645655 0.01151391 2
nan nan nan 0
-0.29325897 -0.048129149 -0.0045812563 2
-0.34759387 -0.00010796982 -0.038334273 5
-0.34133458 -0.056819715 -0.027181834 4
nan nan nan 0
-0.30953357 -0.051233955 -0.044144038 4
nan nan nan 0
nan nan nan 0
nan nan nan 0
nan nan nan 0
nan nan nan 0
nan nan nan 0
nan nan nan 0
nan nan nan 0
-0.47985843 0.0027451708 0.0077663204 4
-0.25628605 -0.040189371 0.01177559 2
-0.3245357 0.0013107783 -0.015177427 3
-0.28858197 -0.045734338 -0.0044939942 3
-0.34262711 0.0016609168 -0.037725795 5
-0.35389459 -0.057172686 -0.028269107 4
nan nan nan 0
-0.30736527 -0.049186729 -0.043753386 4
nan nan nan 0
nan nan nan 0
nan nan nan 0
nan nan nan 0
nan nan nan 0
nan nan nan 0
nan nan nan 0
nan nan nan 0
-0.48735127 0.0036677474 0.0078972131 4
-0.26373604 -0.041018117 0.012168109 3
-0.3245329 0.0018771975 -0.015177427 3
-0.29112458 -0.045655627 -0.0045376252 3
-0.33766118 0.0021991464 -0.037117314 5
-0.3441771 -0.054859292 -0.027399288 4
nan nan nan 0
-0.31474978 -0.049914911 -0.044925347 4
nan nan nan 0
nan nan nan 0
nan nan nan 0
nan nan nan 0
nan nan nan 0
nan nan nan 0
nan nan nan 0
nan nan nan 0
-0.48982468 0.0062608942 0.0079408446 4
-0.27625847 -0.041699056 0.012822309 2
-0.32451862 0.0035764147 -0.015177427 3
-0.29875588 -0.045367062 -0.0046685184 2
-0.34260714 0.0040528453 -0.037725795 5
-0.34445962 -0.053056441 -0.027399288 4
nan nan nan 0
-0.31500682 -0.04826621 -0.044925347 4
nan nan nan 0
nan nan nan 0
nan nan nan 0
nan nan nan 0
nan nan nan 0
nan nan nan 0
nan nan nan 0
nan nan nan 0
-0.50230902 0.0073448168 0.0081589995 7
-0.26401597 -0.039175905 0.012168109 3
nan nan nan 0
-0.30130067 -0.045253385 -0.004712149 2
-0.34508052 0.0046980055 -0.038030032 6
-0.33472338 -0.050828099 -0.02652947 4
nan nan nan 0
-0.31752646 -0.04812092 -0.045316003 4
nan nan nan 0
nan nan nan 0
nan nan nan 0
nan nan nan 0
nan nan nan 0
nan nan nan 0
nan nan nan 0
nan nan nan 0
-0.50226367 0.009974787 0.0081589995 7
-0.26175234 -0.037397705 0.012037269 3
nan nan nan 0
-0.29412884 -0.04249046 -0.0045812563 2
-0.35249323 0.0066853501 -0.038942754 6
-0.34236246 -0.050256491 -0.027181834 5
nan nan nan 0
-0.3202121 -0.046849519 -0.04570666 4
nan nan nan 0
nan nan nan 0
nan nan nan 0
nan nan nan 0
nan nan nan 0
nan nan nan 0
nan nan nan 0
nan nan nan 0
-0.50974196 0.011041143 0.0082898922 69
-0.26181722 -0.036940806 0.012037269 3
nan nan nan 0
-0.29914036 -0.042758234 -0.0046685184 2
-0.35744217 0.0074296016 -0.039551232 6
-0.33752993 -0.048879672 -0.026746925 5
nan nan nan 0
-0.32760942 -0.047453243 -0.046878621 5
nan nan nan 0
nan nan nan 0
nan nan nan 0
nan nan nan 0
nan nan nan 0
nan nan nan 0
nan nan nan 0
nan nan nan 0
-0.51467401 0.01386265 0.0083771544 2
-0.26200706 -0.035569433 0.012037269 3
nan nan nan 0
-0.29688925 -0.040813696 -0.0046248874 3
-0.36483902 0.009533586 -0.040463954 5
-0.33531937 -0.046734992 -0.02652947 5
nan nan nan 0
-0.32785338 -0.04573724 -0.046878621 5
nan nan nan 0
nan nan nan 0
nan nan nan 0
nan nan nan 0
nan nan nan 0
nan nan nan 0
nan nan nan 0
nan nan nan 0
-0.51215076 0.014680211 0.0083335238 3
-0.26947406 -0.036233362 0.01242979 3
nan nan nan 0
-0.30190316 -0.04104216 -0.004712149 3
-0.36482182 0.010170335 -0.040463954 7
-0.33540043 -0.046149675 -0.02652947 5
nan nan nan 0
-0.32305008 -0.044423912 -0.046097312 4
nan nan nan 0
nan nan nan 0
nan nan nan 0
nan nan nan 0
nan nan nan 0
nan nan nan 0
nan nan nan 0
nan nan nan 0
-0.50457329 0.017080287 0.008202631 4
-0.2746008 -0.035543565 0.012691469 3
-0.35680494 0.011595088 -0.016878346 3
-0.30458748 -0.039821252 -0.0047557806 2
-0.37468201 0.012459685 -0.041680917 12
-0.34056637 -0.045111947 -0.026964379 4
nan nan nan 0
-0.3257215 -0.043089561 -0.046487968 4
nan nan nan 0
nan nan nan 0
nan nan nan 0
nan nan nan 0
nan nan nan 0
nan nan nan 0
nan nan nan 0
nan nan nan 0
-0.52452421 0.018745983 0.0085516786 96
-0.27219144 -0.034707729 0.012560629 3
-0.37175196 0.012808515 -0.017663386 4
-0.30960473 -0.040001761 -0.0048430427 3
-0.36226246 0.012617853 -0.040159713 18
-0.3381795 -0.044162255 -0.026746925 5
nan nan nan 0
-0.31602076 -0.041107118 -0.044925347 4
nan nan nan 0
nan nan nan 0
nan nan nan 0
nan nan nan 0
nan nan nan 0
nan nan nan 0
-0.3136369 0.012098773 0.024403609 3
nan nan nan 0
-0.51193321 0.020936061 0.0083335238 136
-0.26989663 -0.032938495 0.01242979 3
-0.35671532 0.014085754 -0.016878346 4
-0.30980995 -0.038380131 -0.0048430427 3
-0.36962816 0.01485087 -0.041072436 8
-0.34580675 -0.043417878 -0.027399288 4
nan nan nan 0
-0.3235687 -0.040473893 -0.046097312 4
nan nan nan 0
nan nan nan 0
nan nan nan 0
nan nan nan 0
nan nan nan 0
nan nan nan 0
-0.31112751 0.012531009 0.024185719 3
nan nan nan 0
-0.52687752 0.022522936 0.0085953092 138
-0.26748028 -0.032128129 0.012298949 3
-0.34671465 0.014244862 -0.016354986 3
-0.31482956 -0.038516957 -0.0049303048 3
-0.35720822 0.014913677 -0.039551232 2
-0.33107713 -0.040786248 -0.02609456 4
nan nan nan 0
-0.32608509 -0.040245503 -0.046487968 4
nan nan nan 0
nan nan nan 0
nan nan nan 0
nan nan nan 0
nan nan nan 0
nan nan nan 0
-0.30359605 0.013775372 0.02353205 3
nan nan nan 0
-0.51676714 0.024766771 0.0084207859 142
-0.27507031 -0.031706072 0.012691469 3
-0.36408803 0.016962493 -0.017270865 3
-0.31750521 -0.037193835 -0.0049739354 3
-0.36455932 0.017172106 -0.040463954 5
-0.3386938 -0.040027417 -0.026746925 4
nan nan nan 0
-0.31894737 -0.037566815 -0.045316003 4
nan nan nan 0
nan nan nan 0
nan nan nan 0
nan nan nan 0
nan nan nan 0
nan nan nan 0
-0.31600636 0.014967789 0.024621498 4
nan nan nan 0
-0.52670741 0.026200654 0.0085953092 121
-0.27512524 -0.031225935 0.012691469 3
-0.36904389 0.017864462 -0.017532544 2
-0.32004848 -0.036961131 -0.0050175665 3
-0.3670066 0.017942116 -0.040768195 13
-0.33382356 -0.038794685 -0.026312014 5
nan nan nan 0
-0.32146105 -0.037329406 -0.04570666 4
nan nan nan 0
nan nan nan 0
nan nan nan 0
nan nan nan 0
nan nan nan 0
nan nan nan 0
-0.32089612 0.016913246 0.025057277 3
nan nan nan 0
-0.51658165 0.028373854 0.0084207859 85
-0.27776232 -0.030093974 0.012822309 3
-0.383899 0.020674456 -0.018317584 2
-0.32023764 -0.035284862 -0.0050175665 3
-0.37186185 0.020156968 -0.041376676 20
-0.34637925 -0.038585428 -0.027399288 5
nan nan nan 0
-0.32655245 -0.036258716 -0.046487968 4
nan nan nan 0
nan nan nan 0
nan nan nan 0
nan nan nan 0
nan nan nan 0
nan nan nan 0
nan nan nan 0
nan nan nan 0
-0.50904614 0.028824154 0.0082898922 4
-0.27781442 -0.029609142 0.012822309 3
nan nan nan 0
-0.32526079 -0.035334274 -0.0051048286 3
-0.37430289 0.020957014 -0.041680917 24
-0.34150216 -0.037373789 -0.026964379 5
nan nan nan 0
-0.32171381 -0.035084292 -0.04570666 4
nan nan nan 0
nan nan nan 0
nan nan nan 0
nan nan nan 0
nan nan nan 0
nan nan nan 0
nan nan nan 0
nan nan nan 0
nan nan nan 0
-0.28788358 -0.02932095 0.013345668 3
nan nan nan 0
-0.32295874 -0.033339538 -0.0050611976 3
-0.37914002 0.023244603 -0.042289399 25
-0.34169316 -0.035585184 -0.026964379 4
nan nan nan 0
-0.32924986 -0.034267459 -0.046878621 4
nan nan nan 0
nan nan nan 0
nan nan nan 0
nan nan nan 0
nan nan nan 0
nan nan nan 0
nan nan nan 0
nan nan nan 0
nan nan nan 0
-0.28049436 -0.027956307 0.012953148 3
nan nan nan 0
-0.33046576 -0.033636417 -0.0051920903 3
-0.38652596 0.024411317 -0.043202117 24
-0.33928072 -0.03470251 -0.026746925 4
nan nan nan 0
-0.31704536 -0.032267276 -0.044925347 4
nan nan nan 0
nan nan nan 0
nan nan nan 0
nan nan nan 0
nan nan nan 0
nan nan nan 0
nan nan nan 0
nan nan nan 0
nan nan nan 0
-0.28808126 -0.027310448 0.013345668 3
nan nan nan 0
-0.33063737 -0.031905647 -0.0051920903 4
-0.36659455 0.024984397 -0.040768195 18
-0.35183519 -0.03429205 -0.027834198 5
nan nan nan 0
-0.32457262 -0.031423546 -0.046097312 4
nan nan nan 0
nan nan nan 0
nan nan nan 0
nan nan nan 0
nan nan nan 0
nan nan nan 0
nan nan nan 0
nan nan nan 0
nan nan nan 0
-0.29309231 -0.02734773 0.013607348 3
nan nan nan 0
-0.3356626 -0.031867575 -0.0052793524 4
-0.36407593 0.025438568 -0.040463954 11
-0.34199068 -0.032602031 -0.026964379 5
nan nan nan 0
-0.32217228 -0.030589046 -0.04570666 4
nan nan nan 0
nan nan nan 0
nan nan nan 0
nan nan nan 0
nan nan nan 0
nan nan nan 0
nan nan nan 0
nan nan nan 0
nan nan nan 0
-0.29323149 -0.025812736 0.013607348 4
nan nan nan 0
-0.33582488 -0.03010962 -0.0052793524 3
nan nan nan 0
-0.34711137 -0.031322949 -0.027399288 5
nan nan nan 0
-0.3247841 -0.029156854 -0.046097312 4
nan nan nan 0
nan nan nan 0
nan nan nan 0
nan nan nan 0
nan nan nan 0
nan nan nan 0
nan nan nan 0
nan nan nan 0
nan nan nan 0
-0.29575983 -0.025553638 0.013738188 4
nan nan nan 0
-0.33339006 -0.029271282 -0.0052357214 4
nan nan nan 0
-0.34220996 -0.030213712 -0.026964379 4
nan nan nan 0
-0.31992146 -0.028088309 -0.045316003 4
nan nan nan 0
nan nan nan 0
nan nan nan 0
nan nan nan 0
nan nan nan 0
nan nan nan 0
nan nan nan 0
nan nan nan 0
nan nan nan 0
-0.28843448 -0.023285544 0.013345668 4
nan nan nan 0
-0.33602688 -0.027764404 -0.0052793524 4
nan nan nan 0
-0.34732157 -0.02889891 -0.027399288 4
nan nan nan 0
-0.32497972 -0.026888741 -0.046097312 4
nan nan nan 0
nan nan nan 0
nan nan nan 0
nan nan nan 0
nan nan nan 0
nan nan nan 0
nan nan nan 0
nan nan nan 0
nan nan nan 0
-0.29593101 -0.023488238 0.013738188 3
nan nan nan 0
-0.34602913 -0.028117089 -0.0054538767 4
nan nan nan 0
-0.34737146 -0.028292676 -0.027399288 4
nan nan nan 0
-0.32010975 -0.02585417 -0.045316003 4
nan nan nan 0
nan nan nan 0
nan nan nan 0
nan nan nan 0
nan nan nan 0
nan nan nan 0
nan nan nan 0
nan nan nan 0
nan nan nan 0
-0.30350989 -0.022605527 0.014130707 3
nan nan nan 0
-0.34617159 -0.02630491 -0.0054538767 4
nan nan nan 0
-0.34503421 -0.026252072 -0.027181834 3
nan nan nan 0
-0.32515952 -0.024619319 -0.046097312 4
nan nan nan 0
nan nan nan 0
nan nan nan 0
nan nan nan 0
nan nan nan 0
nan nan nan 0
nan nan nan 0
nan nan nan 0
nan nan nan 0
-0.31101 -0.022729846 0.014523228 3
nan nan nan 0
-0.36862826 -0.027657477 -0.0058465553 4
nan nan nan 0
nan nan nan 0
nan nan nan 0
-0.32274222 -0.023835272 -0.04570666 3
nan nan nan 0
nan nan nan 0
nan nan nan 0
nan nan nan 0
nan nan nan 0
nan nan nan 0
nan nan nan 0
nan nan nan 0
nan nan nan 0
-0.28624332 -0.019051099 0.013214828 3
nan nan nan 0
-0.3662768 -0.025522595 -0.0058029247 4
nan nan nan 0
nan nan nan 0
nan nan nan 0
-0.33270612 -0.022959551 -0.047269277 3
nan nan nan 0
nan nan nan 0
nan nan nan 0
nan nan nan 0
nan nan nan 0
nan nan nan 0
nan nan nan 0
nan nan nan 0
nan nan nan 0
-0.28876466 -0.018752137 0.013345668 3
nan nan nan 0
-0.37130401 -0.025283346 -0.0058901869 4
nan nan nan 0
nan nan nan 0
nan nan nan 0
-0.33028445 -0.02217951 -0.046878621 2
nan nan nan 0
nan nan nan 0
nan nan nan 0
nan nan nan 0
nan nan nan 0
nan nan nan 0
nan nan nan 0
nan nan nan 0
nan nan nan 0
-0.27641129 -0.016301796 0.012691469 2
nan nan nan 0
-0.37392393 -0.023525853 -0.0059338179 3
nan nan nan 0
-0.30314735 -0.018257562 -0.023485104 3
nan nan nan 0
-0.3205471 -0.019704115 -0.045316003 2
nan nan nan 0
nan nan nan 0
nan nan nan 0
nan nan nan 0
nan nan nan 0
nan nan nan 0
nan nan nan 0
nan nan nan 0
nan nan nan 0
nan nan nan 0
nan nan nan 0
nan nan nan 0
nan nan nan 0
-0.31559792 -0.018640449 -0.024572378 5
nan nan nan 0
-0.31319332 -0.018598221 -0.044144038 2
nan nan nan 0
nan nan nan 0
nan nan nan 0
nan nan nan 0
nan nan nan 0
nan nan nan 0
nan nan nan 0
nan nan nan 0
nan nan nan 0
nan nan nan 0
nan nan nan 0
-0.43143782 -0.024815086 -0.0069373311 2
nan nan nan 0
-0.30326742 -0.016140766 -0.023485104 6
nan nan nan 0
-0.29850551 -0.015942659 -0.041800104 2
nan nan nan 0
nan nan nan 0
nan nan nan 0
nan nan nan 0
nan nan nan 0
nan nan nan 0
nan nan nan 0
nan nan nan 0
nan nan nan 0
nan nan nan 0
nan nan nan 0
-0.42649215 -0.0237316 -0.0068500689 2
nan nan nan 0
-0.3057802 -0.015776498 -0.02370256 6
nan nan nan 0
nan nan nan 0
nan nan nan 0
nan nan nan 0
nan nan nan 0
nan nan nan 0
nan nan nan 0
nan nan nan 0
nan nan nan 0
nan nan nan 0
nan nan nan 0
-0.30153087 -0.013969374 0.013999867 2
nan nan nan 0
-0.43409553 -0.021954667 -0.0069809621 2
nan nan nan 0
-0.29840097 -0.0137191 -0.023050195 5
nan nan nan 0
nan nan nan 0
nan nan nan 0
nan nan nan 0
nan nan nan 0
nan nan nan 0
nan nan nan 0
nan nan nan 0
nan nan nan 0
nan nan nan 0
nan nan nan 0
-0.31401557 -0.014185571 0.014654067 2
nan nan nan 0
-0.43912366 -0.02149261 -0.0070682243 3
nan nan nan 0
-0.31582743 -0.014232199 -0.024572378 3
nan nan nan 0
nan nan nan 0
nan nan nan 0
nan nan nan 0
nan nan nan 0
nan nan nan 0
nan nan nan 0
nan nan nan 0
nan nan nan 0
nan nan nan 0
nan nan nan 0
-0.32156423 -0.012947543 0.015046587 2
nan nan nan 0
-0.43174222 -0.018788857 -0.0069373311 9
nan nan nan 0
-0.33330578 -0.013521136 -0.02609456 2
nan nan nan 0
nan nan nan 0
nan nan nan 0
nan nan nan 0
nan nan nan 0
nan nan nan 0
nan nan nan 0
nan nan nan 0
nan nan nan 0
nan nan nan 0
nan nan nan 0
-0.32657257 -0.012648479 0.015308267 2
nan nan nan 0
nan nan nan 0
nan nan nan 0
-0.34079021 -0.013330419 -0.026746925 3
nan nan nan 0
nan nan nan 0
nan nan nan 0
nan nan nan 0
nan nan nan 0
nan nan nan 0
nan nan nan 0
nan nan nan 0
nan nan nan 0
nan nan nan 0
-0.32960007 0.042978249 0.0051920903 2
-0.34658456 -0.011882703 0.016354986 2
nan nan nan 0
nan nan nan 0
nan nan nan 0
-0.37319624 -0.013071029 -0.029573835 5
nan nan nan 0
-0.30617338 -0.010040568 -0.042972073 2
nan nan nan 0
nan nan nan 0
nan nan nan 0
nan nan nan 0
nan nan nan 0
nan nan nan 0
nan nan nan 0
nan nan nan 0
nan nan nan 0
-0.32665291 -0.010368283 0.015308267 2
nan nan nan 0
nan nan nan 0
nan nan nan 0
-0.35331476 -0.011515836 -0.027834198 5
nan nan nan 0
-0.29385698 -0.0089396508 -0.041018795 4
nan nan nan 0
nan nan nan 0
nan nan nan 0
nan nan nan 0
nan nan nan 0
nan nan nan 0
nan nan nan 0
nan nan nan 0
nan nan nan 0
-0.32171363 -0.0084565431 0.015046587 2
nan nan nan 0
-0.50689119 -0.015755313 -0.0082462616 4
nan nan nan 0
-0.3508817 -0.0095657865 -0.027616743 2
nan nan nan 0
-0.30376878 -0.0078024603 -0.04258142 4
nan nan nan 0
nan nan nan 0
nan nan nan 0
nan nan nan 0
nan nan nan 0
nan nan nan 0
nan nan nan 0
nan nan nan 0
nan nan nan 0
-0.32671735 -0.0080875801 0.015308267 2
nan nan nan 0
-0.51940686 -0.015348191 -0.0084644165 6
nan nan nan 0
nan nan nan 0
nan nan nan 0
-0.30871677 -0.0074644363 -0.043362729 4
nan nan nan 0
nan nan nan 0
nan nan nan 0
nan nan nan 0
nan nan nan 0
nan nan nan 0
nan nan nan 0
nan nan nan 0
nan nan nan 0
-0.31926966 -0.00612716 0.014915747 2
nan nan nan 0
-0.50449055 -0.012133748 -0.008202631 6
nan nan nan 0
nan nan nan 0
nan nan nan 0
nan nan nan 0
nan nan nan 0
nan nan nan 0
nan nan nan 0
nan nan nan 0
nan nan nan 0
nan nan nan 0
nan nan nan 0
nan nan nan 0
nan nan nan 0
-0.32427049 -0.0057276301 0.015177427 2
nan nan nan 0
-0.51450455 -0.011565544 -0.0083771544 5
nan nan nan 0
nan nan nan 0
nan nan nan 0
nan nan nan 0
nan nan nan 0
nan nan nan 0
nan nan nan 0
nan nan nan 0
nan nan nan 0
nan nan nan 0
nan nan nan 0
nan nan nan 0
nan nan nan 0
-0.33178315 -0.0042270473 0.015569946 2
nan nan nan 0
-0.50956053 -0.0087414663 -0.0082898922 5
nan nan nan 0
nan nan nan 0
nan nan nan 0
nan nan nan 0
nan nan nan 0
nan nan nan 0
nan nan nan 0
nan nan nan 0
nan nan nan 0
nan nan nan 0
nan nan nan 0
nan nan nan 0
-3.1204166 0.4951326 0.054538768 4
-0.33179006 -0.0036479705 0.015569946 3
nan nan nan 0
-0.49957946 -0.0076095629 -0.0081153689 3
nan nan nan 0
nan nan nan 0
nan nan nan 0
nan nan nan 0
nan nan nan 0
nan nan nan 0
nan nan nan 0
nan nan nan 0
nan nan nan 0
nan nan nan 0
nan nan nan 0
nan nan nan 0
-3.0709195 0.50374818 0.053709775 4
-0.3343007 -0.0019590436 0.015700785 2
nan nan nan 0
-0.51710659 -0.0053265286 -0.0084207859 3
nan nan nan 0
nan nan nan 0
nan nan nan 0
nan nan nan 0
nan nan nan 0
nan nan nan 0
nan nan nan 0
nan nan nan 0
nan nan nan 0
nan nan nan 0
nan nan nan 0
nan nan nan 0
-3.0626385 0.50787604 0.053578883 4
-0.35676929 -0.0017716386 0.016878346 3
nan nan nan 0
-0.50461894 -0.0042080591 -0.008202631 3
nan nan nan 0
nan nan nan 0
nan nan nan 0
nan nan nan 0
nan nan nan 0
nan nan nan 0
nan nan nan 0
nan nan nan 0
nan nan nan 0
nan nan nan 0
nan nan nan 0
nan nan nan 0
-3.0205214 0.51713204 0.05288079 4
-0.34429178 0.00025109877 0.016224146 3
nan nan nan 0
-0.52213007 -0.0017765461 -0.0085080471 5
nan nan nan 0
nan nan nan 0
nan nan nan 0
nan nan nan 0
nan nan nan 0
nan nan nan 0
nan nan nan 0
nan nan nan 0
nan nan nan 0
nan nan nan 0
nan nan nan 0
nan nan nan 0
-2.977747 0.51513368 0.052139062 4
-0.34928367 0.00079884229 0.016485825 3
nan nan nan 0
-0.50463599 -0.00068508042 -0.008202631 5
nan nan nan 0
nan nan nan 0
nan nan nan 0
nan nan nan 0
nan nan nan 0
nan nan nan 0
nan nan nan 0
nan nan nan 0
nan nan nan 0
nan nan nan 0
nan nan nan 0
nan nan nan 0
-2.9061148 0.51838404 0.050917394 4
nan nan nan 0
nan nan nan 0
-0.49713388 0.0019951395 -0.0080717374 5
nan nan nan 0
nan nan nan 0
nan nan nan 0
nan nan nan 0
nan nan nan 0
nan nan nan 0
nan nan nan 0
nan nan nan 0
nan nan nan 0
nan nan nan 0
nan nan nan 0
nan nan nan 0
-2.838793 0.511446 0.049739353 4
-0.47160086 0.0027888932 0.022896981 5
nan nan nan 0
-0.51462692 0.002804775 -0.0083771544 51
nan nan nan 0
nan nan nan 0
nan nan nan 0
nan nan nan 0
nan nan nan 0
nan nan nan 0
nan nan nan 0
nan nan nan 0
nan nan nan 0
nan nan nan 0
nan nan nan 0
nan nan nan 0
-2.8164172 0.52264148 0.049390309 3
-0.45160723 0.0052267672 0.02185026 6
nan nan nan 0
-0.52460361 0.0055185002 -0.0085516786 161
nan nan nan 0
nan nan nan 0
nan nan nan 0
nan nan nan 0
nan nan nan 0
nan nan nan 0
nan nan nan 0
nan nan nan 0
nan nan nan 0
nan nan nan 0
nan nan nan 0
nan nan nan 0
-2.8302402 0.53032804 0.049652096 3
-0.46158364 0.0060480782 0.02237362 7
nan nan nan 0
-0.52959239 0.0064524203 -0.0086389408 145
nan nan nan 0
nan nan nan 0
nan nan nan 0
nan nan nan 0
nan nan nan 0
nan nan nan 0
nan nan nan 0
nan nan nan 0
nan nan nan 0
nan nan nan 0
nan nan nan 0
nan nan nan 0
-2.8102458 0.54181606 0.049346674 2
-0.47902101 0.0086142858 0.0232895 7
nan nan nan 0
-0.54704797 0.0093810037 -0.0089443577 139
nan nan nan 0
nan nan nan 0
nan nan nan 0
nan nan nan 0
nan nan nan 0
nan nan nan 0
nan nan nan 0
nan nan nan 0
nan nan nan 0
nan nan nan 0
nan nan nan 0
nan nan nan 0
-2.8215623 0.54911554 0.049564831 2
-0.49398392 0.0096045677 0.024074538 6
nan nan nan 0
-0.54203176 0.010282544 -0.0088570956 130
nan nan nan 0
nan nan nan 0
nan nan nan 0
nan nan nan 0
nan nan nan 0
nan nan nan 0
nan nan nan 0
nan nan nan 0
nan nan nan 0
nan nan nan 0
nan nan nan 0
nan nan nan 0
-2.8480573 0.56978476 0.050088402 2
-0.47894922 0.011958246 0.0232895 4
nan nan nan 0
-0.51697749 0.012723477 -0.0084207859 130
nan nan nan 0
nan nan nan 0
nan nan nan 0
nan nan nan 0
nan nan nan 0
nan nan nan 0
nan nan nan 0
nan nan nan 0
nan nan nan 0
nan nan nan 0
nan nan nan 0
nan nan nan 0
nan nan nan 0
-0.45146945 0.012319661 0.02185026 2
nan nan nan 0
-0.51195604 0.013537632 -0.0083335238 3
nan nan nan 0
nan nan nan 0
nan nan nan 0
nan nan nan 0
nan nan nan 0
nan nan nan 0
nan nan nan 0
nan nan nan 0
nan nan nan 0
nan nan nan 0
nan nan nan 0
nan nan nan 0
nan nan nan 0
-0.44391093 0.014514755 0.021457741 2
nan nan nan 0
-0.46939576 0.015246551 -0.0075917966 2
nan nan nan 0
-0.4703044 0.015197296 -0.038054567 4
nan nan nan 0
nan nan nan 0
nan nan nan 0
nan nan nan 0
nan nan nan 0
nan nan nan 0
nan nan nan 0
nan nan nan 0
nan nan nan 0
nan nan nan 0
nan nan nan 0
-0.4638516 0.015773991 0.02250446 3
nan nan nan 0
-0.47936383 0.016311806 -0.0077663204 2
nan nan nan 0
-0.47525674 0.016139807 -0.038489476 4
nan nan nan 0
nan nan nan 0
nan nan nan 0
nan nan nan 0
nan nan nan 0
nan nan nan 0
nan nan nan 0
nan nan nan 0
nan nan nan 0
nan nan nan 0
nan nan nan 0
-0.50369048 0.019380542 0.024597898 5
nan nan nan 0
-0.47677338 0.018746924 -0.0077226893 14
nan nan nan 0
-0.45027143 0.017889168 -0.036314931 3
nan nan nan 0
nan nan nan 0
nan nan nan 0
nan nan nan 0
nan nan nan 0
nan nan nan 0
nan nan nan 0
nan nan nan 0
nan nan nan 0
nan nan nan 0
nan nan nan 0
-0.50365591 0.020259617 0.024597898 5
nan nan nan 0
-0.4892318 0.019973775 -0.0079408446 80
nan nan nan 0
nan nan nan 0
nan nan nan 0
nan nan nan 0
nan nan nan 0
nan nan nan 0
nan nan nan 0
nan nan nan 0
nan nan nan 0
nan nan nan 0
nan nan nan 0
nan nan nan 0
nan nan nan 0
nan nan nan 0
nan nan nan 0
-0.48162672 0.022259008 -0.0078099514 29
nan nan nan 0
nan nan nan 0
nan nan nan 0
nan nan nan 0
nan nan nan 0
nan nan nan 0
nan nan nan 0
nan nan nan 0
nan nan nan 0
nan nan nan 0
nan nan nan 0
nan nan nan 0
nan nan nan 0
nan nan nan 0
nan nan nan 0
-0.49407592 0.023581525 -0.0080281058 27
nan nan nan 0
nan nan nan 0
nan nan nan 0
nan nan nan 0
nan nan nan 0
nan nan nan 0
nan nan nan 0
nan nan nan 0
nan nan nan 0
nan nan nan 0
nan nan nan 0
nan nan nan 0
nan nan nan 0
-0.35870621 0.020120375 0.017009186 2
nan nan nan 0
-0.48895127 0.02594923 -0.0079408446 25
nan nan nan 0
nan nan nan 0
nan nan nan 0
nan nan nan 0
nan nan nan 0
nan nan nan 0
nan nan nan 0
nan nan nan 0
nan nan nan 0
nan nan nan 0
nan nan nan 0
nan nan nan 0
nan nan nan 0
-0.34620044 0.020182321 0.016354986 2
nan nan nan 0
nan nan nan 0
nan nan nan 0
nan nan nan 0
nan nan nan 0
nan nan nan 0
nan nan nan 0
nan nan nan 0
nan nan nan 0
nan nan nan 0
nan nan nan 0
nan nan nan 0
nan nan nan 0
nan nan nan 0
nan nan nan 0
-0.33860984 0.021617115 0.015962467 2
nan nan nan 0
-0.37891677 0.023778548 -0.0060210801 15
nan nan nan 0
nan nan nan 0
nan nan nan 0
nan nan nan 0
nan nan nan 0
nan nan nan 0
nan nan nan 0
nan nan nan 0
nan nan nan 0
nan nan nan 0
nan nan nan 0
nan nan nan 0
nan nan nan 0
nan nan nan 0
nan nan nan 0
nan nan nan 0
nan nan nan 0
nan nan nan 0
nan nan nan 0
nan nan nan 0
nan nan nan 0
nan nan nan 0
nan nan nan 0
nan nan nan 0
nan nan nan 0
nan nan nan 0
nan nan nan 0
nan nan nan 0
nan nan nan 0
nan nan nan 0
nan nan nan 0
nan nan nan 0
nan nan nan 0
nan nan nan 0
nan nan nan 0
nan nan nan 0
nan nan nan 0
nan nan nan 0
nan nan nan 0
nan nan nan 0
nan nan nan 0
nan nan nan 0
nan nan nan 0
nan nan nan 0
nan nan nan 0
nan nan nan 0
nan nan nan 0
nan nan nan 0
nan nan nan 0
nan nan nan 0
nan nan nan 0
nan nan nan 0
nan nan nan 0
nan nan nan 0
nan nan nan 0
nan nan nan 0
nan nan nan 0
nan nan nan 0
nan nan nan 0
nan nan nan 0
nan nan nan 0
nan nan nan 0
nan nan nan 0
nan nan nan 0
nan nan nan 0
nan nan nan 0
nan nan nan 0
nan nan nan 0
nan nan nan 0
nan nan nan 0
nan nan nan 0
nan nan nan 0
nan nan nan 0
nan nan nan 0
nan nan nan 0
nan nan nan 0
nan nan nan 0
nan nan nan 0
nan nan nan 0
nan nan nan 0
nan nan nan 0
nan nan nan 0
nan nan nan 0
nan nan nan 0
nan nan nan 0
nan nan nan 0
nan nan nan 0
nan nan nan 0
nan nan nan 0
nan nan nan 0
nan nan nan 0
nan nan nan 0
nan nan nan 0
nan nan nan 0
nan nan nan 0
nan nan nan 0
nan nan nan 0
nan nan nan 0
nan nan nan 0
nan nan nan 0
nan nan nan 0
nan nan nan 0
nan nan nan 0
nan nan nan 0
nan nan nan 0
nan nan nan 0
nan nan nan 0
nan nan nan 0
nan nan nan 0
nan nan nan 0
nan nan nan 0
nan nan nan 0
nan nan nan 0
nan nan nan 0
nan nan nan 0
nan nan nan 0
nan nan nan 0
nan nan nan 0
nan nan nan 0
nan nan nan 0
nan nan nan 0
nan nan nan 0
nan nan nan 0
nan nan nan 0
nan nan nan 0
nan nan nan 0
nan nan nan 0
-0.31331623 0.029238883 -0.0048866738 2
nan nan nan 0
nan nan nan 0
nan nan nan 0
nan nan nan 0
nan nan nan 0
nan nan nan 0
nan nan nan 0
nan nan nan 0
nan nan nan 0
nan nan nan 0
nan nan nan 0
nan nan nan 0
nan nan nan 0
nan nan nan 0
nan nan nan 0
-0.40295988 0.037018135 -0.0064573903 5
nan nan nan 0
nan nan nan 0
nan nan nan 0
nan nan nan 0
nan nan nan 0
nan nan nan 0
nan nan nan 0
nan nan nan 0
nan nan nan 0
nan nan nan 0
nan nan nan 0
nan nan nan 0
-0.44636396 0.12060009 0.0074609029 2
nan nan nan 0
nan nan nan 0
-0.38283697 0.037415955 -0.0061083417 8
nan nan nan 0
nan nan nan 0
nan nan nan 0
nan nan nan 0
nan nan nan 0
nan nan nan 0
nan nan nan 0
nan nan nan 0
nan nan nan 0
nan nan nan 0
nan nan nan 0
nan nan nan 0
-0.44133419 0.12004718 0.0073736412 3
nan nan nan 0
nan nan nan 0
-0.38277107 0.038084075 -0.0061083417 7
nan nan nan 0
nan nan nan 0
nan nan nan 0
nan nan nan 0
nan nan nan 0
nan nan nan 0
nan nan nan 0
nan nan nan 0
nan nan nan 0
nan nan nan 0
nan nan nan 0
nan nan nan 0
-0.44310534 0.12303483 0.0074172723 3
nan nan nan 0
nan nan nan 0
-0.36763307 0.038699772 -0.0058465553 8
nan nan nan 0
nan nan nan 0
nan nan nan 0
nan nan nan 0
nan nan nan 0
nan nan nan 0
nan nan nan 0
nan nan nan 0
nan nan nan 0
nan nan nan 0
nan nan nan 0
nan nan nan 0
-0.4525083 0.1265388 0.0075917966 3
nan nan nan 0
nan nan nan 0
-0.37005344 0.039577026 -0.0058901869 9
nan nan nan 0
nan nan nan 0
nan nan nan 0
nan nan nan 0
nan nan nan 0
nan nan nan 0
nan nan nan 0
nan nan nan 0
nan nan nan 0
nan nan nan 0
nan nan nan 0
nan nan nan 0
-0.43503273 0.12403944 0.0072863791 3
nan nan nan 0
nan nan nan 0
-0.3723284 0.041762769 -0.0059338179 8
nan nan nan 0
nan nan nan 0
nan nan nan 0
nan nan nan 0
nan nan nan 0
nan nan nan 0
nan nan nan 0
nan nan nan 0
nan nan nan 0
nan nan nan 0
nan nan nan 0
nan nan nan 0
-0.43961507 0.12619747 0.0073736412 3
nan nan nan 0
nan nan nan 0
nan nan nan 0
nan nan nan 0
nan nan nan 0
nan nan nan 0
nan nan nan 0
nan nan nan 0
nan nan nan 0
nan nan nan 0
nan nan nan 0
nan nan nan 0
nan nan nan 0
nan nan nan 0
nan nan nan 0
-0.42936403 0.12564945 0.0071991174 2
nan nan nan 0
nan nan nan 0
nan nan nan 0
nan nan nan 0
nan nan nan 0
nan nan nan 0
nan nan nan 0
nan nan nan 0
nan nan nan 0
nan nan nan 0
nan nan nan 0
nan nan nan 0
nan nan nan 0
nan nan nan 0
nan nan nan 0
-0.42674926 0.12568246 0.0071554864 2
nan nan nan 0
nan nan nan 0
nan nan nan 0
nan nan nan 0
nan nan nan 0
nan nan nan 0
nan nan nan 0
nan nan nan 0
nan nan nan 0
nan nan nan 0
nan nan nan 0
nan nan nan 0
nan nan nan 0
nan nan nan 0
nan nan nan 0
-0.41652119 0.12500022 0.0069809621 2
nan nan nan 0
nan nan nan 0
nan nan nan 0
nan nan nan 0
nan nan nan 0
nan nan nan 0
nan nan nan 0
nan nan nan 0
nan nan nan 0
nan nan nan 0
nan nan nan 0
nan nan nan 0
nan nan nan 0
nan nan nan 0
nan nan nan 0
-0.4210819 0.12719283 0.0070682243 2
nan nan nan 0
nan nan nan 0
nan nan nan 0
nan nan nan 0
nan nan nan 0
nan nan nan 0
nan nan nan 0
nan nan nan 0
nan nan nan 0
nan nan nan 0
nan nan nan 0
nan nan nan 0
nan nan nan 0
nan nan nan 0
nan nan nan 0
-0.42281875 0.13006747 0.0071118553 2
nan nan nan 0
nan nan nan 0
nan nan nan 0
nan nan nan 0
nan nan nan 0
nan nan nan 0
nan nan nan 0
nan nan nan 0
nan nan nan 0
nan nan nan 0
nan nan nan 0
nan nan nan 0
nan nan nan 0
nan nan nan 0
nan nan nan 0
-0.41541451 0.12863027 0.0069809621 2
nan nan nan 0
nan nan nan 0
nan nan nan 0
nan nan nan 0
nan nan nan 0
nan nan nan 0
nan nan nan 0
nan nan nan 0
nan nan nan 0
nan nan nan 0
nan nan nan 0
nan nan nan 0
nan nan nan 0
nan nan nan 0
nan nan nan 0
-0.40997407 0.12927951 0.0068937 3
nan nan nan 0
nan nan nan 0
nan nan nan 0
nan nan nan 0
nan nan nan 0
nan nan nan 0
nan nan nan 0
nan nan nan 0
nan nan nan 0
nan nan nan 0
nan nan nan 0
nan nan nan 0
nan nan nan 0
nan nan nan 0
nan nan nan 0
-0.40736848 0.12922864 0.0068500689 2
nan nan nan 0
nan nan nan 0
nan nan nan 0
nan nan nan 0
nan nan nan 0
nan nan nan 0
nan nan nan 0
nan nan nan 0
nan nan nan 0
nan nan nan 0
nan nan nan 0
nan nan nan 0
nan nan nan 0
nan nan nan 0
nan nan nan 0
-0.40193579 0.12980255 0.0067628073 3
nan nan nan 0
nan nan nan 0
nan nan nan 0
nan nan nan 0
nan nan nan 0
nan nan nan 0
nan nan nan 0
nan nan nan 0
nan nan nan 0
nan nan nan 0
nan nan nan 0
nan nan nan 0
nan nan nan 0
nan nan nan 0
nan nan nan 0
nan nan nan 0
nan nan nan 0
nan nan nan 0
nan nan nan 0
nan nan nan 0
nan nan nan 0
nan nan nan 0
nan nan nan 0
nan nan nan 0
nan nan nan 0
nan nan nan 0
nan nan nan 0
nan nan nan 0
nan nan nan 0
nan nan nan 0
nan nan nan 0
nan nan nan 0
nan nan nan 0
nan nan nan 0
nan nan nan 0
nan nan nan 0
nan nan nan 0
nan nan nan 0
nan nan nan 0
nan nan nan 0
nan nan nan 0
nan nan nan 0
nan nan nan 0
nan nan nan 0
nan nan nan 0
nan nan nan 0
nan nan nan 0
nan nan nan 0
nan nan nan 0
nan nan nan 0
nan nan nan 0
nan nan nan 0
nan nan nan 0
nan nan nan 0
nan nan nan 0
nan nan nan 0
nan nan nan 0
nan nan nan 0
nan nan nan 0
nan nan nan 0
nan nan nan 0
nan nan nan 0
nan nan nan 0
nan nan nan 0
nan nan nan 0
nan nan nan 0
nan nan nan 0
nan nan nan 0
nan nan nan 0
nan nan nan 0
nan nan nan 0
nan nan nan 0
nan nan nan 0
nan nan nan 0
nan nan nan 0
nan nan nan 0
nan nan nan 0
nan nan nan 0
nan nan nan 0
nan nan nan 0
nan nan nan 0
nan nan nan 0
-0.3326669 0.054933272 -0.0052793524 3
nan nan nan 0
nan nan nan 0
nan nan nan 0
nan nan nan 0
nan nan nan 0
nan nan nan 0
nan nan nan 0
nan nan nan 0
nan nan nan 0
nan nan nan 0
nan nan nan 0
nan nan nan 0
nan nan nan 0
nan nan nan 0
nan nan nan 0
-0.3397831 0.057835802 -0.0054102456 3
nan nan nan 0
nan nan nan 0
nan nan nan 0
nan nan nan 0
nan nan nan 0
nan nan nan 0
nan nan nan 0
nan nan nan 0
nan nan nan 0
nan nan nan 0
nan nan nan 0
nan nan nan 0
nan nan nan 0
nan nan nan 0
nan nan nan 0
-0.33968166 0.058428749 -0.0054102456 3
nan nan nan 0
nan nan nan 0
nan nan nan 0
nan nan nan 0
nan nan nan 0
nan nan nan 0
nan nan nan 0
nan nan nan 0
nan nan nan 0
nan nan nan 0
nan nan nan 0
nan nan nan 0
nan nan nan 0
nan nan nan 0
nan nan nan 0
-0.32210419 0.057375852 -0.0051048286 3
nan nan nan 0
nan nan nan 0
nan nan nan 0
nan nan nan 0
nan nan nan 0
nan nan nan 0
nan nan nan 0
nan nan nan 0
nan nan nan 0
nan nan nan 0
nan nan nan 0
nan nan nan 0
nan nan nan 0
nan nan nan 0
nan nan nan 0
nan nan nan 0
nan nan nan 0
nan nan nan 0
nan nan nan 0
nan nan nan 0
nan nan nan 0
nan nan nan 0
nan nan nan 0
nan nan nan 0
nan nan nan 0
nan nan nan 0
nan nan nan 0
nan nan nan 0
nan nan nan 0
nan nan nan 0
nan nan nan 0
nan nan nan 0
nan nan nan 0
nan nan nan 0
nan nan nan 0
nan nan nan 0
nan nan nan 0
nan nan nan 0
nan nan nan 0
nan nan nan 0
nan nan nan 0
nan nan nan 0
nan nan nan 0
nan nan nan 0
nan nan nan 0
nan nan nan 0
nan nan nan 0
nan nan nan 0
nan nan nan 0
nan nan nan 0
nan nan nan 0
nan nan nan 0
nan nan nan 0
nan nan nan 0
nan nan nan 0
nan nan nan 0
nan nan nan 0
nan nan nan 0
nan nan nan 0
nan nan nan 0
nan nan nan 0
nan nan nan 0
nan nan nan 0
-2.8165295 0.50678998 -0.049346674 4
nan nan nan 0
nan nan nan 0
nan nan nan 0
nan nan nan 0
nan nan nan 0
nan nan nan 0
nan nan nan 0
nan nan nan 0
nan nan nan 0
nan nan nan 0
nan nan nan 0
nan nan nan 0
nan nan nan 0
nan nan nan 0
nan nan nan 0
-2.8082609 0.5103758 -0.049215782 4
nan nan nan 0
nan nan nan 0
nan nan nan 0
nan nan nan 0
nan nan nan 0
nan nan nan 0
-3.7614932 1.4396169 0.92104006 3
nan nan nan 0
nan nan nan 0
nan nan nan 0
nan nan nan 0
nan nan nan 0
nan nan nan 0
nan nan nan 0
nan nan nan 0
-2.7932613 0.52279294 -0.048997626 4
nan nan nan 0
nan nan nan 0
nan nan nan 0
nan nan nan 0
nan nan nan 0
nan nan nan 0
-3.7205815 1.4306424 0.91148686 6
nan nan nan 0
nan nan nan 0
nan nan nan 0
nan nan nan 0
nan nan nan 0
nan nan nan 0
nan nan nan 0
nan nan nan 0
-2.7948015 0.52812761 -0.04904126 4
nan nan nan 0
nan nan nan 0
nan nan nan 0
nan nan nan 0
nan nan nan 0
nan nan nan 0
-3.7377405 1.4605159 0.9176684 6
nan nan nan 0
nan nan nan 0
nan nan nan 0
nan nan nan 0
nan nan nan 0
nan nan nan 0
nan nan nan 0
nan nan nan 0
-2.7969067 0.54369998 -0.049128518 3
nan nan nan 0
nan nan nan 0
nan nan nan 0
nan nan nan 0
nan nan nan 0
nan nan nan 0
-3.7105026 1.4565818 0.91148686 8
nan nan nan 0
nan nan nan 0
nan nan nan 0
nan nan nan 0
nan nan nan 0
nan nan nan 0
nan nan nan 0
nan nan nan 0
-2.8204899 0.55335444 -0.049564831 2
nan nan nan 0
nan nan nan 0
nan nan nan 0
nan nan nan 0
nan nan nan 0
nan nan nan 0
-3.695781 1.4739258 0.90980107 8
nan nan nan 0
nan nan nan 0
nan nan nan 0
nan nan nan 0
nan nan nan 0
nan nan nan 0
nan nan nan 0
nan nan nan 0
-2.8273582 0.57007581 -0.049739353 2
nan nan nan 0
nan nan nan 0
nan nan nan 0
nan nan nan 0
nan nan nan 0
nan nan nan 0
-3.6957216 1.4806361 0.91036296 8
nan nan nan 0
nan nan nan 0
nan nan nan 0
nan nan nan 0
nan nan nan 0
nan nan nan 0
nan nan nan 0
nan nan nan 0
nan nan nan 0
nan nan nan 0
nan nan nan 0
nan nan nan 0
nan nan nan 0
nan nan nan 0
nan nan nan 0
-3.6854012 1.4996911 0.90980107 8
nan nan nan 0
nan nan nan 0
nan nan nan 0
nan nan nan 0
nan nan nan 0
nan nan nan 0
nan nan nan 0
nan nan nan 0
nan nan nan 0
nan nan nan 0
nan nan nan 0
nan nan nan 0
nan nan nan 0
nan nan nan 0
nan nan nan 0
-3.7236211 1.5220883 0.91991615 3
nan nan nan 0
nan nan nan 0
nan nan nan 0
nan nan nan 0
nan nan nan 0
nan nan nan 0
nan nan nan 0
nan nan nan 0
-0.24100032 0.055000376 -0.0037086362 2
nan nan nan 0
nan nan nan 0
nan nan nan 0
nan nan nan 0
nan nan nan 0
nan nan nan 0
-8.8193369 3.6636703 2.1949863 5
nan nan nan 0
nan nan nan 0
nan nan nan 0
nan nan nan 0
nan nan nan 0
nan nan nan 0
nan nan nan 0
nan nan nan 0
-0.23582105 0.055212703 -0.003621374 2
nan nan nan 0
nan nan nan 0
nan nan nan 0
nan nan nan 0
nan nan nan 0
nan nan nan 0
-8.8180666 3.6793962 2.1961102 6
nan nan nan 0
nan nan nan 0
nan nan nan 0
nan nan nan 0
nan nan nan 0
nan nan nan 0
nan nan nan 0
nan nan nan 0
nan nan nan 0
nan nan nan 0
nan nan nan 0
nan nan nan 0
nan nan nan 0
nan nan nan 0
nan nan nan 0
-8.8092442 3.7318053 2.19892 4
nan nan nan 0
nan nan nan 0
nan nan nan 0
nan nan nan 0
nan nan nan 0
nan nan nan 0
nan nan nan 0
nan nan nan 0
-0.23298958 0.056316245 -0.0035777432 2
nan nan nan 0
nan nan nan 0
nan nan nan 0
nan nan nan 0
nan nan nan 0
nan nan nan 0
-8.8011303 3.7446842 2.1983581 3
nan nan nan 0
nan nan nan 0
nan nan nan 0
nan nan nan 0
nan nan nan 0
nan nan nan 0
nan nan nan 0
nan nan nan 0
-0.24020889 0.058359902 -0.0037086362 2
nan nan nan 0
nan nan nan 0
nan nan nan 0
nan nan nan 0
nan nan nan 0
nan nan nan 0
-8.7963943 3.7990119 2.2022917 2
nan nan nan 0
nan nan nan 0
nan nan nan 0
nan nan nan 0
nan nan nan 0
nan nan nan 0
nan nan nan 0
nan nan nan 0
-0.23990004 0.05961683 -0.0037086362 2
nan nan nan 0
nan nan nan 0
nan nan nan 0
nan nan nan 0
nan nan nan 0
nan nan nan 0
nan nan nan 0
nan nan nan 0
nan nan nan 0
nan nan nan 0
nan nan nan 0
nan nan nan 0
nan nan nan 0
nan nan nan 0
nan nan nan 0
-0.25684381 0.063974462 -0.0040140529 2
nan nan nan 0
nan nan nan 0
nan nan nan 0
nan nan nan 0
nan nan nan 0
nan nan nan 0
-8.1432028 3.5844214 2.0443833 1
nan nan nan 0
nan nan nan 0
nan nan nan 0
nan nan nan 0
nan nan nan 0
nan nan nan 0
nan nan nan 0
nan nan nan 0
-0.24920788 0.063592024 -0.0038831602 3
nan nan nan 0
nan nan nan 0
nan nan nan 0
nan nan nan 0
nan nan nan 0
nan nan nan 0
-8.1375628 3.5972085 2.0443833 2
nan nan nan 0
nan nan nan 0
nan nan nan 0
nan nan nan 0
nan nan nan 0
nan nan nan 0
nan nan nan 0
nan nan nan 0
nan nan nan 0
nan nan nan 0
nan nan nan 0
nan nan nan 0
nan nan nan 0
nan nan nan 0
nan nan nan 0
-8.1357613 3.6491635 2.0488787 2
nan nan nan 0
nan nan nan 0
nan nan nan 0
nan nan nan 0
nan nan nan 0
nan nan nan 0
nan nan nan 0
nan nan nan 0
nan nan nan 0
nan nan nan 0
nan nan nan 0
nan nan nan 0
nan nan nan 0
nan nan nan 0
nan nan nan 0
-8.1544485 3.6729484 2.0550601 2
nan nan nan 0
nan nan nan 0
nan nan nan 0
nan nan nan 0
nan nan nan 0
nan nan nan 0
nan nan nan 0
nan nan nan 0
nan nan nan 0
nan nan nan 0
nan nan nan 0
nan nan nan 0
nan nan nan 0
nan nan nan 0
nan nan nan 0
-8.1588268 3.7281563 2.0612416 3
nan nan nan 0
nan nan nan 0
nan nan nan 0
nan nan nan 0
nan nan nan 0
nan nan nan 0
nan nan nan 0
nan nan nan 0
-0.40829322 0.10728359 -0.0067628073 4
nan nan nan 0
nan nan nan 0
nan nan nan 0
nan nan nan 0
nan nan nan 0
nan nan nan 0
-8.1551743 3.7419839 2.0618036 3
nan nan nan 0
nan nan nan 0
nan nan nan 0
nan nan nan 0
nan nan nan 0
nan nan nan 0
nan nan nan 0
nan nan nan 0
-0.39598966 0.10492805 -0.0065446524 4
nan nan nan 0
nan nan nan 0
nan nan nan 0
nan nan nan 0
nan nan nan 0
nan nan nan 0
-8.1215582 3.7798827 2.0584321 2
nan nan nan 0
nan nan nan 0
nan nan nan 0
nan nan nan 0
nan nan nan 0
nan nan nan 0
nan nan nan 0
nan nan nan 0
-0.39785475 0.10762628 -0.006588283 4
nan nan nan 0
nan nan nan 0
nan nan nan 0
nan nan nan 0
nan nan nan 0
nan nan nan 0
nan nan nan 0
nan nan nan 0
nan nan nan 0
nan nan nan 0
nan nan nan 0
nan nan nan 0
nan nan nan 0
nan nan nan 0
nan nan nan 0
-0.39766628 0.1083205 -0.006588283 3
nan nan nan 0
nan nan nan 0
nan nan nan 0
nan nan nan 0
nan nan nan 0
nan nan nan 0
-7.3466005 3.4816163 1.8673681 3
nan nan nan 0
nan nan nan 0
nan nan nan 0
nan nan nan 0
nan nan nan 0
nan nan nan 0
nan nan nan 0
nan nan nan 0
-0.42124829 0.11683273 -0.0070245932 3
nan nan nan 0
nan nan nan 0
nan nan nan 0
nan nan nan 0
nan nan nan 0
nan nan nan 0
-7.3367243 3.4910574 1.8662441 4
nan nan nan 0
nan nan nan 0
nan nan nan 0
nan nan nan 0
nan nan nan 0
nan nan nan 0
nan nan nan 0
nan nan nan 0
-0.42345804 0.11821514 -0.0070682243 3
nan nan nan 0
nan nan nan 0
nan nan nan 0
nan nan nan 0
nan nan nan 0
nan nan nan 0
-7.3265042 3.5349383 1.868492 4
nan nan nan 0
nan nan nan 0
nan nan nan 0
nan nan nan 0
nan nan nan 0
nan nan nan 0
nan nan nan 0
nan nan nan 0
-0.43729872 0.12439075 -0.0073300102 4
nan nan nan 0
nan nan nan 0
nan nan nan 0
nan nan nan 0
nan nan nan 0
nan nan nan 0
-7.331903 3.5517552 1.8713018 4
nan nan nan 0
nan nan nan 0
nan nan nan 0
nan nan nan 0
nan nan nan 0
nan nan nan 0
nan nan nan 0
nan nan nan 0
-0.43949071 0.125818 -0.0073736412 4
nan nan nan 0
nan nan nan 0
nan nan nan 0
nan nan nan 0
nan nan nan 0
nan nan nan 0
-7.2775979 3.5741823 1.8623105 4
nan nan nan 0
nan nan nan 0
nan nan nan 0
nan nan nan 0
nan nan nan 0
nan nan nan 0
nan nan nan 0
nan nan nan 0
-0.44845092 0.13082471 -0.0075481655 5
nan nan nan 0
nan nan nan 0
nan nan nan 0
nan nan nan 0
nan nan nan 0
nan nan nan 0
-6.9136968 3.408849 1.7701503 4
nan nan nan 0
nan nan nan 0
nan nan nan 0
nan nan nan 0
nan nan nan 0
nan nan nan 0
nan nan nan 0
nan nan nan 0
nan nan nan 0
nan nan nan 0
nan nan nan 0
nan nan nan 0
nan nan nan 0
nan nan nan 0
nan nan nan 0
-6.8472195 3.4222341 1.7577872 6
nan nan nan 0
nan nan nan 0
nan nan nan 0
nan nan nan 0
nan nan nan 0
nan nan nan 0
nan nan nan 0
nan nan nan 0
nan nan nan 0
nan nan nan 0
nan nan nan 0
nan nan nan 0
nan nan nan 0
nan nan nan 0
nan nan nan 0
-6.8353047 3.4297068 1.7561015 7
nan nan nan 0
nan nan nan 0
nan nan nan 0
nan nan nan 0
nan nan nan 0
nan nan nan 0
nan nan nan 0
nan nan nan 0
-0.23847069 0.074025378 -0.003752267 1
nan nan nan 0
nan nan nan 0
nan nan nan 0
nan nan nan 0
nan nan nan 0
nan nan nan 0
-6.8209901 3.468848 1.7572253 9
nan nan nan 0
-3.3799043 1.7163321 0.5941866 2
nan nan nan 0
nan nan nan 0
nan nan nan 0
nan nan nan 0
nan nan nan 0
nan nan nan 0
-0.23807985 0.075272985 -0.003752267 2
nan nan nan 0
nan nan nan 0
nan nan nan 0
nan nan nan 0
nan nan nan 0
nan nan nan 0
-6.8328881 3.4884238 1.7617209 10
nan nan nan 0
-3.3329198 1.6997694 0.58637345 3
nan nan nan 0
nan nan nan 0
nan nan nan 0
nan nan nan 0
nan nan nan 0
nan nan nan 0
nan nan nan 0
nan nan nan 0
nan nan nan 0
nan nan nan 0
nan nan nan 0
nan nan nan 0
nan nan nan 0
-6.8204036 3.5287018 1.7634069 10
nan nan nan 0
-3.3195879 1.7149283 0.58559215 4
nan nan nan 0
nan nan nan 0
nan nan nan 0
nan nan nan 0
nan nan nan 0
nan nan nan 0
-0.29494557 0.094382748 -0.0047994116 2
nan nan nan 0
nan nan nan 0
nan nan nan 0
nan nan nan 0
nan nan nan 0
nan nan nan 0
-6.8386297 3.5517678 1.7695884 11
nan nan nan 0
-3.3143985 1.7195811 0.5852015 4
nan nan nan 0
nan nan nan 0
nan nan nan 0
nan nan nan 0
nan nan nan 0
nan nan nan 0
-0.29956093 0.096359849 -0.0048866738 3
nan nan nan 0
nan nan nan 0
nan nan nan 0
nan nan nan 0
nan nan nan 0
nan nan nan 0
-6.8300905 3.5943909 1.7723981 12
nan nan nan 0
-3.2987936 1.7334625 0.58402956 4
nan nan nan 0
nan nan nan 0
nan nan nan 0
nan nan nan 0
nan nan nan 0
nan nan nan 0
-0.30382511 0.099414498 -0.0049739354 3
nan nan nan 0
nan nan nan 0
nan nan nan 0
nan nan nan 0
nan nan nan 0
nan nan nan 0
-6.8481264 3.6176376 1.7785796 11
nan nan nan 0
-3.3044963 1.7438315 0.58559215 4
nan nan nan 0
nan nan nan 0
nan nan nan 0
nan nan nan 0
nan nan nan 0
nan nan nan 0
-0.28457025 0.09396138 -0.0046248874 3
nan nan nan 0
nan nan nan 0
nan nan nan 0
nan nan nan 0
nan nan nan 0
nan nan nan 0
-6.8305998 3.6557865 1.7791415 12
nan nan nan 0
-3.293143 1.7599448 0.5852015 4
nan nan nan 0
nan nan nan 0
nan nan nan 0
nan nan nan 0
nan nan nan 0
nan nan nan 0
-0.27454978 0.092408568 -0.0044503636 2
nan nan nan 0
nan nan nan 0
nan nan nan 0
nan nan nan 0
nan nan nan 0
nan nan nan 0
-6.882782 3.6976526 1.7943141 1
nan nan nan 0
-3.2813656 1.7610147 0.58363885 3
nan nan nan 0
nan nan nan 0
nan nan nan 0
nan nan nan 0
nan nan nan 0
nan nan nan 0
-0.27200824 0.092123069 -0.0044067325 2
nan nan nan 0
nan nan nan 0
nan nan nan 0
nan nan nan 0
nan nan nan 0
nan nan nan 0
-4.7510905 2.5849984 1.2396672 7
nan nan nan 0
-3.2742691 1.7793517 0.58402956 3
nan nan nan 0
nan nan nan 0
nan nan nan 0
nan nan nan 0
nan nan nan 0
nan nan nan 0
-0.26439476 0.091215067 -0.0042758393 3
nan nan nan 0
nan nan nan 0
nan nan nan 0
nan nan nan 0
nan nan nan 0
nan nan nan 0
-4.7277861 2.581943 1.2346096 13
nan nan nan 0
-3.2624907 1.780328 0.5824669 3
nan nan nan 0
nan nan nan 0
nan nan nan 0
nan nan nan 0
nan nan nan 0
nan nan nan 0
-0.26423514 0.091676384 -0.0042758393 2
nan nan nan 0
nan nan nan 0
nan nan nan 0
nan nan nan 0
nan nan nan 0
nan nan nan 0
-4.6988292 2.5992258 1.2306759 12
nan nan nan 0
-3.2574458 1.7997764 0.5832482 3
nan nan nan 0
nan nan nan 0
nan nan nan 0
nan nan nan 0
nan nan nan 0
nan nan nan 0
-0.26138124 0.092265099 -0.0042322082 2
nan nan nan 0
nan nan nan 0
nan nan nan 0
nan nan nan 0
nan nan nan 0
nan nan nan 0
-4.6904812 2.6042368 1.229552 14
nan nan nan 0
-3.2435064 1.799464 0.58129495 3
nan nan nan 0
nan nan nan 0
nan nan nan 0
nan nan nan 0
nan nan nan 0
nan nan nan 0
-0.25648195 0.091125779 -0.0041449461 2
nan nan nan 0
nan nan nan 0
nan nan nan 0
nan nan nan 0
nan nan nan 0
nan nan nan 0
-4.6699543 2.6259925 1.2278662 12
-3.6918812 1.2530738 1.0339274 34
-3.2254305 1.8115809 0.5797323 3
nan nan nan 0
nan nan nan 0
nan nan nan 0
nan nan nan 0
nan nan nan 0
nan nan nan 0
-0.23708361 0.085986793 -0.0037958983 2
nan nan nan 0
nan nan nan 0
nan nan nan 0
nan nan nan 0
nan nan nan 0
nan nan nan 0
-4.695518 2.6500976 1.2357335 17
-3.714839 1.2680677 1.0410357 35
-3.2136629 1.8123512 0.5781697 3
nan nan nan 0
nan nan nan 0
nan nan nan 0
nan nan nan 0
nan nan nan 0
nan nan nan 0
-0.23456988 0.085586242 -0.003752267 2
nan nan nan 0
nan nan nan 0
nan nan nan 0
nan nan nan 0
nan nan nan 0
nan nan nan 0
-4.6959124 2.6839309 1.2396672 18
-3.7241256 1.2930273 1.0455592 35
-3.199842 1.8267026 0.57738841 3
nan nan nan 0
nan nan nan 0
nan nan nan 0
nan nan nan 0
nan nan nan 0
nan nan nan 0
-0.22704153 0.084333554 -0.003621374 2
nan nan nan 0
nan nan nan 0
nan nan nan 0
nan nan nan 0
nan nan nan 0
nan nan nan 0
-4.698029 2.6949425 1.241353 19
-3.7218633 1.2995253 1.0455592 34
-3.188082 1.8273683 0.57582575 3
nan nan nan 0
nan nan nan 0
nan nan nan 0
-0.2350145 0.13272068 0.0041013155 125
nan nan nan 0
nan nan nan 0
-0.23160909 0.086391054 -0.0037086362 2
nan nan nan 0
nan nan nan 0
nan nan nan 0
nan nan nan 0
nan nan nan 0
nan nan nan 0
-4.6791668 2.7178731 1.2402291 21
-3.721838 1.3214109 1.0474976 33
-3.1763349 1.8427956 0.5754351 3
nan nan nan 0
nan nan nan 0
nan nan nan 0
-0.23431635 0.13394938 0.0041013155 125
nan nan nan 0
nan nan nan 0
-0.23350677 0.088445589 -0.003752267 2
nan nan nan 0
nan nan nan 0
nan nan nan 0
nan nan nan 0
nan nan nan 0
nan nan nan 0
-4.6875162 2.732585 1.2436008 23
-3.7263525 1.3303328 1.0494363 30
-3.1624486 1.8421168 0.5734818 3
nan nan nan 0
nan nan nan 0
nan nan nan 0
-0.23408222 0.13435814 0.0041013155 98
nan nan nan 0
nan nan nan 0
-0.22864866 0.087158747 -0.0036650051 2
nan nan nan 0
nan nan nan 0
nan nan nan 0
nan nan nan 0
nan nan nan 0
nan nan nan 0
-4.6663709 2.75419 1.241915 15
-3.7238781 1.3514681 1.0507288 28
-3.1548865 1.8599052 0.57387251 3
nan nan nan 0
nan nan nan 0
nan nan nan 0
nan nan nan 0
nan nan nan 0
nan nan nan 0
-0.23757808 0.091792464 -0.0038395294 2
nan nan nan 0
nan nan nan 0
nan nan nan 0
nan nan nan 0
nan nan nan 0
nan nan nan 0
-4.6222248 2.7379146 1.2312379 10
-3.7237833 1.3587908 1.051375 25
-3.13889 1.8578559 0.57152855 3
nan nan nan 0
nan nan nan 0
nan nan nan 0
nan nan nan 0
nan nan nan 0
nan nan nan 0
-0.24210896 0.093934029 -0.0039267913 2
nan nan nan 0
nan nan nan 0
nan nan nan 0
nan nan nan 0
nan nan nan 0
nan nan nan 0
-4.5572143 2.7327976 1.217751 9
-3.7188826 1.3791065 1.0520211 23
-3.0973532 1.8552164 0.5656687 2
nan nan nan 0
nan nan nan 0
nan nan nan 0
nan nan nan 0
nan nan nan 0
nan nan nan 0
nan nan nan 0
nan nan nan 0
nan nan nan 0
nan nan nan 0
nan nan nan 0
nan nan nan 0
nan nan nan 0
-4.5237007 2.7223568 1.2098836 10
-3.7119427 1.3839132 1.0507288 21
-3.0898798 1.8580722 0.56488746 2
nan nan nan 0
nan nan nan 0
nan nan nan 0
nan nan nan 0
nan nan nan 0
nan nan nan 0
nan nan nan 0
nan nan nan 0
nan nan nan 0
nan nan nan 0
nan nan nan 0
nan nan nan 0
nan nan nan 0
-4.4714665 2.7239668 1.1997685 10
-3.7159426 1.407594 1.0539597 19
-3.0400417 1.8498162 0.55746496 2
nan nan nan 0
nan nan nan 0
nan nan nan 0
nan nan nan 0
nan nan nan 0
nan nan nan 0
nan nan nan 0
nan nan nan 0
nan nan nan 0
nan nan nan 0
nan nan nan 0
nan nan nan 0
nan nan nan 0
-4.4297795 2.7081022 1.1896534 11
-3.7112224 1.4132206 1.0533135 17
-2.9988911 1.831929 0.55043322 2
nan nan nan 0
nan nan nan 0
nan nan nan 0
nan nan nan 0
nan nan nan 0
nan nan nan 0
nan nan nan 0
nan nan nan 0
nan nan nan 0
nan nan nan 0
nan nan nan 0
nan nan nan 0
nan nan nan 0
-4.3902092 2.7166388 1.18291 11
-3.7082787 1.4343704 1.054606 16
-2.9661605 1.8333127 0.54613596 4
nan nan nan 0
nan nan nan 0
nan nan nan 0
nan nan nan 0
nan nan nan 0
nan nan nan 0
nan nan nan 0
nan nan nan 0
nan nan nan 0
nan nan nan 0
nan nan nan 0
nan nan nan 0
nan nan nan 0
-4.3466253 2.6991005 1.1722327 11
-3.7102737 1.4425855 1.0558984 14
-2.9587612 1.8358808 0.54535466 3
nan nan nan 0
nan nan nan 0
nan nan nan 0
nan nan nan 0
nan nan nan 0
nan nan nan 0
nan nan nan 0
nan nan nan 0
nan nan nan 0
nan nan nan 0
nan nan nan 0
nan nan nan 0
nan nan nan 0
-4.2969041 2.7005291 1.1626796 12
-3.7094109 1.4646455 1.0578369 14
nan nan nan 0
nan nan nan 0
nan nan nan 0
nan nan nan 0
nan nan nan 0
nan nan nan 0
nan nan nan 0
nan nan nan 0
nan nan nan 0
nan nan nan 0
nan nan nan 0
nan nan nan 0
nan nan nan 0
nan nan nan 0
-4.2638173 2.6890719 1.1548123 12
-3.702358 1.4693409 1.0565447 14
-4.2719722 2.6931987 0.79342073 2
nan nan nan 0
nan nan nan 0
nan nan nan 0
nan nan nan 0
nan nan nan 0
nan nan nan 0
nan nan nan 0
nan nan nan 0
nan nan nan 0
nan nan nan 0
nan nan nan 0
nan nan nan 0
nan nan nan 0
-4.2204652 2.6937425 1.146945 12
-3.7013369 1.4914062 1.0584831 14
-4.2286725 2.6969297 0.78795159 3
nan nan nan 0
nan nan nan 0
nan nan nan 0
nan nan nan 0
nan nan nan 0
nan nan nan 0
nan nan nan 0
nan nan nan 0
nan nan nan 0
nan nan nan 0
nan nan nan 0
nan nan nan 0
nan nan nan 0
-4.1895666 2.6832786 1.1396396 13
-3.7009676 1.4987679 1.0591294 14
-4.2057171 2.6915824 0.78443569 3
nan nan nan 0
nan nan nan 0
nan nan nan 0
nan nan nan 0
nan nan nan 0
nan nan nan 0
nan nan nan 0
nan nan nan 0
nan nan nan 0
nan nan nan 0
nan nan nan 0
nan nan nan 0
nan nan nan 0
-4.1509328 2.6892743 1.1328962 14
-3.6866295 1.5147351 1.0571908 9
-4.1625528 2.6947684 0.77896643 3
nan nan nan 0
nan nan nan 0
nan nan nan 0
nan nan nan 0
nan nan nan 0
nan nan nan 0
nan nan nan 0
nan nan nan 0
nan nan nan 0
nan nan nan 0
nan nan nan 0
nan nan nan 0
nan nan nan 0
-4.1140337 2.674535 1.1239049 14
nan nan nan 0
-4.1330042 2.6858737 0.77427864 3
nan nan nan 0
nan nan nan 0
nan nan nan 0
nan nan nan 0
nan nan nan 0
nan nan nan 0
nan nan nan 0
nan nan nan 0
nan nan nan 0
nan nan nan 0
nan nan nan 0
nan nan nan 0
nan nan nan 0
-4.0689831 2.6766613 1.1154757 14
-7.9033432 3.3061857 2.283041 7
-4.0879412 2.6871202 0.76841879 3
nan nan nan 0
nan nan nan 0
nan nan nan 0
nan nan nan 0
nan nan nan 0
nan nan nan 0
nan nan nan 0
nan nan nan 0
nan nan nan 0
nan nan nan 0
nan nan nan 0
nan nan nan 0
nan nan nan 0
-4.025692 2.6582398 1.1047986 14
-7.9020138 3.3218439 2.2843332 8
-4.0523367 2.6738396 0.762559 3
nan nan nan 0
nan nan nan 0
nan nan nan 0
nan nan nan 0
nan nan nan 0
nan nan nan 0
nan nan nan 0
nan nan nan 0
nan nan nan 0
nan nan nan 0
nan nan nan 0
nan nan nan 0
nan nan nan 0
-3.9869502 2.6637328 1.0980551 15
-7.8750386 3.3607624 2.2817485 10
-4.0131726 2.6792634 0.75787109 3
nan nan nan 0
nan nan nan 0
nan nan nan 0
nan nan nan 0
nan nan nan 0
nan nan nan 0
nan nan nan 0
nan nan nan 0
nan nan nan 0
nan nan nan 0
nan nan nan 0
nan nan nan 0
nan nan nan 0
-3.9564636 2.6523476 1.0907497 15
-7.8691611 3.3745017 2.2817485 14
-3.973628 2.6628809 0.75122994 3
-2.45591 1.0611346 0.5128153 3
nan nan nan 0
nan nan nan 0
nan nan nan 0
nan nan nan 0
nan nan nan 0
nan nan nan 0
nan nan nan 0
nan nan nan 0
nan nan nan 0
nan nan nan 0
nan nan nan 0
nan nan nan 0
-3.9158533 2.6559286 1.0834444 15
-7.8491693 3.414696 2.2811024 13
-3.9391956 2.6697884 0.74732339 3
-2.4525695 1.0749604 0.5132919 3
nan nan nan 0
nan nan nan 0
nan nan nan 0
nan nan nan 0
nan nan nan 0
nan nan nan 0
nan nan nan 0
nan nan nan 0
nan nan nan 0
nan nan nan 0
nan nan nan 0
nan nan nan 0
-3.8794632 2.6401348 1.0744531 15
-7.8409843 3.4274242 2.2804563 18
-3.9059551 2.6572037 0.74185425 3
-2.4282129 1.0693867 0.50852597 4
nan nan nan 0
nan nan nan 0
nan nan nan 0
nan nan nan 0
nan nan nan 0
nan nan nan 0
nan nan nan 0
nan nan nan 0
nan nan nan 0
nan nan nan 0
nan nan nan 0
nan nan nan 0
-3.8390453 2.643117 1.0671477 16
-7.825139 3.4694099 2.2811024 20
-3.8594477 2.6552122 0.73560375 3
-2.4203377 1.081089 0.50804937 4
nan nan nan 0
nan nan nan 0
nan nan nan 0
nan nan nan 0
nan nan nan 0
nan nan nan 0
nan nan nan 0
nan nan nan 0
nan nan nan 0
nan nan nan 0
nan nan nan 0
nan nan nan 0
-3.8048327 2.6283634 1.0587184 17
-7.8256917 3.4860065 2.283041 21
-3.8365257 2.6493089 0.73208785 3
-2.4072435 1.080307 0.50566638 4
nan nan nan 0
nan nan nan 0
nan nan nan 0
nan nan nan 0
nan nan nan 0
-0.23268691 0.10956882 -0.0038831602 2
nan nan nan 0
nan nan nan 0
nan nan nan 0
nan nan nan 0
nan nan nan 0
nan nan nan 0
-3.7626092 2.629364 1.0508511 19
-7.7963247 3.5219686 2.27981 21
-3.7902179 2.6467273 0.72583741 3
-2.4037893 1.093909 0.50614297 4
nan nan nan 0
nan nan nan 0
nan nan nan 0
nan nan nan 0
nan nan nan 0
-0.24803065 0.11804447 -0.0041885772 2
nan nan nan 0
nan nan nan 0
nan nan nan 0
nan nan nan 0
nan nan nan 0
nan nan nan 0
-3.7365408 2.6198785 1.0446696 20
-7.7945657 3.537564 2.2811024 20
-3.7572923 2.6334853 0.72036821 3
-2.3951755 1.0950532 0.50471324 4
nan nan nan 0
nan nan nan 0
nan nan nan 0
nan nan nan 0
nan nan nan 0
-0.22737117 0.10910872 -0.0037958983 3
nan nan nan 0
nan nan nan 0
nan nan nan 0
nan nan nan 0
nan nan nan 0
nan nan nan 0
-3.6964877 2.6217253 1.0373642 21
-7.7715468 3.5763106 2.27981 20
-3.7253256 2.6402643 0.71685231 3
-2.3938656 1.1096357 0.50566638 3
nan nan nan 0
nan nan nan 0
nan nan nan 0
nan nan nan 0
nan nan nan 0
-0.23813216 0.11556185 -0.0040140529 3
nan nan nan 0
nan nan nan 0
nan nan nan 0
nan nan nan 0
nan nan nan 0
nan nan nan 0
-3.6705389 2.6119833 1.0311828 21
-7.7652931 3.5898693 2.27981 22
-3.6925497 2.6267116 0.7113831 3
-2.3919253 1.1138121 0.50566638 3
nan nan nan 0
nan nan nan 0
nan nan nan 0
nan nan nan 0
nan nan nan 0
-0.23113441 0.11280695 -0.0038831602 3
nan nan nan 0
nan nan nan 0
nan nan nan 0
nan nan nan 0
nan nan nan 0
nan nan nan 0
-3.6247287 2.6090212 1.0221916 21
-7.6960821 3.6069338 2.2649472 22
-3.6607096 2.6330256 0.70786721 4
-2.3860607 1.1263208 0.50566638 3
nan nan nan 0
nan nan nan 0
nan nan nan 0
nan nan nan 0
nan nan nan 0
-0.2373196 0.1172215 -0.0040140529 4
nan nan nan 0
nan nan nan 0
nan nan nan 0
nan nan nan 0
nan nan nan 0
nan nan nan 0
-3.5989089 2.5990145 1.01601 21
-7.3553848 3.4631512 2.1660781 33
-3.6240849 2.616272 0.7016167 4
-2.3796527 1.1283883 0.50471324 3
nan nan nan 0
nan nan nan 0
nan nan nan 0
nan nan nan 0
nan nan nan 0
-0.23937246 0.1187081 -0.0040576844 4
nan nan nan 0
nan nan nan 0
nan nan nan 0
nan nan nan 0
nan nan nan 0
nan nan nan 0
-3.5690622 2.6069467 1.0115144 22
-7.3088093 3.4881101 2.1576772 37
-3.5864098 2.617732 0.69692892 3
-2.3670704 1.1376549 0.50328338 3
nan nan nan 0
nan nan nan 0
nan nan nan 0
nan nan nan 0
nan nan nan 0
-0.24550411 0.12321293 -0.0041885772 5
nan nan nan 0
nan nan nan 0
nan nan nan 0
nan nan nan 0
nan nan nan 0
nan nan nan 0
-3.5374627 2.5923784 1.0036471 23
-7.3114243 3.5050321 2.1602621 38
-3.5678961 2.6137669 0.69419432 4
-2.371717 1.1449738 0.50471324 3
nan nan nan 0
nan nan nan 0
nan nan nan 0
nan nan nan 0
nan nan nan 0
-0.24978922 0.12581785 -0.0042758393 5
nan nan nan 0
nan nan nan 0
nan nan nan 0
nan nan nan 0
nan nan nan 0
nan nan nan 0
-3.5018644 2.595515 0.99746567 23
-7.2951441 3.5443206 2.1609082 40
-3.5244064 2.6103544 0.68833447 4
-2.3612769 1.1552269 0.50375998 3
nan nan nan 0
nan nan nan 0
nan nan nan 0
nan nan nan 0
nan nan nan 0
-0.25586063 0.13042423 -0.0044067325 6
nan nan nan 0
nan nan nan 0
nan nan nan 0
nan nan nan 0
nan nan nan 0
nan nan nan 0
-3.4762874 2.5850132 0.99128413 24
nan nan nan 0
-3.5020154 2.603236 0.68481857 4
-2.3504391 1.1550323 0.50185364 3
nan nan nan 0
nan nan nan 0
nan nan nan 0
nan nan nan 0
nan nan nan 0
-0.24890475 0.12755862 -0.0042758393 6
nan nan nan 0
nan nan nan 0
nan nan nan 0
nan nan nan 0
nan nan nan 0
nan nan nan 0
-3.4427872 2.5891335 0.98566461 25
-6.9475741 3.4358408 2.0646238 46
-3.4587364 2.5992715 0.67895871 4
-2.3619494 1.1760437 0.50566638 3
nan nan nan 0
nan nan nan 0
nan nan nan 0
nan nan nan 0
nan nan nan 0
-0.26389107 0.13667014 -0.0045812563 7
nan nan nan 0
nan nan nan 0
nan nan nan 0
nan nan nan 0
nan nan nan 0
nan nan nan 0
-3.4212205 2.5813255 0.98060703 25
-6.9437308 3.4490347 2.0652699 48
-3.4364579 2.5919144 0.67544281 4
-2.3533027 1.1768826 0.50423664 3
nan nan nan 0
nan nan nan 0
nan nan nan 0
nan nan nan 0
nan nan nan 0
-0.26141724 0.13601089 -0.0045376252 7
nan nan nan 0
nan nan nan 0
nan nan nan 0
nan nan nan 0
nan nan nan 0
nan nan nan 0
-3.3878446 2.5850129 0.97498757 26
-6.9212604 3.4831755 2.0639775 48
-3.4012473 2.5933933 0.67114568 3
nan nan nan 0
nan nan nan 0
nan nan nan 0
nan nan nan 0
nan nan nan 0
nan nan nan 0
-0.25624365 0.13511519 -0.0044503636 7
nan nan nan 0
nan nan nan 0
nan nan nan 0
nan nan nan 0
nan nan nan 0
nan nan nan 0
-3.3605759 2.572552 0.96824408 27
-6.9216394 3.4985147 2.0659163 49
-3.3790729 2.5858123 0.66762978 4
-6.8635111 3.4826658 1.487927 3
nan nan nan 0
nan nan nan 0
nan nan nan 0
nan nan nan 0
nan nan nan 0
-0.25378045 0.13442703 -0.0044067325 8
nan nan nan 0
nan nan nan 0
nan nan nan 0
nan nan nan 0
nan nan nan 0
nan nan nan 0
-3.3235004 2.5727918 0.96150064 27
-6.9032259 3.5347083 2.0659163 49
-3.3440104 2.5868402 0.66333252 4
-6.825532 3.5084691 1.4836376 5
nan nan nan 0
nan nan nan 0
nan nan nan 0
nan nan nan 0
nan nan nan 0
-0.25085211 0.13460712 -0.0043631014 9
nan nan nan 0
nan nan nan 0
nan nan nan 0
nan nan nan 0
nan nan nan 0
nan nan nan 0
-3.3040688 2.5660486 0.95700502 28
-6.9013429 3.5489576 2.0672088 49
-3.3121936 2.5714607 0.65786338 4
-6.8324862 3.5271232 1.4864972 5
nan nan nan 0
nan nan nan 0
nan nan nan 0
nan nan nan 0
nan nan nan 0
-0.2395218 0.12929119 -0.0041449461 11
nan nan nan 0
nan nan nan 0
nan nan nan 0
nan nan nan 0
nan nan nan 0
nan nan nan 0
-3.2748151 2.5718439 0.9525094 28
-6.8933792 3.590616 2.0704398 51
-3.2812076 2.5750401 0.65434748 4
-6.8291535 3.5708008 1.4898334 5
nan nan nan 0
nan nan nan 0
nan nan nan 0
nan nan nan 0
nan nan nan 0
-0.24326743 0.13286817 -0.0042322082 13
nan nan nan 0
nan nan nan 0
nan nan nan 0
nan nan nan 0
nan nan nan 0
nan nan nan 0
-3.2497311 2.5603919 0.94632798 29
-6.8828206 3.6004057 2.0691473 51
-3.2631335 2.5700617 0.65161288 4
-6.8207369 3.5815747 1.4893568 5
nan nan nan 0
nan nan nan 0
nan nan nan 0
nan nan nan 0
nan nan nan 0
-0.24303517 0.13329254 -0.0042322082 16
nan nan nan 0
nan nan nan 0
nan nan nan 0
nan nan nan 0
nan nan nan 0
nan nan nan 0
-3.209166 2.5566742 0.93846059 30
-6.8724122 3.6409113 2.071732 56
-3.2264583 2.5686457 0.64692503 4
-6.8365707 3.6356552 1.4969822 5
nan nan nan 0
nan nan nan 0
nan nan nan 0
nan nan nan 0
nan nan nan 0
-0.24233392 0.13456324 -0.0042322082 21
nan nan nan 0
nan nan nan 0
nan nan nan 0
nan nan nan 0
nan nan nan 0
nan nan nan 0
-3.1956353 2.5541034 0.93565089 30
-6.861783 3.6506348 2.0704398 55
-3.206543 2.5619354 0.64379978 4
-6.8388767 3.6522007 1.4988886 4
nan nan nan 0
nan nan nan 0
nan nan nan 0
nan nan nan 0
nan nan nan 0
-0.24650411 0.13734914 -0.0043194704 20
nan nan nan 0
nan nan nan 0
nan nan nan 0
nan nan nan 0
nan nan nan 0
nan nan nan 0
-3.1571484 2.5514393 0.9283455 31
-6.6596699 3.5881112 2.0148661 1
-3.1719606 2.5616143 0.63950253 4
-6.8455729 3.7019525 1.5046078 1
nan nan nan 0
nan nan nan 0
nan nan nan 0
nan nan nan 0
nan nan nan 0
-0.25456759 0.14341035 -0.0044939942 22
nan nan nan 0
nan nan nan 0
nan nan nan 0
nan nan nan 0
nan nan nan 0
nan nan nan 0
-3.1417873 2.5471849 0.92497373 32
-4.8027077 2.5998995 1.4520218 16
-3.1540616 2.556257 0.63676798 4
-4.7680326 2.5907998 1.0470773 3
nan nan nan 0
nan nan nan 0
nan nan nan 0
nan nan nan 0
nan nan nan 0
-0.24992809 0.14146058 -0.0044067325 22
nan nan nan 0
nan nan nan 0
nan nan nan 0
nan nan nan 0
nan nan nan 0
nan nan nan 0
-3.1053612 2.5456035 0.91823035 32
-4.7085166 2.5809681 1.427466 35
-3.1215389 2.5570796 0.63286138 4
-4.7328901 2.6039178 1.0423114 6
nan nan nan 0
nan nan nan 0
nan nan nan 0
nan nan nan 0
nan nan nan 0
-0.23824339 0.13672523 -0.0041885772 27
nan nan nan 0
nan nan nan 0
nan nan nan 0
nan nan nan 0
nan nan nan 0
nan nan nan 0
-3.0825508 2.5349965 0.91261083 32
-4.6955376 2.5845313 1.4248812 55
-3.0941908 2.5436962 0.62817359 4
-4.7111449 2.602695 1.0384986 6
nan nan nan 0
nan nan nan 0
nan nan nan 0
nan nan nan 0
nan nan nan 0
-0.2401904 0.13835305 -0.0042322082 31
nan nan nan 0
nan nan nan 0
nan nan nan 0
nan nan nan 0
nan nan nan 0
nan nan nan 0
-3.0481942 2.5344956 0.90642929 32
-4.6756096 2.6055601 1.4229426 55
-3.0694387 2.5503886 0.6258297 4
-4.6995955 2.6285229 1.0389752 6
nan nan nan 0
nan nan nan 0
nan nan nan 0
nan nan nan 0
nan nan nan 0
-0.23510343 0.13716149 -0.0041449461 36
nan nan nan 0
nan nan nan 0
nan nan nan 0
nan nan nan 0
nan nan nan 0
nan nan nan 0
-3.0329897 2.5299132 0.90305763 33
-4.6710544 2.6137166 1.4229426 58
-3.0422337 2.5367546 0.62114179 4
-4.7014236 2.6403208 1.040405 5
nan nan nan 0
nan nan nan 0
nan nan nan 0
nan nan nan 0
nan nan nan 0
-0.23486368 0.13757162 -0.0041449461 30
nan nan nan 0
nan nan nan 0
nan nan nan 0
nan nan nan 0
nan nan nan 0
nan nan nan 0
-3.0025041 2.5321436 0.89800006 34
-4.6699195 2.6452692 1.4268199 60
-3.0119228 2.5383191 0.61762589 4
-4.6918035 2.6673234 1.0413582 6
nan nan nan 0
nan nan nan 0
nan nan nan 0
nan nan nan 0
nan nan nan 0
-0.23848221 0.14127713 -0.0042322082 32
nan nan nan 0
nan nan nan 0
nan nan nan 0
nan nan nan 0
nan nan nan 0
nan nan nan 0
-2.9817922 2.5226879 0.89294243 34
-4.6841974 2.664145 1.4326357 75
-2.9924111 2.5308084 0.61450064 4
-4.6914058 2.6779375 1.0423114 6
nan nan nan 0
nan nan nan 0
nan nan nan 0
nan nan nan 0
nan nan nan 0
-0.22739093 0.13548003 -0.0040140529 33
nan nan nan 0
nan nan nan 0
nan nan nan 0
nan nan nan 0
nan nan nan 0
nan nan nan 0
-2.9551466 2.5276937 0.88900882 35
-4.6827478 2.6958535 1.4365129 80
-2.9659851 2.5352049 0.61176604 4
-4.681572 2.704917 1.0432646 5
nan nan nan 0
nan nan nan 0
nan nan nan 0
nan nan nan 0
nan nan nan 0
-0.2288408 0.13792275 -0.0040576844 23
nan nan nan 0
nan nan nan 0
nan nan nan 0
nan nan nan 0
nan nan nan 0
nan nan nan 0
-2.9326928 2.5164599 0.88338923 35
-4.6843123 2.7076428 1.4384515 84
-2.9521885 2.5323346 0.6098128 4
-4.6832156 2.7167728 1.0446944 5
nan nan nan 0
nan nan nan 0
nan nan nan 0
nan nan nan 0
nan nan nan 0
-0.23075984 0.13957968 -0.0041013155 18
nan nan nan 0
nan nan nan 0
nan nan nan 0
nan nan nan 0
nan nan nan 0
nan nan nan 0
-2.90432 2.5195129 0.87889361 35
-4.6804981 2.7382212 1.4416826 92
-2.9165084 2.5283368 0.60512489 4
-4.6837478 2.7499421 1.0480305 5
nan nan nan 0
nan nan nan 0
nan nan nan 0
nan nan nan 0
nan nan nan 0
-0.2257188 0.13824795 -0.0040140529 16
nan nan nan 0
nan nan nan 0
nan nan nan 0
nan nan nan 0
nan nan nan 0
nan nan nan 0
-2.8801539 2.5064712 0.87271219 36
-4.6694617 2.742722 1.4397439 73
-2.9009185 2.5236933 0.60278094 4
-4.6641345 2.7494013 1.0446944 4
nan nan nan 0
nan nan nan 0
nan nan nan 0
nan nan nan 0
nan nan nan 0
-0.2362337 0.14500563 -0.0042322082 12
nan nan nan 0
nan nan nan 0
nan nan nan 0
nan nan nan 0
nan nan nan 0
nan nan nan 0
-2.85741 2.5139673 0.86990243 37
-4.6342669 2.754811 1.4332819 34
-2.8654208 2.5192716 0.59809309 4
-4.6159368 2.7536964 1.0370688 3
nan nan nan 0
nan nan nan 0
nan nan nan 0
nan nan nan 0
nan nan nan 0
-0.23118199 0.14367248 -0.0041449461 9
nan nan nan 0
nan nan nan 0
nan nan nan 0
nan nan nan 0
nan nan nan 0
nan nan nan 0
-2.842504 2.5087755 0.86653072 38
-4.5858798 2.7369416 1.4197116 31
-2.8462126 2.5111923 0.59496784 4
-4.5816321 2.7441196 1.0303965 3
nan nan nan 0
nan nan nan 0
nan nan nan 0
nan nan nan 0
nan nan nan 0
-0.23093089 0.14407575 -0.0041449461 7
nan nan nan 0
nan nan nan 0
nan nan nan 0
nan nan nan 0
nan nan nan 0
nan nan nan 0
-2.8070862 2.5046449 0.85978723 38
-4.5301194 2.735981 1.4067875 31
-2.8146031 2.5096183 0.59106135 4
-4.5147047 2.7363157 1.0184816 3
nan nan nan 0
nan nan nan 0
nan nan nan 0
nan nan nan 0
nan nan nan 0
-0.23230894 0.14658189 -0.0041885772 4
nan nan nan 0
nan nan nan 0
nan nan nan 0
nan nan nan 0
nan nan nan 0
nan nan nan 0
-2.7904487 2.4976721 0.85585362 38
-4.4881463 2.7213776 1.3951559 31
-2.802861 2.5079367 0.5894987 4
-4.4868484 2.7301786 1.0132391 3
nan nan nan 0
nan nan nan 0
nan nan nan 0
nan nan nan 0
nan nan nan 0
-0.21498616 0.13656554 -0.0038395294 2
nan nan nan 0
nan nan nan 0
nan nan nan 0
nan nan nan 0
nan nan nan 0
nan nan nan 0
-2.7660613 2.5029211 0.8524819 39
-4.4388223 2.7234004 1.3841704 31
-2.7750454 2.5093215 0.58637345 4
-4.4369459 2.731792 1.0051371 4
nan nan nan 0
nan nan nan 0
nan nan nan 0
nan nan nan 0
nan nan nan 0
nan nan nan 0
nan nan nan 0
nan nan nan 0
nan nan nan 0
nan nan nan 0
nan nan nan 0
nan nan nan 0
-2.7495058 2.495795 0.84854823 40
-4.3949718 2.7071137 1.3718925 32
-2.7633505 2.50752 0.58481085 4
-4.3966632 2.717627 0.99703497 4
nan nan nan 0
nan nan nan 0
nan nan nan 0
nan nan nan 0
nan nan nan 0
nan nan nan 0
nan nan nan 0
nan nan nan 0
nan nan nan 0
nan nan nan 0
nan nan nan 0
nan nan nan 0
-2.7198157 2.4958034 0.84349066 41
-4.3479257 2.709681 1.3615532 32
-2.7319925 2.5052564 0.5809043 4
-4.3573899 2.7250175 0.99131578 4
nan nan nan 0
nan nan nan 0
nan nan nan 0
nan nan nan 0
nan nan nan 0
-0.20483269 0.13386719 -0.0036650051 2
nan nan nan 0
nan nan nan 0
nan nan nan 0
nan nan nan 0
nan nan nan 0
nan nan nan 0
-2.7033522 2.4885173 0.83955699 44
-4.3145103 2.6993585 1.3525064 32
-2.7094541 2.4932909 0.57699776 4
-4.3110352 2.7065578 0.98178399 4
nan nan nan 0
nan nan nan 0
nan nan nan 0
nan nan nan 0
nan nan nan 0
nan nan nan 0
nan nan nan 0
nan nan nan 0
nan nan nan 0
nan nan nan 0
nan nan nan 0
nan nan nan 0
-2.6755888 2.4898241 0.83506137 45
-4.2696905 2.7025654 1.3428131 33
-2.6819029 2.4939835 0.57387251 5
-4.2719307 2.7133262 0.9760648 4
nan nan nan 0
nan nan nan 0
nan nan nan 0
nan nan nan 0
nan nan nan 0
nan nan nan 0
nan nan nan 0
nan nan nan 0
nan nan nan 0
nan nan nan 0
nan nan nan 0
nan nan nan 0
-2.6574357 2.4807179 0.83056575 44
-4.2262158 2.6854403 1.3305354 32
-2.6685236 2.4902322 0.5719192 5
-4.2319899 2.69838 0.96796268 4
nan nan nan 0
nan nan nan 0
nan nan nan 0
nan nan nan 0
nan nan nan 0
-0.20365669 0.13564958 -0.0036650051 2
nan nan nan 0
nan nan nan 0
nan nan nan 0
nan nan nan 0
nan nan nan 0
nan nan nan 0
-2.6333499 2.4850223 0.82719404 46
-4.1877041 2.6918836 1.3227808 33
-2.6374922 2.4872198 0.56801265 4
-4.1847863 2.6992476 0.96033722 5
nan nan nan 0
-4.2563796 2.7537084 0.61730349 1
nan nan nan 0
nan nan nan 0
nan nan nan 0
nan nan nan 0
nan nan nan 0
nan nan nan 0
nan nan nan 0
nan nan nan 0
nan nan nan 0
nan nan nan 0
-2.6188343 2.4791021 0.82382232 47
-4.1566033 2.6821904 1.3143803 33
-2.6205988 2.4799321 0.56527805 4
-4.1470885 2.6852362 0.9527117 5
nan nan nan 0
-4.1974277 2.7260416 0.60939324 1
nan nan nan 0
nan nan nan 0
nan nan nan 0
-0.19851249 0.13434453 -0.0035777432 3
nan nan nan 0
nan nan nan 0
nan nan nan 0
nan nan nan 0
nan nan nan 0
nan nan nan 0
-2.5877917 2.4763837 0.81820279 46
-4.1081018 2.681509 1.3033948 34
-2.5950918 2.4816668 0.56254351 4
-4.1103754 2.6921434 0.94746917 4
nan nan nan 0
-4.158195 2.7316554 0.60574239 1
nan nan nan 0
nan nan nan 0
nan nan nan 0
nan nan nan 0
nan nan nan 0
nan nan nan 0
nan nan nan 0
nan nan nan 0
nan nan nan 0
nan nan nan 0
-2.5768726 2.4736938 0.81595498 47
-4.0751171 2.6701715 1.2943479 34
-2.5800724 2.4759283 0.56019956 4
-4.0687366 2.6750796 0.93889046 4
nan nan nan 0
-4.1202564 2.7170823 0.60087454 1
nan nan nan 0
nan nan nan 0
nan nan nan 0
-0.20174287 0.13847984 -0.0036650051 3
nan nan nan 0
nan nan nan 0
nan nan nan 0
nan nan nan 0
nan nan nan 0
nan nan nan 0
-2.5459781 2.4706256 0.81033546 48
-4.034894 2.6741526 1.2859472 34
-2.5564427 2.479084 0.55785561 5
-4.0260463 2.6773481 0.93221813 5
nan nan nan 0
-4.0977106 2.7331183 0.59965754 1
nan nan nan 0
nan nan nan 0
nan nan nan 0
-0.1989357 0.138147 -0.003621374 3
nan nan nan 0
nan nan nan 0
nan nan nan 0
nan nan nan 0
nan nan nan 0
nan nan nan 0
-2.528137 2.4610209 0.80583984 47
-4.0020528 2.6624901 1.2769004 35
-2.5361929 2.4680343 0.55433971 4
-3.9968579 2.6680436 0.92649895 5
nan nan nan 0
-4.0557957 2.715451 0.59418118 1
nan nan nan 0
nan nan nan 0
nan nan nan 0
nan nan nan 0
nan nan nan 0
nan nan nan 0
nan nan nan 0
nan nan nan 0
nan nan nan 0
nan nan nan 0
-2.507843 2.4678249 0.80359203 49
-3.9579823 2.663214 1.2672073 35
-2.5126774 2.4708865 0.55199581 4
-3.954339 2.6697366 0.91982669 5
nan nan nan 0
-4.0065708 2.7130301 0.58900911 1
nan nan nan 0
nan nan nan 0
nan nan nan 0
nan nan nan 0
nan nan nan 0
nan nan nan 0
nan nan nan 0
nan nan nan 0
nan nan nan 0
nan nan nan 0
-2.488369 2.456351 0.79853445 49
-3.9192832 2.6471717 1.2562218 34
-2.4995778 2.4665914 0.55004251 4
-3.9171469 2.6546369 0.91220117 5
nan nan nan 0
-3.9710264 2.6991241 0.58444554 1
nan nan nan 0
nan nan nan 0
nan nan nan 0
nan nan nan 0
nan nan nan 0
nan nan nan 0
nan nan nan 0
nan nan nan 0
nan nan nan 0
nan nan nan 0
-2.4664252 2.46117 0.79572469 51
-3.8834186 2.6526942 1.2491136 35
-2.4778905 2.4709225 0.54808927 4
-3.8788855 2.6584852 0.9064821 5
nan nan nan 0
-3.9302385 2.7016315 0.58049041 1
nan nan nan 0
nan nan nan 0
nan nan nan 0
nan nan nan 0
nan nan nan 0
nan nan nan 0
nan nan nan 0
nan nan nan 0
nan nan nan 0
nan nan nan 0
-2.4539526 2.4564197 0.79291493 50
-3.8488853 2.6390121 1.2394205 34
-2.4596179 2.4612627 0.54496402 5
-3.8479373 2.6471941 0.90028632 5
nan nan nan 0
-3.8846416 2.6803412 0.57440561 1
nan nan nan 0
nan nan nan 0
nan nan nan 0
nan nan nan 0
nan nan nan 0
nan nan nan 0
nan nan nan 0
nan nan nan 0
nan nan nan 0
nan nan nan 0
-2.4235127 2.4523244 0.7872954 38
-3.8091969 2.6412647 1.2310199 35
-2.436285 2.4635675 0.54262006 5
-3.8078167 2.6491113 0.89409065 5
nan nan nan 0
-3.8562996 2.6907189 0.57227594 1
nan nan nan 0
nan nan nan 0
nan nan nan 0
nan nan nan 0
nan nan nan 0
nan nan nan 0
nan nan nan 0
nan nan nan 0
nan nan nan 0
nan nan nan 0
-2.417949 2.4543922 0.78673345 50
-3.7768111 2.6286225 1.2219729 35
-2.4215877 2.4572575 0.54027617 5
-3.7830522 2.6417224 0.88932467 5
nan nan nan 0
-3.8088858 2.6675935 0.56588691 1
nan nan nan 0
nan nan nan 0
nan nan nan 0
nan nan nan 0
nan nan nan 0
nan nan nan 0
nan nan nan 0
nan nan nan 0
nan nan nan 0
nan nan nan 0
-2.4097319 2.4726751 0.78841931 67
-3.7353268 2.6289301 1.2129261 36
-2.4104116 2.4716721 0.54066682 7
-3.7350638 2.6374629 0.88122261 5
nan nan nan 0
-3.7685225 2.6688824 0.56193173 1
nan nan nan 0
nan nan nan 0
nan nan nan 0
nan nan nan 0
nan nan nan 0
nan nan nan 0
nan nan nan 0
nan nan nan 0
nan nan nan 0
nan nan nan 0
-2.4143271 2.4851983 0.79122907 70
-3.7050719 2.617357 1.2045255 36
-2.4146938 2.4847341 0.54262006 6
-3.7064109 2.6269722 0.87550342 6
nan nan nan 0
-3.7334995 2.6539202 0.55736816 1
nan nan nan 0
nan nan nan 0
nan nan nan 0
nan nan nan 0
nan nan nan 0
nan nan nan 0
nan nan nan 0
nan nan nan 0
nan nan nan 0
nan nan nan 0
-2.4025328 2.4999819 0.79179108 69
-3.6696842 2.6213019 1.1974171 37
-2.4050722 2.5009048 0.54340142 6
-3.6666546 2.6277847 0.86930776 5
nan nan nan 0
-3.6993887 2.6589701 0.55432576 1
nan nan nan 0
nan nan nan 0
nan nan nan 0
nan nan nan 0
nan nan nan 0
nan nan nan 0
nan nan nan 0
nan nan nan 0
nan nan nan 0
nan nan nan 0
-2.4120767 2.5178325 0.79628664 75
-3.6415334 2.6108406 1.1896627 37
-2.4143639 2.5193682 0.54652661 7
-3.6341505 2.6141455 0.86263543 5
nan nan nan 0
-3.6564789 2.6378767 0.54854518 1
nan nan nan 0
nan nan nan 0
nan nan nan 0
nan nan nan 0
nan nan nan 0
nan nan nan 0
nan nan nan 0
nan nan nan 0
nan nan nan 0
nan nan nan 0
-2.4034426 2.5361536 0.7979725 72
-3.5984616 2.6086402 1.1799697 36
-2.4011395 2.5319753 0.54652661 7
-3.6025372 2.6201646 0.8583461 5
nan nan nan 0
-3.6165364 2.6380022 0.54459006 1
nan nan nan 0
nan nan nan 0
nan nan nan 0
nan nan nan 0
nan nan nan 0
nan nan nan 0
nan nan nan 0
nan nan nan 0
nan nan nan 0
nan nan nan 0
-2.4011281 2.5416975 0.79853445 74
-3.578269 2.6035664 1.1748 36
-2.4051919 2.5451403 0.54847991 7
-3.5701871 2.6062191 0.85167372 6
nan nan nan 0
-3.589886 2.6282084 0.54124343 1
nan nan nan 0
nan nan nan 0
nan nan nan 0
nan nan nan 0
nan nan nan 0
nan nan nan 0
nan nan nan 0
nan nan nan 0
nan nan nan 0
nan nan nan 0
-2.39399 2.5617743 0.80078226 75
-3.5392785 2.6036885 1.1663994 36
-2.3935182 2.5595031 0.54887056 7
-3.5406833 2.6132343 0.84786093 7
nan nan nan 0
-3.5601075 2.6351748 0.53880948 1
nan nan nan 0
nan nan nan 0
nan nan nan 0
nan nan nan 0
nan nan nan 0
nan nan nan 0
nan nan nan 0
nan nan nan 0
nan nan nan 0
nan nan nan 0
-2.3999197 2.5762315 0.80415398 79
-3.5094526 2.5912397 1.1579987 37
-2.39746 2.5727136 0.55082381 7
-3.5104611 2.6004465 0.84166527 7
nan nan nan 0
-3.5315821 2.6236517 0.53515863 1
nan nan nan 0
nan nan nan 0
nan nan nan 0
nan nan nan 0
nan nan nan 0
nan nan nan 0
nan nan nan 0
nan nan nan 0
nan nan nan 0
nan nan nan 0
-2.385946 2.5891786 0.80415398 89
-3.4687209 2.5893829 1.1489518 36
-2.3873024 2.5888641 0.55160517 8
-3.4673085 2.5967553 0.83451641 8
-2.5442524 2.7592561 0.3253088 1
-3.4919829 2.6227608 0.53120351 2
nan nan nan 0
nan nan nan 0
nan nan nan 0
nan nan nan 0
nan nan nan 0
nan nan nan 0
nan nan nan 0
nan nan nan 0
nan nan nan 0
nan nan nan 0
-2.3934054 2.6054876 0.80808765 71
-3.4467876 2.5824192 1.143136 37
-2.3877897 2.5984838 0.55277711 8
-3.4451013 2.5895505 0.83022702 8
-2.5293279 2.7526844 0.32400149 1
-3.4735181 2.6184099 0.52907383 2
nan nan nan 0
nan nan nan 0
nan nan nan 0
nan nan nan 0
nan nan nan 0
nan nan nan 0
nan nan nan 0
nan nan nan 0
nan nan nan 0
nan nan nan 0
-2.3759985 2.6147912 0.80696374 65
-3.4139521 2.58587 1.136674 38
-2.370831 2.607295 0.55199581 8
-3.4099839 2.5912428 0.82498449 8
-2.504833 2.7548289 0.32269412 1
-3.4360588 2.6185377 0.52542293 2
nan nan nan 0
nan nan nan 0
nan nan nan 0
nan nan nan 0
nan nan nan 0
nan nan nan 0
nan nan nan 0
nan nan nan 0
nan nan nan 0
nan nan nan 0
-2.3751574 2.622133 0.80808765 60
-3.3921158 2.5786896 1.1308582 38
-2.3778763 2.624244 0.55473042 7
-3.3839731 2.5808427 0.8197419 9
-2.4966786 2.7555039 0.32225835 1
-3.4157026 2.6124873 0.52298903 2
nan nan nan 0
nan nan nan 0
nan nan nan 0
nan nan nan 0
nan nan nan 0
nan nan nan 0
nan nan nan 0
nan nan nan 0
nan nan nan 0
nan nan nan 0
-2.372308 2.6476512 0.81202132 60
-3.3555701 2.5787809 1.1231036 38
-2.3690455 2.6421764 0.55590236 8
-3.356797 2.5880513 0.81640577 9
-2.4722466 2.7574074 0.32095101 1
-3.3764355 2.610631 0.51903391 2
nan nan nan 0
nan nan nan 0
nan nan nan 0
nan nan nan 0
nan nan nan 0
nan nan nan 0
nan nan nan 0
nan nan nan 0
nan nan nan 0
nan nan nan 0
-2.3713896 2.6550097 0.81314522 38
-3.3300107 2.5684321 1.1159954 38
-2.3644307 2.6463072 0.55590236 8
-3.3309073 2.5774088 0.81116331 9
nan nan nan 0
-3.350292 2.5998094 0.51568723 2
nan nan nan 0
nan nan nan 0
nan nan nan 0
nan nan nan 0
nan nan nan 0
nan nan nan 0
nan nan nan 0
nan nan nan 0
nan nan nan 0
nan nan nan 0
-4.5411515 5.142633 1.5745908 29
-3.2974551 2.5710042 1.1095334 38
-4.5801172 5.1831627 1.0887561 1
-3.3038232 2.5842445 0.80782706 9
nan nan nan 0
-3.319047 2.6035509 0.51294905 2
nan nan nan 0
nan nan nan 0
nan nan nan 0
nan nan nan 0
nan nan nan 0
nan nan nan 0
nan nan nan 0
nan nan nan 0
nan nan nan 0
nan nan nan 0
-4.5024962 5.1150098 1.5639137 30
-3.2758303 2.5633798 1.1037176 41
-4.5286484 5.1429534 1.078599 4
-3.2799873 2.5748739 0.80306119 9
nan nan nan 0
-3.2969353 2.5955443 0.51021093 2
nan nan nan 0
nan nan nan 0
nan nan nan 0
nan nan nan 0
nan nan nan 0
nan nan nan 0
nan nan nan 0
nan nan nan 0
nan nan nan 0
nan nan nan 0
-4.4603634 5.122757 1.5588561 30
-3.2471974 2.5685277 1.0985479 42
-4.4821987 5.144249 1.0739112 4
-3.2529917 2.5813487 0.79972494 10
nan nan nan 0
-3.2658103 2.5988841 0.50747275 2
nan nan nan 0
nan nan nan 0
nan nan nan 0
nan nan nan 0
nan nan nan 0
nan nan nan 0
nan nan nan 0
nan nan nan 0
nan nan nan 0
nan nan nan 0
-4.4235783 5.0966334 1.548741 29
-3.2180977 2.5546982 1.0901471 40
-4.4521742 5.1278186 1.0688326 4
-3.2215812 2.5656478 0.79305267 10
nan nan nan 0
-3.2360411 2.5844769 0.50351763 2
nan nan nan 0
nan nan nan 0
nan nan nan 0
nan nan nan 0
nan nan nan 0
nan nan nan 0
nan nan nan 0
nan nan nan 0
nan nan nan 0
nan nan nan 0
-4.3832483 5.1057024 1.5442454 30
-3.1877098 2.5579293 1.0843313 42
-4.4140048 5.1379457 1.0660981 5
-3.1870558 2.5655763 0.78781009 10
nan nan nan 0
-3.2089372 2.5904894 0.50138795 2
nan nan nan 0
nan nan nan 0
nan nan nan 0
nan nan nan 0
nan nan nan 0
nan nan nan 0
nan nan nan 0
nan nan nan 0
nan nan nan 0
nan nan nan 0
-4.362556 5.0977716 1.5397497 33
-3.166297 2.549876 1.0785156 42
-4.385767 5.123127 1.0614102 5
-3.163466 2.5557337 0.78304422 11
nan nan nan 0
-3.1851127 2.5804865 0.49834552 2
nan nan nan 0
nan nan nan 0
nan nan nan 0
nan nan nan 0
nan nan nan 0
nan nan nan 0
nan nan nan 0
nan nan nan 0
nan nan nan 0
nan nan nan 0
-4.336484 5.1231604 1.5403117 33
-3.1322803 2.5496721 1.0714073 42
-4.3525004 5.1384816 1.0598476 7
-3.1329172 2.5583117 0.77875489 12
nan nan nan 0
-3.1523421 2.5814283 0.49530312 2
nan nan nan 0
nan nan nan 0
nan nan nan 0
nan nan nan 0
nan nan nan 0
nan nan nan 0
nan nan nan 0
nan nan nan 0
nan nan nan 0
nan nan nan 0
-4.345706 5.1504507 1.5464932 33
-3.1147215 2.5444551 1.0668839 43
-4.359447 5.1649442 1.0637541 8
-3.105648 2.5451345 0.77303571 12
nan nan nan 0
-3.1267247 2.5696194 0.4919565 2
nan nan nan 0
nan nan nan 0
nan nan nan 0
nan nan nan 0
nan nan nan 0
nan nan nan 0
nan nan nan 0
nan nan nan 0
nan nan nan 0
nan nan nan 0
-4.3286982 5.1869831 1.5504268 33
-3.0845795 2.5469093 1.0610681 43
-4.3560777 5.2161355 1.0696139 9
-3.0809288 2.5519807 0.77017617 13
nan nan nan 0
-3.0941212 2.5701218 0.4889141 2
nan nan nan 0
nan nan nan 0
nan nan nan 0
nan nan nan 0
nan nan nan 0
nan nan nan 0
nan nan nan 0
nan nan nan 0
nan nan nan 0
nan nan nan 0
-4.3407903 5.2181273 1.5577322 33
-3.061516 2.5369015 1.054606 44
-4.3564405 5.2351213 1.0719578 8
-3.0632467 2.5463874 0.76683998 13
nan nan nan 0
-3.0724604 2.5612376 0.48617592 2
nan nan nan 0
nan nan nan 0
nan nan nan 0
nan nan nan 0
nan nan nan 0
nan nan nan 0
nan nan nan 0
nan nan nan 0
nan nan nan 0
nan nan nan 0
-4.3264194 5.258471 1.5627898 33
-3.0296581 2.5374119 1.0481439 45
-4.3399534 5.2712069 1.0746925 8
-3.027302 2.5434735 0.76112086 15
nan nan nan 0
-3.0343144 2.5565329 0.4822208 2
nan nan nan 0
nan nan nan 0
nan nan nan 0
nan nan nan 0
nan nan nan 0
nan nan nan 0
nan nan nan 0
nan nan nan 0
nan nan nan 0
nan nan nan 0
-4.3335962 5.284101 1.5684093 35
-3.0048685 2.5256269 1.0410357 43
-4.3426304 5.2913818 1.077427 9
-3.0134678 2.5408542 0.75873792 17
nan nan nan 0
-3.0189133 2.5516982 0.48039538 2
nan nan nan 0
nan nan nan 0
nan nan nan 0
nan nan nan 0
nan nan nan 0
nan nan nan 0
nan nan nan 0
nan nan nan 0
nan nan nan 0
nan nan nan 0
-4.3258157 5.3313155 1.5757147 43
-2.9754629 2.5267541 1.0352199 44
-4.3335366 5.3370557 1.0821149 16
-2.9856086 2.54336 0.75492513 19
nan nan nan 0
-2.9904027 2.5545936 0.47796145 3
nan nan nan 0
nan nan nan 0
nan nan nan 0
nan nan nan 0
nan nan nan 0
nan nan nan 0
nan nan nan 0
nan nan nan 0
nan nan nan 0
nan nan nan 0
-4.3195667 5.3426471 1.5768386 48
-2.9563284 2.519429 1.0300502 46
-4.3242154 5.3446112 1.0821149 21
-2.9657841 2.5363443 0.75111234 19
nan nan nan 0
-2.9708536 2.546906 0.47552755 2
nan nan nan 0
nan nan nan 0
nan nan nan 0
nan nan nan 0
nan nan nan 0
nan nan nan 0
nan nan nan 0
nan nan nan 0
nan nan nan 0
nan nan nan 0
-4.2753892 5.3469095 1.5712191 34
-2.9280021 2.5227938 1.0248805 47
-4.2782707 5.3467164 1.0778177 18
-2.9357362 2.5374148 0.74682307 20
nan nan nan 0
-2.9420137 2.549958 0.4730936 2
nan nan nan 0
nan nan nan 0
nan nan nan 0
nan nan nan 0
nan nan nan 0
nan nan nan 0
nan nan nan 0
nan nan nan 0
nan nan nan 0
nan nan nan 0
-4.2472539 5.3288493 1.5639137 32
-2.9016497 2.5089717 1.0171261 41
-4.2627773 5.3464503 1.0762551 15
-2.9090328 2.5232644 0.74110389 20
-3.0963171 3.8826427 0.43142092 1
-2.9206915 2.540452 0.47035545 2
nan nan nan 0
nan nan nan 0
nan nan nan 0
nan nan nan 0
nan nan nan 0
nan nan nan 0
nan nan nan 0
nan nan nan 0
nan nan nan 0
nan nan nan 0
-4.204793 5.3345284 1.5588561 32
-2.8793709 2.5161953 1.013895 43
-4.2209663 5.351244 1.0727391 16
-2.8865445 2.5303836 0.73872095 22
-3.0651522 3.8851106 0.4298957 1
-2.8886933 2.5393486 0.46731305 3
nan nan nan 0
nan nan nan 0
nan nan nan 0
nan nan nan 0
nan nan nan 0
nan nan nan 0
nan nan nan 0
nan nan nan 0
-0.14981262 0.18777379 -0.054927394 5
nan nan nan 0
-4.1753459 5.3143029 1.5509888 31
-2.8513453 2.500545 1.0054944 48
-4.1933165 5.3353009 1.0680513 17
-2.863678 2.5192301 0.73395497 22
-3.0645208 3.898289 0.43076727 1
-2.8637667 2.5263534 0.4639664 3
nan nan nan 0
nan nan nan 0
nan nan nan 0
nan nan nan 0
nan nan nan 0
nan nan nan 0
nan nan nan 0
nan nan nan 0
nan nan nan 0
nan nan nan 0
-4.1330853 5.3195 1.5459313 31
-2.8255482 2.5042434 1.000971 45
-4.1532021 5.3415856 1.0649261 18
-2.8339236 2.5195339 0.72966564 23
-3.0242012 3.888716 0.42793471 1
-2.8393743 2.5314188 0.46214095 3
nan nan nan 0
nan nan nan 0
nan nan nan 0
nan nan nan 0
nan nan nan 0
nan nan nan 0
nan nan nan 0
nan nan nan 0
nan nan nan 0
nan nan nan 0
-4.1053405 5.3009424 1.5386258 31
-2.8157539 2.5043626 0.99903238 43
-4.1227083 5.3214917 1.0594569 18
-2.8166895 2.5130548 0.72632951 23
-2.9823411 3.8486967 0.42292324 1
-2.8127365 2.5165427 0.45849007 3
nan nan nan 0
nan nan nan 0
nan nan nan 0
nan nan nan 0
nan nan nan 0
nan nan nan 0
nan nan nan 0
nan nan nan 0
nan nan nan 0
nan nan nan 0
-4.0632749 5.3056669 1.5335683 31
-2.7810249 2.4997246 0.99127787 53
-4.0842786 5.3292828 1.0567223 21
-2.7907202 2.5162802 0.72299331 25
-2.9591196 3.8603051 0.42248747 1
-2.7884657 2.5212636 0.45666462 3
nan nan nan 0
nan nan nan 0
nan nan nan 0
nan nan nan 0
nan nan nan 0
nan nan nan 0
nan nan nan 0
nan nan nan 0
nan nan nan 0
nan nan nan 0
-4.0445924 5.2984853 1.5296346 31
-2.7676816 2.4964981 0.98804688 51
-4.0569944 5.3128481 1.0520345 21
-2.7717497 2.507992 0.71918052 25
-2.9357574 3.8436856 0.42009068 1
-2.7693434 2.5128047 0.4542307 3
nan nan nan 0
nan nan nan 0
nan nan nan 0
nan nan nan 0
nan nan nan 0
nan nan nan 0
nan nan nan 0
nan nan nan 0
nan nan nan 0
nan nan nan 0
-4.0026622 5.3027887 1.524577 31
-2.7349167 2.4930832 0.98093861 51
-4.0172181 5.3182507 1.0489092 21
-2.7477009 2.512547 0.71632099 26
-2.9065886 3.8470786 0.41878334 1
-2.7488248 2.520571 0.45301375 3
nan nan nan 0
nan nan nan 0
nan nan nan 0
nan nan nan 0
nan nan nan 0
nan nan nan 0
nan nan nan 0
nan nan nan 0
nan nan nan 0
nan nan nan 0
-3.9767599 5.2857051 1.5178337 31
-2.7198582 2.4880857 0.97706145 52
-3.9930868 5.3055205 1.0450027 22
-2.7252092 2.5007684 0.71155506 26
-2.8968751 3.848165 0.41834754 1
-2.7297971 2.5119407 0.45057982 3
nan nan nan 0
nan nan nan 0
nan nan nan 0
nan nan nan 0
nan nan nan 0
nan nan nan 0
nan nan nan 0
nan nan nan 0
nan nan nan 0
nan nan nan 0
-3.9364762 5.2915049 1.5133381 32
-2.694365 2.4908326 0.97253793 49
-3.9505126 5.3065448 1.0410961 22
-2.7012684 2.5050039 0.70869553 27
-2.863307 3.8452971 0.41638654 1
-2.7038727 2.5143867 0.44845015 3
nan nan nan 0
nan nan nan 0
nan nan nan 0
nan nan nan 0
-0.14367616 0.19025846 -0.024947701 5
nan nan nan 0
nan nan nan 0
nan nan nan 0
nan nan nan 0
nan nan nan 0
-3.9180064 5.2839808 1.5094043 32
-2.6793785 2.4856899 0.96866077 50
-3.9324217 5.3015294 1.0387522 23
-2.6753087 2.4896791 0.70297641 28
-2.8343446 3.8202784 0.41311821 1
-2.6885824 2.5089574 0.4466247 3
nan nan nan 0
nan nan nan 0
nan nan nan 0
nan nan nan 0
nan nan nan 0
nan nan nan 0
nan nan nan 0
nan nan nan 0
nan nan nan 0
nan nan nan 0
-3.873523 5.2834868 1.5032228 31
-2.6504512 2.4848392 0.96284491 51
-3.8870878 5.2981505 1.0340643 23
-2.6514966 2.4935784 0.70011681 28
-2.7715957 3.7768216 0.40679944 1
-2.657335 2.5059981 0.4435823 3
nan nan nan 0
nan nan nan 0
nan nan nan 0
nan nan nan 0
nan nan nan 0
nan nan nan 0
nan nan nan 0
nan nan nan 0
nan nan nan 0
nan nan nan 0
-3.8565989 5.277761 1.4998511 30
-2.6267385 2.471283 0.9557367 49
-3.8632681 5.2849874 1.0301578 23
-2.6292713 2.4813807 0.69535083 28
-2.7106411 3.7072458 0.39873752 1
-2.6349127 2.4935982 0.4405399 3
nan nan nan 0
nan nan nan 0
nan nan nan 0
nan nan nan 0
nan nan nan 0
nan nan nan 0
nan nan nan 0
nan nan nan 0
nan nan nan 0
nan nan nan 0
-2.4233723 3.3531516 0.94632798 5
-2.605001 2.4766936 0.95250565 49
nan nan nan 0
-2.6073523 2.486656 0.69296789 29
nan nan nan 0
-2.6110475 2.4970837 0.43871447 3
nan nan nan 0
nan nan nan 0
nan nan nan 0
nan nan nan 0
nan nan nan 0
nan nan nan 0
nan nan nan 0
nan nan nan 0
nan nan nan 0
nan nan nan 0
-2.4109876 3.3470678 0.94351816 46
-2.5866785 2.4679174 0.94733602 46
-2.4153364 3.3519073 0.64809698 25
-2.5870316 2.4759514 0.68867856 30
nan nan nan 0
-2.5905528 2.4861937 0.4359763 3
nan nan nan 0
nan nan nan 0
nan nan nan 0
nan nan nan 0
nan nan nan 0
nan nan nan 0
nan nan nan 0
nan nan nan 0
nan nan nan 0
nan nan nan 0
-2.3801336 3.3421991 0.93846059 62
-2.5650172 2.4730575 0.94410497 53
-2.3891597 3.3524389 0.64575303 36
-2.5599022 2.4758322 0.68486577 31
-2.3921442 3.3566413 0.35755643 2
-2.5650153 2.4876466 0.43384659 3
nan nan nan 0
nan nan nan 0
nan nan nan 0
nan nan nan 0
nan nan nan 0
nan nan nan 0
nan nan nan 0
nan nan nan 0
nan nan nan 0
nan nan nan 0
-2.36079 3.3260622 0.93284112 55
-2.5485327 2.4657915 0.93958157 49
-2.3718755 3.3404911 0.64262778 37
-2.5485241 2.4734685 0.68295944 32
-2.3834002 3.3567486 0.35712066 2
-2.5464261 2.4782922 0.43141267 3
nan nan nan 0
nan nan nan 0
nan nan nan 0
nan nan nan 0
nan nan nan 0
nan nan nan 0
nan nan nan 0
nan nan nan 0
nan nan nan 0
nan nan nan 0
-2.3329718 3.3248234 0.92890739 62
-2.5252128 2.4689851 0.93570429 50
-2.3401718 3.3326499 0.63872129 38
-2.5232577 2.4747653 0.67962325 33
-2.3529193 3.350832 0.35515964 2
-2.5281005 2.4863782 0.43049997 3
nan nan nan 0
nan nan nan 0
nan nan nan 0
nan nan nan 0
nan nan nan 0
nan nan nan 0
nan nan nan 0
nan nan nan 0
nan nan nan 0
nan nan nan 0
-2.322166 3.3204958 0.92665964 71
-2.5036387 2.4564974 0.92924231 48
-2.323035 3.3205373 0.63559604 44
-2.5031729 2.4636927 0.67533392 33
-2.3399341 3.344727 0.35407022 2
-2.5078421 2.4751196 0.42776179 3
nan nan nan 0
nan nan nan 0
nan nan nan 0
nan nan nan 0
nan nan nan 0
nan nan nan 0
nan nan nan 0
nan nan nan 0
nan nan nan 0
nan nan nan 0
-2.3041663 3.3330116 0.92665964 76
-2.4855907 2.4644783 0.92730361 46
-2.3014052 3.326561 0.63442403 53
-2.4745581 2.46121 0.67104459 34
-2.3209732 3.3548844 0.35385233 3
-2.4790151 2.4724665 0.42502365 3
nan nan nan 0
nan nan nan 0
nan nan nan 0
nan nan nan 0
nan nan nan 0
nan nan nan 0
nan nan nan 0
nan nan nan 0
nan nan nan 0
nan nan nan 0
-2.3003092 3.3386335 0.9272216 74
-2.462429 2.4501004 0.9201954 50
-2.303998 3.3427753 0.63676798 60
-2.4650407 2.460331 0.66961473 35
-2.3137019 3.3568788 0.35363442 2
-2.4711838 2.4732833 0.42441517 3
nan nan nan 0
nan nan nan 0
nan nan nan 0
nan nan nan 0
nan nan nan 0
nan nan nan 0
nan nan nan 0
nan nan nan 0
nan nan nan 0
nan nan nan 0
-2.2863226 3.3570726 0.92890739 59
-2.4444509 2.45783 0.91825682 52
-2.2836843 3.3507111 0.63598663 45
-2.4417436 2.4627612 0.6667552 36
-2.2974954 3.371006 0.35385233 2
-2.4354897 2.4632788 0.42046005 3
nan nan nan 0
nan nan nan 0
nan nan nan 0
nan nan nan 0
nan nan nan 0
nan nan nan 0
nan nan nan 0
nan nan nan 0
nan nan nan 0
nan nan nan 0
-2.2960851 3.3828382 0.93508887 58
-2.4214318 2.4432487 0.91114855 43
-2.2930806 3.3771703 0.64028388 45
-2.4253516 2.4548147 0.66341907 33
-2.2972002 3.3832548 0.35472384 2
-2.4364183 2.4728217 0.42137274 3
nan nan nan 0
nan nan nan 0
nan nan nan 0
nan nan nan 0
nan nan nan 0
nan nan nan 0
nan nan nan 0
nan nan nan 0
nan nan nan 0
nan nan nan 0
-2.2845297 3.4053299 0.9378987 63
-2.4018323 2.4490061 0.90856373 48
-2.2863698 3.4055364 0.64340913 52
-2.3987212 2.45346 0.65960634 35
-2.2974885 3.4221251 0.35755643 3
-2.4078257 2.4695752 0.41863459 4
nan nan nan 0
nan nan nan 0
nan nan nan 0
nan nan nan 0
nan nan nan 0
nan nan nan 0
nan nan nan 0
nan nan nan 0
nan nan nan 0
nan nan nan 0
-2.2967672 3.4352484 0.94520408 94
-2.4043157 2.460094 0.91114855 71
-2.2927694 3.4279997 0.64692503 72
-2.4012952 2.4646647 0.66151267 50
-2.3081162 3.4509788 0.36017108 3
-2.4208269 2.4915481 0.42167699 4
nan nan nan 0
nan nan nan 0
nan nan nan 0
nan nan nan 0
nan nan nan 0
nan nan nan 0
nan nan nan 0
nan nan nan 0
nan nan nan 0
nan nan nan 0
-2.2808313 3.4516904 0.94632798 96
-2.3947644 2.4761167 0.91244096 77
-2.2829559 3.4523196 0.64926893 94
-2.3934743 2.4824972 0.66294247 55
-2.2913883 3.4650948 0.36038899 3
-2.4060256 2.5024028 0.42137274 4
nan nan nan 0
nan nan nan 0
nan nan nan 0
nan nan nan 0
nan nan nan 0
nan nan nan 0
nan nan nan 0
nan nan nan 0
nan nan nan 0
nan nan nan 0
-2.2700512 3.4471285 0.94408011 88
-2.4055433 2.4959223 0.91825682 77
-2.2755692 3.4542358 0.64887828 88
-2.4027591 2.5008106 0.6667552 56
-2.2908134 3.4774103 0.36126056 3
-2.4033735 2.5083878 0.42167699 4
nan nan nan 0
nan nan nan 0
nan nan nan 0
nan nan nan 0
nan nan nan 0
nan nan nan 0
nan nan nan 0
nan nan nan 0
nan nan nan 0
nan nan nan 0
-2.2434003 3.4471064 0.94070846 78
-2.3991184 2.5154653 0.92084163 76
-2.2507184 3.4557548 0.64692503 74
-2.3947117 2.5186861 0.668185 59
-2.2684999 3.4830947 0.36060688 3
-2.3987553 2.5299299 0.42319819 4
nan nan nan 0
nan nan nan 0
nan nan nan 0
nan nan nan 0
nan nan nan 0
nan nan nan 0
nan nan nan 0
nan nan nan 0
nan nan nan 0
nan nan nan 0
-2.234009 3.4444928 0.93902254 84
-2.4013884 2.5266418 0.92342645 75
-2.2339389 3.4431014 0.64379978 68
-2.4004538 2.5335376 0.67104459 61
-2.2434528 3.4577904 0.35755643 3
-2.3994558 2.5395169 0.42411092 4
nan nan nan 0
nan nan nan 0
nan nan nan 0
nan nan nan 0
nan nan nan 0
nan nan nan 0
nan nan nan 0
nan nan nan 0
nan nan nan 0
nan nan nan 0
-2.207459 3.4442203 0.93565089 85
-2.3964109 2.547966 0.9266575 74
-2.2078876 3.4422762 0.64145589 68
-2.3921983 2.5514359 0.67247432 62
-2.2239738 3.4673924 0.35733855 3
-2.3912172 2.5574765 0.42502365 4
nan nan nan 0
nan nan nan 0
nan nan nan 0
nan nan nan 0
nan nan nan 0
nan nan nan 0
nan nan nan 0
nan nan nan 0
nan nan nan 0
nan nan nan 0
-2.1981146 3.4415224 0.93396497 84
-2.3952677 2.5556643 0.92794985 75
-2.1978903 3.4398801 0.64028388 68
-2.3910973 2.5591893 0.67342752 62
-2.2058587 3.4523757 0.35537753 3
-2.3969133 2.572526 0.4268491 4
nan nan nan 0
nan nan nan 0
nan nan nan 0
nan nan nan 0
nan nan nan 0
nan nan nan 0
nan nan nan 0
nan nan nan 0
nan nan nan 0
nan nan nan 0
-2.175565 3.4471836 0.93227917 87
-2.3900764 2.5770135 0.93118089 78
-2.1745787 3.4429879 0.63872129 72
-2.3860064 2.5806727 0.67581046 64
-2.181107 3.4533463 0.3542881 3
-2.388464 2.5905075 0.42776179 4
nan nan nan 0
nan nan nan 0
nan nan nan 0
nan nan nan 0
nan nan nan 0
nan nan nan 0
nan nan nan 0
nan nan nan 0
nan nan nan 0
nan nan nan 0
-2.15978 3.4340947 0.92778355 83
-2.3921411 2.5882668 0.93376571 85
-2.1619961 3.4363246 0.63676798 73
-2.3848293 2.588439 0.67676371 73
-2.1737514 3.4550393 0.35407022 3
-2.3873014 2.5983224 0.4283703 4
nan nan nan 0
nan nan nan 0
nan nan nan 0
nan nan nan 0
nan nan nan 0
nan nan nan 0
nan nan nan 0
nan nan nan 0
nan nan nan 0
nan nan nan 0
-2.1385984 3.4415903 0.92665964 83
-2.3850849 2.6078763 0.93635052 74
-2.1361556 3.4350126 0.63442403 72
-2.3811781 2.6117587 0.67962325 60
-2.1451173 3.4494498 0.35232711 3
-2.3736641 2.6107867 0.4283703 4
nan nan nan 0
nan nan nan 0
nan nan nan 0
nan nan nan 0
nan nan nan 0
nan nan nan 0
nan nan nan 0
nan nan nan 0
nan nan nan 0
nan nan nan 0
-2.1229379 3.4283719 0.92216402 81
-2.3740134 2.6049039 0.93376571 59
-2.1236606 3.4282372 0.63247079 73
-2.3683531 2.6068392 0.67724031 46
-2.1338515 3.4447172 0.35145551 3
-2.3791142 2.625946 0.43019572 4
nan nan nan 0
nan nan nan 0
nan nan nan 0
nan nan nan 0
nan nan nan 0
nan nan nan 0
nan nan nan 0
nan nan nan 0
nan nan nan 0
nan nan nan 0
-2.0980062 3.4294145 0.9193542 78
-2.3668206 2.6244638 0.93635052 53
-2.1018162 3.4329898 0.63129884 73
-2.3612437 2.6264958 0.67914665 44
-2.1079893 3.443095 0.3501482 3
-2.3636734 2.6365216 0.4298915 3
nan nan nan 0
nan nan nan 0
nan nan nan 0
nan nan nan 0
nan nan nan 0
nan nan nan 0
nan nan nan 0
nan nan nan 0
nan nan nan 0
nan nan nan 0
-2.0862815 3.4223032 0.91654444 75
-2.3687027 2.6357672 0.93893534 53
-2.0906823 3.4282176 0.62973619 74
-2.3664954 2.6415675 0.68200624 44
-2.0993853 3.4425149 0.3497124 3
-2.3640349 2.646188 0.43080422 3
nan nan nan 0
nan nan nan 0
nan nan nan 0
nan nan nan 0
nan nan nan 0
nan nan nan 0
nan nan nan 0
nan nan nan 0
nan nan nan 0
nan nan nan 0
-2.0652232 3.4293659 0.91542053 85
-2.3612983 2.655344 0.94152015 44
-2.0676095 3.4306557 0.62817359 79
-2.3656747 2.6685972 0.68581897 39
-2.0710552 3.4363911 0.34796929 3
-2.3534389 2.6622438 0.43141267 2
nan nan nan 0
nan nan nan 0
nan nan nan 0
nan nan nan 0
nan nan nan 0
nan nan nan 0
nan nan nan 0
nan nan nan 0
nan nan nan 0
nan nan nan 0
-2.0498142 3.4158907 0.91092491 80
-2.3646805 2.6684883 0.9447512 8
-2.0539989 3.4215529 0.6258297 75
-4.5576415 5.1529403 1.3292211 24
-2.0612118 3.4335926 0.34731564 4
-4.5433226 5.1511827 0.83787769 1
nan nan nan 0
nan nan nan 0
nan nan nan 0
nan nan nan 0
nan nan nan 0
nan nan nan 0
nan nan nan 0
nan nan nan 0
nan nan nan 0
nan nan nan 0
-2.0275793 3.4206429 0.90923911 82
-4.4969587 5.1221766 1.8145427 28
-2.0322795 3.4258876 0.62465769 81
-4.4853086 5.1250539 1.3158764 27
-2.0393968 3.4379106 0.34666198 3
-4.4673033 5.1188464 0.82875049 1
nan nan nan 0
nan nan nan 0
nan nan nan 0
nan nan nan 0
nan nan nan 0
nan nan nan 0
nan nan nan 0
nan nan nan 0
nan nan nan 0
nan nan nan 0
-2.012301 3.4070389 0.90474349 77
-4.4625502 5.1009526 1.8042034 28
-2.0200212 3.4187968 0.62270439 75
-4.4586 5.1125407 1.3106339 27
-2.0194685 3.417872 0.34426516 3
-4.4551034 5.1228933 0.82814199 2
nan nan nan 0
nan nan nan 0
nan nan nan 0
nan nan nan 0
nan nan nan 0
nan nan nan 0
nan nan nan 0
nan nan nan 0
nan nan nan 0
nan nan nan 0
-1.9913845 3.413667 0.90361959 81
-4.4247074 5.111474 1.7996799 29
-1.9996049 3.4250605 0.62192309 77
-4.4221425 5.1246743 1.3077743 28
-1.9990357 3.4240966 0.34382939 4
-4.4217401 5.1386304 0.82692504 3
nan nan nan 0
nan nan nan 0
nan nan nan 0
nan nan nan 0
nan nan nan 0
nan nan nan 0
nan nan nan 0
nan nan nan 0
nan nan nan 0
nan nan nan 0
-1.9811273 3.4083641 0.90137172 82
-4.3968349 5.0972571 1.7919254 29
-1.9874228 3.4178693 0.61996984 77
-4.3859692 5.1007686 1.2996722 27
-1.9893037 3.4211197 0.34317574 4
-4.4014487 5.1331606 0.82479531 3
nan nan nan 0
nan nan nan 0
nan nan nan 0
nan nan nan 0
nan nan nan 0
nan nan nan 0
nan nan nan 0
nan nan nan 0
nan nan nan 0
nan nan nan 0
-1.9578105 3.4105802 0.89912397 85
-4.3559647 5.1036863 1.7861096 29
-1.9633546 3.41752 0.61801654 77
-4.3401031 5.1012468 1.2939531 29
-1.9639261 3.4185281 0.3418684 4
-4.3536258 5.1315522 0.82084024 3
nan nan nan 0
nan nan nan 0
nan nan nan 0
nan nan nan 0
nan nan nan 0
nan nan nan 0
nan nan nan 0
nan nan nan 0
nan nan nan 0
nan nan nan 0
-1.9488252 3.4073057 0.89743805 79
-4.3470502 5.1112814 1.7861096 33
-1.9537109 3.41451 0.61684459 76
-4.3407226 5.120039 1.2968127 32
-1.9542493 3.4154639 0.34121475 4
-4.3542829 5.150506 0.82266563 4
nan nan nan 0
nan nan nan 0
nan nan nan 0
nan nan nan 0
nan nan nan 0
nan nan nan 0
nan nan nan 0
nan nan nan 0
nan nan nan 0
nan nan nan 0
-1.9279678 3.4135566 0.8963142 87
-4.3326774 5.1487465 1.7912792 32
-1.9297357 3.4139414 0.61489129 78
-4.3217473 5.1520929 1.2991956 31
-1.9314412 3.4169745 0.34034318 4
-4.3320351 5.1789412 0.82357842 4
nan nan nan 0
nan nan nan 0
nan nan nan 0
nan nan nan 0
nan nan nan 0
nan nan nan 0
nan nan nan 0
nan nan nan 0
nan nan nan 0
nan nan nan 0
-1.9154415 3.4038396 0.89294243 79
-4.3361087 5.1710963 1.7964488 32
-1.918933 3.408695 0.6133287 81
-4.3300757 5.1803284 1.3044381 31
-1.9205918 3.4116573 0.33947161 4
-4.3484306 5.2169752 0.82844621 4
nan nan nan 0
nan nan nan 0
nan nan nan 0
nan nan nan 0
nan nan nan 0
nan nan nan 0
nan nan nan 0
nan nan nan 0
nan nan nan 0
nan nan nan 0
-1.8899043 3.4013734 0.88957077 83
-4.3182335 5.2048745 1.8003261 32
-1.8926659 3.4035854 0.61059409 79
-4.3216763 5.2256112 1.3101573 32
-1.9002836 3.4173124 0.33903584 5
-4.3194752 5.2377586 0.82814199 4
nan nan nan 0
nan nan nan 0
nan nan nan 0
nan nan nan 0
nan nan nan 0
nan nan nan 0
nan nan nan 0
nan nan nan 0
nan nan nan 0
nan nan nan 0
-1.8786652 3.3936784 0.88676101 83
-4.3214631 5.2272854 1.8054957 32
-1.8843321 3.4025619 0.6098128 80
-4.3234835 5.2463961 1.3134935 31
-1.8882886 3.4097271 0.33794639 8
-4.3308239 5.2701983 0.83209711 4
nan nan nan 0
nan nan nan 0
nan nan nan 0
nan nan nan 0
nan nan nan 0
nan nan nan 0
nan nan nan 0
nan nan nan 0
nan nan nan 0
nan nan nan 0
-1.8544402 3.3931026 0.88395125 81
-4.3093367 5.2685242 1.8119577 33
-1.8617548 3.4037137 0.60825014 80
-4.3099232 5.2860708 1.3177829 33
-1.8680215 3.4151964 0.33751062 8
-4.3063035 5.2966514 0.83270556 4
-1.9694771 3.6009064 0.071031287 1
nan nan nan 0
nan nan nan 0
nan nan nan 0
nan nan nan 0
nan nan nan 0
nan nan nan 0
nan nan nan 0
nan nan nan 0
nan nan nan 0
-1.8467803 3.3917315 0.88282734 84
-4.3154054 5.2947474 1.8184198 37
-1.8510908 3.3982818 0.60668755 82
-4.3239226 5.3221412 1.3249317 37
-1.8513455 3.3987627 0.33554959 32
-4.326755 5.3407731 0.83848614 5
-1.9213773 3.5274899 0.069504201 1
nan nan nan 0
nan nan nan 0
nan nan nan 0
nan nan nan 0
nan nan nan 0
nan nan nan 0
nan nan nan 0
nan nan nan 0
nan nan nan 0
-1.8214887 3.3887961 0.87945563 87
-4.3027954 5.3360596 1.8248819 48
-1.8262596 3.3948762 0.60434359 83
-4.3021517 5.3523555 1.3268381 47
-1.8335245 3.4084096 0.33554959 48
-4.3064971 5.3730307 0.84000736 5
-1.869754 3.4758489 0.068282537 1
nan nan nan 0
nan nan nan 0
nan nan nan 0
nan nan nan 0
nan nan nan 0
nan nan nan 0
nan nan nan 0
nan nan nan 0
nan nan nan 0
-1.8127167 3.3852091 0.87776977 84
-4.2859054 5.3341532 1.8216509 38
-1.8180017 3.3937044 0.6035623 83
-4.2789845 5.3426256 1.3225487 35
-1.8205228 3.3984289 0.33424225 59
-4.2754164 5.3534083 0.83574802 4
-1.8471745 3.4482515 0.067671701 2
nan nan nan 0
nan nan nan 0
nan nan nan 0
nan nan nan 0
nan nan nan 0
nan nan nan 0
nan nan nan 0
nan nan nan 0
nan nan nan 0
-1.7875509 3.3820412 0.87439805 84
-4.2338529 5.3262892 1.8113116 31
-1.7979003 3.3988101 0.60278094 84
-4.2341723 5.3438091 1.3173063 30
-1.800377 3.4035108 0.33380648 72
-4.2273126 5.3504224 0.83179289 4
-1.8232559 3.4468257 0.067453548 2
nan nan nan 0
nan nan nan 0
nan nan nan 0
nan nan nan 0
nan nan nan 0
nan nan nan 0
nan nan nan 0
nan nan nan 0
nan nan nan 0
-1.7777007 3.3762207 0.87215024 83
-4.2095428 5.3147492 1.8048496 31
-1.7850673 3.3888314 0.60043705 84
-4.209619 5.3319392 1.3125403 30
-1.7886362 3.3956277 0.33271703 75
-4.2072139 5.344151 0.82966316 4
-1.812582 3.4411542 0.067279026 2
nan nan nan 0
-1.8609258 3.534538 -0.20751205 1
nan nan nan 0
nan nan nan 0
nan nan nan 0
nan nan nan 0
nan nan nan 0
nan nan nan 0
nan nan nan 0
-1.7571633 3.3814654 0.87102634 85
-4.1667485 5.3177176 1.7983875 31
-1.7627457 3.3893661 0.59887445 84
-4.1619883 5.3287778 1.3063446 30
-1.7662399 3.3961058 0.33184549 78
-4.1578097 5.3387122 0.82540381 4
-1.7899302 3.4417248 0.067104504 2
nan nan nan 0
-1.8274375 3.5154295 -0.20581114 1
nan nan nan 0
nan nan nan 0
nan nan nan 0
nan nan nan 0
nan nan nan 0
nan nan nan 0
nan nan nan 0
-1.7496121 3.3798938 0.86990243 88
-4.1410985 5.3040533 1.7912792 30
-1.7545587 3.388051 0.59809309 84
-4.1406131 5.3205476 1.3025318 30
-1.7534449 3.3859112 0.33053815 79
-4.1393504 5.3342052 0.82357842 4
-1.7735851 3.4248619 0.066711821 2
nan nan nan 0
-1.7949274 3.4676068 -0.20280182 1
nan nan nan 0
nan nan nan 0
nan nan nan 0
nan nan nan 0
nan nan nan 0
nan nan nan 0
nan nan nan 0
-1.7246572 3.376291 0.86653072 84
-4.1044044 5.3142018 1.787402 30
-1.7278112 3.3795979 0.59496784 84
-4.094717 5.3188314 1.2968127 30
-1.7311618 3.3861732 0.32966661 75
-4.0901918 5.3282628 0.81931907 5
-1.752218 3.4274225 0.066580921 2
nan nan nan 0
-1.7801514 3.483628 -0.20319435 1
nan nan nan 0
nan nan nan 0
nan nan nan 0
nan nan nan 0
nan nan nan 0
nan nan nan 0
nan nan nan 0
-1.7171441 3.3746524 0.86540681 85
-4.0803814 5.302228 1.7809399 31
-1.7174336 3.3738041 0.59340525 85
-4.0689821 5.3045611 1.2915701 30
-1.7241205 3.3869696 0.3294487 78
-4.0793772 5.3334236 0.81901479 5
-1.7462333 3.4304755 0.066580921 2
nan nan nan 0
-1.7774618 3.4934065 -0.20358686 1
nan nan nan 0
nan nan nan 0
nan nan nan 0
nan nan nan 0
nan nan nan 0
nan nan nan 0
nan nan nan 0
-1.6966767 3.3795383 0.86428291 88
-4.0364575 5.3023939 1.7738317 31
-1.6930997 3.3695085 0.59106135 85
-4.0322433 5.3140693 1.2887106 30
-1.7030116 3.3892725 0.32879502 83
-4.0379086 5.3369098 0.81627661 5
-1.7215207 3.4261675 0.066319138 2
nan nan nan 0
-1.7569073 3.4982026 -0.20332518 1
nan nan nan 0
nan nan nan 0
nan nan nan 0
nan nan nan 0
nan nan nan 0
nan nan nan 0
nan nan nan 0
-1.6881006 3.3756611 0.86259705 64
-4.0096674 5.2863531 1.7660773 31
-1.6739714 3.3459516 0.58637345 39
-4.0096302 5.3034892 1.2844212 30
-1.6904145 3.3788729 0.32748771 69
-4.0166273 5.328105 0.81384271 4
-1.7211246 3.4403472 0.066537298 2
nan nan nan 0
-1.7664164 3.5325322 -0.20515694 1
nan nan nan 0
nan nan nan 0
nan nan nan 0
nan nan nan 0
nan nan nan 0
nan nan nan 0
nan nan nan 0
-1.6676587 3.3803751 0.86147314 36
-3.9717784 5.2937598 1.7615539 31
nan nan nan 0
-3.9685659 5.3067317 1.2801318 30
-1.6715981 3.3854437 0.32726982 47
-3.9827356 5.3411098 0.81262571 1
-1.6953485 3.4336185 0.066231877 2
nan nan nan 0
-1.7368579 3.51934 -0.20384854 1
nan nan nan 0
nan nan nan 0
nan nan nan 0
nan nan nan 0
nan nan nan 0
nan nan nan 0
nan nan nan 0
-1.6752255 3.4092329 0.86821657 27
-3.9509544 5.2852173 1.7563843 31
-1.1205834 2.278101 0.39612436 34
-3.9475565 5.2979145 1.2763191 30
-1.6777606 3.4129474 0.32966661 28
-2.7765806 3.7394588 0.56679958 4
-1.7224022 3.5038853 0.06754081 1
nan nan nan 0
-1.7670097 3.5963264 -0.20816626 1
nan nan nan 0
nan nan nan 0
nan nan nan 0
nan nan nan 0
nan nan nan 0
nan nan nan 0
nan nan nan 0
-1.6610008 3.4270172 0.87046438 27
-3.9160407 5.2961273 1.7531532 31
-1.1054101 2.2772708 0.39495242 49
-3.9022741 5.2948165 1.2706 30
-1.665297 3.4328918 0.33075604 27
-2.7466676 3.7399559 0.56466991 7
nan nan nan 0
nan nan nan 0
-1.747067 3.6032822 -0.20803542 1
nan nan nan 0
nan nan nan 0
nan nan nan 0
nan nan nan 0
nan nan nan 0
nan nan nan 0
nan nan nan 0
-1.6725426 3.464731 0.87945563 27
-3.889586 5.2796345 1.7453988 30
-1.1014338 2.2791965 0.39495242 38
-3.8857572 5.2917337 1.268217 30
-1.6690409 3.4559817 0.33271703 27
-2.7298648 3.7307363 0.56254023 8
nan nan nan 0
nan nan nan 0
-1.7537863 3.6333122 -0.2096055 1
nan nan nan 0
nan nan nan 0
nan nan nan 0
nan nan nan 0
nan nan nan 0
nan nan nan 0
nan nan nan 0
nan nan nan 0
-3.8476524 5.2804189 1.7389367 30
-1.0799348 2.2648652 0.39143652 33
-3.8435614 5.2921605 1.2634511 28
nan nan nan 0
-2.7132072 3.748996 0.56314874 8
nan nan nan 0
nan nan nan 0
-1.7551147 3.6852806 -0.21209145 1
nan nan nan 0
nan nan nan 0
nan nan nan 0
nan nan nan 0
nan nan nan 0
nan nan nan 0
nan nan nan 0
-2.136246 4.50669 1.1424494 31
nan nan nan 0
-1.0738659 2.2622838 0.39065522 57
-2.5713627 3.5560768 0.845478 26
nan nan nan 0
nan nan nan 0
nan nan nan 0
nan nan nan 0
nan nan nan 0
nan nan nan 0
nan nan nan 0
nan nan nan 0
nan nan nan 0
nan nan nan 0
-0.38823041 0.81944507 -0.23327987 5
nan nan nan 0
-2.1221383 4.5402551 1.1480689 30
-2.4035544 3.3503509 1.0940245 35
-1.0609605 2.2656384 0.39026454 72
-2.4011638 3.3580508 0.79495907 37
nan nan nan 0
-2.4027505 3.3701224 0.50321335 8
-1.0991796 2.3474419 0.044634525 3
nan nan nan 0
nan nan nan 0
nan nan nan 0
nan nan nan 0
nan nan nan 0
-0.49319512 1.0541743 -0.2192333 4
nan nan nan 0
-0.38597044 0.82584661 -0.23457228 5
nan nan nan 0
-2.1273301 4.5700889 1.1548123 30
-2.3850446 3.3368723 1.0882087 51
-1.0549213 2.2630086 0.38948321 76
-2.379611 3.3402667 0.78971648 13
-1.0837914 2.3250768 0.22137558 35
-2.378155 3.3480325 0.49925828 9
-1.0919176 2.3425577 0.044503633 4
nan nan nan 0
nan nan nan 0
nan nan nan 0
nan nan nan 0
nan nan nan 0
-0.4861919 1.0439016 -0.21685033 4
nan nan nan 0
-0.38858503 0.83528614 -0.23715709 5
nan nan nan 0
-2.11374 4.6058903 1.1609938 26
-2.3549738 3.3315799 1.0823928 51
-1.042028 2.266257 0.38909259 62
-2.3479319 3.332634 0.78495055 27
-1.0580993 2.3012936 0.21854302 56
-2.3448777 3.3381202 0.49591163 9
-1.0785946 2.3459711 0.044460002 4
nan nan nan 0
nan nan nan 0
nan nan nan 0
nan nan nan 0
nan nan nan 0
-0.47765687 1.0397376 -0.21542056 4
nan nan nan 0
-0.38119823 0.83071816 -0.23521848 5
nan nan nan 0
-2.1216786 4.6424441 1.1694231 23
-2.339406 3.3218746 1.0778694 50
-1.0339671 2.2590883 0.38752997 51
-2.3350511 3.3266914 0.78256762 52
-1.049942 2.2940757 0.21767147 50
-2.3390479 3.3422077 0.49591163 9
-1.0568429 2.3091979 0.043718275 5
nan nan nan 0
nan nan nan 0
nan nan nan 0
nan nan nan 0
nan nan nan 0
-0.46973982 1.0271685 -0.212561 4
nan nan nan 0
-0.38074657 0.83358097 -0.23586468 5
nan nan nan 0
-2.1045277 4.671627 1.1739187 23
-2.3109212 3.3182364 1.0726998 62
-1.0211103 2.2622197 0.38713932 37
-2.3077888 3.3247707 0.77923149 62
-1.0348474 2.2927294 0.2170178 57
-2.2988861 3.3217874 0.49104378 10
-1.0488441 2.3238161 0.043892797 5
-2.3531594 3.4050598 0.21510078 1
-1.288054 2.8561735 -0.16237231 4
nan nan nan 0
nan nan nan 0
nan nan nan 0
-0.52969521 1.175138 -0.2435396 6
nan nan nan 0
-0.3734149 0.82895112 -0.23392607 8
nan nan nan 0
-2.1101384 4.7038264 1.1812241 23
-2.306505 3.3242471 1.0733459 74
-1.0121092 2.2527323 0.38518602 40
-2.299186 3.3247592 0.77827823 73
-1.0298252 2.2922595 0.21679991 61
-2.3057826 3.3441668 0.49378195 14
-1.0366054 2.3073962 0.043543749 22
-2.3245239 3.3762851 0.21300732 1
-1.2922562 2.8789217 -0.16354986 6
nan nan nan 0
-0.7954576 1.7728642 -0.23396076 5
nan nan nan 0
-0.51662886 1.1514143 -0.23829708 6
nan nan nan 0
-0.37295097 0.83180726 -0.23457228 9
nan nan nan 0
-2.0974519 4.7441425 1.1885295 23
-2.2904365 3.338268 1.073992 69
-0.99830329 2.2534842 0.38440475 51
-2.2803583 3.334728 0.77780163 60
-1.0107599 2.2816758 0.21527469 45
-2.2854407 3.3520966 0.49317345 14
-1.0245098 2.3127923 0.043543749 33
-2.3025928 3.3822236 0.21261482 1
-1.5798872 3.5707166 -0.20280182 1
nan nan nan 0
-0.78816754 1.7815453 -0.23456925 6
nan nan nan 0
-0.52840543 1.1945277 -0.24687576 8
nan nan nan 0
-0.36859056 0.83374864 -0.23457228 10
nan nan nan 0
-2.1027467 4.7764196 1.1958348 22
-2.2873368 3.3462448 1.0752845 51
-0.99337411 2.2529628 0.38401407 80
-2.2856073 3.3549161 0.78161442 46
-1.0007578 2.2697587 0.21396735 45
-2.2865696 3.3663361 0.49469468 12
-1.015438 2.3031371 0.043325596 49
-2.3317771 3.4378526 0.21588582 1
-1.5515407 3.5231915 -0.19992335 1
nan nan nan 0
-0.78605479 1.7851901 -0.23487347 7
nan nan nan 0
-0.53124803 1.2066859 -0.24925874 8
nan nan nan 0
-0.36713484 0.83439064 -0.23457228 10
nan nan nan 0
-2.0904338 4.8190198 1.2037022 24
-2.2779124 3.3701713 1.0791616 49
-0.97861612 2.2513373 0.38284212 67
-2.2803707 3.3851423 0.78590375 50
-0.97993988 2.2544043 0.21200635 37
-2.2841558 3.4009042 0.49804127 15
-0.99938613 2.2992499 0.043151069 58
-2.3234944 3.4645185 0.21680169 1
-1.0375111 2.3882828 -0.13463424 4
nan nan nan 0
-0.78754157 1.8143302 -0.23822013 6
nan nan nan 0
-0.53173971 1.2252194 -0.25259489 8
nan nan nan 0
-0.36563024 0.84295434 -0.23651089 16
nan nan nan 0
-2.0944431 4.8491373 1.2104456 25
-2.2841878 3.3921573 1.0849775 59
-0.97664255 2.2575758 0.38362342 44
-2.2895272 3.4115162 0.79114634 65
-0.97402954 2.2515383 0.21157058 36
-2.3003316 3.4378588 0.50290912 22
-0.99636233 2.3032854 0.043194704 71
-2.3202226 3.4727175 0.21706338 1
-1.0224608 2.3648748 -0.133195 30
nan nan nan 0
-0.78633755 1.8202598 -0.23882861 6
nan nan nan 0
-0.53445023 1.2374175 -0.25497788 8
nan nan nan 0
-0.36320591 0.84137195 -0.23586468 17
nan nan nan 0
-2.0834241 4.8962679 1.2194368 27
-2.2891865 3.4382191 1.095963 84
-0.95610738 2.2422092 0.38010749 34
-2.2879431 3.4479778 0.7968654 93
-0.95930195 2.2497325 0.21091689 46
-2.2932706 3.4664001 0.50534302 29
-0.98233145 2.3038707 0.043107443 74
-2.281333 3.453594 0.21510078 1
-1.015927 2.3839805 -0.13398004 85
nan nan nan 0
-0.78261584 1.838056 -0.24065405 6
nan nan nan 0
-0.53371257 1.2537551 -0.25783744 8
nan nan nan 0
-0.3625592 0.85215896 -0.2384495 17
nan nan nan 0
-2.0861747 4.9242115 1.2256184 21
-2.2912054 3.4542761 1.0998404 95
-0.94352692 2.2234099 0.37659159 40
-2.2873442 3.4601488 0.7987718 96
-0.9582873 2.2582836 0.21157058 62
-2.2926886 3.4786792 0.50656003 33
-0.9744103 2.2963748 0.04293292 78
-2.2835498 3.4700744 0.21588582 1
-1.0098184 2.3811517 -0.13371836 94
nan nan nan 0
-0.78423649 1.8508475 -0.24217525 6
nan nan nan 0
-0.53343189 1.2592068 -0.25879061 8
nan nan nan 0
-0.36013427 0.8505646 -0.2378033 18
nan nan nan 0
-2.0726244 4.9669051 1.2334856 12
-2.2664545 3.456135 1.0966092 90
-0.93187231 2.2283196 0.37659159 71
-2.257092 3.4536026 0.79448247 83
-0.94932711 2.2701652 0.21222423 73
-2.271729 3.4864807 0.50595152 31
-0.96141052 2.2991383 0.042889286 81
-2.2503481 3.4589803 0.21444657 1
-1.0011812 2.3956234 -0.13424173 94
nan nan nan 0
-0.76594877 1.834312 -0.23943709 7
nan nan nan 0
-0.5277738 1.2642487 -0.25926721 8
nan nan nan 0
-0.35660118 0.85466933 -0.2384495 17
nan nan nan 0
-2.0760257 4.9971542 1.2402291 12
-2.2538035 3.4499838 1.0933783 76
-0.92514086 2.2231014 0.37541965 60
-2.2430129 3.4452052 0.79162282 71
-0.94440836 2.2695184 0.21200635 74
-2.2561674 3.4758813 0.50382185 31
-0.95643777 2.2985044 0.042845655 90
-2.2429473 3.4608088 0.21431573 2
-0.99699849 2.3973672 -0.13424173 94
nan nan nan 0
-0.76464623 1.8402308 -0.24004556 5
nan nan nan 0
-0.52181292 1.2560973 -0.25736085 8
nan nan nan 0
-0.35234457 0.84859341 -0.23651089 16
nan nan nan 0
-2.0655472 5.048903 1.2503443 12
-2.2278337 3.4495735 1.0895009 76
-0.92657799 2.2599108 0.38088882 46
-2.2196212 3.4486537 0.78971648 71
-0.93534142 2.2813475 0.21266001 75
-2.2218287 3.4626031 0.50017101 32
-0.93965733 2.291913 0.042627499 82
-2.2153525 3.4578011 0.21339986 2
-0.98159754 2.3956218 -0.1338492 93
nan nan nan 0
-0.74843436 1.828128 -0.23791587 5
nan nan nan 0
-0.50596404 1.2360867 -0.25259489 7
nan nan nan 0
-0.35153562 0.85937518 -0.2390957 16
nan nan nan 0
-2.0686307 5.0792179 1.2570876 12
-2.2139559 3.4412794 1.0856237 71
-0.92356336 2.2638118 0.3812795 45
-2.2056375 3.4401352 0.78685695 72
-0.93229717 2.2852831 0.2128779 74
-2.2117655 3.4602075 0.49925828 33
-0.92623144 2.2703984 0.042191193 50
-2.1998961 3.4469411 0.21248397 2
nan nan nan 0
nan nan nan 0
-0.74711049 1.8340293 -0.23852436 5
nan nan nan 0
-0.50011581 1.2278711 -0.25068852 7
nan nan nan 0
-0.34912932 0.85774863 -0.2384495 17
nan nan nan 0
-2.0547068 5.1242557 1.2655169 12
-2.1855206 3.4365332 1.0804541 69
-0.91721153 2.2823677 0.38362342 53
-2.1823304 3.4433513 0.78495055 72
-0.92124581 2.2924449 0.21309578 74
-2.1843231 3.4570673 0.49712861 33
-0.91340065 2.2728968 0.042147558 34
-2.1804833 3.4563024 0.21235313 2
-1.5063193 3.7534518 -0.21012886 8
nan nan nan 0
-0.73565352 1.8333086 -0.23791587 5
nan nan nan 0
-0.48457393 1.2076834 -0.24592258 7
nan nan nan 0
-0.3446334 0.85956496 -0.2384495 16
nan nan nan 0
-2.06019 5.1614189 1.2739463 12
-2.1730456 3.4301496 1.0772232 69
-0.9159717 2.2908454 0.38479537 67
-2.16713 3.4326389 0.78161442 73
-0.9080146 2.2709172 0.21091689 38
-2.1703413 3.4482822 0.49530312 36
-0.90016973 2.2512705 0.041711248 32
-2.1651325 3.4453168 0.21143726 2
-1.5006907 3.7583942 -0.21025969 8
nan nan nan 0
-0.72694534 1.8207573 -0.23609044 5
nan nan nan 0
-0.47883889 1.1994051 -0.2440162 6
nan nan nan 0
-0.34313264 0.86016512 -0.2384495 17
nan nan nan 0
-2.0438039 5.2019687 1.2812517 11
-2.1499193 3.4332991 1.0746382 75
-0.90757632 2.3048031 0.38635799 78
-2.1452222 3.4376969 0.78018457 75
-0.88791507 2.2547789 0.2089559 53
-2.1470039 3.4511771 0.49408618 39
-0.88197142 2.2396679 0.041405831 36
-2.1431041 3.4502478 0.21104473 4
-1.4882919 3.784791 -0.21130641 8
nan nan nan 0
-0.71649611 1.8222284 -0.23578621 5
nan nan nan 0
-0.47613096 1.2110369 -0.24592258 6
nan nan nan 0
-0.34038103 0.86644918 -0.23974191 16
nan nan nan 0
-2.0489275 5.2392077 1.2896808 12
-2.1388018 3.4288554 1.0720536 71
-0.90215605 2.3016264 0.3855767 69
-2.1314316 3.4289389 0.77732503 74
-0.88669848 2.2632837 0.20960957 55
-2.129792 3.4355769 0.49134803 43
-0.87442094 2.2318914 0.041231308 47
-2.1350489 3.4493668 0.21078305 4
-1.5034879 3.8431923 -0.21444657 9
nan nan nan 0
-0.71273071 1.82104 -0.23548196 5
nan nan nan 0
-0.47401655 1.211866 -0.24592258 6
nan nan nan 0
-0.33711925 0.86253965 -0.2384495 18
nan nan nan 0
-2.0319619 5.2771473 1.2964244 11
-2.1125288 3.4252586 1.0675302 72
-0.89364183 2.3155363 0.38713932 81
-2.1101866 3.4334152 0.77589524 74
-0.87254685 2.2607703 0.2089559 36
-2.1091766 3.4424524 0.49073952 50
-0.85772383 2.2222927 0.040969521 47
-2.1078229 3.4456015 0.20986716 4
-1.486707 3.857743 -0.2148391 9
nan nan nan 0
-0.70318604 1.8247468 -0.23548196 5
nan nan nan 0
-0.46436033 1.2050846 -0.2440162 6
nan nan nan 0
-0.33274922 0.86423492 -0.2384495 18
nan nan nan 0
-2.0367353 5.3144569 1.3048536 10
-2.100215 3.4186587 1.064299 72
-0.89224899 2.3240101 0.38831127 49
-2.1003397 3.4308181 0.7744655 74
-0.86592692 2.2553124 0.20830221 55
-2.0966899 3.4355457 0.48921835 59
-0.85116142 2.2167835 0.040838629 52
-2.1018059 3.449275 0.20986716 5
-1.4514067 3.785723 -0.21065222 8
nan nan nan 0
-0.70088619 1.8282893 -0.23578621 5
nan nan nan 0
-0.46313149 1.208186 -0.24449281 6
nan nan nan 0
-0.33209953 0.86707139 -0.2390957 14
nan nan nan 0
-2.0207548 5.362227 1.3138448 11
-2.0766661 3.4217196 1.0617143 74
-0.8718245 2.3080077 0.38479537 28
-2.0766568 3.4337375 0.77255911 74
-0.84844226 2.2459819 0.20699489 39
-2.0678024 3.4298501 0.48678443 69
-0.83739215 2.2166786 0.040751368 52
-2.0779531 3.4520464 0.20934382 6
-1.4159421 3.7538025 -0.20842794 6
-2.1089575 3.5061748 -0.070813134 1
-0.69098395 1.8320547 -0.23578621 5
nan nan nan 0
-0.46003851 1.2198642 -0.24639918 7
nan nan nan 0
-0.3274034 0.86885554 -0.2390957 18
nan nan nan 0
-2.0268595 5.4041739 1.323398 11
-2.0669353 3.4191427 1.0597756 78
-0.86432779 2.300277 0.38323274 33
-2.0655859 3.4289539 0.77065277 76
-0.84889203 2.2591193 0.20808434 23
-2.0592535 3.4292021 0.48617592 73
-0.83352202 2.2181365 0.040751368 62
-2.0629215 3.4406896 0.20842794 6
-1.399753 3.7305517 -0.20698869 7
-2.0822425 3.4755654 -0.070115037 1
-0.68691599 1.8309337 -0.23548196 5
nan nan nan 0
-0.45619142 1.2160672 -0.245446 6
nan nan nan 0
-0.32420042 0.86489934 -0.2378033 17
nan nan nan 0
-2.0127528 5.4562049 1.3335133 10
-2.0452816 3.4237027 1.0578369 76
-0.84628922 2.2885547 0.38049817 37
-2.0387995 3.4249709 0.76731664 74
-0.82843173 2.2401674 0.20590544 30
-2.0336578 3.4271419 0.4843505 75
-0.82016611 2.2177801 0.040664103 74
-2.039778 3.4428577 0.20790458 7
-1.379337 3.7354872 -0.20685786 6
-2.0410516 3.4477289 -0.069329679 1
-0.67731982 1.8345053 -0.23548196 5
nan nan nan 0
-0.45066449 1.2207426 -0.24592258 6
nan nan nan 0
-0.32216081 0.87338752 -0.23974191 15
nan nan nan 0
-2.0175998 5.4959526 1.3425044 11
-2.0368285 3.4231195 1.0565447 75
-0.83633935 2.2738013 0.3777636 43
-2.0303106 3.4243047 0.76636338 74
-0.82108903 2.2322578 0.20503388 30
-2.0238781 3.4242818 0.48343778 76
-0.82490486 2.2426746 0.041100416 58
-2.0248673 3.4313719 0.20698869 5
-1.373675 3.7402329 -0.20698869 6
-2.0337591 3.4491341 -0.069286048 1
-0.67411697 1.8356847 -0.23548196 5
nan nan nan 0
-0.44684803 1.2169174 -0.2449694 6
nan nan nan 0
-0.31898165 0.86941057 -0.2384495 16
nan nan nan 0
-1.997751 5.5342875 1.3492479 10
-2.0115185 3.4212544 1.0526673 75
-0.82106847 2.2688587 0.37620097 68
-2.0048952 3.4221921 0.76350385 75
-0.80347002 2.2201288 0.20350866 87
-1.9996519 3.424125 0.48191655 77
-0.81060457 2.2399096 0.040969521 73
-2.0018332 3.4333057 0.20646533 6
-1.3523775 3.7426772 -0.20672701 6
-2.0106287 3.451102 -0.069111526 1
-0.66701907 1.8461928 -0.23639469 5
nan nan nan 0
-0.44047019 1.2192404 -0.2449694 6
nan nan nan 0
-0.31442505 0.87106884 -0.2384495 17
nan nan nan 0
-2.003865 5.5786901 1.359363 10
-1.9969844 3.410182 1.0481439 74
-0.81543839 2.26564 0.37541965 61
-1.9927226 3.4150946 0.76112086 77
-0.79791081 2.2168396 0.20307288 78
-1.9899224 3.4211795 0.48100385 77
-0.81260663 2.2577889 0.041274939 90
-1.9920694 3.4303219 0.20607282 6
-1.355119 3.7708805 -0.20816626 7
-1.9983175 3.4438033 -0.068893373 1
-0.66212207 1.8426821 -0.23578621 5
nan nan nan 0
-0.43586209 1.2130748 -0.2435396 6
nan nan nan 0
-0.31128165 0.86706692 -0.23715709 16
nan nan nan 0
-1.9858077 5.62391 1.3677924 10
-1.9718301 3.4080575 1.0442667 75
-0.80109775 2.2628937 0.3742477 61
-1.967445 3.4127333 0.75826132 78
-0.78712183 2.2233355 0.20329078 81
-1.9657876 3.4208012 0.47948265 78
-0.80077374 2.2620127 0.041274939 85
-1.9641219 3.423393 0.20502611 6
-1.3262161 3.7520273 -0.20672701 7
-1.9702932 3.4368818 -0.068544321 1
-0.65246481 1.8461237 -0.23578621 5
nan nan nan 0
-0.42950448 1.2153404 -0.2435396 6
nan nan nan 0
-0.30673745 0.86868489 -0.23715709 17
nan nan nan 0
-1.9922993 5.6706944 1.3784693 10
-1.9634624 3.4073117 1.0429742 75
-0.7963289 2.2619586 0.37385702 62
-1.9565879 3.4076545 0.75635493 79
-0.78158981 2.2200062 0.20285499 76
-1.953639 3.4134662 0.47796145 79
-0.79599643 2.2610486 0.041231308 76
-1.9531796 3.4181509 0.20450275 7
-1.3287603 3.7802489 -0.20816626 5
-1.9630499 3.4381461 -0.06850069 2
-0.65006226 1.8496014 -0.23609044 5
nan nan nan 0
-0.42981368 1.2230377 -0.2449694 6
nan nan nan 0
-0.30522084 0.86921895 -0.23715709 17
nan nan nan 0
-1.9727092 5.7136316 1.3863368 10
-1.9384112 3.4049616 1.0390971 77
-0.78286248 2.2614291 0.37307572 62
-1.932652 3.4071863 0.75397193 79
-0.76995522 2.2240682 0.20285499 57
-1.9308443 3.4150138 0.4767445 79
-0.78333092 2.2628229 0.041187678 71
-1.9278769 3.4152944 0.20371771 7
-1.3187222 3.815474 -0.20973632 6
-1.9339465 3.4287956 -0.068108015 2
-0.64036888 1.8529798 -0.23609044 5
nan nan nan 0
-0.42180762 1.2206299 -0.2440162 6
nan nan nan 0
-0.30301586 0.87765843 -0.2390957 14
nan nan nan 0
-1.9763826 5.7535896 1.395328 10
-1.9264973 3.3978422 1.035866 77
-0.78051811 2.267463 0.37385702 61
-1.9206544 3.3998775 0.75158894 80
-0.76768988 2.2301197 0.20329078 48
-1.923661 3.4162178 0.47644025 79
-0.7761333 2.2547297 0.041013151 64
-1.9121056 3.4012556 0.20267098 7
-1.3161128 3.8295772 -0.21039054 6
-1.9279591 3.4321659 -0.068108015 2
-0.63552547 1.8493997 -0.23548196 5
nan nan nan 0
-0.42205897 1.2283306 -0.245446 6
nan nan nan 0
-0.29992464 0.87361431 -0.2378033 17
nan nan nan 0
-1.9592315 5.8057494 1.4054432 9
-1.9015843 3.3952489 1.0319887 77
-0.77021438 2.2761977 0.37463835 59
-1.9004297 3.4056044 0.7506358 79
-0.75998467 2.2459073 0.20438023 51
-1.899704 3.4154077 0.47491905 79
-0.76271838 2.2540259 0.04092589 63
-1.8942703 3.4112206 0.20267098 8
nan nan nan 0
-1.9014552 3.4269233 -0.067802593 2
-0.62504154 1.8503503 -0.23517773 5
nan nan nan 0
-0.4156217 1.2305237 -0.245446 6
nan nan nan 0
-0.29611379 0.87746263 -0.2384495 16
nan nan nan 0
-1.9648265 5.8527017 1.4161202 8
-1.8944767 3.3964548 1.0313426 77
-0.7678116 2.2822204 0.37541965 56
-1.8908988 3.4024844 0.74920601 80
-0.75606364 2.2472305 0.20438023 54
-1.8913301 3.4143791 0.47431055 80
-0.75719267 2.2506142 0.040838629 63
-1.8810493 3.4014213 0.20188594 8
nan nan nan 0
-1.8882024 3.4171181 -0.06754081 2
-0.62574989 1.8632034 -0.23669893 5
nan nan nan 0
-0.41347337 1.2312473 -0.245446 6
nan nan nan 0
-0.29305491 0.8733958 -0.23715709 18
nan nan nan 0
-1.9430385 5.8933258 1.4234257 9
-1.8708276 3.3957582 1.0281116 79
-0.75817132 2.2932446 0.37659159 51
-1.8706909 3.4080384 0.74825281 80
-0.74350703 2.2487931 0.20416233 60
-1.8674591 3.413358 0.47278938 79
-0.74618107 2.256922 0.04088226 64
-1.8596159 3.4046547 0.20149343 8
-0.74254972 2.2472286 -0.12220446 34
-1.8678848 3.4225726 -0.067453548 2
-0.61521029 1.8640972 -0.23639469 5
nan nan nan 0
-0.40548953 1.228732 -0.24449281 6
nan nan nan 0
-0.2899808 0.87950844 -0.2384495 17
nan nan nan 0
nan nan nan 0
-1.8625697 3.3947864 1.0268191 80
-0.75570607 2.2992573 0.37737292 45
-1.8564821 3.396234 0.74491668 79
-0.74035674 2.252454 0.20438023 59
-1.8543603 3.4035466 0.47096393 78
-0.74224085 2.2582209 0.04088226 64
-1.85128 3.403512 0.20123175 8
-0.74173552 2.2580111 -0.12272782 31
-1.8547312 3.4126582 -0.067191757 2
-0.61426985 1.8722435 -0.2373074 5
nan nan nan 0
-0.40562928 1.2364368 -0.24592258 6
nan nan nan 0
-0.28919283 0.88230973 -0.2390957 16
nan nan nan 0
-1.5699248 4.8747835 1.1733568 34
-1.8378506 3.3917603 1.0229419 81
-0.74592757 2.3102341 0.3785449 39
-1.8328323 3.3951173 0.74253368 79
-0.73007953 2.2610407 0.20481598 43
-1.8329791 3.4066577 0.4700512 79
-0.72734183 2.2525592 0.040707737 63
-1.8239621 3.3955746 0.20018502 9
-0.72607821 2.2499812 -0.12207361 43
-1.834468 3.4179208 -0.067104504 3
-0.60369951 1.8730718 -0.23700316 5
nan nan nan 0
-0.39765099 1.2338698 -0.2449694 6
nan nan nan 0
-0.28309819 0.87921113 -0.2378033 18
nan nan nan 0
-1.5733994 4.9120464 1.1817859 54
-1.8307786 3.392839 1.0222957 81
-0.74339992 2.3162358 0.37932622 37
-1.8257393 3.3961506 0.74205709 79
-0.72916919 2.2717991 0.20568755 54
-1.8188092 3.3945508 0.46792153 81
-0.72036117 2.2443027 0.040533211 67
-1.819213 3.4009531 0.20031586 9
-0.72138953 2.2488673 -0.12194277 32
-1.8190533 3.4034922 -0.066755451 3
-0.60420364 1.8859416 -0.23852436 5
nan nan nan 0
-0.39698753 1.2392385 -0.24592258 6
nan nan nan 0
-0.28229469 0.88200551 -0.2384495 16
nan nan nan 0
-1.5548265 4.9460535 1.1879675 95
-1.8107121 3.3981183 1.0210032 81
-0.73348349 2.3271635 0.38049817 34
-1.8010123 3.3926659 0.73919749 79
-0.72025156 2.2850895 0.20655911 56
-1.7963582 3.3952594 0.46670455 80
-0.70785058 2.2456589 0.04048958 64
-1.7955378 3.3994005 0.19966166 9
-0.70960456 2.2526135 -0.12194277 34
-1.8023771 3.4151793 -0.066799082 3
-0.59209329 1.8819762 -0.23761165 5
nan nan nan 0
-0.38976043 1.238958 -0.245446 7
nan nan nan 0
-0.27839208 0.88577694 -0.2390957 17
nan nan nan 0
-1.5441512 4.9391885 1.1857197 84
-1.799106 3.3906138 1.0177723 80
-0.73457515 2.3449385 0.38323274 32
-1.7916398 3.3892992 0.73776776 79
-0.72071826 2.300606 0.20786645 55
-1.7892705 3.3961957 0.46640033 81
-0.70393008 2.246891 0.04048958 65
-1.7802839 3.3848636 0.19861494 10
-0.70195144 2.2419326 -0.12128857 43
-1.7870905 3.4006293 -0.06645003 3
-0.58954597 1.8853757 -0.23791587 5
nan nan nan 0
-0.38541049 1.2326062 -0.2440162 7
nan nan nan 0
-0.27541497 0.88164812 -0.2378033 16
nan nan nan 0
-1.5138379 4.9358244 1.18291 77
-1.7745881 3.3871601 1.013895 80
-0.72518313 2.3581958 0.38479537 30
-1.7670401 3.3855882 0.73490822 80
-0.71085322 2.3114913 0.20852011 54
-1.7668726 3.3967173 0.46518338 82
-0.69069004 2.2457664 0.040402319 62
-1.764843 3.3985674 0.19887663 21
-0.68947166 2.2431908 -0.12115774 42
-1.7692604 3.4099398 -0.06645003 4
-0.58039212 1.8908097 -0.23822013 5
nan nan nan 0
-0.37966797 1.2369545 -0.24449281 6
-0.70592576 1.3641908 -0.23751837 2
-0.27149817 0.88538849 -0.2384495 16
-0.48342654 0.93541026 -0.23489612 5
-1.5046631 4.9335351 1.1817859 76
-1.7630755 3.3795531 1.010664 80
-0.72466564 2.371268 0.38674864 28
-1.7611284 3.3886671 0.73490822 81
-0.70681781 2.3127284 0.20852011 53
-1.7517906 3.3821797 0.46274945 81
-0.68749803 2.2493596 0.04044595 64
-1.7520127 3.3883448 0.19809158 30
-0.68119091 2.2300611 -0.1203727 35
-1.7552568 3.3974867 -0.066144615 4
-0.57420409 1.8823233 -0.23700316 5
nan nan nan 0
-0.37608334 1.2329184 -0.2435396 6
-0.69444352 1.3478873 -0.23439312 3
-0.268554 0.8812378 -0.23715709 17
-0.49303395 0.95786434 -0.24051565 6
-1.4730681 4.9252658 1.1778524 72
-1.7398139 3.3780096 1.0074331 79
-0.72073001 2.4034188 0.39143652 27
-1.7343777 3.3803842 0.73109537 80
-0.69755316 2.3259418 0.20939167 54
-1.7306607 3.3846815 0.4618367 83
-0.6714139 2.2385595 0.040184166 56
-1.728559 3.3863602 0.19743738 40
-0.66807526 2.2288132 -0.12011101 38
-1.7351669 3.4021797 -0.066057354 4
-0.56646842 1.8924376 -0.23791587 5
-1.2268729 2.4074497 -0.23289396 3
-0.37312418 1.2466313 -0.24592258 6
-0.69525868 1.3668882 -0.23712771 3
-0.26531044 0.88726234 -0.2384495 18
-0.47688439 0.93876243 -0.23489612 6
-1.4653299 4.9275732 1.1778524 78
-1.729497 3.3724508 1.0048481 79
-0.71934766 2.4141409 0.39299911 26
-1.7228799 3.3724859 0.72871244 78
-0.69562072 2.3343174 0.21004534 54
-1.7236223 3.3854871 0.46153247 84
-0.6675058 2.239728 0.040184166 53
-1.7147093 3.3738019 0.19652151 55
-0.66560566 2.2347622 -0.1203727 42
-1.7224199 3.391839 -0.065795571 19
-0.56245947 1.8910443 -0.23761165 5
-1.2260612 2.4162445 -0.23354632 3
-0.36816302 1.2378672 -0.2440162 6
-0.69736069 1.3768978 -0.23869032 5
-0.26307836 0.88540757 -0.2378033 17
-0.47413629 0.93742436 -0.23433419 8
-1.4352434 4.9237347 1.1750426 74
-1.7085351 3.375 1.0029095 81
-0.71568018 2.4486928 0.39807764 36
-1.7040905 3.3792703 0.72823584 81
-0.68617654 2.347492 0.21091689 54
-1.6991711 3.3811703 0.45970702 83
-0.65507013 2.2407925 0.040140532 62
-1.6947765 3.3782737 0.19625983 72
-0.65110266 2.2286291 -0.11984934 54
-1.699023 3.3896444 -0.06557741 34
-0.55047214 1.886815 -0.23669893 5
-1.208917 2.4137311 -0.23267651 3
-0.36304429 1.2444918 -0.2449694 6
-0.68680984 1.3739141 -0.23751837 6
-0.2597807 0.89141285 -0.2390957 17
-0.45275763 0.90727293 -0.2259049 9
-1.4247987 4.9166226 1.1727948 74
-1.6982834 3.3693559 1.0003247 80
nan nan nan 0
-1.6926705 3.37128 0.72585291 77
-0.68207824 2.3486857 0.21091689 48
-1.6888151 3.3752594 0.45849007 75
-0.64907235 2.2347295 0.04000964 63
-1.6855229 3.3745298 0.1958673 70
-0.64651793 2.2273636 -0.11971849 59
-1.6830349 3.3724875 -0.065184735 47
-0.54648966 1.885389 -0.23639469 5
-1.2058175 2.4180644 -0.23289396 7
-0.36019191 1.2427654 -0.24449281 6
-0.68662441 1.3795253 -0.23829968 7
-0.2575576 0.88954377 -0.2384495 17
-0.45445478 0.91459167 -0.22759074 10
nan nan nan 0
-1.6741483 3.3652363 0.99644756 61
nan nan nan 0
-1.6695337 3.3691082 0.72346991 50
-0.67317224 2.3642039 0.21200635 48
-1.6634096 3.3684909 0.4563604 47
-0.63736248 2.2380977 0.04000964 62
-1.6733637 3.3944988 0.19652151 70
-0.63484669 2.2307184 -0.11971849 63
-1.6620322 3.3745306 -0.065053843 43
-0.53863853 1.8953871 -0.2373074 5
-1.1865193 2.4109485 -0.23158923 7
-0.35701686 1.2564425 -0.24687576 6
-0.68048716 1.3853147 -0.23869032 8
-0.25420591 0.89552933 -0.23974191 17
-0.45831892 0.93441761 -0.23208638 13
-0.92720085 3.2828305 0.77886611 29
-1.6682724 3.3681533 0.99644756 40
-0.69026273 2.4405854 0.39573374 27
-1.6690936 3.3830144 0.72585291 33
-0.6737771 2.3821542 0.21353158 44
-1.6685029 3.3936439 0.4594028 31
-0.63345534 2.2392066 0.04000964 71
-1.6652315 3.3929346 0.19625983 29
-0.63162971 2.234226 -0.11984934 61
-1.6671721 3.3998559 -0.065490149 30
-0.53868908 1.908268 -0.23882861 5
-1.1823095 2.4130156 -0.23158923 7
-0.35349688 1.2523382 -0.24592258 6
-0.6758855 1.3820702 -0.237909 8
-0.25134116 0.89132017 -0.2384495 17
-0.45453015 0.93084753 -0.23096247 16
-0.90294421 3.2643168 0.77324659 76
-1.6591197 3.3941891 1.0016172 27
-0.67418545 2.432266 0.39378044 35
-1.6642811 3.4181702 0.73157203 26
-0.66394889 2.3952515 0.21440314 43
-1.6539686 3.4090271 0.46031553 27
-0.61905873 2.2328553 0.039835118 63
-1.6605341 3.4285548 0.1978299 27
-0.61792874 2.2302833 -0.11945682 57
-1.6580793 3.4265285 -0.065839194 27
-0.52803069 1.9086701 -0.23852436 6
-1.168571 2.4169328 -0.23137176 7
-0.34563306 1.2494394 -0.2449694 6
-0.66756004 1.3833696 -0.23751837 8
-0.24667081 0.89262396 -0.2384495 15
-0.45071712 0.93540448 -0.23152441 13
-0.89781547 3.2657311 0.77324659 94
-1.6616688 3.4144421 1.0067868 25
-0.66536373 2.4167707 0.39104587 24
-1.6647515 3.4343123 0.73443156 24
-0.66240442 2.4060133 0.21527469 42
-1.6588355 3.4342401 0.46335793 26
-0.61582226 2.2363427 0.039878745 67
-1.6556345 3.4336953 0.19796075 27
-0.61403519 2.2313583 -0.11945682 55
-1.6575339 3.4406705 -0.066057354 26
-0.52600896 1.9143754 -0.23913284 5
-1.161099 2.4122417 -0.2307194 7
-0.34280509 1.2476734 -0.24449281 6
-0.66622043 1.386755 -0.237909 7
-0.24574694 0.89538336 -0.2390957 15
-0.44802064 0.93399805 -0.23096247 13
-0.88013315 3.270541 0.77324659 94
-1.6584409 3.4535561 1.0158336 26
-0.64885336 2.4059138 0.38870192 27
-1.6637317 3.4783845 0.74205709 26
-0.65109092 2.4142587 0.21571046 42
-1.653674 3.4697435 0.4670088 26
-0.60085922 2.2274671 0.039660592 57
-1.6634378 3.4963932 0.2011009 29
-0.60169554 2.2321317 -0.11932597 56
-1.6610103 3.4944282 -0.066929974 28
-0.51790625 1.9242938 -0.24004556 5
-1.1463083 2.4137924 -0.23028451 8
-0.33690199 1.2518219 -0.2449694 6
-0.67172098 1.4169626 -0.24259689 7
-0.24105537 0.89665782 -0.2390957 17
-0.43891683 0.92754203 -0.22871464 12
-0.87373859 3.2672122 0.77212268 95
nan nan nan 0
-0.64083117 2.3927281 0.38635799 34
nan nan nan 0
-0.65073115 2.4298284 0.2170178 41
nan nan nan 0
-0.59826028 2.2333424 0.039747853 62
nan nan nan 0
-0.59972972 2.2404149 -0.11971849 59
nan nan nan 0
-0.51390839 1.9227967 -0.23974133 5
-1.1399572 2.4112899 -0.22984959 8
-0.33471659 1.252408 -0.2449694 6
-0.67348832 1.427053 -0.2441595 7
-0.23763564 0.89007342 -0.23715709 15
-0.44253716 0.93930209 -0.23152441 14
-0.85481811 3.2671773 0.77099878 94
-2.1186965 4.488894 1.3189037 23
-0.62642056 2.3888836 0.38518602 34
-2.120609 4.5111313 0.96129042 23
-0.63233078 2.4115164 0.21505679 41
nan nan nan 0
-0.58466184 2.2291892 0.039616961 63
nan nan nan 0
-0.58799076 2.2435243 -0.11971849 62
-1.0885844 2.3355739 -0.044372741 9
-0.50445956 1.9278624 -0.24004556 5
-1.1294291 2.4217362 -0.23028451 8
-0.32939005 1.2588937 -0.24592258 6
-0.67439616 1.4484444 -0.24728474 7
-0.23236609 0.88896757 -0.23651089 15
-0.43554005 0.93719721 -0.23040052 12
-0.8478502 3.2614422 0.76931292 95
-2.1273232 4.5275416 1.3292429 23
-0.62287062 2.3923635 0.3855767 33
-2.126281 4.5437093 0.96748608 23
-0.63688046 2.4463654 0.21810725 25
-1.0748904 2.3105798 0.30819538 32
-0.58014238 2.2277868 0.03957333 64
nan nan nan 0
-0.5834474 2.2421303 -0.11958765 63
-1.0834504 2.3352048 -0.044329111 46
-0.50420266 1.9407514 -0.24156678 5
-1.1230955 2.4191897 -0.22984959 8
-0.32596511 1.2547143 -0.2449694 6
-0.66559875 1.4361949 -0.24494082 7
-0.2332215 0.89872724 -0.2390957 14
-0.43803403 0.9467814 -0.23264831 12
-0.82959294 3.2636204 0.76875097 95
-2.1137638 4.5605206 1.335705 23
-0.61155134 2.4003787 0.38635799 30
-2.1179194 4.5881891 0.974635 20
nan nan nan 0
-1.0565443 2.302655 0.30636993 56
-0.56600863 2.221103 0.039398804 60
-1.0540282 2.3013749 0.13083988 52
-0.56924325 2.2354753 -0.11906429 61
-1.0691203 2.3363032 -0.044241846 41
-0.49464312 1.94577 -0.24187101 5
-1.1124947 2.4295621 -0.23028451 8
-0.31878978 1.2540244 -0.24449281 6
-0.6622017 1.4486314 -0.24650344 7
-0.22674389 0.89291012 -0.23715709 17
-0.42796558 0.93800324 -0.22983855 12
-0.82506061 3.2672818 0.76931292 95
-2.1159387 4.5861225 1.3421671 23
-0.60856831 2.4062309 0.38713932 26
-2.1263351 4.6275439 0.98226053 13
-0.58325648 2.3058565 0.20503388 2
-1.050454 2.2999852 0.30576149 56
-0.56274223 2.2245111 0.039442439 63
-1.0468909 2.2964013 0.13044736 55
-0.56595063 2.2388861 -0.11919513 63
-1.0598404 2.3268013 -0.044023693 41
-0.49366608 1.9562567 -0.24308796 5
-1.1123998 2.440558 -0.23115432 8
-0.31719765 1.2569593 -0.2449694 6
-0.65555602 1.4408066 -0.24494082 7
-0.22518513 0.89330453 -0.23715709 15
-0.42734495 0.94096231 -0.23040052 11
-0.80562401 3.2646017 0.76762706 95
-2.1019192 4.6191106 1.348629 22
-0.60128093 2.4309621 0.39065522 27
nan nan nan 0
-0.57832921 2.3378956 0.20764856 2
-1.0240734 2.2738042 0.30150211 45
-0.54869366 2.2177196 0.039267913 58
-1.0338249 2.2995765 0.13031653 61
-0.55183136 2.2321227 -0.11867177 63
-1.0496993 2.3368752 -0.044110954 41
-0.4851934 1.9660437 -0.24400067 5
-1.0944815 2.4349997 -0.23006704 8
-0.30944276 1.2538359 -0.2440162 6
-0.64393365 1.4352193 -0.24337819 6
-0.22222432 0.90150946 -0.2390957 19
-0.42241228 0.943187 -0.23040052 12
-0.79818052 3.2563977 0.76537925 95
-2.1088307 4.655757 1.3583223 22
-0.59997177 2.4440005 0.39260849 48
nan nan nan 0
-0.57247204 2.3316443 0.20699489 3
-1.0048158 2.2416513 0.29693851 46
-0.54363388 2.2138178 0.039180648 57
-1.0287861 2.2991004 0.13018569 63
-0.54793471 2.2330823 -0.11867177 59
-1.041522 2.3295832 -0.043936431 42
-0.48293751 1.9717093 -0.24460918 5
-1.0789996 2.4119177 -0.22767504 8
-0.30725396 1.254374 -0.2440162 6
-0.63028044 1.4115716 -0.23908098 6
-0.22008146 0.89954889 -0.2384495 14
-0.42477223 0.95280498 -0.23264831 10
-0.78055018 3.2606688 0.76537925 95
-2.0962672 4.6931853 1.3660766 22
-0.58946425 2.4567146 0.39417112 43
nan nan nan 0
-0.56489003 2.3539872 0.208738 4
-0.98903549 2.2378104 0.29572153 42
-0.53203493 2.2166338 0.039180648 58
-1.0136983 2.2976086 0.12979317 64
-0.53739542 2.2407773 -0.11893346 62
-1.0272855 2.3304338 -0.04384917 42
-0.47088066 1.9669695 -0.24369647 5
-1.0643381 2.4129806 -0.22724013 8
-0.30068189 1.2559656 -0.2440162 6
-0.62588567 1.4216236 -0.24025296 6
-0.21369798 0.89363897 -0.23651089 18
-0.42175764 0.95946759 -0.23377222 17
-0.7743032 3.2571504 0.76425534 95
-2.1018357 4.7277198 1.3751234 22
nan nan nan 0
-1.0312233 2.335073 0.48898563 56
-0.55560523 2.3331606 0.20677699 4
-0.98211831 2.2327247 0.2948088 44
-0.52643394 2.210263 0.039049756 58
-1.0056552 2.2902379 0.12926981 69
-0.53060359 2.2295656 -0.11827926 57
-1.0201916 2.3253615 -0.043718275 42
-0.46973202 1.9774474 -0.24491341 6
-1.034999 2.3578663 -0.22180377 31
-0.29961684 1.2612655 -0.2449694 6
-0.62739414 1.4317489 -0.24181558 6
-0.20992716 0.88460684 -0.23392607 17
-0.41613773 0.95129222 -0.23152441 12
-0.75611985 3.2589188 0.76369345 95
-2.0896823 4.7674036 1.3835242 22
nan nan nan 0
-1.0160315 2.3336952 0.4875558 56
-0.54563069 2.3457425 0.20764856 9
-0.96942294 2.2355616 0.29450455 49
-0.51316065 2.2056839 0.038918864 47
-0.99066198 2.288604 0.12887728 61
-0.51835901 2.2298808 -0.11814842 62
-1.0089984 2.3329637 -0.043761905 43
-0.45769584 1.9726264 -0.24400067 5
-1.0285978 2.3769572 -0.2231085 91
-0.29190633 1.2580341 -0.2440162 6
-0.6159457 1.4259584 -0.24025296 5
-0.20745407 0.89510906 -0.23651089 17
-0.41407457 0.96015596 -0.23321028 12
-0.75045431 3.2577283 0.76313144 95
-2.0968404 4.8064466 1.3938634 23
nan nan nan 0
-1.0099976 2.3309648 0.48660263 55
-0.54041958 2.3418369 0.20721279 9
-0.96650708 2.2395267 0.2948088 65
-0.50874996 2.2041399 0.038875233 35
-0.98369038 2.2834563 0.12848477 57
-0.51334828 2.2259159 -0.11788674 58
-1.0009558 2.3255444 -0.043587383 43
-0.4553611 1.9782598 -0.24460918 5
-1.0234586 2.3764629 -0.22289105 95
-0.29135138 1.2657189 -0.245446 6
-0.61443782 1.429297 -0.24064361 6
-0.20481892 0.8907603 -0.23521848 19
-0.40851581 0.95193994 -0.23096247 13
-0.73175216 3.2569869 0.76200753 95
-2.0821619 4.8417554 1.4009717 25
nan nan nan 0
-0.98906708 2.3159244 0.48231328 38
-0.52924114 2.3494945 0.20764856 5
-0.95574331 2.2468383 0.29511306 73
-0.49391782 2.1921399 0.038613446 44
-0.97172087 2.2885756 0.12848477 53
-0.50059378 2.2237012 -0.11762506 56
-0.98582482 2.3238556 -0.043456491 43
-0.444455 1.9781952 -0.24430493 5
-1.0237041 2.4115701 -0.22571796 95
-0.28365108 1.2624366 -0.24449281 6
-0.60694563 1.4324945 -0.24064361 6
-0.20120001 0.89653552 -0.23651089 19
-0.40448475 0.95630515 -0.23152441 11
-0.72557735 3.2533765 0.76088363 95
-2.0879905 4.8786726 1.4106648 27
-0.64148092 2.8730092 0.46019182 40
-0.97827524 2.3018491 0.47897714 35
-0.52243394 2.3382597 0.20655911 6
-0.95084882 2.2462196 0.2948088 74
-0.49117735 2.1978786 0.038700711 68
-0.96186978 2.2764804 0.12769973 65
-0.49779606 2.2294457 -0.11788674 53
-0.97981483 2.3209703 -0.043369226 43
-0.44261417 1.9862354 -0.24521764 5
-1.0263053 2.4294009 -0.22724013 9
-0.28250796 1.2677221 -0.245446 6
-0.60251254 1.4290066 -0.23986229 6
-0.20119444 0.90396065 -0.2384495 18
-0.40377009 0.95925087 -0.23208638 14
-0.70641625 3.2501121 0.75919777 95
-2.0708823 4.9095583 1.4164805 25
-0.62695318 2.878742 0.46058249 38
-0.96716154 2.3092015 0.47945368 41
-0.51863849 2.3799033 0.21004534 33
-0.94099391 2.2557442 0.29541731 67
-0.47754118 2.1906493 0.038526185 75
-0.95282859 2.2883947 0.12809224 72
-0.48399878 2.2222621 -0.11736339 52
-0.96668458 2.3237624 -0.043325596 43
-0.43063387 1.9812499 -0.24430493 6
-1.0289488 2.4715028 -0.2307194 8
-0.27483076 1.2643861 -0.24449281 6
-0.59597611 1.4344194 -0.24025296 6
-0.1959511 0.90264052 -0.2378033 16
-0.39779866 0.95910567 -0.23152441 12
-0.70079786 3.2488365 0.75863582 95
-2.0744865 4.9421034 1.4248812 13
-0.62088841 2.8750036 0.45980117 42
-0.96502632 2.3154132 0.48040691 48
-0.51448399 2.380805 0.21004534 28
-0.93705547 2.2573831 0.29541731 62
-0.47529531 2.1988101 0.038657077 69
-0.94307405 2.2762258 0.12730721 73
-0.47854435 2.2157812 -0.11697085 42
-0.95974684 2.3185227 -0.043194704 43
-0.42821646 1.9868511 -0.24491341 6
-1.0208052 2.4640977 -0.22984959 8
-0.27210999 1.262464 -0.2440162 6
-0.59062129 1.4286197 -0.23908098 6
-0.19487877 0.90534317 -0.2384495 15
-0.3998813 0.96878916 -0.23377222 12
-0.68271035 3.2501962 0.75807387 95
-2.060606 4.9818988 1.4332819 11
-0.60633355 2.8806317 0.46019182 39
-0.94914412 2.3113604 0.47850055 39
-0.50507969 2.3980908 0.21135268 23
-0.9271102 2.2668486 0.29602575 57
-0.46274933 2.1963761 0.038569819 67
-0.9320907 2.2834425 0.12743805 67
-0.46488705 2.2084825 -0.11644749 38
-0.94474977 2.3165777 -0.043063812 43
-0.41882321 1.9939235 -0.24552189 6
-1.0116695 2.478626 -0.2307194 8
-0.26549605 1.2638714 -0.2440162 6
-0.58407116 1.4339767 -0.23947163 6
-0.18866281 0.89925736 -0.23651089 17
-0.39109322 0.96185941 -0.23152441 15
-0.67661279 3.2464943 0.75694996 96
-2.0638816 5.0145102 1.4416826 11
-0.60180789 2.8841033 0.46058249 43
-0.94790584 2.3198237 0.47993031 32
-0.5003863 2.3965304 0.21113478 21
-0.92503154 2.2730565 0.29663426 56
-0.45942423 2.1996276 0.038613446 70
-0.91772312 2.2596409 0.12599881 61
-0.4589999 2.1995132 -0.11592413 37
-0.94070524 2.318223 -0.043063812 43
-0.41483885 1.9922217 -0.24521764 6
-1.0064009 2.4780819 -0.23050195 8
-0.26577392 1.2763497 -0.24639918 6
-0.58343589 1.4395655 -0.24025296 6
-0.18806672 0.90431613 -0.2378033 17
-0.39310819 0.97155726 -0.23377222 13
-0.65807223 3.2453322 0.75582606 95
-2.0485103 5.0520954 1.449437 10
-0.58424765 2.8751142 0.45862922 40
-0.94034898 2.3361301 0.48231328 21
-0.48783132 2.3991175 0.21113478 20
-0.91589981 2.2847731 0.29754698 57
-0.4479008 2.202003 0.038613446 73
-0.90681076 2.2667315 0.12612964 46
-0.4484674 2.2067804 -0.11618582 41
-0.92575836 2.3161585 -0.04293292 44
-0.40587473 2.0016639 -0.24613038 6
-0.99062514 2.4763851 -0.22984959 8
-0.25715041 1.2681001 -0.24449281 6
-0.57312381 1.4357288 -0.23908098 6
-0.18285473 0.90292048 -0.23715709 16
-0.38619223 0.96908426 -0.23264831 14
-0.65105778 3.2368083 0.75357825 95
-2.0523663 5.087007 1.4584839 10
-0.57874268 2.8737082 0.45823854 41
-0.93901998 2.3445976 0.48374304 9
-0.48462355 2.4048491 0.21157058 19
-0.90636957 2.2725494 0.29572153 56
-0.44454879 2.2052321 0.038657077 76
-0.89265007 2.2428141 0.12469041 32
-0.44216067 2.1953206 -0.11553162 38
-0.92264229 2.3200915 -0.042976547 46
-0.40238056 2.0023692 -0.24613038 6
-0.98537666 2.4757979 -0.22963212 8
-0.25589684 1.2733604 -0.245446 6
-0.57337177 1.4436035 -0.24025296 6
-0.18221921 0.90797585 -0.2384495 16
-0.38359249 0.9674964 -0.23208638 13
-0.63260329 3.2355011 0.75245434 96
-2.0373211 5.1268497 1.4668845 10
-0.56416148 2.8791227 0.45862922 44
-0.92763543 2.3517632 0.48421967 5
-0.4715479 2.4049091 0.21135268 17
-0.90083838 2.2934198 0.29785123 67
-0.43155894 2.2001698 0.038526185 70
-0.87540203 2.233521 0.12390537 41
-0.42874765 2.187804 -0.11500826 37
-0.90865034 2.3202391 -0.042889286 48
-0.39378631 2.0141914 -0.24734734 6
-0.97239995 2.4809234 -0.22963212 8
-0.24782375 1.2674552 -0.2440162 6
-0.5621804 1.4373978 -0.23869032 6
-0.17654675 0.9041751 -0.23715709 15
-0.38031337 0.97402209 -0.23321028 14
-0.62752014 3.236491 0.75245434 96
-2.0434971 5.1685648 1.47787 10
-0.55772841 2.8728302 0.45745724 45
-1.9358542 4.919374 1.0199115 15
-0.46782288 2.4081738 0.21157058 17
-0.89774173 2.297298 0.29815546 78
-0.4267686 2.1960113 0.03843892 69
-0.86694592 2.2234242 0.12325118 57
-0.42398092 2.1836467 -0.11474658 38
-0.9000411 2.3101842 -0.042671129 45
-0.38933098 2.0100024 -0.24673885 6
-0.96806848 2.4826169 -0.22963212 8
-0.24561125 1.2678858 -0.2440162 6
-0.56147516 1.442974 -0.23947163 6
-0.17451462 0.9021098 -0.23651089 15
-0.37861279 0.97468436 -0.23321028 12
-0.60865194 3.232656 0.75076848 96
-2.0278215 5.2084413 1.4862707 10
-0.54130971 2.8684304 0.45628527 42
nan nan nan 0
-0.45612788 2.4154851 0.21200635 16
-0.88928211 2.3112242 0.29937243 68
-0.41387871 2.1908462 0.038308028 55
-0.8552922 2.2279329 0.12325118 64
-0.41300258 2.1882904 -0.11487742 39
-0.87264216 2.275218 -0.041929405 34
-0.37971514 2.0168915 -0.24734734 6
-0.95415968 2.485328 -0.22941469 8
-0.2407717 1.2788042 -0.24592258 6
-0.5548023 1.4481974 -0.23986229 6
-0.17199557 0.91488302 -0.23974191 16
-0.37438434 0.97892487 -0.23377222 12
-0.60268211 3.2288184 0.74964464 96
-2.0327137 5.247993 1.4966099 10
-0.53494614 2.8620884 0.45511332 43
-0.89026833 2.3162749 0.47516435 3
-0.45191133 2.4162776 0.21200635 15
-0.88613814 2.3150887 0.29967666 62
-0.41096964 2.19648 0.038395293 61
-0.85229748 2.2317529 0.12338201 70
-0.40735593 2.1791899 -0.11435406 45
-0.85344845 2.2370639 -0.041187678 32
-0.3743839 2.0077922 -0.24613038 6
-0.94982052 2.4869895 -0.22941469 8
-0.23764661 1.2743959 -0.2449694 7
-0.55050159 1.4445539 -0.23908098 6
-0.17039852 0.91518182 -0.23974191 15
-0.37179902 0.97730374 -0.23321028 13
-0.58477116 3.2296345 0.74908262 96
-2.0172801 5.2901459 1.5056568 10
-0.51995307 2.86485 0.45511332 43
-0.87900096 2.3231983 0.47564095 18
-0.43925363 2.4186106 0.21200635 15
-0.86081719 2.2848897 0.29511306 25
-0.39812893 2.1912224 0.038264398 60
-0.84589773 2.2501962 0.12416705 70
-0.39594021 2.181293 -0.11435406 44
-0.83289218 2.218118 -0.040751368 40
-0.36562541 2.0194933 -0.24734734 6
-0.94030714 2.5012476 -0.23028451 8
-0.23097065 1.2756228 -0.2449694 6
-0.54555255 1.4543447 -0.24025296 6
-0.16475482 0.91130668 -0.2384495 16
-0.36754107 0.98151469 -0.23377222 13
-0.57841069 3.2233551 0.74739677 96
-2.0200613 5.3252611 1.5147036 10
-0.5153873 2.8681839 0.45550397 41
-0.8697328 2.3109574 0.47278142 27
-0.43766505 2.434083 0.21331368 20
-0.85070235 2.2701347 0.29298338 25
-0.39474443 2.1943746 0.038308028 59
-0.84109032 2.2493327 0.12403621 60
-0.39081398 2.174608 -0.11396154 48
-0.83077765 2.2242477 -0.040838629 34
-0.361229 2.0152426 -0.24673885 6
-0.93155885 2.4912286 -0.22919723 8
-0.22917347 1.2784404 -0.245446 6
-0.54562342 1.4622275 -0.24142492 6
-0.16316403 0.91159284 -0.2384495 16
-0.36496717 0.97987562 -0.23321028 12
-0.56096232 3.2264373 0.74739677 96
-2.0090818 5.3810015 1.5276277 10
-0.49951774 2.8659773 0.45472264 41
-0.85076761 2.2970815 0.46896866 35
-0.4249143 2.436341 0.21331368 23
-0.8353526 2.2652519 0.29176643 28
-0.38239413 2.1914859 0.038220771 58
-0.82930136 2.2537055 0.12403621 81
-0.37899581 2.1741648 -0.1138307 53
-0.81218576 2.2098112 -0.04048958 39
-0.35024953 2.0146611 -0.2464346 6
-0.92195833 2.5054152 -0.23006704 8
-0.22289333 1.2820412 -0.24592258 7
-0.53538615 1.458118 -0.24025296 6
-0.15716425 0.90529376 -0.23651089 14
-0.36067989 0.98405671 -0.23377222 17
-0.55548143 3.2249141 0.74683481 96
-2.0114837 5.4161859 1.5366746 10
-0.49326038 2.859544 0.4535507 41
-0.84675705 2.2985628 0.46896866 57
-0.42066142 2.437079 0.21331368 19
-0.82109135 2.2387695 0.2881155 36
-0.3794153 2.1970768 0.038308028 70
-0.83140397 2.2715497 0.12495209 75
-0.37393346 2.1674414 -0.11343818 59
-0.80919051 2.2135715 -0.040533211 45
-0.34673277 2.0152693 -0.2464346 6
-0.91586417 2.5023458 -0.22963212 8
-0.21983011 1.2775898 -0.2449694 7
-0.53198653 1.4567332 -0.23986229 6
-0.15679599 0.91270971 -0.2384495 16
-0.35896185 0.98468465 -0.23377222 15
-0.53802496 3.2278721 0.74683481 96
-1.9988812 5.4697294 1.5489525 10
-0.47909203 2.8669593 0.45433202 41
-0.8347103 2.3029647 0.46896866 61
-0.40789521 2.4392481 0.21331368 20
-0.80935788 2.2430379 0.2881155 58
-0.36667511 2.1916363 0.038177136 84
-0.81694818 2.2688296 0.12455957 71
-0.36298916 2.1718318 -0.11356901 63
-0.79843956 2.2201285 -0.040576845 47
-0.33577043 2.0146093 -0.24613038 7
-0.9019016 2.5047653 -0.22941469 8
-0.21273768 1.276302 -0.24449281 6
-0.5235101 1.4571772 -0.23947163 6
-0.15201493 0.91351819 -0.2384495 17
-0.35380116 0.98655069 -0.23377222 14
-0.53176785 3.2215021 0.74514896 96
-2.0009067 5.5049767 1.5579994 9
-0.47248277 2.8580451 0.4527694 41
-0.8281799 2.2974966 0.46753883 54
-0.40323263 2.4374988 0.21309578 21
-0.80712718 2.2491155 0.28872401 54
-0.36366159 2.1972055 0.038264398 84
-0.81214106 2.2679033 0.12442873 69
-0.35960323 2.1749258 -0.11369986 64
-0.79456347 2.2215188 -0.040576845 61
-0.3330566 2.0200896 -0.24673885 6
-0.90005964 2.5133655 -0.23006704 7
-0.21050981 1.2766714 -0.24449281 7
-0.52180374 1.4604117 -0.23986229 6
-0.14964557 0.90901464 -0.23715709 18
-0.35456392 0.9940393 -0.23545809 14
-0.51433021 3.2243319 0.74514896 96
-1.9867235 5.5562997 1.569631 10
-0.45751172 2.8604798 0.4527694 41
-0.81531447 2.29949 0.46706229 56
-0.38968098 2.4346578 0.21266001 14
-0.79284865 2.2462955 0.28781131 60
-0.35215214 2.1990798 0.038264398 83
-0.79692006 2.2627113 0.12390537 71
-0.34821048 2.1767788 -0.11369986 67
-0.78208685 2.2232921 -0.040533211 57
-0.32247493 2.0218058 -0.24673885 7
-0.88439333 2.5110006 -0.22941469 8
-0.20458844 1.2826042 -0.245446 7
-0.51249892 1.4584693 -0.23908098 5
-0.14525883 0.91217142 -0.2378033 19
-0.3460888 0.98670143 -0.23321028 12
-0.50850761 3.2203231 0.74402505 96
-1.9883759 5.5916061 1.578678 9
-0.45098191 2.851517 0.45120677 40
-0.81129986 2.3009093 0.46706229 54
-0.38891813 2.4574757 0.21462101 17
-0.78644812 2.2406564 0.28689855 69
-0.34753576 2.1947527 0.038177136 70
-0.79214001 2.2617443 0.12377454 68
-0.34363484 2.172451 -0.11343818 64
-0.77986491 2.2293692 -0.040620472 54
-0.3185614 2.0199142 -0.2464346 6
-0.87918216 2.5101912 -0.22919723 7
-0.20159188 1.2781099 -0.24449281 7
-0.51159555 1.4640188 -0.23986229 5
-0.14329585 0.91003716 -0.23715709 16
-0.34517854 0.9896006 -0.23377222 15
-0.4899801 3.215802 0.74233925 96
-1.9734533 5.6429629 1.5903096 9
-0.43530253 2.8489568 0.45042545 38
-0.79843307 2.3028088 0.46658567 50
-0.37716928 2.4668651 0.21527469 19
-0.77714735 2.2517757 0.28781131 70
-0.33641526 2.1990135 0.038220771 67
-0.78028679 2.2658608 0.12377454 68
-0.3333804 2.1816251 -0.1138307 53
-0.77145147 2.2428708 -0.040794995 58
-0.30798084 2.0215542 -0.2464346 6
-0.86684179 2.5171137 -0.22941469 8
-0.19453084 1.2767211 -0.2440162 6
-0.50230449 1.4620116 -0.23908098 5
-0.13781254 0.90599835 -0.23586468 15
-0.34239331 0.9982968 -0.23545809 14
-0.4849281 3.2165675 0.74233925 96
-1.9755268 5.6806054 1.6000028 9
-0.42849389 2.8375027 0.44847217 43
-0.79762965 2.313473 0.46849206 44
-0.37249294 2.4650564 0.21505679 18
-0.77078635 2.2460921 0.28689855 69
-0.33071861 2.187238 0.038002614 59
-0.77389127 2.260138 0.12338201 70
-0.32920143 2.1797345 -0.11369986 51
-0.7659089 2.2394867 -0.040707737 60
-0.30481932 2.024543 -0.24673885 6
-0.86163646 2.5162678 -0.22919723 8
-0.19338797 1.2843407 -0.245446 7
-0.49975207 1.4628861 -0.23908098 6
-0.13764724 0.91579324 -0.2384495 17
-0.34144667 1.001195 -0.23602003 15
-0.46647161 3.2119112 0.74065334 96
-1.9598515 5.7319927 1.6116343 9
-0.41327664 2.8372638 0.44808149 48
-0.78312916 2.3106494 0.46706229 37
nan nan nan 0
-0.75981295 2.2524469 0.28720281 64
-0.31926182 2.1889396 0.038002614 48
-0.76044494 2.2594297 0.12312033 69
-0.31921515 2.1913114 -0.11422322 53
-0.75497359 2.2458341 -0.040751368 67
-0.29350603 2.0211995 -0.24613038 6
-0.85084504 2.527822 -0.22984959 8
-0.18666054 1.2853357 -0.245446 7
-0.49287847 1.4678211 -0.23947163 5
-0.13216724 0.91171992 -0.23715709 18
-0.33541557 1.0006628 -0.23545809 16
-0.46108094 3.2102287 0.74009144 96
-1.9693214 5.7925534 1.6277894 9
-0.40867409 2.8404253 0.44847217 51
-0.78224736 2.3213096 0.46896866 32
nan nan nan 0
-0.75508702 2.2514184 0.28689855 62
-0.31437778 2.1820703 0.037871718 49
-0.75809377 2.2654858 0.12338201 76
-0.31680414 2.201751 -0.11474658 64
-0.75184953 2.2495174 -0.040794995 65
-0.28892764 2.0143383 -0.24521764 6
-0.8488149 2.5363843 -0.23050195 8
-0.18303713 1.2759403 -0.2435396 7
-0.48794943 1.4616596 -0.23829968 6
-0.13057579 0.91194916 -0.23715709 16
-0.33288833 0.99893886 -0.23489612 12
-0.44403711 3.2150896 0.74065334 96
-1.9504714 5.8371353 1.6374826 9
-0.39447066 2.8474183 0.4492535 58
-0.77318579 2.3346865 0.47087502 32
nan nan nan 0
-0.74641305 2.2647619 0.2881155 60
-0.30363107 2.1886389 0.037958983 72
-0.74151552 2.255203 0.12259697 76
-0.30527151 2.2033796 -0.11474658 77
-0.73927647 2.25105 -0.040751368 68
-0.27905113 2.0207407 -0.24582614 6
-0.83395892 2.5360649 -0.23006704 8
-0.17602165 1.2744496 -0.24306302 7
-0.48106614 1.4665384 -0.23869032 6
-0.12644874 0.91740656 -0.2384495 18
-0.32765335 1.0006682 -0.23489612 13
-0.43865827 3.2133696 0.74009144 96
-1.9494377 5.8680253 1.645237 9
-0.38883442 2.843209 0.44847217 56
-0.77296877 2.3476803 0.47325796 21
-0.37363857 2.7315972 0.23815306 59
-0.74401349 2.2707748 0.28872401 58
-0.29947361 2.1866884 0.037915349 49
-0.73835844 2.2588651 0.12272782 71
-0.3010892 2.2014353 -0.11461575 81
-0.7353465 2.252337 -0.040751368 70
-0.27452514 2.0138478 -0.24491341 6
-0.83030927 2.5398824 -0.23028451 8
-0.17412502 1.2771871 -0.2435396 7
-0.48082322 1.4744118 -0.23986229 6
-0.12388538 0.91044486 -0.23651089 17
-0.32590634 1.0012385 -0.23489612 15
-0.42063582 3.2108645 0.73896748 96
nan nan nan 0
-0.37330183 2.8403089 0.44769087 56
nan nan nan 0
-0.35803926 2.7236383 0.2372815 56
-0.7321136 2.2746394 0.28872401 56
-0.2867237 2.1783128 0.037740827 61
-0.72191447 2.2484469 0.12194277 69
-0.290205 2.2079329 -0.11487742 73
-0.7227754 2.2537775 -0.040707737 70
-0.26429692 2.0177178 -0.24521764 6
-0.81699914 2.5441952 -0.23028451 8
-0.16806579 1.282949 -0.24449281 7
-0.47461703 1.481608 -0.24064361 6
-0.11973287 0.91587162 -0.2378033 20
-0.31990749 1.0006143 -0.23433419 12
-0.41528052 3.2091053 0.73840553 96
-1.5677512 4.8342528 1.3505677 30
-0.36834395 2.8409562 0.44769087 58
-1.6103004 4.9915261 1.0118093 34
-0.35328504 2.7242591 0.2372815 50
-0.72890311 2.2782757 0.28902826 54
-0.28292137 2.1788099 0.037740827 71
-0.7156983 2.2425725 0.12155025 62
-0.28443727 2.1935794 -0.11409239 64
-0.71807694 2.2526553 -0.040664103 70
-0.26045924 2.0157151 -0.24491341 6
-0.81484139 2.552731 -0.23093687 8
-0.16520439 1.2783716 -0.2435396 7
-0.46976215 1.4753819 -0.23947163 6
-0.11752632 0.91128755 -0.23651089 18
-0.31890848 1.0034894 -0.23489612 13
-0.39791161 3.2113051 0.73840553 96
-1.5534434 4.8769016 1.3602607 37
-0.35316068 2.8403955 0.4473002 55
-1.5744802 4.9694839 1.0056137 38
-0.33871043 2.7235999 0.23706363 45
-0.71995711 2.2915246 0.29024521 48
-0.27058893 2.1728191 0.037609935 71
-0.7009418 2.2367656 0.1210269 57
-0.27264184 2.1925607 -0.11396154 52
-0.70702356 2.2587686 -0.040707737 71
-0.24990147 2.0170512 -0.24491341 6
-0.79846859 2.5474615 -0.23006704 8
-0.15910509 1.284091 -0.24449281 7
-0.46203065 1.4778214 -0.23947163 6
-0.11362741 0.91908264 -0.2384495 16
-0.31144261 0.99817872 -0.23321028 12
-0.39227813 3.2070899 0.73728162 96
-1.5412741 4.8680968 1.3570298 48
-0.34670877 2.8287516 0.44534692 52
-1.5613691 4.9581823 1.0027541 41
-0.33486041 2.7316036 0.23771729 42
-0.7152124 2.2904103 0.28994095 39
-0.26709872 2.1757693 0.037653565 69
-0.69479591 2.230839 0.12063438 58
-0.26790968 2.1855981 -0.11356901 41
-0.70308018 2.259999 -0.040707737 70
-0.24697772 2.0224109 -0.24552189 6
-0.79327649 2.5464747 -0.22984959 8
-0.15686369 1.2843667 -0.24449281 7
-0.45945066 1.4786254 -0.23947163 5
-0.11173593 0.91688156 -0.2378033 18
-0.31043169 1.0010443 -0.23377222 12
-0.37492043 3.2091653 0.73728162 98
-1.507136 4.848434 1.3492752 44
-0.3330366 2.8403389 0.44690955 56
-1.5150326 4.9006581 0.98940951 36
-0.32141846 2.7407405 0.23837095 39
-0.70760036 2.3083503 0.29176643 35
-0.25599226 2.1796205 0.037697192 76
-0.68457484 2.2392187 0.12089606 59
-0.25530759 2.1770518 -0.11304566 44
-0.68756437 2.251703 -0.04048958 71
-0.23638506 2.0236764 -0.24552189 6
-0.77993232 2.5505934 -0.22984959 8
-0.15069909 1.2900465 -0.245446 7
-0.45097506 1.4786513 -0.23908098 6
-0.106659 0.91505474 -0.23715709 17
-0.30446646 1.0003287 -0.23321028 13
-0.36876923 3.2000699 0.73503381 96
-1.4950969 4.8395233 1.3460443 55
-0.32723376 2.8335564 0.4457376 56
-1.4819003 4.823555 0.97320527 37
-0.31720266 2.7462459 0.23880674 37
-0.70429796 2.311954 0.29207063 32
-0.25161746 2.1750977 0.037609935 76
-0.67701381 2.2284729 0.12024185 55
-0.25150752 2.177494 -0.11304566 50
-0.68582457 2.260071 -0.040620472 70
-0.23341542 2.029017 -0.24613038 6
-0.77329504 2.5448055 -0.22919723 8
-0.1484473 1.2903075 -0.245446 7
-0.44984004 1.4841582 -0.23986229 6
-0.10560267 0.92003924 -0.2384495 17
-0.30629748 1.0125014 -0.23602003 12
-0.35144985 3.202018 0.73503381 96
-1.4648168 4.8311114 1.3415209 50
-0.31158641 2.8278673 0.44456562 51
-1.4651506 4.859436 0.97892433 29
-0.30309018 2.7503445 0.23902461 37
-0.69432843 2.3227386 0.29298338 33
-0.23995316 2.1739006 0.0375663 75
-0.66318291 2.2248139 0.11984934 47
-0.2401028 2.178781 -0.11304566 51
-0.67039222 2.2516596 -0.040402319 67
-0.22251993 2.0277443 -0.24582614 6
-0.75996 2.5488198 -0.22919723 8
-0.14116086 1.2861873 -0.24449281 7
-0.44277367 1.4888579 -0.24025296 6
-0.10001027 0.91337579 -0.23651089 18
-0.30099183 1.0140913 -0.23602003 12
-0.34589857 3.197722 0.7339099 96
-1.4528885 4.8221016 1.3382897 51
-0.3069149 2.8308616 0.44495627 48
nan nan nan 0
-0.29828945 2.7508693 0.23902461 37
-0.69027346 2.3239467 0.29298338 31
-0.23589084 2.1718307 0.03752267 77
-0.6550169 2.2116137 0.11906429 43
-0.23629975 2.1791968 -0.11304566 57
-0.66574758 2.2504306 -0.040358689 61
-0.21950875 2.0330641 -0.2464346 6
-0.75195277 2.5382087 -0.22810996 9
-0.13839597 1.281551 -0.2435396 7
-0.43805435 1.4825304 -0.23908098 6
-0.099177063 0.92075402 -0.2384495 14
-0.29642469 1.0052811 -0.23377222 11
-0.32933459 3.2068172 0.73559582 96
-1.4241867 4.8180666 1.3350588 62
-0.29133338 2.8250606 0.4437843 48
-0.72524828 2.4755909 0.49422812 9
-0.28286657 2.7424836 0.23815306 43
-0.68298554 2.3441966 0.29511306 29
-0.22375165 2.1655762 0.037391778 78
-0.64202571 2.2102206 0.11880261 46
-0.22488631 2.1804042 -0.11304566 67
-0.65255296 2.2490869 -0.040271424 59
-0.20860951 2.0317171 -0.24613038 6
-0.73865247 2.5421112 -0.22810996 9
-0.1311896 1.2773746 -0.2425864 7
-0.43306309 1.4942824 -0.24064361 6
-0.093390197 0.91164881 -0.23586468 15
-0.29184395 1.0091565 -0.23433419 14
-0.32380965 3.2024827 0.73447186 98
-1.412362 4.8089619 1.3318278 59
-0.28541273 2.8157375 0.4422217 40
-0.73127693 2.5121801 0.50137705 9
-0.27758056 2.7380173 0.23771729 49
-0.68167067 2.3549142 0.29633 29
-0.22047253 2.1709378 0.037479043 78
-0.63607645 2.2041461 0.1184101 48
-0.22008166 2.1708572 -0.1125223 71
-0.64653575 2.243021 -0.040140532 59
-0.20531005 2.0345471 -0.2464346 6
-0.73629898 2.5505714 -0.22876231 9
-0.12968865 1.2849281 -0.2440162 7
-0.42700359 1.4831816 -0.23869032 6
-0.092509702 0.91902053 -0.2378033 16
-0.28939933 1.0073259 -0.23377222 13
-0.30601689 3.1993375 0.73334795 95
-1.3831398 4.8023705 1.3279505 54
-0.27066568 2.8171933 0.4422217 40
-0.71269166 2.4971049 0.49756429 9
-0.26347715 2.7419124 0.23793519 57
-0.67546809 2.3799243 0.29906818 28
-0.20815295 2.1621091 0.037304517 64
-0.62247366 2.2002432 0.11801757 45
-0.20965888 2.181921 -0.11304566 73
-0.63478255 2.2463756 -0.040140532 61
-0.19442047 2.033124 -0.24613038 6
-0.7215696 2.5496011 -0.22832741 9
-0.12249883 1.2807027 -0.24306302 7
-0.42058733 1.4901458 -0.23947163 6
-0.087472133 0.91708779 -0.23715709 15
-0.28345037 1.0064855 -0.23321028 12
-0.30121768 3.2022395 0.7339099 98
nan nan nan 0
-0.26505765 2.8102858 0.44104972 41
-0.70833236 2.4983451 0.49756429 24
-0.258459 2.7398884 0.23771729 59
-0.67402416 2.3906479 0.30028513 28
-0.20484515 2.1674464 0.037391778 74
-0.61795241 2.1989245 0.11788674 48
-0.20561804 2.1797979 -0.11291482 75
-0.63086092 2.2474802 -0.040140532 61
-0.19064206 2.0309894 -0.24582614 6
-0.71644044 2.5484602 -0.22810996 9
-0.12116675 1.2906896 -0.2449694 7
-0.41731232 1.488502 -0.23908098 6
-0.085871384 0.91723901 -0.23715709 14
-0.28302643 1.0116649 -0.23433419 12
-0.28303325 3.1941161 0.73166209 95
-0.92557853 3.3054969 0.90920991 30
-0.2512089 2.8214738 0.44261235 51
-0.69524133 2.5020196 0.49756429 28
-0.24410951 2.741204 0.23771729 64
-0.66948014 2.4228313 0.30393603 37
-0.19261357 2.1585298 0.037217256 77
-0.60509527 2.1973183 0.11762506 48
-0.19420189 2.1808448 -0.11291482 74
-0.61908448 2.2507524 -0.040140532 61
-0.17935516 2.024544 -0.24491341 7
-0.69243801 2.5137773 -0.22463068 8
-0.11398101 1.2864165 -0.2440162 7
-0.41149628 1.497804 -0.24025296 6
-0.080860034 0.91526997 -0.23651089 17
-0.27837977 1.0154793 -0.23489612 12
-0.27801561 3.194557 0.73166209 95
-0.90615249 3.2582645 0.8956396 64
-0.24521878 2.8096075 0.44065908 56
-0.69218767 2.5079582 0.49851748 29
-0.23846523 2.7317011 0.23684573 64
-0.66392845 2.4192126 0.30332753 28
-0.18927731 2.1638434 0.037304517 80
-0.59993261 2.1935577 0.11736339 48
-0.18996532 2.1762056 -0.11265314 61
-0.61183834 2.2397795 -0.039922375 60
-0.17603375 2.0273259 -0.24521764 7
-0.67019248 2.4501522 -0.21875939 8
-0.11152684 1.2841682 -0.2435396 7
-0.41019547 1.5032806 -0.24103427 5
-0.078652419 0.90819031 -0.23457228 15
-0.27530664 1.0112684 -0.23377222 13
-0.25994083 3.1863019 0.72941428 95
-0.88971794 3.2652936 0.89628583 94
-0.23030423 2.8083918 0.4402684 63
-0.68291467 2.5257559 0.50137705 28
-0.22476459 2.7403593 0.2374994 64
-0.6480099 2.4106798 0.30180636 33
-0.1779449 2.1648047 0.037304517 79
-0.58843899 2.1966689 0.11736339 46
-0.17816427 2.172194 -0.11239146 56
-0.60140419 2.2477794 -0.04000964 61
-0.16541633 2.0282197 -0.24521764 7
-0.65021771 2.4271779 -0.21636739 8
-0.10538935 1.2920736 -0.2449694 7
-0.40038517 1.4982567 -0.23986229 5
-0.075040549 0.92303467 -0.2384495 18
-0.27064577 1.0150471 -0.23433419 16
-0.25532115 3.1915629 0.73053825 95
-0.88211554 3.2598507 0.89434725 94
-0.22618586 2.8186352 0.44183102 61
-0.67978656 2.5316823 0.50233024 24
-0.21919115 2.7308166 0.23662783 63
-0.64380151 2.4118071 0.30180636 27
-0.17416635 2.165112 0.037304517 77
-0.58395749 2.195281 0.11723254 48
-0.17437282 2.1725016 -0.11239146 54
-0.59489399 2.2391675 -0.039835118 62
-0.16246156 2.0359271 -0.24613038 7
-0.64275748 2.4162807 -0.21528012 7
-0.1031341 1.2922555 -0.2449694 7
-0.39840993 1.501338 -0.24025296 6
-0.073056355 0.91834855 -0.23715709 18
-0.26760623 1.0108136 -0.23321028 12
-0.2378698 3.1904685 0.72997624 95
-0.86503506 3.2644246 0.89434725 95
-0.2110585 2.8148563 0.44104972 62
-0.67154652 2.5541861 0.50614297 27
-0.20433597 2.7244761 0.23597418 63
-0.62611037 2.3959479 0.29937243 33
-0.16208652 2.1560233 0.037129994 78
-0.57118714 2.1934791 0.11697085 48
-0.16299528 2.1733849 -0.11239146 55
-0.58506322 2.249505 -0.03996601 62
-0.15070629 2.0219011 -0.24430493 7
-0.62440914 2.3979318 -0.21332303 7
-0.096724249 1.2976731 -0.24592258 7
-0.38866001 1.4962391 -0.23908098 6
-0.06842085 0.9211272 -0.2378033 17
-0.26293144 1.0145564 -0.23377222 12
-0.2319786 3.1786897 0.72716647 95
-0.85686529 3.2565904 0.89176238 94
-0.20703882 2.8275344 0.44300303 64
-0.6608476 2.5316191 0.50137705 27
-0.19976079 2.7273126 0.23619208 61
-0.6213001 2.3946364 0.29906818 30
-0.15904689 2.166275 0.037304517 74
-0.56735796 2.1944726 0.11697085 44
-0.15938197 2.1761558 -0.1125223 59
-0.57861769 2.2408469 -0.039791483 63
-0.14717716 2.022161 -0.24430493 7
-0.61457294 2.3773272 -0.21136592 7
-0.093760788 1.2880481 -0.2440162 7
-0.38979009 1.5112504 -0.24142492 6
-0.065964438 0.90919989 -0.23457228 18
-0.26177764 1.0173702 -0.23433419 14
-0.21493965 3.1823289 0.72772843 95
-0.83859116 3.2563567 0.89046997 95
-0.1920653 2.8261158 0.44261235 60
-0.65675664 2.5706956 0.50852597 25
-0.18497626 2.7208664 0.23553839 60
-0.60567826 2.3858364 0.29754698 29
-0.14736646 2.1620901 0.037217256 77
-0.55462587 2.192575 0.11670918 41
-0.14731674 2.1669967 -0.11199894 63
-0.56687671 2.2438457 -0.039791483 61
-0.13691697 2.0278561 -0.24491341 7
-0.59473503 2.351552 -0.20875648 7
-0.087177128 1.2909703 -0.24449281 7
-0.38126072 1.5108782 -0.24103427 6
-0.061674327 0.91676265 -0.23651089 16
-0.25584212 1.0163672 -0.23377222 12
-0.20994058 3.1826627 0.72772843 95
-0.8335079 3.2601545 0.8911162 95
-0.1868095 2.8215187 0.44183102 42
-0.62614995 2.4695928 0.4880324 29
-0.18006431 2.7187002 0.23532051 63
-0.60212409 2.3892949 0.29785123 28
-0.14293876 2.1523669 0.03704273 77
-0.55324972 2.2032204 0.11723254 45
-0.14353439 2.1672504 -0.11199894 63
-0.55867034 2.2278683 -0.039486069 56
-0.13305634 2.0231392 -0.24430493 7
-0.55763894 2.2222075 -0.19701393 21
-0.085238852 1.2960187 -0.245446 7
-0.37680221 1.5043608 -0.23986229 5
-0.05992128 0.91445869 -0.23586468 17
-0.25346699 1.0144515 -0.23321028 15
-0.19286348 3.1861837 0.72829044 95
-0.81289148 3.2504213 0.88723898 95
-0.1715878 2.815064 0.44065908 41
-0.61856532 2.494266 0.49232176 29
-0.1653772 2.7121475 0.23466682 63
-0.5860163 2.3779655 0.29602575 26
-0.13151667 2.1505907 0.036999099 75
-0.54050577 2.2012401 0.11697085 55
-0.13263421 2.1754487 -0.11239146 69
-0.54639757 2.2283363 -0.039442439 53
-0.12305182 2.0337162 -0.24552189 7
-0.5537737 2.2565255 -0.19984084 21
-0.077873014 1.2866477 -0.2435396 7
-0.3695147 1.5087098 -0.24025296 5
-0.055412952 0.91958183 -0.23715709 13
-0.24991736 1.0228562 -0.23489612 13
-0.18714876 3.1743231 0.72548062 95
-0.80838734 3.2565212 0.88853139 95
-0.16624145 2.8079636 0.4394871 42
-0.60712141 2.4667583 0.48660263 23
-0.16093445 2.7174046 0.23510262 65
-0.57770711 2.3621199 0.29389611 27
-0.12820119 2.158303 0.037129994 75
-0.53725898 2.2046046 0.1171017 59
-0.12883712 2.1756768 -0.11239146 70
-0.54191172 2.2268591 -0.039398804 45
-0.11892905 2.0240188 -0.24430493 7
-0.54627007 2.2429771 -0.19853613 11
-0.076188937 1.2965821 -0.245446 7
-0.36806148 1.5141479 -0.24103427 5
-0.053535745 0.91485476 -0.23586468 17
-0.24754743 1.020926 -0.23433419 15
-0.16984262 3.1728566 0.72491866 95
-0.78960681 3.2536707 0.88659275 95
-0.15140538 2.80633 0.43909645 47
nan nan nan 0
-0.146704 2.7182102 0.23510262 65
-0.56184292 2.3506382 0.29207063 31
-0.11649963 2.1514564 0.036999099 72
-0.52454185 2.2025323 0.11684001 61
-0.11757597 2.1788144 -0.1125223 72
-0.52674598 2.2150822 -0.039137021 43
-0.10872062 2.0320477 -0.24521764 7
-0.52405316 2.2022154 -0.19462194 29
-0.068888694 1.2871599 -0.2435396 7
-0.36070606 1.5184549 -0.24142492 6
-0.048868313 0.91753441 -0.23651089 17
-0.24505842 1.0340478 -0.23714393 12
-0.16473354 3.1706867 0.72435671 95
-0.78165209 3.2456555 0.88400793 94
-0.14625302 2.8016577 0.43831512 55
nan nan nan 0
-0.1415751 2.7110004 0.23444895 65
-0.55947089 2.3588552 0.29298338 34
-0.11248717 2.1466639 0.036911838 62
-0.52127594 2.205873 0.11697085 62
-0.11377306 2.1790164 -0.1125223 71
-0.52172142 2.2111347 -0.039049756 43
-0.10466997 2.0223217 -0.24400067 7
-0.52136326 2.2079725 -0.19505686 52
-0.06688869 1.2921803 -0.24449281 7
-0.35633481 1.5118769 -0.24025296 6
-0.047266837 0.91761827 -0.23651089 15
-0.24268542 1.032105 -0.236582 15
-0.14768794 3.173965 0.72491866 95
-0.76297808 3.2426536 0.88206935 94
-0.13158163 2.8023851 0.43831512 57
nan nan nan 0
-0.12703301 2.7042408 0.23379527 68
-0.54598325 2.3569195 0.29237488 32
-0.1007835 2.1372356 0.036737315 70
-0.5102852 2.2110035 0.1171017 65
-0.10213226 2.1745944 -0.11226062 73
-0.50900459 2.2089667 -0.038962495 46
-0.094305739 2.0277998 -0.24460918 7
-0.50584382 2.193692 -0.19353466 32
-0.060342904 1.2974162 -0.245446 7
-0.3484138 1.5137219 -0.24025296 6
-0.042674787 0.92267853 -0.2378033 15
-0.23616718 1.0286179 -0.23545809 12
-0.14281006 3.1766267 0.72548062 95
-0.75621283 3.2392783 0.88077694 95
-0.12647064 2.7976768 0.43753383 54
-0.68077356 2.938653 0.57906187 63
-0.12231303 2.7044585 0.23379527 68
-0.547472 2.3820424 0.29541731 26
-0.096941955 2.1349113 0.036693681 74
-0.5064255 2.2118909 0.1171017 67
-0.098336726 2.1747694 -0.11226062 73
-0.50458658 2.2074161 -0.038918864 49
-0.0904404 2.0205243 -0.24369647 7
-0.50313479 2.1994247 -0.19396958 30
-0.057866011 1.2926158 -0.24449281 7
-0.34911168 1.528762 -0.24259689 6
-0.040859554 0.91792583 -0.23651089 15
-0.23271763 1.0219101 -0.23377222 14
-0.12533647 3.1700504 0.72379482 95
-0.7403217 3.2479012 0.88206935 94
-0.11191732 2.8007681 0.4379245 55
-0.66374266 2.9349988 0.57763213 63
-0.10785758 2.6975963 0.23314162 68
-0.54265916 2.4187593 0.29967666 22
-0.086056717 2.1428823 0.036824573 74
-0.49648505 2.2218184 0.11749421 67
-0.087338686 2.1852334 -0.11278398 73
-0.4935708 2.2124662 -0.038962495 53
-0.080051139 2.025929 -0.24430493 7
-0.49161181 2.202029 -0.19396958 45
-0.051190481 1.2953535 -0.2449694 6
-0.34110236 1.530569 -0.24259689 5
-0.036052767 0.91812724 -0.23651089 15
-0.22736375 1.0231144 -0.23377222 12
-0.12035683 3.1702433 0.72379482 96
-0.73197246 3.2374139 0.8788383 95
-0.10693625 2.7984915 0.43753383 57
-0.65970063 2.9409399 0.57858527 64
-0.10324266 2.7002692 0.2333595 69
nan nan nan 0
-0.082222775 2.1405315 0.036780942 75
-0.49097142 2.2153726 0.1171017 67
-0.083338141 2.1803925 -0.1125223 74
-0.48916376 2.210885 -0.038918864 54
-0.076606475 2.0285456 -0.24460918 7
-0.4855946 2.1931615 -0.19309975 36
-0.048662364 1.2880832 -0.2435396 6
-0.33897039 1.5335715 -0.24298753 6
-0.034535825 0.92060232 -0.23715709 16
-0.22611247 1.0258864 -0.23433419 12
-0.1029691 3.1635437 0.7221089 96
-0.71501154 3.2412021 0.8788383 95
-0.092202261 2.796545 0.43714318 58
-0.64323646 2.9395609 0.57763213 63
-0.088700727 2.6883266 0.23227006 68
nan nan nan 0
-0.070852518 2.1359363 0.036693681 72
-0.47883281 2.2154739 0.11697085 71
-0.071920544 2.1807988 -0.1125223 76
-0.47545266 2.2036467 -0.038744342 52
-0.066062413 2.031399 -0.24491341 7
-0.47516575 2.2005408 -0.19353466 45
-0.04199357 1.2907733 -0.2440162 7
-0.33040875 1.532913 -0.24259689 5
-0.029569298 0.91594267 -0.23586468 16
-0.22021559 1.0246768 -0.23377222 14
-0.097999692 3.1637018 0.7221089 96
-0.70831466 3.2377284 0.87754589 95
-0.087547451 2.8041062 0.43831512 59
-0.6365329 2.9334865 0.57620233 62
-0.084008574 2.6884773 0.23227006 65
-0.60208595 2.7944157 0.34622544 53
-0.067277163 2.1410534 0.036780942 75
-0.4749653 2.2163062 0.11697085 72
-0.068265848 2.1859121 -0.11278398 72
-0.47055018 2.1995864 -0.038657077 49
-0.062516853 2.0315113 -0.24491341 7
-0.47185069 2.2038009 -0.19375211 57
-0.039956536 1.2982039 -0.245446 7
-0.32825592 1.5359006 -0.24298753 6
-0.028108023 0.92082095 -0.23715709 17
-0.21842685 1.0250596 -0.23377222 12
-0.081433326 3.1641715 0.7221089 96
-0.69090301 3.2365496 0.87625349 95
-0.073038965 2.792171 0.43636188 57
-0.62065315 2.93187 0.57524914 55
-0.069955774 2.6714406 0.23074484 63
-0.59204817 2.8168476 0.34865934 53
-0.056312133 2.136369 0.036693681 80
-0.46528858 2.2260101 0.11736339 74
-0.056694064 2.1812479 -0.1125223 71
-0.45992658 2.204386 -0.038700711 46
-0.052049205 2.0243595 -0.24400067 7
-0.45773742 2.1940565 -0.19266483 35
-0.033266183 1.2934827 -0.24449281 7
-0.3194561 1.5327106 -0.24220623 6
-0.023334038 0.91612273 -0.23586468 17
-0.21323578 1.026152 -0.23377222 11
-0.075967655 3.166744 0.72267085 96
-0.68424648 3.2330265 0.87496108 95
-0.068400033 2.8021688 0.4379245 58
-0.61350131 2.925853 0.57381934 50
-0.064642906 2.6441708 0.22834805 60
-0.59070086 2.8348758 0.35078901 58
-0.052210491 2.1364732 0.036693681 76
-0.45884573 2.2146003 0.11670918 74
-0.052828614 2.1788478 -0.11239146 61
-0.45658964 2.2076321 -0.038744342 41
-0.048573121 2.0269282 -0.24430493 7
-0.45390737 2.1948519 -0.19266483 41
-0.031119082 1.2984458 -0.245446 7
-0.31678054 1.5332657 -0.24220623 5
-0.021730687 0.92340922 -0.2378033 18
-0.21194638 1.0289065 -0.23433419 14
-0.058789097 3.1646731 0.7221089 96
-0.66625363 3.2343166 0.8743149 95
-0.053147405 2.79756 0.43714318 59
-0.59520483 2.9146025 0.57095981 46
-0.050061867 2.6295416 0.22704072 60
-0.5753541 2.8380303 0.35078901 65
-0.040977478 2.1342182 0.03665005 73
-0.44685695 2.2170506 0.11670918 74
-0.041510142 2.1840868 -0.11265314 59
-0.4431448 2.2027214 -0.038613446 40
-0.037605729 2.0271611 -0.24430493 7
-0.44290552 2.1996388 -0.1928823 58
-0.023925494 1.28878 -0.2435396 7
-0.30798662 1.5325379 -0.24181558 5
-0.016817056 0.91868091 -0.23651089 17
-0.2073544 1.034811 -0.23545809 10
-0.053698082 3.1574545 0.72042304 96
-0.6601212 3.233109 0.87366867 95
-0.048182786 2.7927108 0.43636188 60
-0.58864534 2.9084229 0.56953001 55
-0.045348499 2.6221545 0.22638704 59
-0.56941473 2.8341658 0.35018054 71
-0.037418272 2.1442833 0.036824573 77
-0.44199896 2.2129326 0.11644749 73
-0.037411429 2.1666822 -0.11173727 54
-0.44028699 2.2083924 -0.038700711 41
-0.034146432 2.032186 -0.24491341 7
-0.43758893 2.1930845 -0.19222994 60
-0.021713806 1.2912737 -0.2440162 6
-0.30482203 1.5306528 -0.24142492 5
-0.015283597 0.92353845 -0.2378033 17
-0.20506315 1.0327839 -0.23489612 11
-0.036694255 3.1650064 0.7221089 96
-0.64270967 3.2341528 0.87302244 95
-0.033503562 2.787986 0.43558055 58
-0.57245302 2.906651 0.56857681 55
-0.0314206 2.6049235 0.22486182 55
-0.55504721 2.8395431 0.35048476 75
-0.026162013 2.1419504 0.036780942 77
-0.42944396 2.2103171 0.11618582 69
-0.026122019 2.1718411 -0.11199894 47
-0.42919868 2.2131205 -0.038744342 48
-0.023479091 2.0298557 -0.24460918 7
-0.42753842 2.2026775 -0.1928823 63
-0.014952445 1.2913697 -0.2440162 6
-0.29632676 1.5298051 -0.24103427 5
-0.010336077 0.91153109 -0.23457228 17
-0.19918041 1.0314537 -0.23433419 10
-0.031584881 3.1504447 0.71873724 96
-0.63659412 3.2329011 0.87237626 95
-0.028661268 2.7905097 0.4359712 57
-0.56832653 2.9124618 0.56953001 55
-0.026706759 2.5875418 0.22333659 56
-0.54913926 2.8356366 0.34987631 75
-0.022327589 2.1319947 0.03660642 78
-0.42701596 2.218415 0.11657834 70
-0.022331404 2.1718836 -0.11199894 44
-0.42676494 2.2212274 -0.038875233 57
-0.019870028 2.0224497 -0.24369647 7
-0.42131737 2.1911964 -0.19179502 67
-0.012677998 1.2889397 -0.2435396 6
-0.29318386 1.5278962 -0.24064361 6
-0.0088176392 0.92120773 -0.23715709 16
-0.19597539 1.0246279 -0.23264831 11
-0.014548736 3.1530054 0.71929914 96
-0.618743 3.231447 0.87108386 95
-0.014060641 2.7930908 0.43636188 59
-0.55214697 2.9105766 0.56857681 57
-0.013158117 2.5876462 0.22333659 55
-0.53335869 2.8335974 0.34926781 74
-0.011186049 2.1370816 0.036693681 78
-0.41400272 2.2132614 0.11618582 68
-0.010938278 2.1669776 -0.11173727 47
-0.41651979 2.2308002 -0.039006125 68
-0.009307567 2.0299702 -0.24460918 7
-0.40983856 2.1933725 -0.19179502 67
-0.0059444038 1.2938967 -0.24449281 6
-0.28655902 1.5366887 -0.24181558 6
-0.0039886283 0.91882616 -0.23651089 17
-0.1919747 1.0328192 -0.23433419 11
-0.0096078943 3.1578965 0.72042304 96
-0.61264884 3.23015 0.87043762 95
-0.0091663646 2.7857032 0.43518987 60
-0.54523855 2.9018908 0.56667042 55
-0.0086026844 2.5727224 0.22202925 53
-0.52978814 2.8418398 0.35018054 72
-0.0074495794 2.1345985 0.03665005 81
-0.40876013 2.2066188 0.1157933 67
-0.0071378741 2.1595039 -0.11134475 47
-0.41170701 2.2266097 -0.038918864 75
-0.0057502957 2.0225391 -0.24369647 7
-0.40509349 2.1891885 -0.19136012 69
-0.0036758396 1.2865427 -0.24306302 7
-0.28296557 1.5323327 -0.24103427 6
-0.0023837043 0.91641676 -0.23586468 18
-0.19017181 1.0331526 -0.23433419 9
0.0074635711 3.1530299 0.71929914 96
-0.59572744 3.2333136 0.87043762 95
0.0054131374 2.7832439 0.43479925 58
-0.53092545 2.909533 0.56762362 56
0.0048941947 2.5826941 0.22290081 57
-0.51222622 2.8299289 0.34835511 64
0.0037206579 2.1321084 0.03660642 78
-0.39720073 2.2087288 0.1157933 72
0.0041762786 2.162008 -0.11147558 43
-0.40048933 2.231194 -0.038962495 75
0.0048479522 2.0250227 -0.24400067 7
-0.39540669 2.201081 -0.19222994 68
0.0030887714 1.2939067 -0.24449281 6
-0.27538124 1.5362225 -0.24142492 5
0.0024601752 0.92607665 -0.2384495 17
-0.18739311 1.0485111 -0.2377059 10
0.01239422 3.1481426 0.71817523 96
-0.58833617 3.2248473 0.86785281 95
0.010238481 2.7758222 0.43362728 46
-0.5240863 2.9007978 0.56571728 55
0.0094127031 2.5851719 0.22311871 53
-0.50640315 2.8259346 0.34774661 61
0.0074527883 2.1345985 0.03665005 77
-0.39290267 2.2069616 0.11566246 77
0.0079043694 2.1520112 -0.11095222 43
-0.39571014 2.2269695 -0.038875233 71
0.0084073944 2.0299742 -0.24460918 7
-0.38980034 2.191963 -0.19136012 68
0.0053744721 1.2988076 -0.245446 6
-0.27401525 1.5439909 -0.24259689 5
0.0040452885 0.92124099 -0.23715709 17
-0.18469338 1.0440427 -0.236582 9
0.029451283 3.1504655 0.71873724 96
-0.57101858 3.2255063 0.86720663 95
0.024843555 2.7831383 0.43479925 50
-0.50889063 2.9035022 0.56571728 67
0.022996256 2.5900681 0.22355449 53
-0.491171 2.8261034 0.34744239 63
0.018533388 2.124532 0.036475528 74
-0.38177139 2.2114477 0.1157933 71
0.019196516 2.1544368 -0.11108306 44
-0.38018048 2.2068486 -0.038482554 57
0.019010596 2.027421 -0.24430493 7
-0.37960255 2.2013342 -0.19201247 69
0.012121796 1.2938536 -0.24449281 6
-0.26550138 1.5429721 -0.24220623 5
0.0089252973 0.92603689 -0.2384495 17
-0.18006863 1.0497938 -0.2377059 8
0.034371916 3.1479793 0.71817523 96
-0.56454772 3.2217414 0.86591423 95
0.029616969 2.7756832 0.43362728 51
-0.50424552 2.9068034 0.56619388 77
0.027431978 2.5825529 0.22290081 57
-0.48581329 2.8245118 0.34713814 67
0.022184655 2.1194975 0.036388267 58
-0.37706038 2.207191 0.11553162 74
0.023042958 2.1618891 -0.11147558 46
-0.37547818 2.2025824 -0.038395293 40
0.022578968 2.029866 -0.24460918 7
-0.37448817 2.1946309 -0.19136012 69
0.014410817 1.2962844 -0.2449694 6
-0.26407269 1.5507324 -0.24337819 6
0.010411704 0.91636068 -0.23586468 16
-0.17698215 1.0429068 -0.23602003 7
0.051444784 3.1501832 0.71873724 96
-0.54767114 3.2246532 0.86591423 95
0.044190884 2.7779591 0.43401793 58
-0.48942921 2.911823 0.56667042 81
0.040788595 2.5724134 0.22202925 57
-0.47101754 2.8270166 0.34713814 73
0.033364847 2.124351 0.036475528 62
-0.3650859 2.2066724 0.11540078 64
0.034111246 2.1467617 -0.11069055 44
-0.36270401 2.1971219 -0.038264398 35
0.033121213 2.0247576 -0.24400067 7
-0.36422518 2.2039309 -0.19201247 69
0.021241605 1.298645 -0.245446 6
-0.25513184 1.5472232 -0.24259689 5
0.015344886 0.92353743 -0.2378033 16
-0.1711137 1.0414172 -0.23545809 7
0.056212749 3.1403558 0.71648943 96
-0.54002422 3.2136989 0.86268318 94
0.049039267 2.7778778 0.43401793 60
-0.48272109 2.9029918 0.56476402 65
0.044821858 2.5474379 0.21985036 58
-0.46526796 2.8229389 0.34652963 72
0.036889266 2.1142926 0.036301002 68
-0.35919309 2.1949914 0.11474658 56
0.037950367 2.1516912 -0.11095222 48
-0.35479054 2.1730905 -0.037828092 37
0.036655031 2.0246968 -0.24400067 7
-0.35915777 2.197192 -0.19136012 73
0.023460165 1.2961522 -0.2449694 6
-0.25243104 1.5476662 -0.24259689 5
0.016808802 0.91626567 -0.23586468 17
-0.17130192 1.0537279 -0.23826784 7
0.073202811 3.1400058 0.71648943 96
-0.52319008 3.2164824 0.86268318 94
0.063467108 2.7726455 0.43323663 63
-0.46751454 2.9054797 0.56476402 62
0.057983503 2.5396984 0.21919669 52
-0.44969153 2.8204365 0.34592119 58
0.04819468 2.1240661 0.036475528 72
-0.34729999 2.1943769 0.11461575 65
0.049038265 2.1439753 -0.1105597 48
-0.34340748 2.1749184 -0.037828092 48
0.047436353 2.0319192 -0.24491341 7
-0.3488301 2.2064199 -0.19201247 76
0.030063998 1.2886515 -0.2435396 6
-0.24589133 1.5587188 -0.2441595 5
0.021853924 0.92582208 -0.2384495 19
-0.16461638 1.0473961 -0.236582 6
0.078259155 3.1447573 0.71761328 96
-0.51680154 3.2126231 0.86139077 94
0.068431154 2.7774677 0.43401793 68
-0.46049577 2.894176 0.56238109 68
nan nan nan 0
-0.44476828 2.8212171 0.34592119 48
0.051648792 2.1139836 0.036301002 73
-0.34386054 2.1974454 0.11474658 69
0.052843742 2.1463821 -0.11069055 48
-0.33882979 2.1705763 -0.037740827 62
0.050724551 2.0219111 -0.24369647 7
-0.34497863 2.2070253 -0.19201247 76
0.032313071 1.288597 -0.2435396 6
-0.24239533 1.5542681 -0.24337819 5
0.02353592 0.92819667 -0.2390957 19
-0.16432585 1.0573038 -0.23882981 6
0.095122218 3.1394181 0.71648943 96
-0.4999733 3.2152851 0.86139077 94
0.082897529 2.7746031 0.43362728 67
-0.44458216 2.8916972 0.56142789 69
0.073126487 2.4545949 0.21178845 47
-0.42848048 2.8136971 0.34470421 44
0.063022159 2.123678 0.036475528 72
-0.33083779 2.1893446 0.11422322 50
0.064158075 2.1485715 -0.11082139 51
-0.32670474 2.1673789 -0.037653565 72
0.061388012 2.0240977 -0.24400067 7
-0.33417141 2.2137249 -0.19244738 76
0.038981732 1.2859572 -0.24306302 6
-0.2350035 1.5603974 -0.2441595 5
0.028080372 0.91840565 -0.23651089 18
-0.15841572 1.055742 -0.23826784 6
0.10013255 3.1416996 0.71705133 96
-0.49324989 3.2089932 0.85945213 94
0.087819718 2.7769222 0.43401793 68
-0.43953452 2.8924687 0.56142789 69
0.079340063 2.514204 0.2170178 50
-0.4220762 2.8046281 0.34348726 46
0.066647895 2.1210663 0.036431894 73
-0.32664245 2.1874504 0.11409239 70
0.067502782 2.1359799 -0.11016718 47
-0.32366815 2.172889 -0.037740827 72
0.065329827 2.0363879 -0.24552189 7
-0.32993484 2.2118423 -0.19222994 77
0.041472763 1.2932456 -0.24449281 6
-0.23116818 1.5534812 -0.24298753 5
0.029849289 0.92318243 -0.2378033 18
-0.15767577 1.0632414 -0.23995371 6
0.11712924 3.1411119 0.71705133 96
-0.47572535 3.2067549 0.85815978 94
0.10245102 2.7788918 0.43440861 70
-0.42330432 2.8874476 0.55999815 68
0.092036106 2.5013106 0.21592836 53
-0.40810615 2.8117096 0.34409574 54
0.07747148 2.1131947 0.036301002 72
-0.31482372 2.1866603 0.11396154 67
0.079062141 2.1455762 -0.11069055 47
-0.31300738 2.1795011 -0.037828092 61
0.075896569 2.0335383 -0.24521764 7
-0.31870869 2.2160039 -0.19244738 79
0.047768254 1.2807491 -0.24210984 6
-0.22374649 1.5595568 -0.24376884 5
0.034395661 0.91577411 -0.23586468 19
-0.15210651 1.0640523 -0.23995371 6
0.12158282 3.1287534 0.71424162 96
-0.47012779 3.2075803 0.85815978 94
0.10730094 2.7787087 0.43440861 71
-0.41826412 2.8881822 0.55999815 68
0.098161541 2.5459404 0.21985036 54
-0.40213001 2.8050504 0.34318301 57
0.081355855 2.1180518 0.036388267 74
-0.31171981 2.1921482 0.11422322 75
0.082708314 2.1429405 -0.1105597 49
-0.3099151 2.1849921 -0.037915349 56
0.0793465 2.0309236 -0.24491341 7
-0.31377491 2.2091618 -0.19179502 76
0.050400894 1.2904724 -0.2440162 6
-0.22031726 1.5550572 -0.24298753 5
0.036193669 0.9205386 -0.23715709 18
-0.1506 1.0667268 -0.24051565 6
0.13894609 3.137784 0.71648943 96
-0.45230323 3.2028258 0.85622114 95
0.12129938 2.7657747 0.4324553 67
-0.40279314 2.887902 0.55952156 74
0.11149065 2.5453916 0.21985036 54
-0.38743737 2.8071177 0.34318301 60
0.092444777 2.1175969 0.036388267 73
-0.29817614 2.1789136 0.11343818 56
0.09392754 2.1424782 -0.1105597 48
-0.30052912 2.2014406 -0.038177136 73
0.090091377 2.032959 -0.24521764 7
-0.30220351 2.2107744 -0.19179502 76
0.057269253 1.2926424 -0.24449281 6
-0.21285339 1.5610808 -0.24376884 6
0.040675577 0.91309923 -0.23521848 18
-0.14568895 1.0723256 -0.24163955 6
0.14353555 3.1302617 0.71480352 96
-0.44603869 3.1988273 0.85492873 95
0.12624054 2.7680254 0.43284598 68
-0.39741364 2.8861704 0.5590449 75
0.11535728 2.5327537 0.21876092 56
-0.38118175 2.7979569 0.34196606 63
0.096024975 2.1149354 0.036344636 71
-0.29539049 2.186851 0.1138307 67
0.096971534 2.1273475 -0.10977466 49
-0.29905799 2.2192979 -0.038482554 91
0.093639426 2.0327985 -0.24521764 7
-0.29766855 2.2063637 -0.19136012 73
0.059408784 1.290089 -0.2440162 6
-0.20945565 1.5565573 -0.24298753 6
0.04261931 0.92026353 -0.23715709 17
-0.14415117 1.0749913 -0.24220152 6
0.16034351 3.1270065 0.71424162 96
-0.42960802 3.2035122 0.85557497 95
0.14085917 2.7697923 0.43323663 67
-0.38229626 2.8882115 0.5590449 76
0.13002698 2.559474 0.2211577 55
-0.36717862 2.8048341 0.34257451 67
0.1068401 2.1094108 0.036257371 74
-0.28263098 2.178467 0.11330734 73
0.10849569 2.1342905 -0.11016718 49
-0.28678212 2.2158768 -0.038395293 76
0.10467011 2.0397148 -0.24613038 7
-0.28676215 2.2128303 -0.19179502 70
0.066162832 1.2897604 -0.2440162 6
-0.2016263 1.5600808 -0.24337819 6
0.047178514 0.91520458 -0.23586468 18
-0.13723521 1.0660725 -0.23995371 6
0.1656453 3.1340485 0.71592742 96
-0.4233757 3.1994696 0.8542825 95
0.14569315 2.7695425 0.43323663 67
-0.37789807 2.8937404 0.55999815 75
0.13502397 2.5691912 0.22202925 62
-0.36131749 2.7980893 0.34166181 67
0.11052154 2.1092212 0.036257371 74
-0.27818441 2.1740055 0.11304566 73
0.11182074 2.1266186 -0.10977466 50
-0.28002065 2.1940639 -0.038002614 43
0.10809617 2.0370512 -0.24582614 7
-0.28225806 2.2083879 -0.19136012 70
0.068680935 1.294544 -0.2449694 6
-0.1985838 1.5579817 -0.24298753 5
0.048775773 0.91512084 -0.23586468 20
-0.13632572 1.0735561 -0.24163955 6
0.18188363 3.1209474 0.71311766 96
-0.40600222 3.1968517 0.85299015 95
0.15990379 2.7638113 0.4324553 65
-0.36181474 2.8883753 0.5585683 75
0.14920197 2.5808802 0.22311871 64
-0.34666181 2.7999427 0.34166181 68
0.12170991 2.1111088 0.036301002 75
-0.26741564 2.180387 0.11330734 70
0.12310044 2.1284964 -0.1099055 48
-0.26791173 2.1905389 -0.037915349 40
0.11890735 2.0389345 -0.24613038 7
-0.26976764 2.2024209 -0.19070774 70
0.075458176 1.2941666 -0.2449694 6
-0.19103652 1.5639005 -0.24376884 6
0.053712815 0.91726351 -0.23651089 20
-0.13070275 1.0742552 -0.24163955 6
0.1869328 3.1230896 0.71367961 96
-0.40011847 3.1951597 0.85234392 95
0.16443013 2.7585988 0.431674 59
-0.35646844 2.8865674 0.55809176 75
0.152807 2.5657001 0.22181135 65
-0.34116533 2.7956183 0.34105334 69
0.12539428 2.1108932 0.036301002 74
-0.2620863 2.1684608 0.11265314 73
0.12711653 2.1332624 -0.11016718 48
-0.26226294 2.1761172 -0.037653565 49
0.12231472 2.036247 -0.24582614 7
-0.26622683 2.2053607 -0.1909252 69
0.077415451 1.2891339 -0.2440162 6
-0.18891114 1.5691329 -0.24455015 6
0.055313658 0.91716838 -0.23651089 17
-0.12852739 1.0720643 -0.24107762 6
0.20366734 3.1196015 0.71311766 96
-0.38280132 3.192416 0.85105151 95
0.17871028 2.7552357 0.43128335 52
-0.34105772 2.8859575 0.55761516 67
0.16689034 2.5748053 0.22268291 63
-0.32564789 2.7899735 0.34014061 68
0.13628164 2.1077135 0.036257371 75
-0.25072873 2.1698034 0.11265314 75
0.13746588 2.1201117 -0.10951298 50
-0.25173891 2.1849082 -0.037784457 60
0.13264669 2.0306263 -0.24521764 7
-0.25438538 2.2042506 -0.19070774 75
0.08432775 1.2911595 -0.24449281 6
-0.1798245 1.5627438 -0.24337819 5
0.060278162 0.91927576 -0.23715709 16
-0.12204954 1.0654656 -0.23939174 6
0.20905933 3.126569 0.71480352 96
-0.37694219 3.1906812 0.85040534 95
0.18318719 2.7499921 0.43050203 54
-0.33486986 2.8767993 0.55570877 63
0.17104954 2.5695405 0.22224714 62
-0.32049066 2.7880731 0.33983639 70
0.14012793 2.1099663 0.036301002 73
-0.24636659 2.165278 0.11239146 75
0.14116594 2.1198685 -0.10951298 47
-0.24649079 2.1729288 -0.0375663 64
0.13635895 2.0328674 -0.24552189 7
-0.25082415 2.2071655 -0.1909252 75
0.086413346 1.2885619 -0.2440162 6
-0.17738183 1.5655081 -0.24376884 5
0.061882503 0.91916913 -0.23715709 17
-0.12047314 1.0680965 -0.23995371 6
0.22579542 3.1229627 0.71424162 96
-0.35995647 3.1902118 0.8497591 95
0.19776224 2.7514582 0.43089268 58
-0.31980243 2.8785133 0.55570877 68
0.1850419 2.5760612 0.22290081 64
-0.30616245 2.7921789 0.34014061 68
0.15026924 2.0967383 0.036082845 76
-0.23475148 2.1640565 0.11226062 74
0.15244468 2.1215901 -0.10964382 48
-0.23511003 2.1741896 -0.0375663 70
0.14681979 2.0296507 -0.24521764 7
-0.23817089 2.1985466 -0.19005539 70
0.093700804 1.2954344 -0.245446 6
-0.16836569 1.5590526 -0.24259689 6
0.066514581 0.91642416 -0.23651089 19
-0.11514968 1.0711336 -0.24051565 6
0.23088162 3.1250336 0.71480352 96
-0.3541179 3.1884351 0.84911287 95
0.20256414 2.7511089 0.43089268 59
-0.3136957 2.8693104 0.55380243 63
0.18935312 2.5732508 0.22268291 64
-0.30074844 2.7877758 0.33953214 67
0.15448427 2.1039515 0.036213744 76
-0.23097412 2.164463 0.11226062 75
0.15596186 2.1188314 -0.10951298 47
-0.23077597 2.1696265 -0.037479043 74
0.15054761 2.0318661 -0.24552189 7
-0.23487128 2.2039108 -0.19049031 72
0.095776752 1.2928216 -0.2449694 6
-0.16591235 1.5617988 -0.24298753 6
0.068297952 0.9187147 -0.23715709 18
-0.11328001 1.0713329 -0.24051565 6
0.24681577 3.1115975 0.71199381 96
-0.3369036 3.1854432 0.84782052 95
0.21696608 2.7500105 0.43089268 60
-0.29789436 2.8635919 0.55237263 59
0.20321913 2.5771894 0.22311871 64
-0.28614762 2.7893124 0.33953214 68
0.16569665 2.1056051 0.036257371 74
-0.21938084 2.1631594 0.11212978 76
0.1676493 2.1254516 -0.1099055 45
-0.21966921 2.1732914 -0.03752267 74
0.16078718 2.0261033 -0.24491341 7
-0.22307247 2.2026331 -0.19027284 74
0.10274229 1.2947487 -0.245446 6
-0.15696724 1.5552781 -0.24181558 6
0.073500626 0.92315853 -0.2384495 17
-0.107669 1.0719113 -0.24051565 6
0.251901 3.1136334 0.71255571 96
-0.33109012 3.1836245 0.84717429 95
0.2219656 2.7520888 0.43128335 59
-0.292896 2.8641074 0.55237263 58
0.20832254 2.5842776 0.22377236 64
-0.28102601 2.787339 0.33922789 65
0.16876344 2.0978389 0.03612648 76
-0.21535236 2.1610553 0.11199894 76
0.17095301 2.1201789 -0.10964382 47
-0.2163801 2.1786451 -0.037609935 73
0.16452603 2.0282922 -0.24521764 7
-0.21973115 2.2079744 -0.19070774 71
0.10540578 1.2994591 -0.24639918 6
-0.15500498 1.5629191 -0.24298753 6
0.074509256 0.91580886 -0.23651089 17
-0.10604756 1.0745208 -0.24107762 5
0.26937675 3.1195059 0.71424162 96
-0.31465697 3.1877177 0.84782052 95
0.23615932 2.7484286 0.43089268 60
-0.27765483 2.8631594 0.55189604 58
0.22142109 2.5781891 0.22333659 63
-0.26594779 2.7838328 0.33861941 63
0.18039238 2.1043971 0.036257371 73
-0.20379449 2.1596682 0.11186811 77
0.18226768 2.121742 -0.10977466 45
-0.20496981 2.1797483 -0.037609935 74
0.17514382 2.0274031 -0.24521764 7
-0.20792858 2.2066157 -0.19049031 71
0.11134926 1.2891103 -0.24449281 6
-0.14634356 1.5587937 -0.24220623 6
0.07973022 0.92021734 -0.2378033 17
-0.10113056 1.0823348 -0.24276346 6
0.27406171 3.1166523 0.71367961 96
-0.30885634 3.1858585 0.84717429 95
0.24139063 2.7529321 0.431674 59
-0.27242079 2.861197 0.55141944 58
0.22613978 2.5802796 0.22355449 64
-0.26132432 2.7867627 0.33892363 65
0.18362492 2.0990994 0.03617011 74
-0.20002484 2.1600206 0.11186811 76
0.18597054 2.1214206 -0.10977466 49
-0.20022595 2.1701486 -0.037435409 65
0.17868206 2.0270941 -0.24521764 7
-0.20384261 2.2044959 -0.19027284 71
0.11381803 1.2913584 -0.2449694 6
-0.1445574 1.5688795 -0.24376884 6
0.080248065 0.90805072 -0.23457228 15
-0.098776102 1.0776598 -0.24163955 5
0.29069233 3.1126986 0.71311766 96
-0.29194716 3.1850271 0.84652805 95
0.25603178 2.7540889 0.43206465 61
-0.25788331 2.8674719 0.55237263 59
0.23941471 2.5765805 0.22333659 64
-0.24762031 2.7979782 0.34014061 65
0.19414707 2.0931315 0.036082845 72
-0.18871233 2.1610384 0.11186811 76
0.19637603 2.1129608 -0.10938215 48
-0.18841684 2.1661875 -0.037348147 56
0.1897596 2.0310719 -0.24582614 7
-0.19251856 2.2080135 -0.19049031 73
0.12011435 1.2858584 -0.2440162 6
-0.13595109 1.5622129 -0.24259689 6
0.08569213 0.91483021 -0.23651089 18
-0.092692286 1.0733101 -0.24051565 5
0.29511783 3.1073883 0.71199381 96
-0.28528917 3.1735067 0.843297 96
0.2596553 2.7463086 0.43089268 62
-0.25243938 2.863029 0.55141944 59
0.24367477 2.5736794 0.22311871 64
-0.24213071 2.7860053 0.33861941 65
0.19851223 2.1002548 0.036213744 74
-0.18509907 2.1588449 0.11173727 77
0.20101377 2.1225562 -0.1099055 48
-0.184201 2.1615331 -0.037260886 64
0.19223884 2.0233612 -0.24491341 7
-0.18866456 2.2083464 -0.19049031 72
0.12330271 1.2954179 -0.24592258 6
-0.13322431 1.5624479 -0.24259689 6
0.087757491 0.91948652 -0.2378033 15
-0.091870725 1.08316 -0.24276346 7
0.3118729 3.1106477 0.71311766 96
-0.26943058 3.1773162 0.84394324 96
0.27403131 2.7449114 0.43089268 61
-0.23794511 2.8642702 0.55141944 61
0.25520366 2.5575452 0.22181135 67
-0.22815767 2.7946534 0.33953214 69
0.20888998 2.096736 0.03617011 67
-0.17420375 2.1647608 0.11199894 79
0.2116235 2.1165066 -0.10964382 46
-0.17284854 2.157455 -0.037173621 75
0.20233063 2.0173891 -0.24430493 7
-0.17730318 2.2117858 -0.19070774 71
0.1291125 1.2874526 -0.24449281 6
-0.12585776 1.5729674 -0.2441595 6
0.092656858 0.92143297 -0.2384495 14
-0.086198084 1.0836263 -0.24276346 7
0.31755024 3.1125221 0.71367961 96
-0.26347804 3.1729689 0.84265089 96
0.27907291 2.7468855 0.43128335 61
-0.23264804 2.8671675 0.55189604 65
0.26042724 2.5645287 0.22246504 64
-0.22267497 2.7876277 0.33861941 70
0.21215072 2.0888712 0.036039218 69
-0.1704253 2.1650617 0.11199894 79
0.21582697 2.1211011 -0.1099055 49
-0.17008515 2.1702113 -0.037391778 75
0.20635977 2.0219698 -0.24491341 7
-0.17344263 2.2120919 -0.19070774 71
0.13135932 1.2872252 -0.24449281 6
-0.12271272 1.5682623 -0.24337819 6
0.094676904 0.92365539 -0.2390957 14
-0.083709128 1.0764915 -0.24107762 7
0.33412403 3.1083364 0.71311766 96
-0.24649715 3.1767552 0.843297 96
0.29419538 2.7477906 0.431674 61
-0.21782203 2.8707931 0.55237263 68
0.27429885 2.563082 0.22246504 63
-0.20758927 2.7887917 0.33861941 70
0.22335282 2.0902166 0.036082845 70
-0.1583335 2.1609731 0.11173727 80
0.22693002 2.1199419 -0.1099055 49
-0.15796681 2.1661148 -0.037304517 75
0.21622638 2.0109558 -0.24369647 7
-0.16111086 2.2030356 -0.18983792 69
0.13858783 1.2889354 -0.2449694 6
-0.11459871 1.5738277 -0.2441595 6
0.098193049 0.91114402 -0.23586468 16
-0.077697501 1.0744997 -0.24051565 6
0.33820933 3.1005433 0.7114318 96
-0.24020784 3.1675494 0.84071219 96
0.29845309 2.7423635 0.43089268 60
-0.21262592 2.8687215 0.55189604 69
0.27660277 2.542794 0.22072193 60
-0.20308937 2.7940989 0.33922789 68
0.22754487 2.0947933 0.03617011 67
-0.15456164 2.1612461 0.11173727 77
0.23199083 2.1319511 -0.1105597 49
-0.15473388 2.173866 -0.037435409 74
0.22055142 2.0179749 -0.24460918 7
-0.15744802 2.2057974 -0.19005539 70
0.14110738 1.2911308 -0.245446 6
-0.1118517 1.5740254 -0.2441595 6
0.10058698 0.91817158 -0.2378033 17
-0.076549239 1.0843506 -0.24276346 7
0.35553727 3.1035078 0.71255571 96
-0.22396639 3.1735814 0.84200466 96
0.31337127 2.7456698 0.431674 61
-0.19777496 2.8722436 0.55237263 69
0.28451523 2.4943001 0.21658202 53
-0.18862772 2.7975996 0.33953214 59
0.23765463 2.0861235 0.036039218 62
-0.14324331 2.1620257 0.11173727 77
0.24286522 2.1282268 -0.11042886 50
-0.1430103 2.1696584 -0.037348147 74
0.22997531 2.0069323 -0.24339221 7
-0.14555761 2.2016222 -0.18962048 70
0.14758284 1.2879364 -0.2449694 6
-0.10411634 1.5819799 -0.24533147 6
0.10427108 0.9080376 -0.23521848 16
-0.070701495 1.0823065 -0.24220152 6
0.36069438 3.1053653 0.71311766 96
-0.2179192 3.1667399 0.84006608 96
0.31701905 2.7353079 0.43011141 60
-0.19242525 2.8676879 0.55141944 68
0.27906227 2.409693 0.20917377 59
-0.18274501 2.7830696 0.33770669 55
0.24187416 2.0906711 0.03612648 61
-0.13913785 2.1572902 0.11147558 77
0.24686888 2.1302795 -0.1105597 48
-0.13938853 2.1723988 -0.037391778 80
0.23463404 2.016386 -0.24460918 7
-0.14221001 2.2093279 -0.19027284 69
0.14983049 1.2876769 -0.2449694 6
-0.10053042 1.5698403 -0.24337819 6
0.10642513 0.91265064 -0.23651089 16
-0.069471762 1.09215 -0.24444932 6
0.37719503 3.10095 0.71255571 96
-0.20102188 3.1630177 0.83877361 96
0.33223304 2.7409637 0.43128335 60
-0.17709675 2.8637576 0.55046624 59
0.28293616 2.3365054 0.20285499 47
-0.16832411 2.7864649 0.33801094 57
0.25281751 2.089376 0.03612648 60
-0.12814616 2.1629729 0.11173727 76
0.25953218 2.1413486 -0.11121391 43
-0.1281642 2.1755941 -0.037435409 80
0.24549054 2.0175929 -0.24491341 7
-0.130336 2.2050703 -0.18983792 68
0.15687062 1.2893105 -0.245446 6
-0.09276551 1.577739 -0.24455015 6
0.11209402 0.91927087 -0.2384495 15
-0.063143909 1.0827737 -0.24220152 6
0.38176614 3.0979366 0.71199381 96
-0.19595852 3.1705942 0.84071219 96
0.33641028 2.7354786 0.43050203 59
-0.17224938 2.8665118 0.55094284 55
0.28823638 2.3458946 0.20372654 47
-0.16271393 2.77437 0.33648971 59
0.25677058 2.0914123 0.03617011 67
-0.12392539 2.1557171 0.11134475 73
0.26296228 2.1384146 -0.11108306 41
-0.12436687 2.1758144 -0.037435409 78
0.24839894 2.0122361 -0.24430493 7
-0.12678264 2.2102668 -0.19027284 69
0.15820807 1.281729 -0.2440162 6
-0.089716233 1.5729688 -0.24376884 6
0.11219113 0.90709305 -0.23521848 17
-0.061697613 1.0901768 -0.24388736 7
0.39852193 3.0958257 0.71199381 96
-0.179075 3.166755 0.83941984 96
0.35041267 2.7312307 0.43011141 57
-0.15723807 2.8673744 0.55094284 57
0.2973294 2.3196533 0.20154765 53
-0.14818521 2.7751839 0.33648971 62
0.26739782 2.0875602 0.03612648 69
-0.11277186 2.158829 0.11147558 75
0.27543461 2.1469126 -0.11160642 43
-0.11310742 2.1789317 -0.037479043 73
0.25861236 2.0084472 -0.24400067 7
-0.11520803 2.2109005 -0.19027284 69
0.16586779 1.2881839 -0.245446 6
-0.081478991 1.5734169 -0.24376884 6
0.11788102 0.91367686 -0.23715709 16
-0.055448104 1.0807557 -0.24163955 6
0.40306804 3.0927804 0.7114318 96
-0.17368336 3.1694739 0.84006608 96
0.35549918 2.7330632 0.43050203 56
-0.15250133 2.8725452 0.55189604 61
0.30040875 2.3117223 0.200894 54
-0.14307731 2.7704823 0.33588126 62
0.27201322 2.0945256 0.036257371 73
-0.10900382 2.1590226 0.11147558 73
0.27853301 2.1414778 -0.11134475 45
-0.10904352 2.1741333 -0.037391778 65
0.26211736 2.0079927 -0.24400067 7
-0.1110884 2.2061236 -0.18983792 69
0.1671523 1.2805933 -0.2440162 6
-0.078341164 1.5661592 -0.24259689 6
0.1194755 0.91346973 -0.23715709 17
-0.053823519 1.0857159 -0.24276346 6
0.42045429 3.0953813 0.71255571 96
-0.1564706 3.1582804 0.83683503 94
0.36980453 2.7311645 0.43050203 57
-0.1374587 2.8733046 0.55189604 67
0.30982193 2.2903755 0.19915086 54
-0.12833109 2.7662363 0.33527276 62
0.28263929 2.0905962 0.036213744 76
-0.097225599 2.1495888 0.11095222 75
0.28974187 2.1399901 -0.11134475 58
-0.097306423 2.1671839 -0.037260886 61
0.27161857 1.9992174 -0.24308796 7
-0.099418394 2.2041876 -0.18962048 69
0.17452298 1.2845633 -0.2449694 6
-0.070374966 1.571481 -0.24337819 6
0.12458743 0.9152239 -0.2378033 17
-0.048019871 1.0835497 -0.24220152 6
0.42431659 3.0874777 0.71086985 96
-0.15107694 3.1609607 0.8374812 96
0.3745707 2.7305148 0.43050203 55
-0.13244361 2.8735399 0.55189604 70
0.31756058 2.3169701 0.20154765 39
-0.12373237 2.7714136 0.33588126 65
0.28697041 2.0950518 0.036301002 82
-0.093587399 2.1522491 0.11108306 75
0.29347646 2.1394811 -0.11134475 67
-0.093297906 2.1623561 -0.037173621 56
0.27578872 2.0036561 -0.24369647 7
-0.095910132 2.2118216 -0.19027284 69
0.17575023 1.2769644 -0.2435396 6
-0.067632109 1.5716014 -0.24337819 6
0.12685433 0.91978854 -0.2390957 17
-0.046470355 1.0909319 -0.24388736 6
0.44136137 3.0875483 0.7114318 96
-0.13463037 3.1641209 0.83812737 96
0.38921252 2.7309606 0.43089268 54
-0.117292 2.8717422 0.55141944 70
nan nan nan 0
-0.10891441 2.7645857 0.33496854 67
0.2975817 2.0910461 0.036257371 83
-0.082216397 2.1502151 0.11095222 77
0.30538335 2.1428576 -0.11160642 73
-0.081774868 2.15782 -0.037086364 54
0.28556901 1.9972724 -0.24308796 7
-0.084227853 2.209805 -0.19005539 70
0.18348661 1.2833135 -0.2449694 6
-0.059101164 1.5645322 -0.24220623 6
0.13062644 0.91194195 -0.23715709 15
-0.040352989 1.0814246 -0.24163955 6
0.44691059 3.0916724 0.71255571 96
-0.12869984 3.1546998 0.83554256 94
0.39433271 2.7327209 0.43128335 53
-0.11198037 2.8645861 0.54998964 69
0.31800413 2.2062492 0.19196051 37
-0.10438139 2.7722099 0.33588126 69
0.30123085 2.0905235 0.036257371 82
-0.078559712 2.1528499 0.11108306 77
0.30840558 2.1373801 -0.11134475 75
-0.078008637 2.1579595 -0.037086364 52
0.28941223 1.9992265 -0.24339221 7
-0.080084078 2.2024827 -0.18940303 69
0.18608125 1.2854197 -0.245446 6
-0.056754779 1.5745027 -0.24376884 6
0.13256943 0.91410184 -0.2378033 17
-0.038756229 1.0887957 -0.24332541 7
0.46254256 3.0819829 0.71086985 96
-0.11235887 3.1601572 0.83683503 94
0.40936995 2.7355022 0.43206465 52
-0.097153828 2.8700383 0.55094284 68
0.33880824 2.266124 0.19740775 47
-0.089527018 2.7627985 0.33466429 67
0.31142935 2.0839741 0.03617011 76
-0.067369603 2.1557271 0.11121391 77
0.32107899 2.145611 -0.11186811 71
-0.066543683 2.1533418 -0.036999099 48
0.30098802 2.0050445 -0.24430493 7
-0.068798572 2.2103391 -0.19005539 65
0.1928091 1.2844278 -0.245446 6
-0.048177313 1.5649067 -0.24220623 6
0.13589762 0.90384543 -0.23521848 18
-0.032802299 1.0816799 -0.24163955 6
0.46848354 3.0884771 0.71255571 96
-0.10667292 3.1555214 0.83554256 94
0.41340092 2.7299013 0.43128335 48
-0.091648616 2.8554873 0.54808331 62
0.35737085 2.3615537 0.20590544 44
-0.084945224 2.770391 0.33557701 68
0.31469017 2.0809562 0.03612648 53
-0.063291624 2.14586 0.11069055 77
0.32294372 2.1327069 -0.11121391 64
-0.062472973 2.143461 -0.036824573 47
0.30336231 1.9971573 -0.24339221 7
-0.064784244 2.2054772 -0.18962048 67
0.19430643 1.2792377 -0.24449281 6
-0.045445964 1.5649884 -0.24220623 6
0.13821134 0.90838045 -0.23651089 18
-0.030914368 1.0817355 -0.24163955 6
0.48518682 3.0858972 0.71255571 96
-0.090221755 3.1584506 0.83618879 95
0.42922556 2.7374563 0.43284598 46
-0.076765932 2.8583808 0.54855984 61
0.38949102 2.4851184 0.2170178 47
-0.070304148 2.765837 0.33496854 67
0.32635945 2.0842185 0.036213744 46
-0.052120905 2.1486578 0.11082139 77
0.33332843 2.1260543 -0.11095222 61
-0.051314034 2.1462576 -0.036868207 52
0.31420296 1.9979924 -0.24369647 7
-0.053431146 2.2132554 -0.19027284 65
0.20138657 1.2806265 -0.2449694 6
-0.037580777 1.577547 -0.2441595 6
0.14410783 0.91479886 -0.2384495 15
-0.02545152 1.0891879 -0.24332541 6
0.49003354 3.0851312 0.71255571 96
-0.084709078 3.1586032 0.83618879 95
0.43283743 2.7293875 0.431674 43
-0.071580417 2.8511508 0.54713005 64
0.41067278 2.5901928 0.22638704 54
-0.065351166 2.7609942 0.33436003 63
0.3296034 2.081177 0.03617011 63
-0.048247848 2.1437538 0.1105597 79
0.33743167 2.1279347 -0.11108306 57
-0.047446758 2.141346 -0.036780942 58
0.3157295 1.9851898 -0.24217525 8
-0.049385663 2.2058759 -0.18962048 65
0.20362137 1.2802731 -0.2449694 6
-0.034704134 1.5726731 -0.24337819 6
0.14493448 0.90977764 -0.23715709 18
-0.023361735 1.0819249 -0.24163955 6
0.50632191 3.0800316 0.71199381 96
-0.068058327 3.1541748 0.83489639 95
0.44591889 2.719774 0.43050203 43
-0.056650918 2.8514862 0.54713005 67
0.42301542 2.5806346 0.22573337 54
-0.050744396 2.7538557 0.33344734 62
0.34171411 2.0868218 0.036301002 56
-0.037070934 2.1464732 0.11069055 79
0.34653866 2.113822 -0.11042886 51
-0.036329202 2.1465635 -0.036868207 65
0.32611954 1.9835093 -0.24217525 7
-0.03797853 2.2135744 -0.19027284 67
0.21152708 1.2864527 -0.24639918 6
-0.026566595 1.5777708 -0.2441595 6
0.14929873 0.90662414 -0.23651089 18
-0.017646331 1.079597 -0.24107762 6
0.51236051 3.086441 0.71367961 96
-0.062604569 3.1567032 0.83554256 95
0.45107058 2.7214274 0.43089268 46
-0.051674049 2.8515809 0.54713005 67
0.43406135 2.6191995 0.2292196 60
-0.045983408 2.7564209 0.33375156 62
0.3449454 2.0837567 0.036257371 50
-0.033368584 2.1490307 0.11082139 79
0.34858611 2.1033638 -0.1099055 45
-0.032453123 2.1391258 -0.036737315 69
0.32999006 1.9853847 -0.24247949 8
-0.034028124 2.2086568 -0.18983792 69
0.21336614 1.2836611 -0.24592258 6
-0.023812827 1.5778148 -0.2441595 6
0.15128236 0.90874362 -0.23715709 17
-0.015762053 1.0796262 -0.24107762 6
0.52739865 3.0740209 0.7114318 96
-0.046036553 3.154573 0.83489639 95
0.46405917 2.7117276 0.42972073 49
-0.036671471 2.8469048 0.54617691 69
0.45030001 2.6316178 0.23052694 62
-0.031550255 2.756624 0.33375156 65
0.35712108 2.0893126 0.036388267 54
-0.022054005 2.1441832 0.1105597 80
0.36001769 2.1039701 -0.11003634 49
-0.021312494 2.1442652 -0.036824573 69
0.33953702 1.9787389 -0.24187101 8
-0.022463214 2.2088046 -0.18983792 70
0.21966584 1.2801082 -0.245446 6
-0.015456738 1.5705106 -0.24298753 6
0.15686636 0.91269761 -0.2384495 17
-0.010042629 1.0748223 -0.23995371 6
0.53347814 3.0803888 0.71311766 96
-0.040496152 3.1522338 0.83425021 95
0.47048098 2.720645 0.43128335 53
-0.031796433 2.8543262 0.54760665 70
0.45404026 2.6259203 0.23009115 60
-0.026710846 2.7541935 0.33344734 68
0.3611947 2.0911489 0.036431894 71
-0.018258508 2.1392255 0.11029802 78
0.36326179 2.100879 -0.1099055 52
-0.017518537 2.1393003 -0.036737315 74
0.34213766 1.9732543 -0.24126253 9
-0.018634172 2.2113311 -0.19005539 70
0.22189972 1.2797228 -0.245446 6
-0.012715657 1.5705352 -0.24298753 6
0.15762284 0.90766537 -0.23715709 20
-0.0083112475 1.0870174 -0.24276346 6
0.55013674 3.0774574 0.71311766 96
-0.024034454 3.1572325 0.83554256 95
0.48254395 2.705991 0.42933008 54
-0.016795594 2.8470914 0.54617691 70
0.46822214 2.6259587 0.23030905 60
-0.012319937 2.7592585 0.33405581 71
0.3743414 2.1015315 0.03665005 85
-0.0070978748 2.1467814 0.11069055 79
0.37381649 2.0964904 -0.10977466 53
-0.0063423011 2.1443617 -0.036824573 75
0.35334286 1.9763204 -0.24187101 8
-0.0070685069 2.2138889 -0.19027284 71
0.2290327 1.2809587 -0.24592258 6
-0.0044779954 1.5681111 -0.24259689 6
0.16237319 0.90682757 -0.23715709 18
-0.0025872376 1.0821741 -0.24163955 6
0.55497009 3.0765893 0.71311766 96
-0.0184709 3.1500247 0.83360398 95
0.48814487 2.7100046 0.43011141 56
-0.011812326 2.8446622 0.54570031 70
0.47502044 2.6373911 0.23139849 62
-0.0075041046 2.7592757 0.33405581 72
0.37756386 2.0984149 0.03660642 90
-0.0033235741 2.1393008 0.11029802 79
0.3756963 2.0860083 -0.1092513 55
-0.0025830981 2.1393704 -0.036737315 76
0.35679165 1.9757006 -0.24187101 8
-0.0031784526 2.2064264 -0.18962048 71
0.23214734 1.2853858 -0.24687576 6
-0.0017510328 1.5705857 -0.24298753 6
0.16395564 0.90654284 -0.23715709 19
-0.00071039022 1.0846131 -0.24220152 6
0.57205474 3.0759363 0.71367961 96
-0.0019873474 3.1549084 0.83489639 95
0.50232768 2.7074118 0.43011141 59
0.0030836707 2.842231 0.54522371 72
0.48517528 2.6152809 0.22965539 59
0.0069391346 2.7543144 0.33344734 70
0.3890036 2.0988669 0.03665005 88
0.0078856172 2.1442821 0.1105597 75
0.38752851 2.0889213 -0.10951298 60
0.0086282007 2.1443539 -0.036824573 77
0.36849955 1.981123 -0.24278374 7
0.0083830534 2.2113936 -0.19005539 74
0.23751754 1.2769164 -0.245446 6
0.0064695049 1.568104 -0.24259689 6
0.16959433 0.91041845 -0.2384495 18
0.0049686148 1.0846019 -0.24220152 6
0.57598442 3.070246 0.71255571 96
0.0035215355 3.1476617 0.83295774 95
0.5070523 2.7065308 0.43011141 60
0.0080442922 2.8422213 0.54522371 75
0.49158013 2.6242201 0.23052694 59
0.011746307 2.7542982 0.33344734 70
0.39312819 2.1006413 0.036693681 81
0.011578408 2.1292856 0.10977466 71
0.39117375 2.0882418 -0.10951298 65
0.012352467 2.1393363 -0.036737315 78
0.37149641 1.9780384 -0.24247949 7
0.012260036 2.2163568 -0.19049031 74
0.23883282 1.2716773 -0.24449281 6
0.009228331 1.5754982 -0.24376884 6
0.17073175 0.90774858 -0.2378033 16
0.0068615931 1.0845916 -0.24220152 6
0.59351468 3.0718677 0.71367961 96
0.019990729 3.1451852 0.83231157 95
0.5216856 2.7062628 0.43050203 61
0.022910101 2.8396859 0.54474711 75
0.5015291 2.6020494 0.22878383 54
0.026206529 2.7591615 0.33405581 71
0.40222239 2.0887375 0.036519159 62
0.022705762 2.1266994 0.10964382 71
0.40162766 2.0837138 -0.10938215 64
0.023531536 2.1367428 -0.036693681 74
0.38374048 1.9858099 -0.24369647 7
0.023799429 2.2087905 -0.18983792 71
0.24689534 1.2776361 -0.24592258 6
0.0174572 1.5729592 -0.24337819 6
0.17501865 0.90447211 -0.23715709 18
0.012522524 1.0821047 -0.24163955 7
0.59740454 3.06615 0.71255571 96
0.025512112 3.1499755 0.83360398 95
0.52640814 2.7053483 0.43050203 62
0.027886383 2.8420959 0.54522371 77
0.50797915 2.6109471 0.22965539 46
0.030974492 2.754149 0.33344734 70
0.40586734 2.0880322 0.036519159 45
0.026520347 2.1366425 0.11016718 77
0.40478492 2.0805595 -0.1092513 56
0.027207593 2.1316993 -0.03660642 68
0.3867285 1.9827019 -0.24339221 7
0.027706621 2.2137268 -0.19027284 72
0.24723159 1.2675709 -0.2440162 6
0.02017794 1.5704571 -0.24298753 6
0.17753267 0.90890384 -0.2384495 20
0.014477459 1.089389 -0.24332541 7
0.615426 3.0700376 0.71424162 96
0.0419476 3.144969 0.83231157 95
0.54056597 2.7025549 0.43050203 61
0.042767111 2.8419108 0.54522371 78
0.51821202 2.5911591 0.22813015 42
0.045394693 2.7539492 0.33344734 70
0.41384307 2.0711741 0.036257371 53
0.037629809 2.1314816 0.1099055 78
0.41468957 2.0735161 -0.10898963 54
0.038329028 2.1290288 -0.036562789 67
0.39906475 1.9903802 -0.24460918 7
0.039179876 2.2060807 -0.18962048 71
0.25483701 1.2710701 -0.2449694 6
0.02828804 1.562923 -0.24181558 6
0.18180898 0.905595 -0.2378033 18
0.020076672 1.081991 -0.24163955 7
0.61976361 3.06668 0.71367961 96
0.047370784 3.1400614 0.83101916 95
0.54675269 2.708868 0.431674 60
0.047689848 2.8393779 0.54474711 78
0.52421695 2.5975738 0.22878383 42
0.05020117 2.7538657 0.33344734 69
0.41596875 2.0630991 0.03612648 56
0.041306749 2.1289165 0.10977466 78
0.42078805 2.0850232 -0.10964382 50
0.042088877 2.1314573 -0.03660642 68
0.40006652 1.977522 -0.24308796 7
0.043073613 2.208499 -0.18983792 71
0.25607479 1.2658139 -0.2440162 6
0.031099416 1.567809 -0.24259689 6
0.18435802 0.91000831 -0.2390957 19
0.02216064 1.0941329 -0.24444932 6
0.63684368 3.0656664 0.71424162 96
0.063902423 3.1445997 0.83231157 95
0.56143147 2.7083852 0.43206465 61
0.062656298 2.8439965 0.54570031 79
0.53781056 2.5947933 0.22878383 40
0.064673752 2.7560456 0.33375156 69
0.42625627 2.0584455 0.036082845 68
0.052677937 2.1386549 0.11029802 78
0.43017289 2.075459 -0.1092513 49
0.053191397 2.1287093 -0.036562789 70
0.41193625 1.9826872 -0.24400067 7
0.054467134 2.2007737 -0.18918556 72
0.26269904 1.2644558 -0.2440162 6
0.039198522 1.5626874 -0.24181558 6
0.18713324 0.8995769 -0.23651089 19
0.027733579 1.0866954 -0.24276346 6
0.64215904 3.0670462 0.71480352 96
0.069291212 3.1396542 0.83101916 95
0.56514353 2.7025681 0.43128335 62
0.067619912 2.8438828 0.54570031 79
0.54336125 2.5987253 0.2292196 40
0.069308475 2.7484865 0.33283883 69
0.43138823 2.0650377 0.036213744 65
0.056168262 2.128576 0.10977466 78
0.43636009 2.0869215 -0.1099055 53
0.05702962 2.1336107 -0.03665005 75
0.41437361 1.9771091 -0.24339221 7
0.058429826 2.2056549 -0.18962048 71
0.26490554 1.2639954 -0.2440162 6
0.042043939 1.5675536 -0.24259689 6
0.18970476 0.90397394 -0.2378033 19
0.029630177 1.0866454 -0.24276346 6
0.65720332 3.0563831 0.71311766 96
0.085542262 3.1320057 0.82908058 95
0.58084548 2.7068138 0.4324553 65
0.082240492 2.8336768 0.54379392 79
0.5569607 2.5958447 0.2292196 38
0.083627045 2.7456057 0.33253458 69
0.44377306 2.0700815 0.036344636 51
0.067386277 2.1307485 0.1099055 78
0.44728118 2.0846081 -0.1099055 55
0.068051174 2.1282861 -0.036562789 74
0.42472002 1.9749124 -0.24339221 7
0.069756091 2.1978502 -0.18896811 74
0.27152017 1.262591 -0.2440162 6
0.050394945 1.5722485 -0.24337819 6
0.19289564 0.89588875 -0.23586468 19
0.035319403 1.0864753 -0.24276346 6
0.66200346 3.055347 0.71311766 96
0.0910751 3.1342659 0.82972676 95
0.5855689 2.705796 0.4324553 64
0.087543674 2.8457947 0.54617691 82
0.56201887 2.5973024 0.22943749 36
0.088343129 2.7429755 0.33223039 68
0.45162827 2.0888455 0.036693681 64
0.071105026 2.1306276 0.1099055 78
0.45091879 2.0838242 -0.1099055 60
0.07184457 2.130662 -0.03660642 74
0.42658165 1.9668944 -0.24247949 7
0.073591955 2.1977251 -0.18896811 73
0.27477068 1.2669104 -0.2449694 6
0.052910142 1.5647538 -0.24220623 6
0.19394158 0.8931917 -0.23521848 19
0.037142493 1.0839771 -0.24220152 6
0.68064535 3.0612311 0.71536547 96
0.10740552 3.1313322 0.82908058 95
0.59972829 2.702693 0.4324553 60
0.10210549 2.8354864 0.54427052 79
0.57615167 2.5967553 0.22965539 38
0.10288157 2.7474346 0.33283883 69
0.46418858 2.0937717 0.036824573 80
0.082259938 2.1302261 0.1099055 78
0.46399507 2.0911818 -0.11042886 63
0.082723565 2.1227632 -0.036475528 72
0.43957877 1.9767425 -0.24400067 7
0.085371949 2.2047763 -0.18962048 72
0.2797918 1.2582698 -0.2435396 6
0.06145918 1.574326 -0.24376884 6
0.20020476 0.89923269 -0.23715709 18
0.042560048 1.0764642 -0.24051565 6
0.6843853 3.0554047 0.71424162 96
0.11287056 3.13114 0.82908058 95
0.60444444 2.701642 0.4324553 60
0.10732012 2.8426616 0.54570031 83
0.58013761 2.5933156 0.22943749 35
0.10749041 2.7422917 0.33223039 67
0.46729481 2.0905194 0.036780942 76
0.085882358 2.1275845 0.10977466 76
0.46654987 2.0854971 -0.11016718 67
0.08652474 2.125113 -0.036519159 71
0.44084778 1.9662893 -0.24278374 7
0.088933051 2.1971576 -0.18896811 77
0.28306821 1.2625674 -0.24449281 6
0.064019807 1.5692813 -0.24298753 6
0.20017245 0.89181596 -0.23521848 19
0.044799227 1.0861257 -0.24276346 6
0.70200002 3.0564048 0.71536547 95
0.12935963 3.1329193 0.82972676 95
0.61968863 2.703253 0.43323663 60
0.12220272 2.8420606 0.54570031 82
0.59091753 2.5781066 0.22834805 34
0.12205962 2.7466495 0.33283883 67
0.47879443 2.0904801 0.036824573 80
0.097021125 2.1271055 0.10977466 70
0.47858283 2.0878916 -0.11042886 67
0.097322173 2.1171393 -0.036388267 70
0.45225269 1.9687898 -0.24339221 7
0.10043608 2.1966619 -0.18896811 78
0.29133379 1.2682412 -0.24592258 6
0.072554886 1.5763257 -0.2441595 6
0.20593151 0.89546055 -0.23651089 18
0.050279804 1.0810084 -0.24163955 6
0.70624959 3.0529251 0.71480352 95
0.13442624 3.1230366 0.82714188 95
0.62273306 2.6949508 0.43206465 59
0.12663405 2.8295839 0.54331732 80
0.59316695 2.5673668 0.22747648 34
0.12674284 2.7439532 0.33253458 68
0.48244232 2.0896411 0.036824573 78
0.10039503 2.119451 0.10938215 71
0.48335448 2.091917 -0.11069055 64
0.10101713 2.1169662 -0.036388267 71
0.45456421 1.9631637 -0.24278374 7
0.10460876 2.2039473 -0.18962048 78
0.29243273 1.2629505 -0.2449694 6
0.07519526 1.5737298 -0.24376884 6
0.20914482 0.90215433 -0.2384495 16
0.052273557 1.0833529 -0.24220152 6
0.72388375 3.0537994 0.71592742 95
0.15111527 3.1295273 0.82908058 95
0.63854563 2.6988611 0.43323663 58
0.1414479 2.828882 0.54331732 80
nan nan nan 0
0.14073819 2.735817 0.33162189 64
0.49222264 2.0822225 0.036737315 77
0.11136515 2.1164029 0.1092513 74
0.4937242 2.0869286 -0.1105597 67
0.1124808 2.1238976 -0.036519159 71
0.46541166 1.9631705 -0.24308796 7
0.1156431 2.1934199 -0.18875064 77
0.30018061 1.2661765 -0.24592258 6
0.083434217 1.5733145 -0.24376884 6
0.2116154 0.89165252 -0.23586468 18
0.05734599 1.0708989 -0.23939174 6
0.7292468 3.0550277 0.71648943 96
0.1565771 3.1292586 0.82908058 95
0.641532 2.6905377 0.43206465 58
0.14626214 2.8261795 0.54284072 79
nan nan nan 0
0.14551288 2.7355671 0.33162189 65
0.49469328 2.0764983 0.03665005 80
0.11518902 2.1186984 0.10938215 74
0.49794692 2.0884917 -0.11069055 68
0.1163188 2.1261942 -0.036562789 75
0.47057387 1.9695941 -0.24400067 7
0.11973185 2.198189 -0.18918556 74
0.30353752 1.2704227 -0.24687576 6
0.085796215 1.5657686 -0.24259689 6
0.2143046 0.89597702 -0.23715709 19
0.059463166 1.075663 -0.24051565 6
0.74518549 3.0486712 0.71592742 96
0.17282987 3.1259844 0.82843435 95
0.65737152 2.6943376 0.43323663 58
0.16119362 2.8278253 0.54331732 80
nan nan nan 0
0.15997489 2.7372453 0.33192614 67
0.50734133 2.0811634 0.036780942 77
0.12628087 2.1180663 0.10938215 76
0.51065683 2.0931306 -0.11108306 65
0.1270169 2.1180696 -0.036431894 74
0.47851428 1.9574637 -0.24278374 7
0.13109648 2.1950455 -0.18896811 74
0.30725411 1.2569005 -0.24449281 6
0.094556749 1.575159 -0.2441595 6
0.21725616 0.8878088 -0.23521848 17
0.065094478 1.0753368 -0.24051565 6
0.75114048 3.0522273 0.71705133 96
0.17828548 3.1256778 0.82843435 95
0.66325521 2.6979811 0.43401793 59
0.16612886 2.8275399 0.54331732 80
0.54250973 2.2082136 0.19588253 29
0.16460705 2.7344844 0.33162189 69
0.5091778 2.072994 0.03665005 71
0.13012505 2.1203351 0.10951298 77
0.5131132 2.0873885 -0.11082139 68
0.13071343 2.1178446 -0.036431894 76
0.48252559 1.9590343 -0.24308796 7
0.13463195 2.1898413 -0.1885332 74
0.31062815 1.2611265 -0.245446 6
0.097450927 1.5774565 -0.24455015 6
0.21997139 0.89211547 -0.23651089 17
0.066830121 1.0727897 -0.23995371 6
0.76823986 3.0504804 0.71761328 96
0.19406261 3.1150594 0.82584953 95
0.67737269 2.6944711 0.43401793 59
0.18108429 2.8290806 0.54379392 82
0.53762615 2.1401398 0.18999954 30
0.17876448 2.7311087 0.33131763 68
0.52185816 2.0775707 0.036780942 69
0.14090389 2.1146419 0.1092513 77
0.52403563 2.0846732 -0.11082139 67
0.14212407 2.1221199 -0.036519159 77
0.49277645 1.956481 -0.24308796 7
0.14641747 2.1940768 -0.18896811 78
0.31722713 1.2594829 -0.245446 6
0.10476074 1.5621393 -0.24220623 6
0.22702061 0.90031362 -0.2390957 17
0.073215328 1.0845808 -0.24276346 6
0.77123052 3.042187 0.71592742 96
0.1994991 3.1147161 0.82584953 95
0.68268222 2.6956782 0.43440861 58
0.18617879 2.8312094 0.54427052 80
0.53890836 2.1295426 0.18912795 34
0.18336859 2.7283168 0.33101341 68
0.52486807 2.074234 0.036737315 76
0.14508949 2.121866 0.10964382 77
0.52828819 2.086175 -0.11095222 68
0.14582765 2.1218686 -0.036519159 77
0.4955779 1.9532135 -0.24278374 7
0.14975147 2.186363 -0.18831575 75
0.31881782 1.2565494 -0.2449694 6
0.10862355 1.5792018 -0.24494082 6
0.22679348 0.89289755 -0.23715709 20
0.074634016 1.0771587 -0.24107762 6
0.79013014 3.0474005 0.71817523 95
0.21645857 3.1232665 0.82843435 95
0.69678736 2.6920669 0.43440861 58
0.20083043 2.8277473 0.54379392 79
0.55130255 2.1315129 0.18956374 35
0.19800197 2.7322695 0.33162189 69
0.53509355 2.0690379 0.036693681 70
0.15584138 2.1160967 0.10938215 77
0.53920412 2.0833805 -0.11095222 73
0.15711485 2.1235695 -0.036562789 78
0.50704825 1.9553946 -0.24339221 7
0.16155325 2.1905169 -0.18875064 75
0.32787046 1.2643615 -0.24687576 6
0.11636493 1.5712221 -0.24376884 6
0.23330042 0.89870679 -0.2390957 17
0.079931408 1.0718931 -0.23995371 6
0.79429954 3.0437987 0.71761328 96
0.22157413 3.1180656 0.82714188 95
0.70148474 2.6908467 0.43440861 58
0.20576547 2.8273926 0.54379392 79
0.55943102 2.1474142 0.19108896 31
0.20277035 2.7319198 0.33162189 69
0.53996819 2.0729375 0.036780942 76
0.15971686 2.1183116 0.10951298 76
0.54157579 2.0776055 -0.11069055 68
0.16027042 2.1158133 -0.036431894 78
0.5110895 1.956907 -0.24369647 7
0.16482897 2.1827803 -0.18809828 76
0.32820597 1.2566665 -0.245446 6
0.11928661 1.5734794 -0.2441595 6
0.23117445 0.88428676 -0.23521848 18
0.082502171 1.081471 -0.24220152 6
0.81138563 3.0418103 0.71817523 95
0.23771694 3.1144543 0.82649577 95
0.71556437 2.6871367 0.43440861 58
0.22019278 2.8213823 0.54284072 79
0.57709205 2.1685176 0.19326787 29
0.21707182 2.7308207 0.33162189 69
0.55016983 2.067667 0.036737315 78
0.17002428 2.1074905 0.10898963 73
0.55373561 2.0795653 -0.11095222 68
0.17154311 2.1174369 -0.036475528 79
0.51940334 1.9470133 -0.24278374 7
0.17625567 2.1818871 -0.18809828 76
0.33541733 1.2573012 -0.24592258 6
0.12733121 1.5703714 -0.24376884 7
0.2376851 0.89006019 -0.23715709 20
0.087788105 1.0761665 -0.24107762 6
0.81742853 3.0452363 0.71929914 96
0.24333675 3.1164427 0.82714188 95
0.7208944 2.6882684 0.43479925 59
0.22549921 2.8258872 0.54379392 79
0.5873428 2.1915579 0.19544676 29
0.22183767 2.7304375 0.33162189 69
0.55377775 2.0667036 0.036737315 77
0.17370228 2.1071904 0.10898963 73
0.55541825 2.0713632 -0.1105597 65
0.17543936 2.1196258 -0.036519159 79
0.52409273 1.9508953 -0.24339221 7
0.18066271 2.189024 -0.18875064 74
0.34017175 1.2661905 -0.24782895 6
0.13007182 1.5701469 -0.24376884 6
0.24113411 0.89663661 -0.2390957 19
0.090242155 1.083297 -0.24276346 6
0.83324718 3.0384204 0.71873724 95
0.25905991 3.1079051 0.8252033 95
0.73299921 2.6773133 0.43362728 58
0.23968014 2.8173308 0.54236418 78
0.60869861 2.2244768 0.19871509 28
0.23613109 2.7292385 0.33162189 69
0.56392968 2.0613654 0.036693681 76
0.18473306 2.1062522 0.10898963 72
0.56691748 2.0708339 -0.11069055 67
0.18653524 2.1186781 -0.036519159 77
0.53166616 1.9385546 -0.24217525 7
0.19169645 2.1830852 -0.18831575 76
0.34353414 1.2525631 -0.245446 6
0.13892016 1.5768254 -0.24494082 7
0.24389306 0.88837916 -0.23715709 17
0.095503636 1.0779548 -0.24163955 6
0.83801895 3.0371079 0.71873724 95
0.26408133 3.1026349 0.82391095 95
0.73964435 2.6831701 0.43479925 59
0.24522197 2.824244 0.54379392 78
0.62186861 2.2570179 0.20176555 29
0.24025181 2.721406 0.33070916 69
0.56952423 2.0676057 0.036824573 74
0.18819174 2.1034396 0.10885879 72
0.56986541 2.0674353 -0.1105597 65
0.19045106 2.1208396 -0.036562789 75
0.53504878 1.9376239 -0.24217525 6
0.19615753 2.1901903 -0.18896811 78
0.34703308 1.256691 -0.24639918 6
0.14103025 1.5692005 -0.24376884 7
0.24609143 0.89027852 -0.2378033 18
0.096967034 1.0729324 -0.24051565 6
0.85576308 3.0372179 0.71986109 96
0.28075063 3.1060207 0.8252033 95
0.75502366 2.6840134 0.43558055 58
0.25912166 2.8131449 0.54188758 76
0.63976187 2.2753036 0.20372654 30
0.25449771 2.7201107 0.33070916 68
0.57966375 2.0621896 0.036780942 75
0.2001234 2.1123691 0.10938215 75
0.58136064 2.0668256 -0.11069055 65
0.20132172 2.1173244 -0.036519159 75
0.54383636 1.9300202 -0.24156678 7
0.20739254 2.1866531 -0.18875064 79
0.35293928 1.2524955 -0.24592258 6
0.1496982 1.5733582 -0.24455015 6
0.2487683 0.88200885 -0.23586468 16
0.10324844 1.0796878 -0.24220152 6
0.85853565 3.0288401 0.71817523 95
0.28617126 3.1055257 0.8252033 95
0.75970697 2.6826918 0.43558055 57
0.26425654 2.8151319 0.54236418 74
0.6512143 2.3005376 0.20612334 30
0.25901344 2.7171917 0.33040491 63
0.58462757 2.065984 0.036868207 72
0.20334086 2.1070454 0.10912047 76
0.58496708 2.0658081 -0.11069055 64
0.20501684 2.1169696 -0.036519159 75
0.54720408 1.9290682 -0.24156678 7
0.21050553 2.1788495 -0.18809828 82
0.35377842 1.2471575 -0.2449694 6
0.1522129 1.5706363 -0.2441595 6
0.2536296 0.89318246 -0.2390957 17
0.10490681 1.0770802 -0.24163955 6
0.87558895 3.0264904 0.71873724 95
0.30311963 3.1111968 0.82714188 95
0.77374303 2.6786771 0.43558055 57
0.27923104 2.8161523 0.54284072 74
0.66671455 2.3090572 0.20721279 29
0.27274841 2.7108598 0.32979646 62
0.59404635 2.0580926 0.036780942 69
0.214618 2.1084361 0.1092513 76
0.59647048 2.0651147 -0.11082139 67
0.21609843 2.1158671 -0.036519159 75
0.55868077 1.9309425 -0.24217525 6
0.22265309 2.1851521 -0.18875064 81
0.35893261 1.2405751 -0.2440162 6
0.16043463 1.5698177 -0.2441595 6
0.25559637 0.88256896 -0.23651089 17
0.10982925 1.0692434 -0.23995371 6
0.88307023 3.0344656 0.72098505 96
0.30760992 3.1010487 0.82455707 95
0.77841705 2.6773226 0.43558055 57
0.28390327 2.8132184 0.54236418 70
0.66447145 2.2863712 0.20525178 29
0.27822515 2.7177863 0.33070916 62
0.59693813 2.0546529 0.036737315 70
0.21754201 2.1006069 0.10885879 75
0.59867579 2.0592771 -0.1105597 68
0.21877883 2.1055398 -0.036344636 75
0.5620501 1.9299644 -0.24217525 6
0.22571151 2.1773269 -0.18809828 81
0.3617869 1.2423021 -0.24449281 6
0.16218121 1.5597081 -0.24259689 6
0.25849766 0.88675576 -0.2378033 16
0.11290923 1.0811695 -0.24276346 6
0.90086472 3.034313 0.7221089 96
0.32384267 3.0993955 0.82455707 95
0.79453486 2.680311 0.4367525 58
0.29760832 2.8019304 0.54045779 70
0.67572427 2.2804732 0.20503388 25
0.29166698 2.7088895 0.32979646 67
0.60982406 2.0586874 0.036868207 68
0.22959717 2.1093688 0.10938215 74
0.61087298 2.0609004 -0.11082139 67
0.22980037 2.1043653 -0.036344636 75
0.57002211 1.9198607 -0.24126253 7
0.23684417 2.1736388 -0.18788083 81
0.37039244 1.2474456 -0.24592258 6
0.17060667 1.561293 -0.24298753 6
0.26382995 0.88770366 -0.2384495 15
0.11856864 1.0805634 -0.24276346 6
0.90562981 3.0328941 0.7221089 96
0.32900009 3.0964241 0.82391095 95
0.80062675 2.6836519 0.43753383 58
0.30353618 2.811168 0.54236418 69
0.67470837 2.262588 0.20350866 28
0.29666027 2.7108433 0.33010069 68
0.6141324 2.0600147 0.036911838 68
0.23220159 2.0990369 0.10885879 76
0.61375326 2.0574391 -0.11069055 68
0.23320241 2.101476 -0.036301002 73
0.57337207 1.9188629 -0.24126253 7
0.24117549 2.1781743 -0.18831575 80
0.37256908 1.2467972 -0.24592258 6
0.17253521 1.553628 -0.24181558 6
0.26537883 0.88724184 -0.2384495 14
0.11993498 1.0755106 -0.24163955 6
0.92273706 3.0302799 0.72267085 96
0.34600085 3.1018605 0.82584953 95
0.81178772 2.669975 0.4359712 57
0.31797892 2.8071012 0.54188758 68
0.68364155 2.2494953 0.20263711 29
0.31057134 2.7067873 0.32979646 69
0.62636757 2.061553 0.036999099 71
0.24290667 2.0953116 0.10872794 73
0.625974 2.0589733 -0.11095222 69
0.24476929 2.1051934 -0.036388267 77
0.5819611 1.9110882 -0.24065405 7
0.25229505 2.174407 -0.18809828 79
0.37981051 1.2471761 -0.24639918 6
0.18094583 1.5551568 -0.24220623 6
0.27072969 0.88814884 -0.2390957 16
0.12610945 1.0797094 -0.24276346 6
0.92678118 3.0264978 0.7221089 96
0.35141411 3.1012521 0.82584953 95
0.81861848 2.6756363 0.43714318 58
0.3226012 2.8041034 0.54141092 62
0.68245506 2.2316313 0.20111187 29
0.31501207 2.7037759 0.32949221 69
0.62776607 2.0532875 0.036868207 67
0.24770939 2.104805 0.1092513 71
0.62956667 2.0578778 -0.11095222 67
0.24844317 2.104763 -0.036388267 77
0.58310795 1.9029541 -0.23974133 6
0.2558035 2.1714892 -0.18788083 76
0.38198665 1.2465113 -0.24639918 6
0.18309474 1.5499325 -0.24142492 6
0.26942763 0.87844533 -0.23651089 15
0.12771709 1.0770675 -0.24220152 6
0.94605142 3.0307388 0.72435671 96
0.36736637 3.0969708 0.8252033 95
0.82893491 2.6595285 0.43518987 56
0.33670038 2.797502 0.54045779 61
0.69487309 2.2304044 0.20132977 29
0.33034843 2.7119441 0.33070916 69
0.63999921 2.054744 0.036955472 64
0.25872669 2.1034791 0.1092513 70
0.63884318 2.0497873 -0.11069055 67
0.25855803 2.0959888 -0.036257371 78
0.59603029 1.9093469 -0.24095827 6
0.26597303 2.1602302 -0.187011 75
0.38850811 1.2444941 -0.24639918 6
0.19297984 1.5636619 -0.24376884 6
0.27692351 0.8862372 -0.2390957 15
0.1336441 1.0788027 -0.24276346 7
0.94788742 3.019954 0.7221089 95
0.37220082 3.0915287 0.82391095 95
0.83209455 2.6533668 0.43440861 42
0.34128883 2.7944732 0.53998119 60
0.69652444 2.2220609 0.2006761 30
0.33448064 2.7064371 0.33010069 68
0.64358443 2.0536239 0.036955472 64
0.26118222 2.0931122 0.10872794 68
0.64241976 2.0486691 -0.11069055 67
0.26221582 2.0955343 -0.036257371 78
0.59563303 1.8964703 -0.23943709 6
0.26974291 2.1597626 -0.187011 73
0.38920197 1.2391335 -0.245446 6
0.19540901 1.5608716 -0.24337819 6
0.27774081 0.88345009 -0.2384495 16
0.13464627 1.071313 -0.24107762 6
0.96569991 3.0194209 0.72323281 95
0.38957351 3.0991237 0.82649577 95
0.84597605 2.6489735 0.43440861 34
0.3559159 2.7926481 0.53998119 59
0.71042717 2.2254989 0.20132977 30
0.34864682 2.7046485 0.33010069 64
0.65661442 2.057368 0.037086364 67
0.27213812 2.0917158 0.10872794 62
0.65466082 2.0500326 -0.11095222 67
0.27286637 2.0916536 -0.036213744 77
0.60858732 1.9027766 -0.24065405 6
0.28136414 2.1607909 -0.18722847 73
0.39643577 1.239415 -0.24592258 6
0.20264156 1.5524788 -0.24220623 6
0.28162163 0.87968522 -0.2378033 16
0.14117225 1.0778434 -0.24276346 6
0.97193581 3.0225372 0.72435671 95
0.39407632 3.0912507 0.82455707 95
0.84529984 2.6310401 0.431674 38
0.36016831 2.7871535 0.53902799 60
0.71278363 2.2195146 0.200894 30
0.35368425 2.7064972 0.33040491 65
0.66020423 2.0562189 0.037086364 67
0.27546734 2.088762 0.10859711 61
0.65976918 2.0536397 -0.11121391 65
0.27651653 2.0911741 -0.036213744 70
0.61038291 1.8969887 -0.24004556 6
0.28449345 2.1553574 -0.18679357 72
0.39784321 1.2363862 -0.245446 6
0.20598435 1.5570205 -0.24298753 6
0.28315654 0.87919235 -0.2378033 17
0.1421221 1.070347 -0.24107762 6
0.98675573 3.0126054 0.72323281 95
0.41025662 3.0891449 0.82455707 95
0.85829502 2.6242316 0.43128335 40
0.37605 2.7949605 0.54093432 60
0.72594672 2.220485 0.20132977 30
0.36752021 2.7021487 0.33010069 62
0.67251873 2.0574839 0.037173621 71
0.28740245 2.0947132 0.10898963 61
0.66740042 2.040668 -0.11069055 62
0.28813276 2.0946515 -0.036301002 61
0.62185627 1.8984816 -0.24065405 6
0.29510751 2.1489017 -0.18635865 71
0.40507877 1.2366172 -0.24592258 6
0.21380445 1.5534735 -0.24259689 6
0.28699902 0.87540442 -0.23715709 17
0.14901653 1.0792462 -0.24332541 6
0.99148667 3.0110517 0.72323281 95
0.41628474 3.0932124 0.82584953 95
0.86751366 2.6368001 0.43362728 39
0.37994495 2.7870035 0.53950459 60
0.72670138 2.209754 0.20045821 31
0.37190118 2.6990445 0.32979646 61
0.67610866 2.0563071 0.037173621 71
0.29038119 2.0892615 0.10872794 62
0.67330778 2.0466125 -0.11108306 63
0.29076916 2.0867162 -0.03617011 52
0.62361139 1.8926811 -0.24004556 6
0.29919559 2.150851 -0.18657611 72
0.40415084 1.2265892 -0.2440162 6
0.2168493 1.5555445 -0.24298753 6
0.28852645 0.87490219 -0.23715709 16
0.15057272 1.0765704 -0.24276346 6
1.0116425 3.0171893 0.72604263 95
0.43115062 3.0814211 0.82326472 95
0.88366461 2.6392446 0.43479925 41
0.39521298 2.7898371 0.54045779 60
0.73509234 2.1964741 0.19958664 29
0.3860282 2.6970603 0.32979646 62
0.68527579 2.0479996 0.037086364 65
0.30096519 2.0852408 0.10859711 61
0.68163061 2.0359588 -0.11069055 65
0.30133852 2.0826905 -0.03612648 45
0.63113958 1.8823341 -0.23913284 6
0.30904964 2.1393921 -0.18570629 69
0.41370204 1.2337592 -0.24592258 6
0.2249911 1.5543878 -0.24298753 6
0.29387653 0.87566739 -0.2378033 18
0.15484805 1.0661185 -0.24051565 6
1.0179392 3.0202122 0.72716647 95
0.43786913 3.0902307 0.82584953 95
0.89537644 2.6587548 0.43831512 49
0.39973703 2.7867131 0.53998119 60
0.72379291 2.1503537 0.19544676 27
0.39143836 2.7012951 0.33040491 61
0.68964851 2.0491688 0.037129994 67
0.30602682 2.0945969 0.10912047 61
0.68598181 2.0371315 -0.11082139 60
0.30604389 2.0895832 -0.036257371 43
0.63680947 1.8882815 -0.24004556 6
0.31242788 2.1363845 -0.18548883 68
0.41585472 1.2330352 -0.24592258 7
0.22805458 1.556437 -0.24337819 6
0.29540437 0.87515318 -0.2378033 16
0.15808487 1.075493 -0.24276346 6
1.0342652 3.0146604 0.72716647 95
0.45404345 3.0878956 0.82584953 95
0.91249287 2.663372 0.43987775 57
0.41503713 2.7894378 0.54093432 61
0.72291052 2.1112015 0.19217841 28
0.40557691 2.6992085 0.33040491 63
0.7011801 2.0478938 0.037173621 72
0.31698981 2.0929658 0.10912047 64
0.69663876 2.0335119 -0.11082139 56
0.31809038 2.0953686 -0.036388267 41
0.64668769 1.8849212 -0.24004556 6
0.3232415 2.1322563 -0.18527137 69
0.42150533 1.2285208 -0.245446 7
0.23547348 1.5503368 -0.24259689 6
0.29919356 0.87131196 -0.23715709 17
0.16193043 1.0626017 -0.23995371 6
1.0413858 3.0199394 0.72885233 95
0.45802426 3.0775414 0.82326472 95
0.91794592 2.6641097 0.4402684 60
0.41845906 2.7789996 0.53902799 61
0.71440107 2.0746255 0.18891008 32
0.40991837 2.6960425 0.33010069 65
0.70720094 2.0537553 0.037304517 73
0.32026935 2.0899405 0.10898963 63
0.70018679 2.0322931 -0.11082139 50
0.32361802 2.1071672 -0.03660642 50
0.64510721 1.86972 -0.23822013 6
0.32733491 2.1341512 -0.18548883 69
0.42123732 1.220827 -0.2440162 6
0.23891492 1.5548069 -0.24337819 6
0.30071381 0.87078846 -0.23715709 17
0.16378477 1.0623175 -0.23995371 6
1.0552862 3.0073664 0.72716647 95
0.47413188 3.0751011 0.82326472 95
0.93351883 2.6639264 0.44104972 56
0.43375248 2.7816215 0.53998119 61
0.72195315 2.0614569 0.18803853 35
0.42479268 2.6987631 0.33070916 67
0.71960098 2.0547407 0.037391778 74
0.33082199 2.0857687 0.10885879 61
0.71330106 2.035665 -0.11121391 48
0.33542097 2.110383 -0.036693681 64
0.6565358 1.8709979 -0.23882861 6
0.33734882 2.1250265 -0.18483648 70
0.42925569 1.2232337 -0.2449694 6
0.2474333 1.5559745 -0.24376884 6
0.30526915 0.86920196 -0.23715709 17
0.17121236 1.0734814 -0.24276346 6
1.0632551 3.0148926 0.72941428 95
0.47949824 3.0742688 0.82326472 95
0.93652231 2.6576362 0.4402684 49
0.43822822 2.7784352 0.53950459 62
0.72223282 2.0508006 0.18716696 38
0.42911622 2.6955664 0.33040491 67
0.72318608 2.0534816 0.037391778 74
0.33446184 2.0851879 0.10885879 60
0.71435773 2.0273552 -0.11082139 50
0.34145254 2.1246071 -0.036955472 74
0.65731657 1.8628315 -0.23791587 6
0.34105718 2.1244345 -0.18483648 70
0.43303007 1.2271088 -0.24592258 6
0.25053361 1.5579793 -0.2441595 6
0.30759463 0.87094337 -0.2378033 17
0.17270796 1.0707744 -0.24220152 6
1.0803756 3.0113883 0.72997624 95
0.49596956 3.074101 0.82391095 95
0.94875598 2.6480482 0.4394871 37
0.45355222 2.7809486 0.54045779 61
0.73380232 2.0493345 0.18738484 42
0.44402197 2.6981809 0.33101341 68
0.73477286 2.0520196 0.037435409 78
0.34658429 2.0907996 0.1092513 59
0.72918326 2.0353348 -0.11147558 48
0.35257217 2.1227901 -0.036955472 84
0.66790146 1.8616992 -0.23822013 6
0.35217595 2.1226196 -0.18483648 69
0.44028133 1.2271334 -0.24639918 7
0.25789216 1.5517721 -0.24337819 6
0.31379235 0.87386346 -0.2390957 17
0.17831214 1.0698555 -0.24220152 6
1.0851045 3.0096877 0.72997624 95
0.5021047 3.0779989 0.8252033 95
0.95505315 2.6510332 0.4402684 40
0.4584052 2.7801526 0.54045779 62
0.73484099 2.0410233 0.18673117 42
0.44832733 2.6949534 0.33070916 69
0.73580688 2.0436809 0.037304517 77
0.34941825 2.0852652 0.10898963 67
0.73188639 2.0317111 -0.11134475 50
0.35668531 2.1246374 -0.036999099 84
0.67030543 1.8581971 -0.23791587 6
0.35588011 2.1220016 -0.18483648 70
0.43907779 1.2171339 -0.24449281 6
0.25979605 1.5464469 -0.24259689 6
0.31449226 0.87104458 -0.2384495 18
0.18057363 1.0719464 -0.24276346 6
1.0996925 2.9991989 0.72885233 95
0.51741862 3.0705636 0.82391095 95
0.96466768 2.6344056 0.43831512 38
0.4733637 2.780134 0.54093432 65
0.74465972 2.0348098 0.18651327 43
0.46243188 2.692569 0.33070916 70
0.74994171 2.0491867 0.037479043 76
0.36117226 2.0883291 0.1092513 59
0.7468164 2.0395691 -0.11199894 56
0.36738336 2.1202769 -0.036955472 75
0.67916936 1.8523332 -0.23761165 6
0.3657271 2.1127448 -0.18418412 71
0.44544467 1.2148181 -0.24449281 6
0.26637691 1.5378093 -0.24142492 6
0.31737533 0.86485505 -0.23715709 19
0.18699799 1.0757898 -0.24388736 6
1.106933 3.004324 0.73053825 95
0.5239827 3.0767999 0.82584953 95
0.9688046 2.6328871 0.43831512 37
0.47862747 2.781723 0.54141092 64
0.74907196 2.0358436 0.18673117 52
0.4666608 2.6918395 0.33070916 70
0.75005645 2.0384943 0.037304517 64
0.36445218 2.0877593 0.1092513 57
0.75037497 2.0382626 -0.11199894 60
0.36895391 2.1073172 -0.036737315 60
0.68379831 1.8559192 -0.23822013 6
0.369414 2.1121032 -0.18418412 70
0.44671199 1.2117375 -0.2440162 6
0.26906049 1.5373421 -0.24142492 6
0.31552178 0.85524368 -0.23457228 17
0.18868762 1.0754948 -0.24388736 6
1.1235038 3.0007677 0.73110014 95
0.53996301 3.0764875 0.82649577 95
0.97737879 2.6139047 0.4359712 37
0.49270082 2.7792647 0.54141092 60
0.76111436 2.0366905 0.18716696 54
0.48074874 2.6893589 0.33070916 69
0.75861049 2.0299902 0.037217256 59
0.37581557 2.0882802 0.10938215 62
0.76068193 2.0344384 -0.11199894 61
0.3774235 2.0931182 -0.036519159 52
0.69263417 1.8499904 -0.23791587 6
0.38009951 2.1102064 -0.18418412 70
0.4528394 1.209461 -0.2440162 7
0.27883163 1.5456375 -0.24298753 6
0.32155067 0.85815525 -0.23586468 17
0.19262256 1.0648962 -0.24163955 6
1.1299342 3.0035584 0.73222405 95
0.54491347 3.0731621 0.82584953 95
0.94451165 2.5128305 0.41917303 36
0.49626476 2.7711513 0.53998119 60
0.7673015 2.0423508 0.18782063 56
0.48500499 2.6860731 0.33040491 68
0.75950897 2.0216458 0.037086364 51
0.38078344 2.0949929 0.10977466 77
0.76511192 2.0354438 -0.11212978 65
0.3810761 2.0924563 -0.036519159 52
0.69761449 1.8534217 -0.23852436 6
0.3851037 2.1168933 -0.18483648 68
0.45668539 1.2132598 -0.2449694 6
0.28152883 1.5451485 -0.24298753 6
0.32390395 0.85985094 -0.23651089 17
0.19661894 1.0765495 -0.24444932 6
1.1444256 2.992851 0.73110014 95
0.56099707 3.0702667 0.82584953 95
0.95765585 2.5078506 0.41917303 36
0.51120895 2.7709293 0.54045779 61
0.77798462 2.038305 0.18782063 67
0.50041145 2.6908178 0.33131763 70
0.7709772 2.0199757 0.037129994 51
0.3917475 2.0929704 0.10977466 70
0.77700663 2.0336058 -0.11226062 70
0.39111587 2.0855169 -0.036431894 57
0.70642102 1.8474267 -0.23822013 6
0.39655152 2.1147788 -0.18483648 69
0.45951214 1.2016881 -0.24306302 6
0.28961533 1.5436532 -0.24298753 6
0.33187303 0.86715817 -0.2390957 14
0.20093252 1.0683174 -0.24276346 6
1.1531489 2.9999425 0.73334795 95
0.56678945 3.0716586 0.82649577 95
nan nan nan 0
0.5174197 2.7747693 0.54141092 64
0.78422338 2.0439174 0.18847428 70
0.50419921 2.6850612 0.33070916 70
0.77305818 2.0138261 0.03704273 61
0.39631665 2.0971918 0.11003634 77
0.78234893 2.0369062 -0.1125223 72
0.39475518 2.0848312 -0.036431894 67
0.70964432 1.8461909 -0.23822013 6
0.39886755 2.1067395 -0.18418412 69
0.46514434 1.2100421 -0.2449694 6
0.29140401 1.5382905 -0.24220623 6
0.33179286 0.86201525 -0.2378033 14
0.20190805 1.0631747 -0.24163955 6
1.1693631 2.9936595 0.73334795 95
0.58340037 3.0685468 0.82649577 95
0.95939535 2.4595368 0.41214126 39
0.53194118 2.772022 0.54141092 67
0.7952705 2.0396445 0.18847428 69
0.51871943 2.6822941 0.33070916 69
0.78541201 2.0144072 0.037129994 65
0.40812936 2.0974686 0.11016718 78
0.79118478 2.0281317 -0.11226062 71
0.40650249 2.085119 -0.036475528 75
0.71781272 1.8377035 -0.23761165 6
0.41036376 2.1070676 -0.18440156 70
0.47258076 1.2097924 -0.245446 6
0.3001883 1.5391163 -0.24259689 6
0.33806971 0.86476111 -0.2390957 13
0.20948663 1.0716377 -0.24388736 6
1.1740642 2.9918189 0.73334795 95
0.58785164 3.0627792 0.8252033 95
0.93298495 2.3797178 0.39885896 33
0.53770411 2.7759094 0.54236418 65
0.80247217 2.0475254 0.18934585 53
0.52245736 2.6765122 0.33010069 69
0.78709841 2.0083799 0.03704273 67
0.40988573 2.0869498 0.10964382 65
0.79472333 2.0267477 -0.11226062 70
0.4091863 2.0794992 -0.036388267 78
0.72101903 1.8364478 -0.23761165 6
0.41499111 2.1112375 -0.18483648 69
0.47649196 1.2135319 -0.24639918 6
0.30475372 1.5482868 -0.2441595 6
0.33957848 0.86416978 -0.2390957 14
0.20904928 1.0593109 -0.24107762 7
1.1911376 2.987685 0.7339099 96
0.60388023 3.059659 0.8252033 95
0.94268703 2.3679192 0.39768699 38
0.55080497 2.7658331 0.54093432 65
0.81502759 2.0479219 0.18978164 45
0.53840071 2.6834745 0.33131763 68
0.80038208 2.0111961 0.037173621 70
0.42031854 2.0823269 0.10951298 71
0.80717546 2.0271962 -0.1125223 72
0.4210493 2.0822303 -0.036475528 76
0.73154581 1.8349514 -0.23791587 6
0.42457581 2.1017094 -0.18418412 68
0.47919068 1.2019069 -0.24449281 6
0.31189111 1.5418265 -0.24337819 6
0.34409857 0.86237991 -0.2390957 13
0.21411894 1.0558124 -0.24051565 7
1.1994573 2.994854 0.73615772 96
0.60968769 3.0609698 0.82584953 95
0.94314235 2.3571029 0.39612436 42
0.5561111 2.7672744 0.54141092 64
0.81952763 2.0488081 0.18999954 72
0.54308343 2.6825309 0.33131763 68
0.80110019 2.0028362 0.03704273 64
0.4244453 2.0840375 0.10964382 75
0.81164193 2.0281014 -0.11265314 75
0.42319939 2.0741417 -0.036344636 71
0.73474723 1.8336719 -0.23791587 6
0.42922786 2.1058476 -0.18461901 68
0.48495236 1.2101758 -0.24639918 6
0.31555527 1.5461215 -0.2441595 6
0.34741026 0.86625737 -0.24038813 14
0.21787401 1.0649915 -0.24276346 7
1.2184012 2.9950883 0.73784363 96
0.62666774 3.0624688 0.82714188 95
0.95081615 2.3406971 0.39417112 43
0.57010061 2.7619202 0.54093432 62
0.83212179 2.0491023 0.19043529 65
0.55611944 2.6747901 0.33070916 67
0.81251848 2.0009296 0.037086364 59
0.4353514 2.0817864 0.10964382 70
0.82224989 2.023824 -0.11265314 76
0.43608296 2.0816879 -0.036519159 69
0.74433827 1.8297997 -0.23791587 6
0.44125822 2.1084492 -0.18505393 67
0.48942602 1.2030761 -0.245446 6
0.32164848 1.534775 -0.24259689 6
0.34828022 0.85548681 -0.2378033 16
0.2219753 1.0566779 -0.24107762 6
1.2221814 2.9909163 0.73728162 96
0.6310423 3.0566387 0.82584953 95
0.94929004 2.3253214 0.39182717 37
0.57740229 2.7729383 0.54331732 62
0.83852595 2.0545619 0.19108896 63
0.56078702 2.6738155 0.33070916 68
0.815063 1.9971948 0.03704273 58
0.4379639 2.0761356 0.10938215 67
0.82388949 2.0177648 -0.11239146 71
0.43869236 2.0760303 -0.036431894 58
0.74658954 1.8262018 -0.23761165 6
0.44391885 2.1027999 -0.18461901 68
0.49152502 1.2022201 -0.245446 6
0.32432666 1.5342113 -0.24259689 6
0.35344934 0.8638109 -0.24038813 14
0.22530368 1.0634445 -0.24276346 7
1.237411 2.9820104 0.73671967 96
0.6470381 3.0532928 0.82584953 95
0.967134 2.3340023 0.39417112 40
0.58987737 2.7602739 0.54141092 60
0.85022718 2.0524435 0.19130686 64
0.5763334 2.6781225 0.33162189 69
0.83030194 2.0044425 0.037260886 58
0.44987431 2.0786965 0.10964382 62
0.83444315 2.0134234 -0.11239146 64
0.4532271 2.0908127 -0.036737315 53
0.75423479 1.8176855 -0.23700316 6
0.45648915 2.1077523 -0.18527137 69
0.50064474 1.206426 -0.24687576 6
0.33054003 1.5253057 -0.24142492 6
0.35610574 0.85749149 -0.2390957 15
0.22934683 1.0551025 -0.24107762 6
1.2439708 2.9845591 0.73784363 96
0.6543712 3.0616086 0.82843435 95
0.90996528 2.1866233 0.36916918 27
0.59623355 2.7664397 0.54284072 59
0.8538081 2.0509565 0.19130686 63
0.58053946 2.6772139 0.33162189 69
0.83379912 2.00299 0.037260886 59
0.45208547 2.0731065 0.10938215 61
0.83603215 2.0073559 -0.11212978 61
0.45740423 2.0924616 -0.036780942 60
0.75613225 1.814209 -0.23669893 6
0.46121976 2.1118209 -0.18570629 74
0.49801034 1.1942319 -0.24449281 6
0.33424199 1.5295542 -0.24220623 6
0.35573238 0.85241497 -0.2378033 16
0.23202601 1.0595046 -0.24220152 6
1.2605309 2.9802477 0.73840553 96
0.67037225 3.0606172 0.82908058 95
0.9310264 2.2045691 0.37307572 27
0.60970283 2.7609894 0.54236418 55
0.86611938 2.0511956 0.19174264 60
0.59401476 2.6717145 0.33131763 69
0.84782356 2.007952 0.037435409 56
0.46401301 2.0755863 0.10964382 61
0.84945279 2.0098474 -0.1125223 53
0.4669072 2.0852389 -0.036693681 74
0.76562107 1.810225 -0.23669893 5
0.47173181 2.1069455 -0.18548883 75
0.50596708 1.1962137 -0.245446 6
0.34171334 1.5253721 -0.24181558 6
0.35815036 0.8461594 -0.23651089 12
0.23809385 1.0606542 -0.24276346 7
1.2676389 2.9825261 0.73952943 96
0.67416084 3.0523655 0.82714188 95
0.91554433 2.1574941 0.3652626 43
0.61447251 2.7574174 0.54188758 52
0.87359685 2.0588481 0.1926142 69
0.59867686 2.6706736 0.33131763 69
0.85265565 2.0086207 0.037479043 52
0.47144124 2.0918298 0.1105597 85
0.85687101 2.0175502 -0.11304566 51
0.47381756 2.0990572 -0.036955472 75
0.76683384 1.8043205 -0.23609044 5
0.47486511 2.1036882 -0.18527137 70
0.50709087 1.1930716 -0.2449694 6
0.34705997 1.5368243 -0.24376884 6
0.36167467 0.84991074 -0.2378033 17
0.24100001 1.0649934 -0.24388736 7
1.2847235 2.97786 0.74009144 96
0.69066584 3.0486732 0.82714188 95
0.92426795 2.1457081 0.36409065 43
0.62781686 2.7493751 0.54093432 48
0.8827492 2.0495183 0.19217841 64
0.61477351 2.6746535 0.33223039 70
0.86613309 2.0110133 0.037609935 52
0.48330903 2.091682 0.11069055 89
0.86940289 2.0176198 -0.11330734 51
0.4846091 2.0940266 -0.036911838 78
0.78151035 1.8115326 -0.23761165 5
0.48698547 2.1060283 -0.18570629 69
0.51256305 1.1880586 -0.24449281 6
0.35481986 1.5325168 -0.24337819 6
0.36708164 0.85022062 -0.2384495 13
0.24567756 1.0589232 -0.24276346 6
1.2903694 2.9780726 0.74065334 96
0.69651997 3.0498185 0.82778811 95
0.92604631 2.1395612 0.36330935 39
0.63152117 2.7434905 0.53998119 43
0.88632494 2.0479746 0.19217841 63
0.61944067 2.6735766 0.33223039 70
0.86964166 2.0094986 0.037609935 51
0.48639783 2.0884025 0.1105597 84
0.87590462 2.02297 -0.11369986 53
0.48826313 2.0931776 -0.036911838 77
0.78269273 1.8056142 -0.23700316 5
0.48953995 2.100322 -0.18527137 74
0.51953268 1.1984135 -0.24687576 6
0.35860249 1.5367079 -0.2441595 6
0.36663362 0.84515154 -0.23715709 17
0.24915938 1.065616 -0.24444932 6
1.3044996 2.966589 0.73952943 96
0.71302569 3.0484822 0.82843435 95
0.92729121 2.1120813 0.35940278 33
0.64587742 2.7401462 0.53998119 43
0.901048 2.0524237 0.19304997 69
0.63343096 2.6702964 0.33223039 69
0.88417828 2.0140693 0.037784457 49
0.49732599 2.0858274 0.1105597 79
nan nan nan 0
0.49864081 2.08816 -0.036868207 79
0.79113513 1.7992207 -0.23669893 5
0.50167632 2.1025772 -0.18570629 75
0.52183586 1.1866964 -0.2449694 6
0.3666437 1.5348092 -0.2441595 6
0.37300828 0.84763724 -0.2384495 15
0.25250715 1.054811 -0.24220152 7
1.3111286 2.9689918 0.74065334 96
0.71724385 3.0425301 0.82714188 95
0.91599959 2.0765831 0.35354298 37
0.65178549 2.7437918 0.54093432 42
0.90563595 2.0531261 0.19326787 64
0.63751757 2.6667726 0.33192614 69
0.88769221 2.0125232 0.037784457 45
0.50270009 2.092242 0.11095222 79
nan nan nan 0
0.50402367 2.0945809 -0.036999099 78
0.79427415 1.7978373 -0.23669893 5
0.50419092 2.096853 -0.18527137 76
0.52788651 1.1947572 -0.24687576 6
0.36932188 1.5341669 -0.2441595 6
0.37252489 0.84257138 -0.23715709 15
0.25547019 1.0591096 -0.24332541 6
1.3301655 2.9685218 0.74233925 96
0.7342906 3.0434299 0.82843435 95
0.9218086 2.0604928 0.35158968 50
0.66441548 2.7331848 0.53950459 43
0.91841143 2.052901 0.19370362 69
0.65205753 2.6658094 0.33223039 70
0.90026277 2.0124092 0.037871718 50
0.51305729 2.0871558 0.11082139 84
nan nan nan 0
0.51498383 2.091913 -0.036999099 80
0.80469352 1.7959174 -0.23700316 5
0.51752245 2.103863 -0.18614119 75
0.5301078 1.1830244 -0.2449694 6
0.37734967 1.5322121 -0.2441595 6
0.37990946 0.84721404 -0.2390957 15
0.2592912 1.0506548 -0.24163955 7
1.3358276 2.9686496 0.74290115 96
0.74073541 3.046839 0.82972676 95
0.92540348 2.0588808 0.35158968 58
0.67034483 2.7367904 0.54045779 43
0.9209702 2.0490243 0.19348575 70
0.65729904 2.6670773 0.33253458 69
0.90788049 2.0199513 0.038046245 55
0.51669931 2.0862572 0.11082139 81
0.89996111 2.0014386 -0.11317649 41
0.5180375 2.0885837 -0.036955472 76
0.80782676 1.7945101 -0.23700316 5
0.5200054 2.0981195 -0.18570629 77
0.53015035 1.1776247 -0.2440162 6
0.37767228 1.5219579 -0.24259689 6
0.37939453 0.84214997 -0.2378033 15
0.26112455 1.0502006 -0.24163955 7
1.3538957 2.9658096 0.74402505 96
0.7566784 3.0429189 0.82972676 95
0.936171 2.0540073 0.35158968 64
0.68348038 2.7284796 0.53950459 44
0.93065137 2.0419087 0.19326787 68
0.67306197 2.670821 0.33344734 67
0.92259854 2.0242646 0.038220771 71
0.52579242 2.0762584 0.11042886 81
0.91665453 2.0103235 -0.11396154 41
0.52713799 2.0785699 -0.036824573 77
0.81927687 1.7947686 -0.23761165 5
0.53037727 2.0929525 -0.18548883 77
0.53937632 1.1815258 -0.245446 6
0.38623634 1.5223547 -0.24298753 6
0.38581485 0.84454125 -0.2390957 16
0.26602966 1.0464556 -0.24107762 6
1.3595692 2.9658933 0.74458706 96
0.7619881 3.0415936 0.82972676 95
0.93563497 2.0433929 0.35002708 63
0.69122458 2.7391853 0.54188758 50
0.93317497 2.0380175 0.19304997 70
0.67590255 2.6624234 0.33253458 63
0.91257733 1.9931173 0.037653565 71
0.53002733 2.0777583 0.1105597 83
0.92537004 2.0200651 -0.11461575 52
0.53076506 2.0776467 -0.036824573 76
0.81929851 1.7865722 -0.23669893 5
0.5364731 2.1016812 -0.18635865 77
0.53938502 1.1761241 -0.24449281 6
0.3901017 1.5264667 -0.24376884 6
0.3842527 0.83728796 -0.23715709 15
0.2684499 1.0483521 -0.24163955 7
1.3745679 2.9562855 0.74402505 96
0.7790947 3.0422428 0.83101916 95
0.95257086 2.051899 0.35237098 72
0.70616639 2.7379057 0.54236418 51
0.94593436 2.0376201 0.19348575 65
0.68921447 2.6564453 0.33223039 62
0.91140211 1.9633818 0.037173621 50
0.54027444 2.0725372 0.11042886 79
nan nan nan 0
0.54351509 2.082099 -0.036955472 76
0.82864165 1.7822579 -0.23669893 5
0.54747009 2.0988436 -0.18635865 78
0.5465737 1.1755077 -0.2449694 6
0.39562085 1.5148393 -0.24220623 6
0.38556153 0.82870203 -0.23521848 17
0.27575532 1.05401 -0.24332541 6
1.3833371 2.9629495 0.74627286 96
0.7844032 3.0408783 0.83101916 95
0.94883209 2.0345743 0.34963641 65
0.71155703 2.7390454 0.54284072 51
0.93156284 1.99761 0.18978164 57
0.69447315 2.65764 0.33253458 61
0.90106881 1.9323496 0.03660642 28
0.543262 2.0691752 0.11029802 79
nan nan nan 0
0.54525667 2.0738907 -0.036824573 77
0.83490777 1.7875508 -0.23761165 5
0.54924905 2.0906544 -0.18570629 77
0.55279177 1.18344 -0.24687576 6
0.40012768 1.5213162 -0.24337819 6
0.39317006 0.84114224 -0.2390957 18
0.276373 1.0488107 -0.24220152 6
1.3993479 2.9554217 0.74627286 95
0.80153847 3.0414019 0.83231157 95
0.95630038 2.0228837 0.34846446 37
0.72714019 2.7400284 0.54379392 51
0.9324128 1.9724488 0.18782063 34
0.70774299 2.6515691 0.33223039 59
0.90903378 1.9230875 0.036519159 28
0.55601329 2.0735404 0.11069055 78
nan nan nan 0
0.55739439 2.0758383 -0.036911838 81
0.83999997 1.7741878 -0.23639469 5
0.56018817 2.08775 -0.18570629 75
0.56003416 1.1827461 -0.24735238 6
0.40682039 1.5144271 -0.24259689 6
0.3944532 0.83253109 -0.23715709 16
0.28061455 1.0426393 -0.24107762 6
1.40713 2.9598181 0.74795872 96
0.80561334 3.0353281 0.83101916 95
0.95346284 2.0078335 0.34612051 38
0.73129153 2.7363832 0.54331732 51
0.92836243 1.9550768 0.18629541 34
0.71172971 2.6479323 0.33192614 54
0.89735085 1.8898991 0.035908323 54
0.5576942 2.0653322 0.11029802 79
1.2550617 2.6403556 -0.15138175 32
0.55972177 2.0700336 -0.036824573 79
0.845231 1.7771988 -0.23700316 5
0.56640947 2.0963917 -0.18657611 73
0.55998296 1.1773373 -0.24639918 6
0.41010079 1.5161003 -0.24298753 6
0.39694798 0.83401984 -0.2378033 16
0.28243384 1.0421479 -0.24107762 6
1.4241828 2.9543555 0.74852067 96
0.82086676 3.0287361 0.83037293 95
0.96396273 2.0028136 0.34612051 38
0.74689358 2.7372539 0.54427052 51
0.92235667 1.9165415 0.18302706 47
0.72558439 2.6441693 0.33192614 53
0.90614808 1.8829234 0.035864696 46
0.57113403 2.0720167 0.11082139 81
1.2547641 2.6045179 -0.14968082 33
0.57121271 2.0694857 -0.036868207 78
0.85344511 1.7705146 -0.23669893 5
0.57606393 2.0885928 -0.18614119 65
0.56507087 1.1721801 -0.24592258 6
0.4173831 1.5115501 -0.24259689 6
0.40025571 0.82975703 -0.23715709 13
0.28916568 1.045356 -0.24220152 6
1.4309467 2.9564991 0.74964464 96
0.82741642 3.031961 0.8316654 95
0.95884365 1.9833506 0.34299526 41
0.75037712 2.7312112 0.54331732 51
0.92895794 1.9216524 0.18368071 43
0.73151195 2.6476846 0.33253458 53
0.90943301 1.8813391 0.035864696 43
0.5734244 2.0662024 0.1105597 77
1.2680194 2.6202967 -0.15072754 33
0.57415956 2.0660756 -0.036824573 77
0.86411846 1.7846489 -0.23882861 5
0.57772428 2.0803809 -0.18548883 59
0.56497037 1.1667774 -0.2449694 6
0.42263854 1.5203432 -0.2441595 6
0.4006457 0.826886 -0.23651089 19
0.28905883 1.0378013 -0.24051565 6
1.4458475 2.9465272 0.74908262 96
0.84328038 3.0275869 0.8316654 95
0.97900963 1.9982517 0.34651116 42
0.76532608 2.7296088 0.54379392 50
0.94449496 1.9279401 0.18477017 39
0.74268746 2.6342602 0.33131763 46
0.92367774 1.8855265 0.036039218 37
0.58355993 2.0607679 0.11042886 77
1.2674129 2.5844903 -0.14902662 51
0.58496958 2.063041 -0.036824573 78
0.87345093 1.7801 -0.23882861 5
0.58995706 2.0821228 -0.18592376 53
0.5699876 1.1616017 -0.24449281 6
0.4292593 1.5133543 -0.24337819 6
0.40710756 0.82910812 -0.2378033 18
0.29842427 1.05035 -0.24388736 6
1.4526297 2.9486215 0.75020653 96
0.84986043 3.0307629 0.83295774 95
0.98468006 2.0009692 0.34729245 47
0.76876318 2.7235429 0.54284072 48
0.96548259 1.962027 0.1882564 34
0.74256915 2.6162424 0.32918796 43
0.92807263 1.8861532 0.036082845 38
0.58783519 2.0621488 0.1105597 77
nan nan nan 0
0.59129351 2.0716372 -0.036999099 77
0.88424987 1.7941461 -0.24095827 5
0.59155571 2.0739005 -0.18527137 50
0.5763666 1.169404 -0.24639918 7
0.43257108 1.5149792 -0.24376884 6
0.41069937 0.83272386 -0.2390957 18
0.29827699 1.0427928 -0.24220152 6
1.4718307 2.9472554 0.75189245 95
0.86770028 3.0332403 0.83489639 95
1.0017658 2.0090394 0.34963641 63
0.78571397 2.7289181 0.54474711 49
0.98464817 1.9747679 0.18999954 54
0.7521413 2.5980105 0.32736254 35
0.95692945 1.9192804 0.036824573 38
0.59862447 2.0590427 0.1105597 76
nan nan nan 0
0.6007452 2.06371 -0.036911838 78
0.89363182 1.7894915 -0.24095827 5
0.60516912 2.0803461 -0.18614119 51
0.58028233 1.1619822 -0.245446 6
0.44049749 1.5126935 -0.24376884 5
0.41180187 0.82408774 -0.23715709 21
0.30574974 1.0482409 -0.24388736 7
1.4775515 2.9471166 0.75245434 95
0.87166315 3.0270777 0.83360398 95
1.007486 2.0117018 0.35041773 80
0.79115498 2.7299011 0.54522371 51
1.0115519 2.0197899 0.19457519 70
0.75253314 2.5823927 0.32553709 28
0.96924716 1.9354796 0.037173621 37
0.60291326 2.0603924 0.11069055 75
1.0557965 2.1070216 -0.1216811 62
0.60504389 2.0650585 -0.036955472 78
0.90344113 1.8012313 -0.24278374 5
0.60810429 2.0768952 -0.18592376 52
0.58120608 1.1587754 -0.2449694 7
0.44244933 1.5095508 -0.24337819 6
0.41432732 0.82552391 -0.2378033 20
0.30419698 1.0360045 -0.24107762 7
1.4967897 2.9455926 0.75414026 95
0.88953197 3.0294268 0.83554256 95
1.0180053 2.0063992 0.35041773 94
0.80474615 2.7233665 0.54474711 51
1.0243709 2.0189061 0.19501098 88
0.76112539 2.5617583 0.32340741 33
0.99182951 1.9548883 0.037653565 51
0.6158191 2.0643888 0.11108306 75
1.0668142 2.1014645 -0.1216811 64
0.61797929 2.069052 -0.037086364 77
0.92074305 1.8119544 -0.24491341 5
0.61967784 2.0760705 -0.18614119 45
0.59061021 1.1622752 -0.24639918 7
0.45384762 1.5190533 -0.24533147 6
0.41754502 0.82119268 -0.23715709 20
0.31030592 1.0367341 -0.24163955 7
1.5014147 2.9432378 0.75414026 95
0.89345574 3.0232356 0.83425021 95
1.0248746 2.0112169 0.35158968 94
0.80880231 2.7196045 0.54427052 52
1.0244954 2.0104611 0.19435731 94
0.76418161 2.5556686 0.32279891 39
1.0111544 1.9843208 0.038264398 51
0.61728269 2.056133 0.11069055 76
1.0659374 2.0907066 -0.12115774 68
0.61944586 2.0607843 -0.036955472 76
0.92729414 1.8169721 -0.24582614 5
0.61974281 2.0630524 -0.18505393 39
0.59040034 1.1568741 -0.245446 7
0.45579398 1.5158921 -0.24494082 6
0.4211832 0.82475978 -0.2384495 19
0.31280759 1.0385265 -0.24220152 7
1.5229167 2.9458878 0.75694996 95
0.90996635 3.0208297 0.83489639 95
1.0308533 1.9970502 0.35002708 83
0.8258633 2.7247314 0.54617691 51
1.0372963 2.0094934 0.19479308 95
0.78042966 2.5611317 0.32401589 38
1.0399045 2.0145226 0.038962495 87
0.62876546 2.0552619 0.11082139 77
1.0791644 2.0895309 -0.12141941 76
0.63168168 2.0622957 -0.03704273 77
0.94821054 1.8341242 -0.24886853 6
0.63343239 2.0693111 -0.18592376 45
0.59757978 1.1559453 -0.24592258 7
0.46229169 1.5087589 -0.2441595 6
0.42326781 0.81825775 -0.23715709 18
0.31824097 1.0368744 -0.24220152 7
1.5286655 2.9456534 0.75751191 95
0.91593438 3.021549 0.83554256 95
1.0354754 1.9974391 0.35041773 69
0.83204198 2.7279828 0.54713005 53
1.0385059 2.0032599 0.19435731 93
0.79647321 2.5977437 0.32888371 36
1.0422667 2.0104864 0.038918864 79
0.6345402 2.0613239 0.11121391 76
1.0805072 2.0832138 -0.12115774 79
0.6345489 2.0587997 -0.036999099 77
0.95255566 1.8346677 -0.24917276 5
0.63485843 2.0610571 -0.18527137 34
0.6007303 1.157077 -0.24639918 7
0.46564496 1.5103114 -0.24455015 5
0.42134199 0.81109536 -0.23521848 18
0.31792328 1.0293257 -0.24051565 7
1.5445806 2.9373395 0.75751191 95
0.93174267 3.016712 0.83554256 94
1.0390214 1.9788783 0.34807378 54
0.84703875 2.7259338 0.54760665 55
1.0478212 1.9955907 0.19413942 77
0.81668657 2.614866 0.33162189 50
1.0527793 2.0050015 0.038918864 74
0.6423564 2.0484383 0.11069055 77
1.0937256 2.0819461 -0.12141941 91
0.64532 2.055449 -0.036999099 78
0.96677649 1.8384359 -0.25038972 5
0.64786339 2.0648384 -0.18592376 36
0.60563523 1.1517453 -0.24592258 6
0.47281343 1.5054946 -0.2441595 5
0.43122786 0.81955266 -0.2384495 20
0.32547194 1.0346276 -0.24220152 6
1.5526078 2.9413707 0.75919777 95
0.9377197 3.0173881 0.83618879 95
1.0459342 1.9836117 0.34924576 43
0.85252368 2.7267947 0.54808331 52
1.0454851 1.9827486 0.19304997 45
0.82494915 2.6252794 0.33314309 54
1.0504384 1.9921106 0.038700711 57
0.64891535 2.056844 0.11121391 76
1.0938576 2.0734124 -0.1210269 50
0.65115023 2.061475 -0.037129994 80
0.96534067 1.827973 -0.24917276 5
0.65072131 2.0613277 -0.18570629 44
0.60534608 1.1463495 -0.2449694 7
0.47765183 1.5117371 -0.24533147 6
0.4315249 0.81666583 -0.2378033 19
0.32945284 1.0410345 -0.24388736 6
1.5707995 2.9372225 0.76032168 95
0.95350569 3.0124369 0.83618879 95
1.0504812 1.9672219 0.34729245 38
0.8667894 2.7222936 0.54808331 52
1.0452777 1.9574844 0.19108896 30
0.83868372 2.620924 0.33314309 54
1.0290141 1.9270763 0.03752267 26
0.65891731 2.0510392 0.11108306 76
nan nan nan 0
0.66345584 2.0627997 -0.037217256 80
0.95731556 1.7900873 -0.24460918 5
0.66226274 2.0602653 -0.18592376 36
0.61366105 1.1474891 -0.24592258 6
0.48181316 1.4974515 -0.24337819 6
0.43579504 0.81439513 -0.2378033 18
0.33342436 1.0346518 -0.24276346 7
1.5754113 2.9347515 0.76032168 95
0.95803261 3.0084662 0.83554256 94
1.0469005 1.9523345 0.34494856 51
0.87079442 2.7184381 0.54760665 52
1.0310107 1.9227493 0.18782063 39
0.83190936 2.584007 0.32857949 54
1.0169955 1.8966528 0.036955472 34
0.66249603 2.0498862 0.11108306 70
1.5681278 2.9211373 -0.17192361 95
0.66552597 2.056879 -0.037129994 80
0.94867808 1.7665633 -0.24156678 4
0.66433477 2.0543635 -0.18548883 43
0.61566281 1.1464163 -0.24592258 7
0.48367235 1.4942569 -0.24298753 5
0.43951082 0.81788331 -0.2390957 17
0.33448821 1.0317478 -0.24220152 6
1.5959266 2.9347422 0.76256949 95
0.97599602 3.0103037 0.8374812 96
1.0535681 1.9403192 0.34377658 52
0.8865304 2.7185102 0.54855984 52
1.0315418 1.8998234 0.18607752 43
0.84773427 2.5866935 0.32949221 39
1.0221337 1.8825192 0.036780942 39
0.67477059 2.0511358 0.11134475 72
1.5845948 2.9150796 -0.17205445 94
0.67784065 2.0581176 -0.037217256 81
0.95197749 1.7506776 -0.24004556 4
0.67972481 2.0650609 -0.18679357 37
0.62753463 1.1539484 -0.24830556 6
0.48995775 1.4870089 -0.24220623 5
0.43915263 0.80709505 -0.23651089 18
0.33913225 1.0276657 -0.24163955 7
1.6040395 2.9386444 0.76425534 95
0.97975761 3.0040014 0.83618879 94
1.0853671 1.9904845 0.3531523 41
0.89279628 2.7216251 0.54951304 53
1.033662 1.8958346 0.18585962 52
nan nan nan 0
1.0242194 1.8785388 0.036737315 53
0.67912871 2.0523267 0.11147558 74
1.5729167 2.8816397 -0.17022268 12
0.68065047 2.0545568 -0.037173621 79
0.95384026 1.7468365 -0.23974133 4
0.68099427 2.0567732 -0.18614119 32
0.62600976 1.1463946 -0.24687576 7
0.49332231 1.4884976 -0.24259689 6
0.43939826 0.80421042 -0.23586468 18
0.34319824 1.0340179 -0.24332541 7
1.6199155 2.9299228 0.76425534 95
0.9962306 3.0011237 0.83683503 94
1.09936 1.9912562 0.35432425 44
0.90703434 2.7169132 0.54951304 57
1.0459853 1.894755 0.18629541 56
nan nan nan 0
1.0255718 1.8578393 0.036431894 54
0.68907374 2.0463753 0.11134475 76
nan nan nan 0
0.69139874 2.0509648 -0.037173621 81
0.97379732 1.761353 -0.24247949 4
0.69728601 2.0697124 -0.18766339 24
0.63081324 1.1409552 -0.24639918 6
0.50345618 1.4929205 -0.24376884 5
0.4412562 0.7976771 -0.23457228 18
0.34552866 1.022962 -0.24107762 6
1.6268824 2.9316332 0.76537925 95
1.00299 3.0039637 0.83812737 96
1.1160229 2.0130794 0.35862145 54
0.90944242 2.7083428 0.54808331 56
1.0625933 1.9168755 0.18869218 56
nan nan nan 0
1.0251715 1.849491 0.036301002 58
0.69423598 2.0499017 0.11160642 75
1.0788327 1.9453001 -0.11474658 31
0.69737047 2.0568621 -0.037304517 79
0.96359926 1.7357981 -0.23913284 4
0.69454223 2.0496087 -0.18592376 38
0.63758075 1.1484282 -0.24830556 6
0.50370193 1.4850173 -0.24259689 6
0.44735616 0.80534083 -0.23715709 17
0.34731355 1.0223573 -0.24107762 7
1.6463042 2.9291568 0.76706511 95
1.0179313 2.9963832 0.8374812 96
1.1338098 2.0201225 0.3609654 73
0.92361069 2.7035439 0.54808331 43
1.0689533 1.904773 0.18803853 42
0.84287953 2.4548402 0.31397596 39
1.0397421 1.8528131 0.036475528 59
0.70495969 2.0462389 0.11160642 75
1.0828834 1.9287454 -0.11409239 31
0.70651031 2.0484529 -0.037217256 80
0.97511011 1.7350532 -0.23974133 4
0.71091145 2.0624378 -0.18744592 38
0.64117414 1.1407989 -0.24735238 6
0.51386636 1.4893694 -0.24376884 5
0.45156676 0.8029874 -0.23715709 18
0.35266182 1.0205247 -0.24107762 7
1.6509033 2.9265673 0.76706511 94
1.0262694 3.0037479 0.84006608 96
1.138548 2.0202911 0.36135608 83
0.92912155 2.7042499 0.54855984 35
1.1065615 1.9636273 0.19413942 35
nan nan nan 0
1.0442032 1.8531722 0.036519159 55
0.70771748 2.0426443 0.11147558 69
1.0850201 1.9246786 -0.11396154 31
0.7108987 2.0495799 -0.037260886 79
0.97325081 1.7247089 -0.23852436 4
0.71613163 2.0659032 -0.18788083 29
0.63953656 1.1332715 -0.24592258 7
0.51646501 1.4884702 -0.24376884 5
0.45415932 0.80429852 -0.2378033 19
0.35523227 1.022212 -0.24163955 7
1.667923 2.9197068 0.76762706 89
1.040404 2.9937685 0.83877361 95
1.150336 2.0164459 0.36174673 79
0.93923885 2.6877577 0.54617691 37
1.1576099 2.0291605 0.20132977 79
0.820728 2.3364472 0.29937243 31
1.0600938 1.8585303 0.036737315 51
0.72005248 2.0436237 0.11173727 67
1.0901259 1.9103019 -0.11343818 37
0.71914077 2.0387526 -0.037129994 77
0.97733665 1.7109753 -0.2373074 4
nan nan nan 0
0.64546156 1.1299073 -0.24592258 6
0.52262169 1.4810838 -0.24298753 5
0.45716161 0.79981536 -0.23715709 17
0.35977778 1.0180379 -0.24107762 7
1.689487 2.9466598 0.7754944 67
1.0472144 2.99651 0.84006608 95
1.1489373 2.0058682 0.3601841 62
0.94473839 2.688431 0.54665345 40
1.1623894 2.0292971 0.20154765 93
0.8223381 2.3279874 0.29845968 35
1.0670685 1.8631814 0.036868207 37
0.72361821 2.0423639 0.11173727 67
1.1021591 1.9235522 -0.11435406 37
0.72352856 2.0398517 -0.037173621 75
0.98155802 1.7114184 -0.23761165 5
nan nan nan 0
0.65110499 1.1351602 -0.24735238 6
0.52356786 1.4755102 -0.24220623 5
0.45976323 0.80110836 -0.2378033 17
0.36155403 1.0174084 -0.24107762 7
1.8376261 3.1649277 0.83618528 68
1.0653057 2.9978163 0.84200466 95
1.1569437 1.9955544 0.35940278 47
0.95880193 2.6834476 0.54665345 38
1.1717478 2.0210292 0.20132977 92
0.83618498 2.3283238 0.29906818 38
1.1307946 1.9505111 0.038744342 37
0.73598439 2.0432484 0.11199894 70
1.1184874 1.928548 -0.11500826 68
0.73504233 2.0383887 -0.037217256 73
0.99050546 1.7062556 -0.23761165 5
0.91762161 2.5493989 -0.23354632 12
0.65827483 1.1338561 -0.24782895 6
0.53461111 1.4820496 -0.24376884 5
0.46516889 0.80077583 -0.2384495 17
0.3660582 1.0132068 -0.24051565 7
1.8511883 3.1767659 0.84011894 72
1.0689175 2.9914017 0.84071219 95
1.1579369 1.9892658 0.35862145 50
0.96596223 2.6887031 0.54808331 42
1.1765281 2.0211327 0.20154765 77
0.83940893 2.3245254 0.29876393 38
1.1820484 2.0305865 0.040402319 84
0.74293047 2.051357 0.1125223 75
nan nan nan 0
0.7343632 2.0253444 -0.036999099 76
0.99598515 1.7088095 -0.23822013 5
0.92206979 2.5477934 -0.23354632 10
0.66025287 1.1327055 -0.24782895 6
0.53552651 1.4764667 -0.24298753 6
0.46534482 0.79787904 -0.2378033 17
0.37029195 1.0194459 -0.24220152 7
1.8708267 3.1708987 0.84124285 69
1.0886719 2.9971192 0.84394324 95
1.1658267 1.9789227 0.35784018 54
0.98505586 2.6974475 0.55094284 49
1.1807652 2.0042207 0.20045821 54
0.85071772 2.3177674 0.29845968 38
1.1901233 2.0200639 0.040315058 85
0.75537634 2.0521286 0.11278398 82
nan nan nan 0
0.74495775 2.0214715 -0.036999099 78
1.0087069 1.7099793 -0.23913284 5
0.93368548 2.5382528 -0.2331114 10
0.66367453 1.1250089 -0.24687576 6
0.54579204 1.4806005 -0.2441595 5
0.46828419 0.79335439 -0.23715709 15
0.37479064 1.0152041 -0.24163955 6
1.8782899 3.172147 0.84236676 72
1.0939013 2.9952147 0.84394324 95
1.1780905 1.9917552 0.36057475 65
0.99060452 2.6980295 0.55141944 55
1.181722 1.9978719 0.20002241 38
0.85219729 2.3092902 0.29754698 37
1.1923729 2.0158334 0.040271424 70
0.75895685 2.050807 0.11278398 88
1.8749508 3.1664546 -0.19102623 69
0.75193882 2.0295508 -0.037173621 80
1.0116899 1.7082162 -0.23913284 5
0.93725413 2.5342822 -0.23289396 10
0.66187602 1.1175196 -0.245446 6
0.54496962 1.4703741 -0.24259689 6
0.47213918 0.79668605 -0.2384495 18
0.37656194 1.0145484 -0.24163955 7
1.8966788 3.1640267 0.84292871 72
1.108732 2.9871805 0.843297 95
nan nan nan 0
1.0055718 2.6951063 0.55189604 56
1.1870432 1.9831133 0.19915086 35
0.86427701 2.3047965 0.29754698 37
1.2003402 2.0052752 0.040184166 51
0.76881039 2.0444663 0.11265314 83
1.8927889 3.1587348 -0.19115707 69
0.75905204 2.0162213 -0.036999099 76
1.0180649 1.6986412 -0.23852436 5
0.95487183 2.5410042 -0.23398124 10
0.67277718 1.1224515 -0.24735238 6
0.55438811 1.4721273 -0.24337819 5
0.47630411 0.79420298 -0.2384495 17
0.3818689 1.0125629 -0.24163955 7
1.9016466 3.1610436 0.84292871 70
1.114785 2.987505 0.84394324 95
1.9013753 3.1618061 0.5781697 67
1.0102743 2.6933472 0.55189604 52
1.1827953 1.9682369 0.19784354 36
0.86829829 2.3032844 0.29754698 36
1.2051276 2.0053189 0.040227797 46
0.76974362 2.0361102 0.11226062 74
1.9008752 3.1597037 -0.19141875 70
0.76432961 2.019573 -0.037086364 72
1.0184653 1.6926118 -0.23791587 5
0.95842892 2.5370023 -0.23376377 10
0.67219836 1.1170737 -0.24639918 6
0.55608898 1.4688457 -0.24298753 5
0.47893956 0.79543692 -0.2390957 16
0.38363561 1.0118948 -0.24163955 7
1.9225258 3.1569483 0.84461457 75
1.131265 2.9838865 0.84458947 95
1.9166198 3.1496987 0.57777905 65
1.0269735 2.6949046 0.55332577 49
1.1840148 1.9471287 0.19631831 38
0.87504715 2.2847929 0.29572153 35
1.2026062 1.9776344 0.039791483 36
0.77950376 2.0297194 0.11212978 65
1.9199916 3.1539712 -0.19168043 69
0.77578568 2.0178781 -0.037129994 65
1.0260215 1.6851377 -0.23761165 5
0.97169936 2.531949 -0.23376377 10
0.67931741 1.1156329 -0.24687576 6
0.5637722 1.4659139 -0.24298753 5
0.47931552 0.78673881 -0.23715709 15
0.38892856 1.0098723 -0.24163955 7
1.9287536 3.1560025 0.84517652 68
1.137328 2.9841654 0.84523571 95
1.9272678 3.1547749 0.57934165 67
1.0281783 2.6839356 0.55141944 49
1.1796148 1.9323113 0.19501098 42
0.88080806 2.2878971 0.29633 34
1.2047517 1.9733999 0.039747853 31
0.7821508 2.0260248 0.11199894 61
1.9267963 3.1527452 -0.19181128 69
0.78020245 2.0188544 -0.037173621 61
1.0289608 1.6833445 -0.23761165 5
0.977902 2.5348995 -0.23419867 10
0.67613149 1.1060774 -0.2449694 6
0.56279504 1.4557046 -0.24142492 5
0.48321667 0.79001629 -0.2384495 15
0.39156041 1.0114675 -0.24220152 7
1.9522139 3.1558757 0.84798622 75
1.1564119 2.9871833 0.84782052 95
1.9450588 3.1467402 0.5797323 65
1.0439898 2.6830924 0.55237263 47
1.1857847 1.9197551 0.19435731 50
0.88827848 2.2716904 0.2948088 32
1.20323 1.9479347 0.039355174 34
0.79093528 2.0172493 0.11173727 57
1.9498484 3.1532269 -0.19246547 68
0.78894573 2.0100844 -0.037086364 56
1.0364534 1.6758244 -0.2373074 5
0.98754257 2.520463 -0.23332886 10
0.68450159 1.1066927 -0.24592258 6
0.5704093 1.4527379 -0.24142492 5
0.48352113 0.78132248 -0.23651089 18
0.3950876 1.0048617 -0.24107762 7
1.9597404 3.1569433 0.84911019 74
1.1607511 2.9829085 0.84717429 95
1.953154 3.1475356 0.58051366 64
1.0513419 2.688127 0.55380243 44
1.1917617 1.9219135 0.19479308 59
0.87598097 2.2285366 0.28933251 32
1.1987137 1.9330922 0.03909339 36
0.79172331 2.0088923 0.11134475 59
1.9540308 3.1476984 -0.19233464 69
0.79610264 2.0180128 -0.037260886 54
1.0433095 1.6803337 -0.23822013 5
0.99648374 2.5303297 -0.23441613 11
0.68253922 1.0992471 -0.24449281 6
0.57384378 1.4540398 -0.24181558 5
0.48999888 0.78867233 -0.2390957 18
0.3986122 1.0087093 -0.24220152 7
1.9780896 3.1483562 0.84967214 69
1.1763537 2.97679 0.84717429 95
1.9709218 3.1393566 0.5809043 64
1.0672069 2.6871498 0.55475557 45
1.2004831 1.9135385 0.19457519 60
0.89404577 2.2400637 0.29146218 29
1.2061584 1.9225565 0.039006125 38
0.80223101 2.0047193 0.11134475 68
1.973143 3.1416507 -0.1925963 68
0.80850714 2.0184612 -0.037348147 54
1.0507714 1.672748 -0.23791587 5
1.0087979 2.5227635 -0.23419867 12
0.69351941 1.1039633 -0.24639918 6
0.58210731 1.4534116 -0.24220623 5
0.48767456 0.77588582 -0.23586468 18
0.4029907 1.0043435 -0.24163955 7
1.9804318 3.141125 0.84854823 64
1.1859887 2.9859612 0.85040534 95
1.9811195 3.1446111 0.5824669 64
1.07552 2.694406 0.55666196 44
1.2024922 1.9093342 0.19435731 52
0.84793168 2.1141906 0.27503321 25
nan nan nan 0
0.80630523 2.0057747 0.11147558 70
1.9866186 3.1508696 -0.19338135 65
0.81202883 2.0170472 -0.037348147 56
1.0520725 1.6689975 -0.23761165 5
1.0131994 2.5209987 -0.23419867 12
0.69413304 1.1006773 -0.24592258 6
0.58555853 1.4546866 -0.24259689 5
0.4929069 0.78115273 -0.2378033 17
0.40637004 1.0082358 -0.24276346 8
2.0034068 3.1409783 0.851358 67
1.200187 2.9776788 0.8497591 95
2.0002139 3.1383581 0.5832482 64
1.0928149 2.6980321 0.5585683 47
nan nan nan 0
0.86923259 2.1350226 0.27837983 25
nan nan nan 0
0.81961185 2.008466 0.11186811 51
2.0017457 3.1383204 -0.19325051 65
0.8250488 2.0198593 -0.037479043 58
1.060797 1.663466 -0.23761165 5
1.0291964 2.5225821 -0.23485105 11
0.70366305 1.1033517 -0.24735238 6
0.5922398 1.4493122 -0.24220623 5
0.49946094 0.78271431 -0.2390957 17
0.41164356 1.0060942 -0.24276346 7
2.0128295 3.1436293 0.85304385 58
1.2080928 2.9822984 0.85169768 94
2.0110157 3.1431797 0.58481085 62
1.0961485 2.6913807 0.55761516 43
nan nan nan 0
0.85612452 2.0921304 0.27290353 43
nan nan nan 0
0.828771 2.0209033 0.11265314 73
2.0099146 3.1390257 -0.1935122 64
0.83329511 2.0299876 -0.037697192 61
1.0690579 1.6699663 -0.23882861 5
1.0326567 2.518476 -0.23463359 12
0.70558763 1.1021218 -0.24735238 6
0.59383702 1.4459896 -0.24181558 5
0.4983483 0.77769256 -0.2378033 19
0.41156512 1.0008605 -0.24163955 8
nan nan nan 0
1.2251264 2.9779532 0.85234392 94
nan nan nan 0
1.1148955 2.6969516 0.55999815 43
nan nan nan 0
0.86932653 2.0920541 0.27351201 48
nan nan nan 0
0.84255791 2.0233099 0.11304566 80
nan nan nan 0
0.84522325 2.0277588 -0.037740827 61
1.071322 1.6537511 -0.2373074 5
1.0439228 2.5084324 -0.23419867 10
0.70619094 1.0900571 -0.245446 6
0.60165191 1.4427555 -0.24181558 5
0.50636685 0.78114402 -0.23974191 18
0.41790336 1.0008711 -0.24220152 7
2.8612976 4.399395 1.2025783 94
1.2303221 2.9758103 0.85234392 94
2.8535831 4.389184 0.82271987 91
1.116787 2.6881981 0.5585683 37
2.8534865 4.3890247 0.45495296 83
0.87202489 2.0882421 0.27320775 45
2.8598018 4.3987193 0.090970665 89
0.85088301 2.0333614 0.11369986 78
2.331403 3.5852406 -0.22229697 43
0.84876102 2.0262804 -0.037740827 64
1.0796256 1.6601946 -0.23852436 5
1.0463852 2.502008 -0.23376377 10
0.71077418 1.0929338 -0.24639918 6
0.60416907 1.4417032 -0.24181558 5
0.5103721 0.78430212 -0.24103433 17
0.41871652 0.9978897 -0.24163955 7
2.8904183 4.3919873 1.204826 94
1.2468177 2.9715559 0.85299015 94
2.8860278 4.3886209 0.82545441 92
1.1365459 2.6958911 0.56142789 36
2.8846433 4.3865056 0.45626029 90
0.88005626 2.0767875 0.27229503 35
2.8924136 4.3983016 0.091276079 87
0.8624891 2.0311785 0.1138307 80
2.3583806 3.5854955 -0.22308201 41
0.86130512 2.0264137 -0.037828092 71
1.0855725 1.6503754 -0.23791587 5
1.0614095 2.5010834 -0.23419867 10
0.71378368 1.0851004 -0.245446 6
0.61170948 1.4385201 -0.24181558 5
0.51047599 0.7755754 -0.2390957 17
0.4201566 0.98670232 -0.23939174 8
2.8999999 4.3915057 1.20595 94
1.2548074 2.9760554 0.85492873 94
2.8964052 4.3876977 0.82623577 92
1.1355267 2.680336 0.5585683 35
2.8977861 4.3897767 0.45713186 88
0.87690669 2.0592537 0.27016535 31
2.9042189 4.3995028 0.091406971 87
0.86895806 2.0365646 0.11422322 78
2.367388 3.5855398 -0.22334369 40
0.869726 2.036411 -0.038046245 77
1.0925589 1.6546866 -0.23882861 5
1.0628537 2.4923496 -0.23354632 9
0.71567643 1.083853 -0.245446 6
0.61614645 1.4419971 -0.24259689 5
0.51583511 0.78072 -0.24103433 17
0.42187807 0.98596752 -0.23939174 9
2.9277804 4.3818264 1.2076359 95
1.2732129 2.9761095 0.85686731 94
2.9261987 4.3827376 0.82818902 87
nan nan nan 0
2.9290328 4.3869681 0.4584392 85
0.88375866 2.0455141 0.26894841 43
2.931381 4.3904715 0.091537863 88
0.87960953 2.0319867 0.11422322 78
2.3930659 3.5834727 -0.22399788 38
0.87938744 2.0295334 -0.038002614 78
1.0984476 1.6448188 -0.23822013 5
1.0778593 2.4913251 -0.23398124 9
0.72407359 1.0841687 -0.24639918 6
0.6197862 1.4296776 -0.24103427 5
0.51587808 0.77199268 -0.2390957 19
0.42415351 0.97702897 -0.2377059 7
2.9441602 4.3913822 1.2115695 95
1.279356 2.9761031 0.85751355 94
2.9393451 4.3858271 0.82975167 93
1.2240187 2.8346684 0.59288311 79
2.9394593 4.3859863 0.45887497 87
0.88929433 2.0485246 0.26955688 61
2.9460006 4.3957281 0.091756016 88
0.88315463 2.0304484 0.11422322 79
2.4062717 3.5896566 -0.22465208 38
0.88491446 2.0325832 -0.038089875 78
1.1027004 1.6449589 -0.23852436 5
1.0792383 2.482583 -0.23332886 9
0.72048664 1.0747572 -0.24449281 6
0.62717789 1.4399272 -0.24298753 5
0.52127296 0.77709979 -0.24103433 19
0.42392939 0.97181314 -0.236582 10
2.9692447 4.3774037 1.2121315 95
1.2958833 2.9715786 0.85815978 94
2.9664276 4.3765073 0.83092368 94
1.2653402 2.8889546 0.60575116 93
2.9637818 4.3725963 0.45909289 82
0.90299439 2.0506594 0.27046958 59
2.9731855 4.3864484 0.091886915 89
0.89778632 2.0349414 0.11474658 78
2.4250343 3.5770082 -0.22465208 37
0.89554495 2.0279219 -0.038089875 76
1.1112982 1.6391627 -0.23852436 5
1.0962266 2.4860201 -0.23419867 10
0.73162472 1.0790873 -0.24639918 6
0.63173473 1.429839 -0.24181558 5
0.52533466 0.77435976 -0.24103433 18
0.42803594 0.96734816 -0.23602003 15
2.9857168 4.3868279 1.2160652 94
1.2991354 2.9648855 0.85686731 94
2.9837897 4.3856106 0.83365822 94
nan nan nan 0
2.9812207 4.3818269 0.46061811 83
0.90957034 2.0558944 0.27138233 54
2.9836509 4.3853855 0.091974176 88
0.89730829 2.0242333 0.11422322 78
2.4340842 3.5768969 -0.22491378 18
0.89706469 2.0217822 -0.038002614 70
1.1169534 1.6413208 -0.23913284 5
1.0985538 2.4795456 -0.23376377 9
0.73073965 1.0737549 -0.245446 6
0.63422924 1.4287343 -0.24181558 5
0.52532202 0.77144831 -0.24038813 18
0.42972359 0.96659964 -0.23602003 16
3.0107903 4.3726153 1.2166271 95
1.3156196 2.9602511 0.85751355 94
3.0081122 4.3719616 0.83404887 90
nan nan nan 0
3.0083604 4.3723116 0.46127179 88
0.92032242 2.0511036 0.27138233 55
3.010824 4.3758788 0.092105068 85
0.91095197 2.026345 0.11461575 77
2.4584444 3.5723271 -0.22543712 6
0.9035542 2.0079312 -0.037828092 62
1.1241233 1.6334072 -0.23882861 5
1.1125386 2.4760332 -0.23398124 9
0.73914027 1.0739533 -0.24639918 6
0.64270848 1.4276483 -0.24220623 5
0.5238589 0.76074219 -0.2378033 16
0.43477878 0.9643364 -0.23602003 17
3.0273528 4.381907 1.2205608 94
1.3237286 2.96457 0.85945213 94
3.0241618 4.3788929 0.83639282 92
nan nan nan 0
3.0273149 4.3834443 0.4630149 94
0.92999214 2.0630796 0.27320775 58
3.024142 4.3788428 0.092279591 87
0.91755617 2.031584 0.11500826 77
2.4717746 3.5782986 -0.22609131 6
0.90500712 2.0017917 -0.037740827 56
1.1312091 1.6375637 -0.23974133 5
1.1178793 2.4763591 -0.23419867 9
0.74101365 1.0726616 -0.24639918 6
0.64115506 1.4175133 -0.24064361 5
0.52656311 0.76181054 -0.2384495 15
0.43646124 0.96357608 -0.23602003 12
3.0552053 4.3714519 1.2222466 94
1.3392328 2.9575984 0.85945213 94
3.0484624 4.3650222 0.83678347 92
nan nan nan 0
3.0487983 4.3654919 0.46279699 84
0.94283575 2.0626996 0.27381623 67
3.0541875 4.3731923 0.092497744 93
0.92818087 2.026752 0.11500826 76
2.4919069 3.5673535 -0.22622216 5
0.91029119 1.9856536 -0.03752267 48
1.1340761 1.6234868 -0.23852436 5
1.1297972 2.4682059 -0.23398124 9
0.74380314 1.0647473 -0.245446 6
0.64934397 1.4164976 -0.24103427 5
0.53193235 0.76101971 -0.2390957 15
0.43948624 0.95684135 -0.23489612 15
3.0690646 4.376617 1.2250564 94
1.3493773 2.9662549 0.86268318 94
3.0652394 4.3743801 0.83951807 93
0.99644774 2.1785052 0.45848358 29
3.0649941 4.3723969 0.46410432 94
0.94710523 2.0634735 0.27412048 69
3.0689931 4.3780866 0.092715904 93
0.91993994 2.0003176 0.11356901 76
2.5024319 3.5691295 -0.22661468 5
0.91271448 1.9817894 -0.037479043 44
1.1366249 1.6217033 -0.23852436 5
1.130993 2.4594367 -0.23332886 9
0.74424851 1.0614401 -0.2449694 5
0.65386796 1.4198539 -0.24181558 5
0.52769542 0.75219339 -0.23651089 17
0.44098872 0.95614982 -0.23489612 12
3.0919385 4.3604879 1.2250564 94
1.3663895 2.9637766 0.86397558 95
3.0881014 4.3582706 0.83951807 92
0.96634769 2.0842922 0.43941984 29
3.085645 4.3547959 0.46388644 81
0.95476925 2.0517304 0.27320775 69
3.0940051 4.3665757 0.092803173 90
0.91884708 1.9705598 0.11212978 68
2.5181956 3.5519056 -0.22635299 5
0.90799952 1.9454026 -0.036868207 34
1.1522841 1.6258458 -0.24004556 5
1.1449037 2.45574 -0.23354632 9
0.75245535 1.0616601 -0.24592258 6
0.66025507 1.4141701 -0.24142492 5
0.53710008 0.75738132 -0.2390957 16
0.44598901 0.95382768 -0.23489612 13
3.1108499 4.3709583 1.229552 94
1.3685248 2.9548085 0.862037 94
3.105726 4.3669567 0.84225261 93
0.96209037 2.0646203 0.43560702 61
3.0990174 4.3575201 0.46475801 83
0.94683915 2.025311 0.2698611 60
3.1081817 4.3687725 0.092977688 90
0.90963334 1.941797 0.1105597 27
2.5272877 3.5515723 -0.22661468 5
0.8997733 1.9188954 -0.036388267 32
1.1536798 1.6218114 -0.23974133 5
1.1533982 2.4627669 -0.23441613 9
0.75858366 1.0663383 -0.24735238 5
0.66376436 1.4152545 -0.24181558 5
0.54136282 0.76027763 -0.24038813 17
0.45073125 0.95967609 -0.236582 12
3.1387255 4.359993 1.2312379 94
1.3875626 2.953923 0.86397558 95
3.1336362 4.3561015 0.84342462 93
0.96453738 2.0417857 0.43179429 36
3.1341891 4.3568592 0.46650112 91
0.93767166 1.9775158 0.26408052 30
3.1412363 4.3666382 0.093283102 94
0.91905946 1.9345895 0.11042886 27
2.54439 3.5362649 -0.22648384 5
0.9293775 1.9546729 -0.037173621 32
1.1638889 1.6175586 -0.24004556 5
1.1630843 2.449939 -0.23376377 9
0.76003319 1.0562484 -0.24592258 6
0.67457414 1.4183414 -0.24298753 5
0.5382607 0.74764746 -0.23715709 18
0.45280299 0.95061183 -0.23489612 10
3.1469975 4.3570313 1.2317998 94
1.3978536 2.9624243 0.86720663 95
3.1455727 4.3566298 0.84459651 91
0.96286136 2.0290027 0.42941135 34
3.1447055 4.3554196 0.46693692 84
0.93262243 1.9579366 0.2616466 49
3.1547089 4.3692536 0.093457632 90
0.91065937 1.9081728 0.10898963 59
2.5578706 3.5419352 -0.22713803 5
0.91884422 1.9236964 -0.03660642 30
1.1667104 1.6155248 -0.24004556 5
1.1705632 2.4546547 -0.23441613 9
0.76475489 1.0588952 -0.24687576 6
0.67493254 1.4126995 -0.24220623 5
0.54523873 0.75452507 -0.23974191 18
0.4596706 0.96083027 -0.2377059 8
3.1762757 4.3478069 1.2340477 94
1.4112678 2.9507046 0.86591423 95
3.1727104 4.3460822 0.84576851 92
0.97029418 2.0172918 0.42798153 38
3.168936 4.3409052 0.46715477 81
0.94071311 1.9485528 0.26103815 58
3.1834407 4.3607492 0.093632154 92
0.91739124 1.8966291 0.10859711 60
2.5808005 3.5345414 -0.22753055 5
0.9852916 2.0359714 -0.038875233 55
1.1751531 1.6093938 -0.24004556 5
1.1812396 2.4440041 -0.23398124 9
0.77028871 1.0548764 -0.24687576 6
0.67911118 1.4024695 -0.24103427 5
0.55061072 0.75360703 -0.24038813 17
0.46048185 0.94962424 -0.23545809 14
3.1917462 4.354598 1.2374194 96
1.4226722 2.9613068 0.86979145 95
3.1875918 4.3504949 0.84772176 92
0.97700286 2.0222311 0.42941135 44
3.1868165 4.3494267 0.46868002 89
0.94626856 1.951378 0.2616466 40
3.1925251 4.3572021 0.093675785 90
0.92504495 1.9040169 0.10912047 52
2.5825353 3.5239921 -0.22713803 5
0.97904885 2.0139964 -0.038482554 55
1.1779603 1.6073402 -0.24004556 5
1.1833354 2.4374537 -0.23354632 9
0.77503586 1.0574851 -0.24782895 6
0.68477851 1.4079533 -0.24220623 5
0.55192518 0.7526449 -0.24038813 17
0.46319568 0.95101368 -0.23602003 17
3.2181623 4.3411779 1.2385432 46
1.4349954 2.9472985 0.86785281 95
3.21768 4.3436637 0.84967506 64
0.98435378 2.0104687 0.42798153 50
3.2184451 4.3446856 0.46998733 69
0.96737027 1.9686898 0.26468903 32
3.2272038 4.3564906 0.09402483 72
0.93060976 1.8901784 0.10859711 43
2.6039259 3.5144324 -0.22739972 5
1.0082818 2.0469995 -0.039224282 64
1.1834018 1.5971657 -0.23943709 5
1.1993687 2.4379342 -0.23419867 9
0.7805621 1.0534126 -0.24782895 5
0.69214112 1.4043484 -0.24220623 5
0.55297387 0.74587053 -0.2390957 18
0.46603149 0.94419712 -0.23489612 16
3.2147965 4.3224387 1.2346096 17
1.4454269 2.9556444 0.87108386 95
3.2031465 4.3083248 0.84381527 16
0.99001831 2.0131569 0.42893475 59
3.2200761 4.331069 0.46911576 17
0.9795537 1.984818 0.26712295 44
3.2154057 4.3247814 0.093457632 24
0.93721288 1.8952721 0.10898963 35
2.6055839 3.5038743 -0.22700721 4
1.011853 2.0452366 -0.039224282 64
1.192118 1.603057 -0.24065405 5
1.2047215 2.4380717 -0.23441613 9
0.77799749 1.0461472 -0.24639918 5
0.69350213 1.4009223 -0.24181558 5
0.55572045 0.74683875 -0.23974191 20
0.47089612 0.94994408 -0.236582 16
3.2308109 4.2952499 1.2317998 18
1.4630214 2.9523668 0.87237626 95
3.2286291 4.2954402 0.84459651 16
1.0038157 2.0145419 0.43036452 74
3.2187564 4.2823048 0.46562955 20
1.0043012 2.0085437 0.27107808 58
3.2380059 4.3078861 0.093457632 36
0.97830373 1.9529039 0.11265314 37
2.632901 3.5021527 -0.22779225 4
1.025895 2.0466211 -0.039355174 64
1.1945232 1.588865 -0.23943709 5
1.2141368 2.4250438 -0.23376377 9
0.78494203 1.0440186 -0.24687576 6
0.70192838 1.3994823 -0.24220623 5
0.55525595 0.73813796 -0.2378033 19
0.47044402 0.93655747 -0.23377222 13
3.2316813 4.2823939 1.229552 10
1.469245 2.9519722 0.87302244 95
3.2465355 4.3035941 0.84733111 3
1.0095179 2.0171807 0.43131772 74
3.23823 4.2925816 0.46737266 12
1.0122417 2.0156667 0.27229503 69
3.2440138 4.3002334 0.093414001 14
1.0152349 2.0181692 0.11657834 67
2.6344955 3.4915755 -0.22739972 4
1.0283459 2.0425925 -0.039311547 64
1.1972945 1.5867778 -0.23943709 5
1.2105614 2.4073329 -0.23224159 9
0.78972507 1.0465609 -0.24782895 6
0.7087878 1.407089 -0.24376884 5
0.56092072 0.74294096 -0.23974191 19
0.4742533 0.94009429 -0.23489612 17
3.2444541 4.2512941 1.2256184 9
1.4835969 2.942081 0.87237626 95
3.2345688 4.2413888 0.83834606 8
1.0222769 2.0162494 0.43227088 74
3.2470627 4.2577491 0.46541163 10
1.0250233 2.0147669 0.27290353 84
3.2589025 4.273253 0.093195841 15
1.0303047 2.0217321 0.1171017 80
2.6557713 3.4817021 -0.2276614 4
1.0390267 2.0371802 -0.039311547 65
1.2010659 1.5745724 -0.23852436 5
1.2175155 2.3898561 -0.23115432 9
0.79221141 1.0385133 -0.24687576 6
0.71279752 1.3967505 -0.24259689 5
0.56627232 0.74191064 -0.24038813 19
0.47807005 0.93542439 -0.23433419 14
3.2333486 4.2229886 1.2188748 9
1.4898175 2.941643 0.87302244 95
3.2224474 4.2102528 0.83326757 31
1.024685 2.0122728 0.43179429 77
3.2348022 4.2263732 0.4625791 9
1.0307873 2.0173986 0.27351201 94
3.2435567 4.237793 0.092541374 10
1.0360978 2.0243804 0.11736339 92
2.6603253 3.4750798 -0.22753055 5
1.0505271 2.0509524 -0.039616961 65
1.2113636 1.5823184 -0.24004556 5
nan nan nan 0
0.79551756 1.0390756 -0.24735238 5
0.71411431 1.3933035 -0.24220623 5
0.56609374 0.73900694 -0.23974191 19
0.4808048 0.93676049 -0.23489612 12
3.2427216 4.1881032 1.2138174 9
1.5062989 2.9359524 0.87366867 94
3.2474716 4.1972275 0.83404887 23
1.0363278 2.0090635 0.43227088 75
3.2324915 4.1778708 0.45909289 9
1.0413363 2.0119739 0.27351201 94
3.248868 4.1990108 0.092061445 9
1.0432491 2.0122714 0.11697085 91
2.6830709 3.4670243 -0.22792308 4
1.0601045 2.0432029 -0.03957333 64
1.2150702 1.5700711 -0.23913284 5
1.082247 2.0869527 -0.20223285 48
0.79944229 1.0329574 -0.24687576 5
0.72592533 1.3983247 -0.24376884 5
0.56995535 0.73603278 -0.23974191 18
0.48681739 0.9363966 -0.23545809 11
3.2193947 4.1445384 1.2025783 10
1.5147303 2.939764 0.87560725 94
3.2169132 4.142808 0.82428253 10
1.0330859 1.9941633 0.42941135 60
3.2275531 4.1564903 0.45734978 10
1.0448462 2.0101533 0.27351201 81
3.2316511 4.1617541 0.091363341 9
1.0467597 2.0104475 0.11697085 83
2.6906502 3.4643073 -0.22805393 4
1.0636691 2.0413496 -0.03957333 65
1.2193327 1.5699064 -0.23943709 5
1.0870339 2.0872717 -0.20245029 78
0.79521108 1.0238166 -0.2449694 5
0.7295 1.3992485 -0.2441595 5
0.56826746 0.73122919 -0.2384495 18
0.49180502 0.9420383 -0.23714393 10
3.229728 4.1117382 1.1980827 14
1.5312165 2.9339354 0.87625349 94
3.2278833 4.1123142 0.82154787 9
1.0401055 1.9822001 0.42798153 52
3.2292724 4.1140728 0.45451719 9
1.0507509 1.9958627 0.27229503 54
3.2348692 4.1211882 0.090839773 14
1.0537915 1.9983072 0.11657834 72
2.7164648 3.4599867 -0.22870812 4
1.0755051 2.0379651 -0.039616961 69
1.2306043 1.5674011 -0.24004556 5
1.0967902 2.0793464 -0.20223285 85
0.80511594 1.025423 -0.24639918 5
0.73337632 1.388849 -0.24298753 5
0.57059252 0.72634763 -0.2378033 18
0.49108401 0.92865831 -0.23433419 10
3.2150643 4.0798807 1.1902153 15
1.5352167 2.9291177 0.87560725 94
3.2151821 4.0814652 0.81646937 10
1.0435636 1.9803817 0.42798153 43
3.2210295 4.0888729 0.45233831 9
1.0449898 1.9764577 0.2698611 35
3.220392 4.0880542 0.090228938 16
1.0433097 1.9699614 0.11500826 54
2.7209532 3.4532797 -0.22857727 4
1.0790603 2.0360849 -0.039616961 70
1.2333381 1.5652509 -0.24004556 5
1.0957716 2.0686169 -0.20136304 92
0.80386096 1.0201654 -0.245446 5
0.73579919 1.3875669 -0.24298753 5
0.56886119 0.72156382 -0.23651089 17
0.49383715 0.92995614 -0.23489612 10
3.2188656 4.0395703 1.1834719 10
1.5539205 2.9274435 0.87754589 94
3.2195814 4.0433321 0.81217217 9
1.0585225 1.9835607 0.42988792 34
3.2175617 4.0407882 0.44885209 9
1.0413216 1.9446797 0.26621023 32
3.2308481 4.0574517 0.089923516 9
1.0418547 1.9424466 0.11369986 32
2.7436662 3.4448426 -0.2289698 4
1.0944175 2.0392263 -0.039791483 69
1.2477078 1.5665299 -0.24126253 5
1.1030685 2.0562599 -0.20071065 47
0.81225502 1.0197774 -0.24639918 5
0.73932832 1.3772879 -0.24181558 5
0.57414049 0.72046095 -0.23715709 18
0.49641085 0.92305678 -0.23377222 10
3.2039025 4.0078788 1.1756046 10
1.5590273 2.924727 0.87754589 94
3.2012582 4.00741 0.80592167 9
1.0735309 2.003365 0.43465388 52
3.2074988 4.0137711 0.4464553 9
1.037353 1.9299128 0.26438478 44
3.2129462 4.0205727 0.089225419 9
1.0331149 1.9188014 0.11239146 32
2.7481148 3.4380991 -0.22883897 4
1.0991565 2.0395157 -0.039835118 68
1.2424129 1.5548824 -0.23974133 5
nan nan nan 0
0.81710386 1.0221877 -0.24735238 5
0.74639237 1.3847034 -0.24337819 5
0.57993394 0.7251066 -0.2390957 19
0.49671239 0.92012721 -0.23321028 12
3.2064629 3.9683175 1.1688612 9
1.5772421 2.9231794 0.87948453 94
3.2051258 3.9694672 0.80162454 10
1.0836571 1.9979056 0.43465388 43
3.2011633 3.9645538 0.44275117 9
1.0450804 1.920091 0.2637763 57
3.212832 3.9789844 0.088658221 9
1.0288615 1.8870323 0.11082139 56
2.7660787 3.4236631 -0.22883897 4
1.1082726 2.0317297 -0.039791483 60
1.2567809 1.5560718 -0.24095827 5
nan nan nan 0
0.81608796 1.010411 -0.245446 5
0.75010216 1.3742636 -0.24220623 5
0.58055294 0.71841151 -0.2378033 19
0.50152332 0.91751379 -0.23321028 10
3.193429 3.9381254 1.1615558 9
1.5834893 2.9225473 0.88013071 93
3.1964958 3.9446878 0.79771793 9
1.0886607 1.997979 0.43513048 43
3.1908228 3.9376824 0.44035438 9
1.0519866 1.9248036 0.26468903 62
3.2015676 3.9495142 0.088134646 9
1.0333477 1.887426 0.11095222 62
2.7830622 3.4324 -0.22975484 4
1.0747237 1.9617587 -0.03843892 29
1.2579306 1.5519497 -0.24065405 5
nan nan nan 0
0.81939828 1.0108894 -0.24592258 5
0.75249952 1.3729523 -0.24220623 5
0.58345652 0.71916789 -0.2384495 19
0.50661212 0.92305887 -0.23489612 12
3.1899652 3.8906581 1.1525645 9
1.6050737 2.9245307 0.88336176 94
3.1943066 3.8986936 0.79185814 9
1.1061941 2.0051584 0.43799001 47
3.1947107 3.8991766 0.43795761 9
1.0803452 1.9516853 0.26925263 62
3.2031846 3.9095018 0.087611079 9
1.0423385 1.8796216 0.11082139 65
2.7914963 3.4061992 -0.2289698 4
1.0720298 1.931846 -0.037958983 35
1.2694583 1.5489564 -0.24126253 5
1.0775076 1.942542 -0.1909252 37
0.82329738 1.0045455 -0.245446 5
0.76110917 1.3710233 -0.24259689 5
0.58721411 0.71610308 -0.2384495 17
0.51394755 0.92457294 -0.23602003 15
3.1790428 3.864954 1.146383 9
1.6101755 2.921725 0.88336176 94
3.1807089 3.8683245 0.78677958 9
1.1108772 2.0053742 0.43846661 55
3.1793566 3.8666713 0.43490714 10
1.092158 1.9649963 0.27138233 32
3.1909435 3.880743 0.087087497 9
1.0456173 1.8777995 0.11082139 63
1.6962872 2.0636189 -0.13816692 1
1.0390332 1.8643919 -0.03665005 38
1.275316 1.5505685 -0.24187101 5
nan nan nan 0
0.8266111 1.0050001 -0.24592258 5
0.76708889 1.3761739 -0.24376884 5
0.59153986 0.71880037 -0.23974191 19
0.51438248 0.92154235 -0.23545809 16
3.1827657 3.827101 1.1402016 9
1.6266251 2.9153645 0.88400793 94
3.1835513 3.830734 0.78248233 9
1.1261464 2.0081015 0.440373 50
3.1820412 3.8289087 0.43251038 9
1.1181937 1.9873964 0.27533746 59
3.1952357 3.844764 0.086651191 9
1.0542136 1.8701215 0.11069055 56
1.7150526 2.0643048 -0.13882111 23
1.0414389 1.8458482 -0.036388267 33
1.2881813 1.54959 -0.24278374 5
1.3518701 2.3997612 -0.23746051 8
0.83186185 1.0006583 -0.24592258 5
0.76945478 1.3635224 -0.24220623 5
0.59219909 0.71198618 -0.2384495 17
0.51920062 0.91883647 -0.23545809 14
3.1778448 3.8090072 1.1362679 10
1.6328884 2.9146295 0.88465416 93
3.1712451 3.802423 0.77779454 10
nan nan nan 0
3.1775479 3.8099651 0.43098512 10
1.1313907 2.0027449 0.27777135 59
3.1827211 3.8161538 0.086127624 10
1.0538005 1.861753 0.11029802 39
1.7202531 2.0632246 -0.13895196 28
1.0385219 1.8331404 -0.03617011 34
1.2940667 1.5511471 -0.24339221 5
1.3658373 2.4147561 -0.23920015 8
0.83675677 1.0029691 -0.24687576 5
0.77425551 1.3664812 -0.24298753 5
0.59344083 0.71095151 -0.2384495 18
0.51722479 0.91155696 -0.23377222 13
3.1764076 3.765698 1.1284006 10
1.6540694 2.9165516 0.88788515 95
3.1783738 3.7706673 0.77466929 10
nan nan nan 0
3.1781828 3.7704318 0.42837048 10
1.1565921 2.0226717 0.28142226 88
3.1929884 3.7879732 0.08586584 10
1.0820826 1.8887421 0.11226062 32
1.7229818 2.0446494 -0.13829775 28
1.0505834 1.8320196 -0.036257371 34
1.303772 1.5462458 -0.24369647 5
1.3833979 2.416225 -0.24006996 8
0.84199679 0.99857414 -0.24687576 5
0.7789551 1.3581173 -0.24220623 5
0.6002773 0.71151984 -0.23974191 17
0.52319455 0.910954 -0.23433419 12
3.1634271 3.7383959 1.1216571 10
1.6615415 2.917861 0.88917756 95
3.1642089 3.7406137 0.76959074 9
1.6659975 2.9151254 0.64530849 70
3.1686673 3.7458711 0.42619157 10
1.157658 2.0163412 0.28081375 83
3.1769838 3.7556853 0.085254997 10
1.1647601 2.0255165 0.12063438 81
1.7281612 2.0435443 -0.1384286 22
1.0550219 1.8323519 -0.036301002 43
1.3032594 1.5401822 -0.24308796 5
1.3851373 2.4094841 -0.23963504 8
0.84532648 0.99897432 -0.24735238 5
0.78500247 1.363186 -0.24337819 5
0.6046468 0.71415108 -0.24103433 18
0.52599132 0.91215497 -0.23489612 12
3.1725171 3.7082727 1.1177235 14
1.6816089 2.9174972 0.89176238 54
3.1660926 3.703356 0.76529354 10
1.7253728 2.9828982 0.66246587 60
3.1720459 3.7103047 0.42401269 10
1.1706848 2.0145478 0.28142226 73
3.1884797 3.7295029 0.085036844 13
1.1791048 2.0258708 0.1210269 90
1.7209803 2.0136037 -0.13698936 20
1.0595857 1.8181536 -0.03612648 35
1.3193786 1.5427592 -0.24460918 5
1.4052286 2.4151268 -0.24093978 8
0.84734994 0.9908089 -0.24639918 6
0.78841752 1.3526462 -0.24220623 5
0.60365611 0.7054801 -0.2390957 17
0.52954137 0.90727919 -0.23433419 16
3.1735761 3.6977403 1.1160376 15
nan nan nan 0
3.159683 3.682837 0.76216835 10
1.8387874 3.1667817 0.70440614 64
3.1590481 3.6820884 0.42139801 10
1.1692138 2.0039186 0.28020528 52
3.1770725 3.7030711 0.0845569 15
1.1826388 2.0238097 0.1210269 84
1.7065985 1.9897643 -0.13555013 23
nan nan nan 0
1.3236871 1.5423356 -0.24491341 5
1.4031777 2.4019082 -0.2398525 8
0.85227996 0.99304855 -0.24735238 5
0.79077715 1.3512681 -0.24220623 5
0.60961777 0.70991248 -0.24103433 19
0.53234649 0.90846062 -0.23489612 12
3.1647868 3.647408 1.1059225 10
1.852934 3.1642959 0.97189182 61
3.1611207 3.6457272 0.75787109 10
1.8317685 3.1168799 0.69535083 64
3.1652262 3.6504493 0.41965491 10
1.1746598 1.9892125 0.27898833 42
3.1751206 3.6618423 0.083989702 10
1.184352 2.0025301 0.12011101 64
1.7088106 1.9713748 -0.13489592 23
1.1966178 2.0217574 -0.040402319 80
1.3284891 1.5316375 -0.24430493 6
1.4157349 2.3945284 -0.2398525 8
0.86068916 0.9922756 -0.24830556 6
0.79658943 1.344981 -0.24181558 5
0.6101532 0.70306933 -0.23974191 18
0.53586245 0.90356028 -0.23433419 12
3.1417105 3.6093695 1.0958073 10
1.8596753 3.1631405 0.97253793 61
3.151262 3.6215827 0.75396454 10
1.8670732 3.1644437 0.70678914 61
3.1486945 3.6186247 0.41660443 11
1.1705624 1.9743376 0.27716288 40
3.1536007 3.6242495 0.083247975 10
1.1878452 2.0004599 0.12011101 46
1.708969 1.9646244 -0.13463424 24
1.1975988 2.015363 -0.040315058 80
1.3376839 1.5367973 -0.24552189 6
1.424983 2.4006286 -0.24072231 7
0.85919189 0.98707432 -0.24735238 6
0.8001914 1.3457146 -0.24220623 5
0.61614877 0.70745724 -0.24168053 19
0.54362416 0.91311616 -0.23714393 15
nan nan nan 0
1.8786764 3.1575139 0.9738304 61
nan nan nan 0
1.8848718 3.1567328 0.70726568 61
nan nan nan 0
1.1783389 1.9639208 0.27655441 41
nan nan nan 0
1.1867679 1.9749312 0.11893346 35
1.7027349 1.9369106 -0.13332585 25
1.2055669 2.0047758 -0.040227797 57
1.3489935 1.5334957 -0.24613038 6
1.4349751 2.3888605 -0.24028742 8
0.85947752 0.97704113 -0.24592258 6
0.80089176 1.330909 -0.24025296 5
0.61344737 0.69698298 -0.2390957 17
0.54714972 0.90816522 -0.236582 14
3.0039303 3.4029629 1.0390501 45
1.887892 3.1604548 0.97576898 59
3.0064721 3.4070096 0.71333641 43
1.8941562 3.1597579 0.70869553 61
3.0024245 3.4024174 0.39394397 49
1.1804887 1.9597332 0.27625015 51
3.0067406 3.4072955 0.078710347 52
1.1850712 1.9642962 0.1184101 30
1.7028072 1.9301941 -0.13306417 22
nan nan nan 0
1.3565997 1.536715 -0.24704309 5
1.4417077 2.3906219 -0.24072231 7
0.86280835 0.97737712 -0.24639918 6
0.80448401 1.3316264 -0.24064361 5
0.6162653 0.69771808 -0.23974191 17
0.54372704 0.89884961 -0.23433419 15
3.0012028 3.3630414 1.0317447 53
1.9081544 3.1567318 0.97770762 64
3.0045388 3.3691144 0.7086485 51
1.9157554 3.1581962 0.71060187 62
3.0102484 3.3755023 0.39263663 51
1.206181 1.9789821 0.27990103 51
3.0078959 3.3728576 0.078274041 53
1.1901532 1.9495304 0.11788674 32
1.6896117 1.8951796 -0.13123241 18
nan nan nan 0
1.3580128 1.5221903 -0.24582614 6
1.4567928 2.3872964 -0.24115723 7
0.86955035 0.97467494 -0.24687576 6
0.81272709 1.3295065 -0.24103427 5
0.61829823 0.69268334 -0.2390957 16
0.55473918 0.90640658 -0.23714393 14
2.9951022 3.345623 1.0278111 54
1.9136611 3.1533966 0.97770762 61
2.9955869 3.347311 0.7051326 54
1.9212646 3.1548479 0.71060187 61
2.9945335 3.3461258 0.38980407 54
1.1941414 1.9514443 0.27625015 53
2.9987683 3.3508449 0.077881366 51
1.1818507 1.9282694 0.11670918 36
1.6812549 1.8792121 -0.13031653 38
1.9303807 3.1525743 -0.063919432 71
1.3623244 1.5216652 -0.24613038 6
1.4583621 2.3804986 -0.24072231 7
0.86961061 0.97132981 -0.24639918 6
0.81119001 1.321761 -0.23986229 4
0.61789113 0.68980765 -0.2384495 18
0.55378771 0.90127486 -0.23602003 17
2.9968061 3.3113143 1.0221916 55
1.9339292 3.1495123 0.97964627 65
3.0014729 3.3187659 0.70239806 52
1.9416115 3.1510177 0.71203166 61
3.000314 3.3174763 0.38827884 54
nan nan nan 0
3.0062075 3.3239782 0.077619568 42
1.1932423 1.9241792 0.11684001 42
1.6843685 1.8629806 -0.12979317 36
1.9521165 3.1509295 -0.064093955 70
1.3669399 1.5108339 -0.24552189 6
1.472115 2.374949 -0.24093978 7
0.87468457 0.9667632 -0.24639918 6
0.8258782 1.3301049 -0.24220623 5
0.62961656 0.69549835 -0.24168053 18
0.56233066 0.90458608 -0.2377059 17
2.9856217 3.2885737 1.016572 54
1.9419526 3.1502469 0.98093861 62
2.9873376 3.2915881 0.69771016 56
1.9522619 3.1559789 0.713938 61
2.9876792 3.2919557 0.38588205 54
1.9507115 3.1436954 0.44936287 64
nan nan nan 0
1.1952835 1.9199717 0.11670918 49
1.6960119 1.8692764 -0.13044736 37
1.9615655 3.1538899 -0.064224847 70
1.3595567 1.4974322 -0.24369647 5
1.4788827 2.3766093 -0.24137467 7
0.87141365 0.9597913 -0.2449694 7
0.8268984 1.3265622 -0.24181558 4
0.62431937 0.6872614 -0.2390957 18
0.56006628 0.89738679 -0.23602003 14
2.9901876 3.2580202 1.0120764 55
1.9609718 3.1441371 0.98223108 61
2.9928422 3.2631676 0.69497555 57
1.9713588 3.1498775 0.71489125 62
2.9930863 3.2634244 0.38435683 58
1.9763626 3.1481609 0.45149252 62
nan nan nan 0
1.2000149 1.9052265 0.11618582 54
1.7007107 1.8548541 -0.13005485 29
1.979381 3.1456935 -0.064268485 69
1.370737 1.4939468 -0.24430493 5
1.4899827 2.3667235 -0.24115723 7
0.87975067 0.95882732 -0.24592258 7
0.83645499 1.3263993 -0.24259689 4
0.63118303 0.68753451 -0.24038813 19
0.5699237 0.90270364 -0.23826784 19
2.9754925 3.231822 1.0053329 56
1.9690143 3.1448069 0.98352343 60
2.9834759 3.2415936 0.69145966 59
1.9742472 3.1422727 0.713938 61
2.9869661 3.2453732 0.3828316 57
1.9805337 3.142606 0.45118833 61
nan nan nan 0
1.1993483 1.8967906 0.1157933 59
1.7107124 1.8592267 -0.1305782 25
1.9862006 3.1443489 -0.064312115 68
1.3699775 1.4879043 -0.24369647 5
1.4874754 2.3535824 -0.24006996 7
0.87642795 0.95188135 -0.24449281 7
0.83745402 1.3228472 -0.24220623 4
0.63238204 0.68643183 -0.24038813 22
0.56761265 0.89551812 -0.236582 20
2.9829719 3.2049809 1.0019612 58
1.9854534 3.134454 0.98352343 60
2.9785361 3.2024317 0.68638122 57
1.9933008 3.1360381 0.71489125 59
2.981858 3.2059913 0.37999907 56
2.0009553 3.1384747 0.45210102 61
nan nan nan 0
1.2119455 1.8946966 0.11605498 65
1.7187223 1.8484168 -0.13044736 29
2.0039806 3.1360142 -0.064355746 68
1.3811332 1.4843409 -0.24430493 5
1.495764 2.3394601 -0.2394176 7
0.88139999 0.94727933 -0.24449281 7
0.84171754 1.3142776 -0.24142492 5
0.63596749 0.68311131 -0.24038813 23
0.57359987 0.8945902 -0.23714393 16
2.9713702 3.1824925 0.99634171 60
1.9935079 3.1350632 0.9848159 61
2.9723213 3.1845973 0.68364662 56
2.0066764 3.1449773 0.71775079 60
2.9738479 3.1862223 0.3782559 59
2.0091002 3.1391611 0.45270953 61
nan nan nan 0
1.2152506 1.8925784 0.11605498 65
1.7253553 1.8490627 -0.13070905 31
2.012145 3.1367228 -0.064443007 60
1.3820264 1.4801159 -0.24400067 5
1.5025284 2.3410423 -0.2398525 7
0.87466455 0.93678284 -0.24210984 7
0.84533948 1.3148876 -0.24181558 4
0.63715875 0.68200028 -0.24038813 29
0.57123154 0.8874256 -0.23545809 15
2.971817 3.1486611 0.99072218 58
2.0111995 3.126615 0.98546207 51
2.9753945 3.1546259 0.68052137 58
2.0231159 3.1344275 0.71775079 50
2.9733939 3.1524978 0.37607706 59
2.0524297 3.1702907 0.45879433 49
nan nan nan 0
1.2237877 1.884093 0.11592413 57
1.7384415 1.8436338 -0.13097073 33
nan nan nan 0
1.3948716 1.4782692 -0.24491341 5
1.5052959 2.3185055 -0.23833032 7
0.8812443 0.93397284 -0.2425864 7
0.85221255 1.3104434 -0.24181558 5
0.64072102 0.67865485 -0.24038813 31
0.57851088 0.88851678 -0.236582 12
nan nan nan 0
nan nan nan 0
2.9656124 3.1332943 0.67700547 50
nan nan nan 0
2.9651899 3.1328394 0.37433392 57
nan nan nan 0
nan nan nan 0
nan nan nan 0
1.739939 1.8387846 -0.13083988 35
2.4329886 3.736762 -0.077226892 34
1.4008648 1.4794328 -0.24552189 5
1.5093402 2.3158746 -0.23833032 7
0.88118315 0.93065375 -0.24210984 6
0.85046703 1.3027391 -0.24064361 5
0.64023989 0.67578566 -0.23974191 30
0.57608908 0.88137108 -0.23489612 12
nan nan nan 0
nan nan nan 0
nan nan nan 0
2.8747544 4.3897533 1.0122859 89
nan nan nan 0
2.8799551 4.3843889 0.63890457 88
nan nan nan 0
nan nan nan 0
1.7564501 1.8368616 -0.13136324 34
2.4525211 3.7239718 -0.077226892 31
1.4103093 1.4738692 -0.24582614 5
1.5214453 2.3079402 -0.23833032 6
0.87584853 0.91540289 -0.23925027 6
0.86134034 1.3044621 -0.24181558 4
0.64544326 0.67416519 -0.24038813 28
0.58336514 0.88241845 -0.23602003 15
1.8964261 1.976164 0.6237672 42
2.8776755 4.3924584 1.395802 91
1.9045693 1.9853044 0.42972073 34
2.8824115 4.3847294 1.0122859 80
1.9138262 1.9949318 0.23880674 28
2.8944235 4.3897195 0.64042574 92
1.9155699 1.9967382 0.047688697 21
2.8985429 4.3893323 0.27384788 88
1.7579234 1.831993 -0.13123241 35
2.4452536 3.6988204 -0.076790586 28
1.4197607 1.4785585 -0.24704309 5
1.522729 2.3011224 -0.2378954 6
0.88084948 0.91740835 -0.24020346 6
0.86225748 1.3008944 -0.24142492 4
0.64829564 0.67477578 -0.24103433 26
0.58356631 0.87936348 -0.23545809 14
1.8986033 1.9571381 0.62095749 42
2.8993027 4.3753171 1.3951559 83
1.9046183 1.9646742 0.42737678 43
2.9107583 4.3777561 1.0141923 80
1.9086328 1.968801 0.23684573 37
2.9214933 4.3807015 0.64133847 84
1.9120698 1.9723327 0.047339648 37
2.9201007 4.3720179 0.27371705 83
1.7674916 1.8227636 -0.13123241 35
2.4548757 3.6714106 -0.076485164 28
1.4240236 1.4675459 -0.2464346 5
1.5347568 2.293118 -0.2378954 6
0.86852527 0.8951956 -0.23543751 6
0.86631918 1.2922517 -0.24064361 4
0.64676243 0.66618413 -0.2390957 19
0.59355772 0.88441002 -0.2377059 14
1.898275 1.950664 0.61983359 34
2.9189563 4.3883581 1.4009717 94
1.9063212 1.9595782 0.42698613 43
2.9265583 4.3849244 1.0170519 88
1.9033769 1.956547 0.23575628 39
2.9346488 4.3838482 0.64255542 91
1.9067882 1.9600401 0.047121495 45
2.940223 4.3855891 0.2748946 90
1.7515038 1.8000081 -0.12979317 33
2.4543252 3.6567361 -0.076267011 28
1.4317811 1.470387 -0.24734734 5
1.5456841 2.3007841 -0.23898268 6
nan nan nan 0
0.87406355 1.2989484 -0.24220623 4
0.65130174 0.6685071 -0.24038813 16
0.59104335 0.87729412 -0.23602003 16
1.898544 1.9299523 0.61646181 33
2.944586 4.3770242 1.402264 94
1.9026971 1.9354923 0.42386088 37
2.9563336 4.3797169 1.0194349 83
1.9031124 1.9359053 0.23444895 38
2.957562 4.3684225 0.64255542 83
1.895982 1.9286535 0.04659792 52
2.9603469 4.3659987 0.27463293 81
1.757401 1.7872548 -0.12953149 29
nan nan nan 0
1.4394603 1.4628702 -0.24734734 6
1.5577098 2.2926593 -0.23898268 6
nan nan nan 0
0.88085276 1.294354 -0.24220623 5
0.65479314 0.66508776 -0.24038813 15
0.59426594 0.87216842 -0.23545809 18
1.8981488 1.9235024 0.61533797 35
2.9495213 4.3678727 1.4009717 82
1.9026017 1.9286551 0.42307958 38
2.9680982 4.3806496 1.0208647 89
1.8994873 1.9254937 0.23357739 42
2.9777188 4.3817363 0.64529359 92
1.9028586 1.9288979 0.046685185 57
2.9805884 4.3794112 0.27581048 87
1.7605177 1.7841848 -0.12953149 24
nan nan nan 0
1.4367759 1.4550632 -0.2464346 5
1.5631087 2.291997 -0.23920015 6
nan nan nan 0
0.88588423 1.2969007 -0.24298753 5
0.65935451 0.66737294 -0.24168053 14
0.59578723 0.87112987 -0.23545809 13
1.9016415 1.9063106 0.61309016 37
2.9832332 4.3683338 1.4061413 93
1.9056959 1.9116765 0.42151698 38
2.9965358 4.3731508 1.022771 91
1.9042646 1.910234 0.23292372 46
3.0048318 4.3722239 0.64620632 87
1.9041023 1.9100629 0.046467029 56
3.0020645 4.3616872 0.27567965 83
1.7592509 1.7643429 -0.12874645 23
3.0043852 4.3618107 -0.091843285 88
1.4443748 1.4475204 -0.2464346 5
1.5736775 2.2817287 -0.23898268 6
0.60145116 0.60368842 -0.15870585 4
0.88986754 1.288173 -0.24220623 5
0.65600073 0.65708899 -0.2390957 7
0.60034025 0.86799842 -0.23545809 15
1.8994607 1.8981589 0.6114043 94
2.9935799 4.3671064 1.4074336 79
1.9020392 1.9013695 0.41995436 95
3.0111091 4.3780308 1.025154 79
1.9058328 1.9051479 0.23270582 96
3.0124583 4.3669729 0.64620632 80
1.9092022 1.9085028 0.046510659 99
3.0181763 4.368772 0.27646467 82
1.7534915 1.7524523 -0.12809224 23
3.0247715 4.3750763 -0.09223596 89
1.4416268 1.4397416 -0.24552189 5
1.5748287 2.2748785 -0.23854776 7
0.58685309 0.58705246 -0.1544165 6
0.89211446 1.2866179 -0.24220623 5
nan nan nan 0
0.59771287 0.86092794 -0.23377222 10
1.9045018 1.88272 0.60971838 40
3.0232754 4.3613024 1.4106648 92
1.9172386 1.8965904 0.42112631 51
3.0395889 4.3702688 1.0270604 79
1.9104669 1.8898923 0.23205216 43
3.048044 4.3694673 0.6489445 88
1.9120559 1.8914535 0.046336137 47
3.052434 4.3692918 0.27751139 87
1.7519848 1.7327216 -0.12730721 22
3.0519292 4.3653288 -0.092366859 89
1.4491456 1.4321735 -0.24552189 5
1.5938431 2.2768145 -0.23963504 7
0.58467478 0.57880396 -0.15298672 7
0.90166241 1.2859811 -0.24298753 5
0.59859294 0.59152275 -0.21583235 5
0.6049943 0.86178619 -0.23489612 11
1.8987755 1.8711829 0.60690868 32
3.0391483 4.3679204 1.414542 92
1.913507 1.8863122 0.41956368 30
3.0528245 4.3730111 1.0289668 91
1.9102129 1.8830608 0.23161639 31
3.0570869 4.3661747 0.64924872 83
1.9135728 1.8863598 0.046292506 31
3.0586236 4.3619123 0.27738056 82
1.7514476 1.7261591 -0.12704553 20
3.0681479 4.3722787 -0.092628643 90
1.4481039 1.4261631 -0.24491341 6
1.5963861 2.2719893 -0.2394176 7
0.56992483 0.56230682 -0.14869738 8
0.90249026 1.2823819 -0.24259689 5
nan nan nan 0
0.60510308 0.85873163 -0.23433419 12
1.9071261 1.8591831 0.60634673 31
3.0661411 4.3578773 1.4164805 92
1.9145136 1.8676521 0.41761041 29
3.0770931 4.3589725 1.0294434 90
1.9146944 1.8678195 0.23096271 30
3.0884991 4.3622665 0.65107417 89
1.9162616 1.8693377 0.04611798 29
3.0929589 4.3621402 0.27842727 89
1.7586728 1.7152231 -0.12691469 19
3.0953336 4.3622737 -0.092759535 90
1.4591087 1.4220217 -0.24552189 6
1.605382 2.2595344 -0.23898268 8
0.56230122 0.54905301 -0.14583781 13
0.91346985 1.2836871 -0.24376884 5
0.56283921 0.54865342 -0.20096964 6
0.61380571 0.86152178 -0.23602003 14
1.8978068 1.8443097 0.602413 31
3.0820909 4.3643622 1.4203578 90
1.9089117 1.855708 0.41565713 28
3.0946159 4.3676214 1.0327796 90
1.9108036 1.8575361 0.23009115 29
3.1004145 4.3629413 0.6519869 84
1.9159343 1.8625083 0.046030723 30
3.1092429 4.3689475 0.27921233 90
1.7598722 1.7104125 -0.12678385 18
3.1130807 4.3711257 -0.093064956 94
1.4544617 1.4125644 -0.24430493 7
1.6165367 2.2668793 -0.24006996 8
0.56149566 0.54636353 -0.14536121 9
0.90999156 1.2740366 -0.24220623 5
0.54990506 0.53424191 -0.19580001 5
0.61390013 0.85846162 -0.23545809 16
1.9060004 1.8323276 0.60185111 30
3.1063023 4.3501315 1.4210041 89
1.9150404 1.8422661 0.41487584 27
3.1188698 4.3533545 1.0332562 90
1.9133192 1.8406043 0.2292196 28
3.1304479 4.3567295 0.65350807 93
1.9166468 1.8437926 0.045812566 30
3.1335323 4.3546352 0.27934316 87
1.7561986 1.6890695 -0.12586798 19
3.1403019 4.3608546 -0.093195841 95
1.4636286 1.4066474 -0.24460918 8
1.6167573 2.2422042 -0.23833032 9
0.57320821 0.55190611 -0.14774418 9
0.92384934 1.2792847 -0.2441595 5
0.55269486 0.53135532 -0.19580001 6
0.61838657 0.85523546 -0.23545809 16
1.8965563 1.8175417 0.59791738 31
3.1237257 4.3584523 1.4255275 89
1.903983 1.8252608 0.41175058 29
3.1379116 4.3638544 1.0370688 90
1.9093325 1.8303733 0.22834805 30
3.1438465 4.3593149 0.65472507 93
1.9126396 1.8335307 0.04563804 30
3.148428 4.3592849 0.27999735 88
1.7609478 1.6877282 -0.12599881 19
3.1537583 4.3634753 -0.093370371 94
1.4642876 1.4023759 -0.24430493 8
1.6235816 2.2434187 -0.23876522 9
0.55109739 0.528871 -0.14154847 10
0.92175049 1.2716597 -0.24298753 5
0.53963715 0.51705891 -0.19063038 9
0.61987835 0.85415483 -0.23545809 16
1.9028243 1.8039045 0.59679353 32
3.1535807 4.3518209 1.4287584 92
1.9045508 1.8067756 0.40979731 28
3.162159 4.3493505 1.0375456 92
1.9080422 1.8100747 0.22704072 30
3.1710091 4.3488126 0.65563774 93
1.9131403 1.8148957 0.045419887 29
3.1800334 4.354845 0.2807824 93
1.7661351 1.6750515 -0.12573713 19
3.1839273 4.3569994 -0.093588524 94
1.4607947 1.3844583 -0.24247949 8
1.6265018 2.2228131 -0.23746051 10
0.54494041 0.51755023 -0.13916549 24
0.92694235 1.2648201 -0.24259689 5
0.54058027 0.51256901 -0.18998416 33
0.62720716 0.85483801 -0.236582 16
1.8985685 1.7942256 0.59454572 31
3.1654279 4.3521729 1.4306971 91
1.9094968 1.8051437 0.41018796 29
3.175525 4.3517594 1.0394518 92
1.9057653 1.8016127 0.22638704 30
3.1888406 4.3572969 0.65776742 94
1.9108518 1.8064061 0.045288995 30
3.1891036 4.3513031 0.28091323 94
1.7672402 1.6702528 -0.12560628 20
3.1900506 4.3494191 -0.093544886 87
1.4668199 1.3853109 -0.24308796 8
1.6318495 2.2219806 -0.23767795 12
0.54405618 0.51491588 -0.13868889 49
0.92477649 1.2572203 -0.24142492 6
0.55027223 0.51989549 -0.19321519 48
0.63013422 0.85570979 -0.23714393 15
1.8993448 1.7756157 0.59173596 32
3.199605 4.3511143 1.4358667 94
1.9099001 1.7866929 0.40823469 29
3.2026329 4.341001 1.0408816 93
1.9097124 1.7865093 0.22573337 30
3.2116117 4.3405409 0.65776742 90
1.914804 1.7912573 0.045158096 30
3.2177818 4.3425741 0.28143659 83
1.7759612 1.6609766 -0.12560628 21
3.224678 4.3487291 -0.093893945 75
1.4613518 1.3657631 -0.24095827 9
1.6404985 2.2094018 -0.23724304 13
0.55033571 0.51540637 -0.13964207 67
0.93574989 1.2583181 -0.24259689 6
0.55121857 0.51536226 -0.19256899 57
0.63171345 0.84847826 -0.23602003 16
1.8967817 1.7676516 0.5900501 32
3.2071941 4.3455234 1.4358667 87
1.9003638 1.7715795 0.40550011 31
3.2204158 4.3492198 1.0442178 41
1.9018903 1.7729921 0.22442605 30
3.2236159 4.340909 0.65868014 30
1.9087796 1.779397 0.044939946 30
3.2149389 4.3229194 0.28052071 22
1.7697192 1.6493709 -0.12495209 17
3.2173562 4.3230295 -0.093457632 23
1.4655508 1.3649 -0.24126253 9
1.6413825 2.2025363 -0.23680812 12
0.55303282 0.51611501 -0.14011867 69
0.93794459 1.256683 -0.24259689 5
0.55920166 0.52096659 -0.1951538 68
0.63319337 0.84737438 -0.23602003 15
1.8973563 1.749114 0.58724034 32
3.2198048 4.3151131 1.4313433 25
1.9077976 1.7599319 0.40510947 32
3.2255151 4.3087072 1.0384986 16
1.9074841 1.7596349 0.22399026 30
3.2210016 4.2902145 0.65350807 17
1.9143933 1.7659911 0.044852681 31
3.231535 4.2980399 0.27999735 23
1.7562926 1.6197882 -0.12338201 13
3.2444503 4.31212 -0.093588524 28
1.4617195 1.3471282 -0.23943709 10
1.6409293 2.1779788 -0.2350685 10
0.55934173 0.51653337 -0.14107187 71
0.94895643 1.257681 -0.24376884 5
0.55658269 0.513134 -0.19321519 62
0.63908148 0.84599751 -0.236582 15
1.8983065 1.7444845 0.58667839 32
3.2099791 4.2862749 1.4235888 15
1.9017707 1.7482505 0.40315616 32
3.2212505 4.2873645 1.0346859 16
1.8977093 1.744514 0.22246504 30
3.231468 4.2885528 0.65411657 11
1.9027412 1.7491246 0.044503633 31
3.2405338 4.2943873 0.28012821 16
1.8823627 1.7298129 -0.13214828 26
3.254981 4.3104434 -0.093675785 15
1.4695561 1.3496051 -0.2403498 12
1.6177491 2.1393092 -0.23115432 16
0.55843246 0.51389897 -0.14059527 68
0.95560515 1.2619414 -0.24494082 5
0.56104249 0.51542056 -0.1945076 61
0.64787358 0.85461849 -0.23939174 15
1.8968947 1.7243645 0.58330667 32
3.2352903 4.273263 1.4248812 12
1.9017594 1.7299675 0.40120289 31
3.2495856 4.2782621 1.0365922 10
1.9012868 1.72953 0.22181135 30
3.2613883 4.2814503 0.65563774 3
1.9026221 1.7307346 0.044285476 30
3.2569244 4.2694163 0.27960482 12
1.9080288 1.7350376 -0.13332585 32
3.2578096 4.2674956 -0.093108587 14
1.4618989 1.3285549 -0.23791587 12
1.6319467 2.1347718 -0.23158923 20
0.56293416 0.51261586 -0.14107187 69
0.95920879 1.2529905 -0.2441595 5
0.56373352 0.51247591 -0.1945076 56
0.64644551 0.84345514 -0.23714393 13
1.8923757 1.7148451 0.58105886 32
3.2296085 4.2502918 1.4190654 9
1.8974532 1.7200173 0.39964026 30
3.2481308 4.2608662 1.0337327 9
1.8987633 1.7211951 0.2211577 30
3.2191768 4.2106562 0.64559782 23
1.9000804 1.7223791 0.044154584 31
3.2446625 4.2379389 0.27790391 9
1.8999469 1.7216547 -0.13254081 32
3.248549 4.2399631 -0.092628643 9
1.4513294 1.3143539 -0.23578621 10
1.6250814 2.1180708 -0.23006704 17
0.56564945 0.51327723 -0.14154847 72
0.96289295 1.2532768 -0.24455015 5
0.56462717 0.51149124 -0.1945076 53
0.65234727 0.8481375 -0.23882981 15
1.8889201 1.6932087 0.57712519 33
3.2385929 4.2160754 1.4132495 9
1.8953968 1.700174 0.39729634 30
3.2434614 4.208787 1.025154 9
1.904039 1.7079065 0.22072193 30
3.2502735 4.2055306 0.64742327 34
1.9072107 1.710739 0.044110954 31
3.2484913 4.1971846 0.27633384 9
1.8996354 1.7033561 -0.1318866 32
3.2554152 4.2031207 -0.092192329 9
1.4563417 1.3050826 -0.23548196 9
1.6300571 2.1016505 -0.22919723 14
0.56466907 0.5070383 -0.14059527 76
0.96793288 1.2462635 -0.2441595 5
0.56729758 0.50852787 -0.1945076 55
0.65083116 0.83699203 -0.236582 15
1.8897598 1.6886178 0.57656324 32
3.2356365 4.1970191 1.4087261 9
1.8928345 1.6919305 0.39612436 30
3.2358046 4.1836944 1.0203881 9
1.901443 1.6996057 0.22006825 30
3.2408981 4.1782694 0.64407665 17
1.9027342 1.7007499 0.043936431 30
3.2359242 4.1658602 0.27463293 10
1.9007425 1.6983761 -0.13175577 32
3.2397606 4.16781 -0.091537863 10
1.4456502 1.2909814 -0.23335227 9
1.6230373 2.0850267 -0.22767504 11
0.56372017 0.50441998 -0.14011867 75
0.9655692 1.2387165 -0.24298753 5
0.5681842 0.50753695 -0.1945076 61
0.656762 0.84163558 -0.23826784 12
1.8860831 1.6670849 0.57262957 31
3.2323589 4.1476145 1.3977406 9
1.8924135 1.6738236 0.39417112 30
3.2365272 4.1396089 1.0137157 9
1.8953823 1.6764374 0.21832512 31
3.2367308 4.1280241 0.63890457 10
1.9059925 1.6858 0.04380554 30
3.2330503 4.1174212 0.2725395 12
1.8983799 1.6784866 -0.13097073 30
3.2430258 4.1271882 -0.091014288 10
1.4412236 1.2735465 -0.23152684 9
1.6216383 2.0608211 -0.2259354 10
0.56451213 0.4998391 -0.13964207 77
0.97813237 1.2414196 -0.24455015 5
0.57083386 0.50455505 -0.1945076 58
0.66115981 0.83818525 -0.23826784 15
1.8850417 1.6609023 0.57150567 31
3.2291894 4.1286411 1.3932172 11
1.8916247 1.6672554 0.39338979 30
3.2271011 4.1127009 1.0084733 12
1.8926966 1.6681907 0.21767147 31
3.2286024 4.1028547 0.63586217 14
1.8976731 1.6725622 0.043543749 31
3.2294264 4.0980368 0.27162361 15
1.8956831 1.6702235 -0.1305782 29
3.2270324 4.092061 -0.090359829 9
1.4378526 1.266115 -0.23061413 9
1.6206123 2.0521162 -0.22528304 10
0.56538367 0.49885309 -0.13964207 76
0.97877157 1.2377692 -0.2441595 5
0.56808108 0.5003745 -0.19321519 60
0.65811038 0.83128065 -0.236582 12
1.8884873 1.6458814 0.56981981 31
3.2328091 4.0889273 1.3854626 14
1.8947421 1.6524633 0.39221784 30
3.23031 4.0726581 1.0027541 12
1.8938926 1.6517155 0.21679991 31
3.2361529 4.0684032 0.63312399 11
1.9026347 1.6593204 0.043456491 31
3.2306399 4.0556679 0.26992267 10
1.8987532 1.6553572 -0.13018569 31
3.2297378 4.0516372 -0.089836262 9
1.4350997 1.2504276 -0.22909291 9
1.6204823 2.029959 -0.22376086 10
0.57169342 0.49910486 -0.14059527 69
0.98677516 1.2345607 -0.24455015 5
0.57251787 0.4989754 -0.1938614 57
0.66548151 0.8316406 -0.2377059 17
1.8818697 1.6349318 0.56701005 31
3.2129509 4.049202 1.3738312 11
1.888298 1.641062 0.39026454 9
3.2206192 4.0458784 0.99751157 10
1.8948914 1.6467752 0.21658202 31
3.2215993 4.0355806 0.62886465 9
1.8942002 1.6461674 0.043194704 31
3.2127979 4.0188007 0.26782924 9
1.8959818 1.647133 -0.12979317 31
3.2227659 4.0284147 -0.089443579 9
1.4297789 1.241421 -0.22787595 8
1.6224688 2.0251811 -0.22354341 11
0.57256365 0.4981063 -0.14059527 62
0.98738891 1.230906 -0.2441595 5
0.5752151 0.4995544 -0.1945076 57
0.66086352 0.82285422 -0.23545809 11
1.8869904 1.6215535 0.56588614 31
3.2205245 4.0153556 1.3680153 9
1.8931177 1.6279352 0.38948321 3
3.2233176 4.0059991 0.99179244 9
1.8883715 1.623852 0.21483891 31
3.2240067 3.9954669 0.62521374 9
1.8971043 1.6313421 0.043063812 30
3.2165544 3.9805484 0.26639 9
1.8951079 1.629053 -0.12913896 30
3.2186944 3.9803646 -0.088745482 9
1.4287241 1.2274569 -0.226659 8
1.6236666 2.0050287 -0.22223866 14
0.5770278 0.49669793 -0.14107187 73
0.99536991 1.2276417 -0.24455015 5
0.58149409 0.49967459 -0.19580001 59
0.66821706 0.82317853 -0.236582 12
1.8802787 1.6106706 0.56307638 32
3.2003007 3.9758408 1.3563836 9
1.8846987 1.6149968 0.38713932 2
3.2118232 3.9774382 0.98607326 9
1.8949878 1.6237921 0.21527469 28
3.209136 3.9628167 0.62095439 9
1.8980491 1.6264032 0.043020178 30
3.2030764 3.949702 0.26468909 9
1.8827701 1.6127613 -0.12809224 29
3.220916 3.9689138 -0.08861459 6
1.4195446 1.2152902 -0.22483355 8
1.6193269 1.9925146 -0.22115141 16
0.57416034 0.49250367 -0.14011867 78
0.99751109 1.2259026 -0.24455015 5
0.57501203 0.49239412 -0.19321519 57
0.67424387 0.8276968 -0.23826784 11
1.8852462 1.5973271 0.56195247 32
3.2043271 3.9384079 1.3492752 9
1.8912443 1.603511 0.38674864 3
3.2124536 3.9358325 0.97987759 9
1.8863566 1.5993652 0.21331368 16
3.2125711 3.9248223 0.61760771 9
1.8931845 1.6051376 0.042714763 21
3.2047417 3.9096899 0.26311901 9
1.8873771 1.5996555 -0.12783056 18
nan nan nan 0
nan nan nan 0
1.6155404 1.9666629 -0.21919431 18
0.58048129 0.49265745 -0.14107187 76
1.0054792 1.2225747 -0.24494082 5
0.58127528 0.4924897 -0.1945076 58
0.67240727 0.81660622 -0.23602003 11
1.8840286 1.591223 0.56082857 32
3.1974642 3.9159606 1.3434594 9
1.8808281 1.5890625 0.38401407 7
3.20223 3.9093201 0.974635 9
1.8910487 1.5976763 0.21353158 5
3.1958158 3.8904264 0.61304414 9
1.8902513 1.5969956 0.042583872 6
3.1925488 3.8809373 0.26154894 9
1.8844405 1.5915307 -0.12743805 5
1.7028838 2.0652812 -0.04611798 13
nan nan nan 0
1.6158088 1.9599912 -0.21875939 18
0.58134025 0.49164358 -0.14107187 73
1.0044788 1.217 -0.2441595 5
0.57658637 0.48681447 -0.19256899 60
0.67846227 0.8210851 -0.2377059 12
1.8832563 1.5732045 0.5580188 32
3.2010338 3.8786609 1.3363513 9
1.8853309 1.5760281 0.38323274 30
3.1992054 3.8641236 0.96748608 9
0.62981474 0.52810591 0.068853036 3
3.2018917 3.8564448 0.61030596 9
0.62819636 0.52674723 0.013700138 3
3.2016649 3.8507202 0.26063305 9
0.62180316 0.5212267 -0.040691204 4
1.7040923 2.0447993 -0.045856196 23
0.62416965 0.522654 -0.095531441 3
1.6180948 1.9419231 -0.21767214 18
0.58013439 0.48545241 -0.14011867 67
1.0076846 1.2079225 -0.24337819 5
0.58655661 0.48996329 -0.1951538 56
0.68275219 0.81752139 -0.2377059 14
1.8782326 1.5640152 0.55577099 33
3.1862559 3.8470089 1.3273042 9
1.8842819 1.5695773 0.38245144 34
3.1871452 3.8358657 0.96176702 9
0.62307626 0.52063578 0.067981482 5
3.1879904 3.8260491 0.60635084 9
0.62719297 0.52405167 0.013656507 5
3.186012 3.818269 0.25880128 9
0.61695266 0.51535243 -0.040298685 4
1.6868538 2.01686 -0.045288995 28
0.63080776 0.52631992 -0.09644416 5
1.6103221 1.9257021 -0.21614994 17
0.58664715 0.48914009 -0.14154847 69
1.0145301 1.2118556 -0.24455015 5
0.58741093 0.48893881 -0.1951538 56
0.68106455 0.81258106 -0.236582 14
1.8772591 1.5460941 0.55296123 33
3.1893222 3.8098874 1.3201962 9
1.8867542 1.5549828 0.3812795 33
3.1866908 3.7946742 0.95557123 9
0.63156313 0.52211362 0.068635143 5
3.1936097 3.7922087 0.60361272 9
0.63764888 0.52711356 0.013831031 5
3.1882751 3.7805252 0.25736207 10
0.62157071 0.51370102 -0.040429525 5
1.69417 2.0041766 -0.04520173 16
0.63355482 0.52300984 -0.09644416 5
1.6155703 1.9115289 -0.21549758 16
0.58920014 0.48606172 -0.14154847 77
1.0176824 1.2027478 -0.24376884 5
0.58435881 0.48126459 -0.19321519 57
0.68530983 0.80900389 -0.236582 12
1.8796855 1.5431434 0.55296123 33
3.1820014 3.7876599 1.3143803 9
1.8799177 1.543859 0.37932622 33
3.175931 3.7684479 0.95032871 9
0.6286217 0.51785237 0.068199366 5
3.1826234 3.7657654 0.60026604 9
0.64050084 0.52758479 0.013874662 5
3.169091 3.7444408 0.25526863 9
0.62632799 0.51578063 -0.040691204 5
1.6783006 1.9783098 -0.044678159 19
0.63638663 0.52347529 -0.096748397 5
1.5867536 1.8706613 -0.21114849 16
0.58624834 0.48192516 -0.14059527 74
1.0213729 1.2028567 -0.2441595 5
0.58706856 0.48177132 -0.1938614 52
0.68829054 0.80966944 -0.23714393 11
1.8842225 1.5298827 0.55183733 30
3.1783688 3.7433105 1.3046871 9
1.8803053 1.5277722 0.3777636 33
3.1733646 3.7255905 0.94365638 9
0.64292914 0.5239678 0.069506705 8
3.1910279 3.735832 0.59813637 11
0.63548964 0.51792485 0.013700138 6
3.1756849 3.7126069 0.25422192 13
0.63871551 0.52035666 -0.041345403 7
1.6756464 1.9542916 -0.044329111 21
0.63526255 0.51701218 -0.096139923 9
1.5835869 1.8471769 -0.20940885 21
0.58876365 0.47884896 -0.14059527 73
1.0244516 1.1937352 -0.24337819 5
0.59146166 0.4802084 -0.1945076 57
0.68778211 0.80049074 -0.23545809 11
1.8752548 1.5177348 0.54846561 32
3.1770744 3.7285595 1.3014561 12
1.8810482 1.5229357 0.37737292 33
3.1671197 3.7051105 0.93984365 13
0.64384264 0.52284491 0.069506705 13
3.1733453 3.7019746 0.5935728 15
0.6383366 0.5183863 0.013743769 16
3.1756623 3.6994748 0.25369853 15
0.63768089 0.51767194 -0.041214563 12
1.6692924 1.9399782 -0.044067323 23
0.63809478 0.51746124 -0.09644416 13
1.5835668 1.8406281 -0.20897393 22
0.58959848 0.47782069 -0.14059527 68
1.0297455 1.1956969 -0.2441595 5
0.59418029 0.48068962 -0.1951538 57
0.69076085 0.8011409 -0.23602003 12
1.8774675 1.5033318 0.54677975 32
3.173871 3.6867864 1.2924093 15
1.884876 1.5103103 0.37659159 33
3.1778204 3.6797385 0.93746072 12
0.6425913 0.51646787 0.06907092 23
3.1871736 3.6802335 0.59266001 10
0.64095223 0.51514882 0.013743769 23
3.1747391 3.6607029 0.25212848 10
0.64038265 0.51432598 -0.041214563 23
1.6692706 1.9201685 -0.04380554 25
0.63295078 0.50802976 -0.095227197 21
1.5997051 1.8398412 -0.20984375 21
0.59009111 0.47329953 -0.14011867 59
1.0325533 1.1867346 -0.24337819 5
0.59093875 0.47316191 -0.19321519 57
0.69799107 0.80132198 -0.23714393 11
1.872467 1.4939814 0.54453194 32
3.1771464 3.6775832 1.2911168 10
1.8720621 1.4947046 0.37346637 32
3.1672149 3.6532168 0.93221813 9
0.64154428 0.51379311 0.068853036 88
3.1545682 3.6296782 0.58535826 10
0.64584976 0.5170328 0.013831031 82
3.1434667 3.6118064 0.24911913 10
0.63737386 0.51009649 -0.040952884 82
1.6627799 1.9059331 -0.043543749 28
0.63577795 0.5084697 -0.095531441 85
1.6045476 1.8389262 -0.21006121 20
0.59475815 0.47532374 -0.14107187 68
1.0378604 1.18866 -0.2441595 5
0.5937379 0.47352761 -0.1938614 55
0.69460273 0.79457963 -0.23545809 12
1.8747821 1.4793062 0.54284608 32
3.1700196 3.6293921 1.2801313 10
1.8743044 1.479968 0.3722944 31
3.1539881 3.5996354 0.92268622 9
0.64431477 0.51031452 0.068853036 98
3.1496189 3.5845733 0.58079469 10
0.64069611 0.5074541 0.013656507 101
nan nan nan 0
0.63611424 0.50366169 -0.040691204 103
1.6714176 1.8950312 -0.043500118 30
0.6385197 0.50502235 -0.095531441 100
1.6190854 1.8361127 -0.21071357 20
0.59539205 0.47058186 -0.14059527 76
1.047534 1.1867392 -0.24494082 5
0.60000855 0.47339466 -0.1951538 56
0.70531249 0.79813915 -0.2377059 12
1.8713555 1.4718462 0.54116023 33
nan nan nan 0
1.8710591 1.4721185 0.37112245 31
nan nan nan 0
0.64716291 0.51072764 0.06907092 98
3.0165238 3.4207349 0.55493426 31
0.64354646 0.50787914 0.013700138 101
3.0041628 3.4019208 0.23603514 38
0.63110161 0.49792516 -0.040298685 100
1.6664557 1.8827378 -0.043281965 34
0.63744771 0.50237572 -0.095227197 99
1.6189938 1.8295478 -0.21027867 20
0.60200781 0.47408286 -0.14202505 71
1.0463395 1.1812029 -0.2441595 5
0.60083389 0.47234669 -0.1951538 52
0.7067045 0.79690695 -0.2377059 17
1.8677472 1.4527353 0.53778851 33
3.0113235 3.3991015 1.2058178 32
1.8748418 1.4592712 0.37034112 33
3.0096867 3.3865786 0.87312049 41
0.64196205 0.50121957 0.068199366 98
3.0129552 3.3807895 0.55097908 48
0.64817065 0.5060364 0.013743769 100
3.0053294 3.3675015 0.23472677 51
0.63961494 0.49920854 -0.040691204 99
1.6713014 1.8683883 -0.043151069 42
0.63418806 0.49446753 -0.094314478 98
1.5937586 1.7819958 -0.20571212 20
0.59866279 0.46641383 -0.14059527 72
1.0541515 1.1775525 -0.24455015 5
0.60520887 0.47067216 -0.19580001 55
0.71410334 0.79683793 -0.23882981 24
1.8642477 1.4453266 0.53610265 33
2.9996207 3.3739688 1.1987096 48
1.8773859 1.4559968 0.37034112 33
2.9992762 3.362988 0.8683545 47
0.64283586 0.50009835 0.068199366 96
3.0023282 3.357013 0.54793674 50
0.64312357 0.5003134 0.013612876 99
2.9978921 3.3473589 0.23368002 54
0.64048523 0.49809143 -0.040691204 99
1.6812253 1.8729208 -0.043325596 108
0.63897628 0.4963955 -0.09492296 98
1.5952064 1.7773548 -0.20549466 18
0.6014182 0.46686831 -0.14107187 65
1.0545604 1.1738693 -0.2441595 5
0.60220414 0.4666661 -0.1945076 58
0.70900834 0.7883172 -0.236582 25
1.8643028 1.4292966 0.53385484 33
3.0011234 3.3402357 1.1922475 44
1.8751819 1.4386393 0.36838785 33
3.0053554 3.3344655 0.86501837 48
0.64939988 0.49975437 0.068635143 96
3.0015819 3.3209782 0.54459006 51
0.6497032 0.49997905 0.013700138 99
2.9986434 3.3130898 0.23237164 53
0.63911992 0.49169558 -0.040429525 96
1.6893328 1.8622382 -0.043281965 52
0.63959563 0.49153554 -0.094618723 98
1.5677569 1.7283238 -0.20071065 17
0.60190433 0.46222305 -0.14059527 58
1.0557288 1.1628325 -0.24298753 5
0.60655969 0.4649711 -0.1951538 54
0.71312618 0.78459412 -0.236582 25
1.8646086 1.4248888 0.53329289 35
2.9875648 3.3134491 1.1844931 31
1.8737642 1.4323683 0.36760655 33
2.9963713 3.3128192 0.86072904 53
0.64631152 0.49559835 0.068199366 96
2.9973824 3.3046966 0.54276466 52
0.64660078 0.4958114 0.013612876 99
2.9910078 3.2930527 0.23132493 53
0.6379922 0.48906505 -0.040298685 96
1.6942595 1.8611381 -0.043325596 42
0.64834714 0.49643466 -0.095835678 98
1.5707709 1.725585 -0.20071065 18
0.60661554 0.4641448 -0.14154847 70
1.0627298 1.1664785 -0.2441595 5
0.60737026 0.46391174 -0.1951538 55
0.71449453 0.78334826 -0.236582 27
1.8664567 1.4103783 0.53160703 35
2.982127 3.2727461 1.1754463 28
1.8792673 1.4210498 0.36721587 33
2.9954829 3.2771397 0.85548645 53
0.64690989 0.49070695 0.067981482 96
2.9962215 3.2688165 0.53941798 52
0.65317786 0.49543113 0.013700138 99
2.9964046 3.2644601 0.23040903 54
0.642537 0.48722172 -0.040429525 96
1.7056706 1.8540843 -0.043369226 37
0.64895606 0.49153945 -0.095531441 96
1.5797845 1.7173368 -0.20071065 18
0.61099803 0.46243849 -0.14202505 70
1.0654882 1.1572553 -0.24337819 5
0.60399944 0.45637202 -0.19321519 55
0.71529984 0.7759999 -0.23545809 27
1.8608814 1.4015888 0.52935922 34
2.976439 3.2550483 1.1709228 31
1.8738513 1.4118304 0.36565328 32
2.986285 3.2556145 0.85119712 51
0.65373623 0.49406832 0.068635143 96
2.9851418 3.2453012 0.53637558 52
0.65204394 0.49278778 0.013656507 98
2.9818232 3.2371695 0.22883897 56
0.64338636 0.48609957 -0.040429525 96
1.7055194 1.8474252 -0.043281965 35
0.64584482 0.4874256 -0.09492296 98
1.5861511 1.7182437 -0.20114557 17
0.60984111 0.45989856 -0.14154847 63
1.0658361 1.1535753 -0.24298753 5
0.61252719 0.46110791 -0.19580001 51
0.71994585 0.77834111 -0.236582 26
1.8703924 1.3929534 0.52992117 34
2.9803443 3.2252157 1.1657531 59
1.8693316 1.3931559 0.36330935 32
2.9849584 3.2201166 0.84595466 50
0.65631425 0.49063861 0.068635143 96
2.9835303 3.2096157 0.53302896 51
0.662637 0.49533528 0.013831031 98
2.9800413 3.2013917 0.22739972 55
0.64792603 0.48421404 -0.040560365 96
1.7202746 1.8439621 -0.043412857 35
0.64838803 0.48403731 -0.09492296 96
1.5968215 1.7117394 -0.20136304 17
0.61224079 0.45669913 -0.14154847 65
1.0752213 1.1515983 -0.24376884 5
0.60717076 0.45214427 -0.19321519 54
0.71904403 0.76920038 -0.23489612 25
1.858878 1.3798611 0.52598751 34
2.9777677 3.2111464 1.1625222 60
1.8697762 1.3884205 0.3629187 33
2.9788866 3.2023118 0.84261847 53
0.66317165 0.49394184 0.069288813 95
2.9739108 3.1880572 0.53029078 53
0.65747637 0.48971227 0.013700138 99
2.9737079 3.1834023 0.22648384 56
0.65077603 0.48456889 -0.040691204 96
1.7217853 1.8391291 -0.043369226 31
0.64923191 0.48290491 -0.09492296 96
1.5998065 1.7089499 -0.20136304 17
0.61895686 0.46000719 -0.14297825 69
1.0789129 1.1515268 -0.2441595 5
0.60990208 0.45251802 -0.1938614 55
0.73033863 0.77864772 -0.23826784 23
1.8643513 1.3683436 0.52542555 35
2.9813442 3.1813991 1.1573526 53
1.8670636 1.3713108 0.3609654 33
2.9771433 3.1669817 0.83737594 52
0.66574883 0.49046272 0.069288813 95
2.9718597 3.1525607 0.52694416 53
0.66809469 0.49217525 0.013874662 98
2.9697926 3.1459816 0.22491378 56
0.65934509 0.48558247 -0.041083723 95
1.7399645 1.8391829 -0.043587383 32
0.65375364 0.48096484 -0.095227197 96
1.6138568 1.7059876 -0.2020154 16
0.6114524 0.44951633 -0.14059527 53
1.0781572 1.13867 -0.24259689 4
0.61031246 0.44789442 -0.19321519 42
0.73273748 0.77303785 -0.2377059 18
1.8586292 1.3596667 0.52317774 34
2.9687135 3.1568189 1.1502442 51
1.8674603 1.3665932 0.36057475 31
2.9624803 3.1403375 0.83165675 50
0.67062587 0.49223825 0.06972459 95
2.6809697 2.8333993 0.47400633 1
0.66693431 0.48953387 0.013831031 96
2.9581287 3.1226511 0.22360536 44
0.66019154 0.48443097 -0.041083723 95
1.7431716 1.8361434 -0.043587383 33
0.65459204 0.47982308 -0.095227197 96
1.6185431 1.7049778 -0.20223285 16
0.61421943 0.44989371 -0.14107187 51
1.0716645 1.1278114 -0.24064361 5
0.60914028 0.44540802 -0.19256899 44
0.73575681 0.77353007 -0.23826784 16
1.8659585 1.3495908 0.52317774 34
nan nan nan 0
1.8705872 1.3539044 0.35979345 31
nan nan nan 0
0.66915667 0.48580298 0.069288813 95
2.7214606 2.8462551 0.47856992 1
0.66543621 0.48310727 0.013743769 98
nan nan nan 0
0.66271901 0.48096761 -0.041083723 95
1.7596706 1.8342183 -0.043761905 34
0.65508312 0.47493723 -0.09492296 95
1.6257273 1.6946793 -0.2020154 17
0.61855763 0.44810641 -0.14154847 50
1.0724397 1.1168263 -0.23947163 4
0.61734545 0.44644332 -0.1945076 43
0.73979688 0.76966703 -0.23826784 12
1.8562127 1.3381207 0.51980603 34
nan nan nan 0
1.8669353 1.3463094 0.35862145 34
nan nan nan 0
0.67808843 0.49045464 0.070160374 94
1.9062083 1.9846922 0.33314309 30
0.66830707 0.48340556 0.0137874 96
1.8914231 1.9665192 0.14117624 32
0.66355741 0.47981018 -0.041083723 96
1.7628694 1.8311442 -0.043761905 34
0.65188128 0.47089642 -0.094314478 95
1.6338542 1.6972319 -0.20266776 16
0.61933875 0.44702616 -0.14154847 51
nan nan nan 0
0.61812371 0.44536519 -0.1945076 40
0.73777199 0.7648536 -0.23714393 12
1.8634255 1.3280581 0.51980603 34
1.9005544 1.9696828 0.72310299 38
1.8639014 1.329355 0.3566682 34
1.9033314 1.9664387 0.52473021 38
0.67050308 0.47967511 0.06907092 95
1.9027715 1.9604163 0.33070916 38
0.66879272 0.47844991 0.013743769 99
1.8860599 1.9404503 0.13999867 32
0.66402662 0.47488162 -0.040952884 96
1.7828721 1.8326575 -0.044023693 31
0.66647249 0.47610351 -0.096139923 95
1.6253865 1.6707687 -0.20049322 14
0.61966997 0.44235623 -0.14107187 51
nan nan nan 0
0.61650664 0.43932945 -0.19321519 42
0.74007374 0.75922841 -0.236582 10
1.8595479 1.3209022 0.51812023 35
1.8922499 1.954198 0.71857959 45
1.8581626 1.3203852 0.35510558 33
1.8948116 1.9507706 0.52139401 47
0.67337054 0.47994506 0.069288813 95
1.8992766 1.9499706 0.32949221 37
0.67574304 0.48162052 0.013874662 98
1.8824831 1.9299951 0.13947532 4
0.66689086 0.47516602 -0.041083723 98
1.8209273 1.8653769 -0.044896312 31
0.66325253 0.47207105 -0.095531441 95
1.5970465 1.6357906 -0.19657902 10
0.62444788 0.44410893 -0.14202505 47
nan nan nan 0
0.61529976 0.43685964 -0.19256899 41
0.72443902 0.74044782 -0.23096247 3
1.8546988 1.3024319 0.51474845 35
1.9007701 1.9425344 0.71793336 36
1.8650507 1.310638 0.35510558 33
1.894703 1.9302969 0.51853442 35
0.68199086 0.48070356 0.069942489 95
1.900772 1.9311423 0.32797101 36
0.67620921 0.47664022 0.013831031 98
1.8978113 1.925455 0.13986784 8
0.67141378 0.47310114 -0.041214563 96
1.8990095 1.9253362 -0.04659792 52
0.66368282 0.46716815 -0.095227197 95
1.5671856 1.588326 -0.19179502 10
0.62676471 0.44083327 -0.14202505 43
nan nan nan 0
0.61955863 0.43501475 -0.19321519 36
nan nan nan 0
1.8607363 1.3023075 0.51587236 34
1.8940229 1.9288577 0.71405613 33
1.8632872 1.3045516 0.35432425 23
1.8929113 1.9217327 0.51710463 34
nan nan nan 0
1.9006581 1.9242853 0.32736254 36
nan nan nan 0
1.8836423 1.9043607 0.13855945 99
nan nan nan 0
1.9006115 1.9202396 -0.046554293 54
nan nan nan 0
1.5734527 1.5891351 -0.19222994 10
0.62551987 0.43833524 -0.14154847 53
0.58730948 0.5897029 -0.12618163 8
0.6262641 0.43807077 -0.1951538 44
nan nan nan 0
1.8557285 1.2839149 0.51250064 34
1.8922093 1.9068936 0.70953268 31
1.861967 1.2891618 0.35276166 31
1.9029473 1.9117953 0.51710463 35
1.8531321 1.2830483 0.19413942 33
1.9019573 1.905511 0.32584134 42
1.8557169 1.2848274 0.038787968 35
1.9041592 1.9050839 0.13934447 20
1.8475517 1.2787074 -0.11592413 35
1.903581 1.9031807 -0.046379767 73
nan nan nan 0
1.5852679 1.5844028 -0.19266483 10
0.62376523 0.43226832 -0.14059527 55
0.5799365 0.5761196 -0.12383769 10
0.62457013 0.43204781 -0.1938614 44
0.58404261 0.58121204 -0.18207261 5
1.8517232 1.2768549 0.51081479 34
1.8938336 1.9018739 0.70888644 32
1.8560791 1.2803086 0.35119903 32
1.9010872 1.9032533 0.51567489 62
1.8533173 1.2783996 0.19392152 34
1.907033 1.9039445 0.32614556 81
1.8600154 1.2830043 0.038831603 35
1.9039514 1.8982265 0.1390828 40
1.8559502 1.2797273 -0.11631665 35
1.9157388 1.9086912 -0.04659792 95
1.5224426 1.0490031 -0.22239964 18
1.6302963 1.6238992 -0.19788374 10
0.63058782 0.43534699 -0.14202505 48
0.57919604 0.57335961 -0.12344704 10
0.62532324 0.43095705 -0.1938614 44
0.58505607 0.58019179 -0.18207261 5
1.8505481 1.2613361 0.50856698 34
1.9003456 1.8885212 0.7075941 30
1.8566339 1.2664036 0.35002708 27
1.9127669 1.8950034 0.51615149 80
1.8517511 1.2630714 0.19304997 35
1.9081647 1.8851987 0.32462436 49
1.8584431 1.2676204 0.038657077 35
1.9103158 1.8847187 0.13882111 41
1.852306 1.2629684 -0.11566246 35
1.91149 1.884571 -0.046248872 35
1.5156016 1.0326465 -0.2205742 18
1.667101 1.64337 -0.20136304 13
0.63082826 0.43066055 -0.14154847 47
0.56991035 0.55815446 -0.12071246 9
0.62957013 0.42903197 -0.1945076 42
nan nan nan 0
1.8525273 1.2584279 0.50856698 35
1.9070649 1.8886063 0.70888644 34
1.8547544 1.2603887 0.34924576 10
1.9090976 1.8847535 0.51424509 32
1.856014 1.2612357 0.19326787 35
1.9114522 1.8818655 0.32462436 30
1.8606527 1.2643749 0.038657077 34
1.9118251 1.8796282 0.13869028 32
1.8565736 1.2611347 -0.1157933 34
1.907656 1.8742127 -0.046074349 31
1.5071291 1.0230421 -0.21905299 18
1.6841532 1.6544477 -0.20310266 16
0.63157904 0.4295589 -0.14154847 45
0.56033999 0.54675055 -0.11836853 9
0.63231951 0.42928407 -0.1951538 40
0.54405707 0.53155828 -0.16746184 7
1.8491908 1.2416053 0.50575721 35
1.9083177 1.8701285 0.70565546 28
1.8572268 1.2479091 0.34846446 34
1.9119297 1.8678597 0.5123387 31
1.8584554 1.2487258 0.19283207 35
1.9124073 1.8631583 0.32310316 28
1.8610196 1.2504383 0.038526185 34
1.9091351 1.8573847 0.13777439 30
1.8527834 1.2444452 -0.1151391 34
1.9102859 1.8572167 -0.045899823 31
1.5042179 1.0096138 -0.21783602 19
1.7106172 1.6630011 -0.2052772 19
0.63381946 0.42624611 -0.14154847 48
0.56319505 0.54380912 -0.11836853 9
0.63455856 0.42596737 -0.1951538 39
0.54160964 0.52359098 -0.16577598 6
1.8511389 1.2386991 0.50575721 37
1.9046793 1.8600338 0.70307064 23
1.8552957 1.2419221 0.34768313 35
1.9046535 1.8542303 0.50947911 31
1.8585614 1.2440968 0.1926142 35
1.9049911 1.8494284 0.32127771 27
1.8590423 1.2444109 0.03843892 34
1.9034265 1.8453456 0.1371202 29
1.8528763 1.2398229 -0.11500826 34
1.9027708 1.843426 -0.04563804 31
1.5101061 1.0097412 -0.21844451 18
1.7188733 1.6652218 -0.20592956 21
0.63660473 0.42650017 -0.14202505 51
0.55175775 0.53076833 -0.11563394 8
0.63329011 0.42352167 -0.1945076 40
0.53903461 0.51924342 -0.16465206 9
1.8496816 1.2232971 0.5035094 36
1.9126586 1.8483541 0.70242447 19
1.8535317 1.2267464 0.34612051 35
1.9125717 1.8425264 0.50900251 31
1.8588159 1.23023 0.19196051 34
1.9057165 1.8308178 0.31975654 27
1.8655326 1.2346599 0.03843892 34
1.9058679 1.8284281 0.13659684 29
1.8572594 1.2287285 -0.11487742 35
1.9105953 1.8317049 -0.045594409 31
1.5153724 1.0018204 -0.21844451 18
1.7383363 1.6665606 -0.20723429 22
0.63677984 0.42181087 -0.14154847 49
0.54741591 0.52101946 -0.11407132 8
0.64155251 0.4241809 -0.19644621 38
0.53122842 0.50626439 -0.16128035 21
1.8434604 1.2150347 0.50126159 36
1.9019885 1.8315874 0.69725484 20
1.8515447 1.2207947 0.34533921 33
1.9016449 1.8255644 0.50518978 29
1.8526387 1.2215073 0.19108896 34
1.908909 1.827489 0.31975654 28
1.8614208 1.2272797 0.038308028 33
1.9000481 1.8164575 0.13594264 29
1.8594011 1.2254852 -0.11487742 34
1.899354 1.8145293 -0.045245361 31
1.5150448 0.99781144 -0.21814027 18
1.7538252 1.6755908 -0.20875648 22
0.63751507 0.42069879 -0.14154847 48
0.53229231 0.50467294 -0.11055543 38
0.6382516 0.42041367 -0.1951538 38
0.53737885 0.51040202 -0.16296621 45
1.8500074 1.2050428 0.50126159 36
1.9063164 1.8165963 0.6953162 26
1.8579115 1.2110832 0.34533921 35
1.904072 1.808809 0.50328338 29
1.8590091 1.2117902 0.19108896 35
1.9058621 1.8055013 0.31762683 30
1.8594404 1.2120636 0.038133506 33
1.8986691 1.7961709 0.1351576 27
1.8511422 1.2062043 -0.11396154 34
1.9033885 1.7993985 -0.045114469 31
1.5202485 0.98986495 -0.21814027 18
1.7752208 1.6783854 -0.21027867 21
0.64588517 0.42136279 -0.14297825 48
0.53492749 0.50187898 -0.11055543 46
0.63639003 0.4144403 -0.1938614 40
0.5312205 0.49918476 -0.16015646 56
1.8457645 1.1981615 0.49957573 37
1.9042388 1.8082678 0.69337755 32
1.8517339 1.2024664 0.34377658 35
1.9036677 1.8021027 0.50233024 29
1.850672 1.2017708 0.18999954 35
1.9036061 1.7970526 0.31671411 30
1.8510654 1.2020185 0.037915349 34
1.903615 1.7945702 0.13528845 29
1.8511494 1.201614 -0.1138307 35
1.8956271 1.7857709 -0.044852681 30
1.5178074 0.98451364 -0.21753179 18
1.7998618 1.6958191 -0.21288812 22
0.64661956 0.42023483 -0.14297825 45
0.5340094 0.49924704 -0.11016477 51
0.63914174 0.41463828 -0.1945076 39
0.5320909 0.49825689 -0.16015646 65
1.8399111 1.1802763 0.49620405 37
1.9031389 1.7883313 0.68950039 31
1.8496882 1.1874256 0.34221399 35
1.9059249 1.7853868 0.50042385 29
1.8506482 1.1880335 0.18934585 36
1.8985065 1.7734843 0.31428018 30
1.8573337 1.19231 0.037915349 35
1.9020493 1.7743413 0.13450339 30
1.8553132 1.1905583 -0.11369986 35
1.903126 1.7741133 -0.044809051 30
1.5166708 0.97254127 -0.21661907 21
1.8232642 1.6999855 -0.21462776 23
0.64674306 0.41552192 -0.14250165 65
0.53661615 0.49644414 -0.11016477 47
0.64944863 0.41648075 -0.19709241 49
0.54002148 0.50046486 -0.1618423 70
1.8479236 1.1813157 0.49788988 35
1.8939376 1.7734301 0.68497688 31
1.847595 1.1815382 0.34143266 35
1.8982916 1.7719907 0.49756429 30
1.8464211 1.1807817 0.18869218 32
1.8943456 1.7633924 0.31306323 30
1.853091 1.1850319 0.037784457 36
1.8960154 1.762504 0.1338492 30
1.8468651 1.1806041 -0.11304566 35
1.9007344 1.7656759 -0.044678159 32
1.5225511 0.97255987 -0.21722755 22
1.8335143 1.7035948 -0.21549758 23
0.65781862 0.42098194 -0.14488462 62
0.54470193 0.5022468 -0.11172739 59
0.6562897 0.41923198 -0.19903103 51
0.53911495 0.49785775 -0.16128035 73
1.8439847 1.1648043 0.49508011 36
1.8996602 1.7602 0.68368453 32
1.847491 1.1678952 0.34026068 35
1.9021444 1.7570218 0.49613452 30
1.8483655 1.1684396 0.1882564 34
1.9017304 1.7517651 0.31275898 30
1.8592702 1.1753129 0.037784457 35
1.8978798 1.7457787 0.13332585 30
1.8466865 1.1669222 -0.11265314 36
1.9007666 1.7472254 -0.044460002 31
1.5150253 0.95663857 -0.21540211 23
1.8479002 1.6990381 -0.21614994 23
0.65378243 0.41361073 -0.14345483 55
0.54369652 0.49603683 -0.11094607 69
0.6564306 0.41450545 -0.19838482 48
0.54171431 0.49502814 -0.16128035 74
1.8375612 1.1567225 0.4928323 37
1.8938725 1.7486745 0.68045348 32
1.853708 1.1672969 0.34104198 34
1.8943918 1.7437079 0.49327493 30
1.850402 1.1652119 0.1882564 35
1.8920094 1.7366748 0.31062931 28
1.85497 1.1680757 0.037653565 35
1.8880621 1.7306324 0.13240996 29
1.8529482 1.1663537 -0.11291482 36
1.8909317 1.732064 -0.044154584 31
1.5229981 0.95794988 -0.21631482 23
1.8288634 1.6755809 -0.21354048 17
0.65450329 0.41246903 -0.14345483 60
0.53911114 0.49007007 -0.10977411 67
0.65920049 0.41463998 -0.19903103 50
0.54257751 0.49408191 -0.16128035 70
1.8458625 1.1480483 0.49339426 37
1.8923224 1.728941 0.6765762 32
1.8493069 1.1510597 0.33908871 35
1.8926272 1.7238301 0.49041539 30
1.8459004 1.1489363 0.18716696 35
1.8955748 1.7217296 0.30971658 30
1.8504442 1.1517519 0.037435409 36
1.891559 1.7156813 0.13201745 29
1.8484253 1.1500505 -0.11226062 37
1.8962764 1.7187754 -0.044067323 31
1.5216669 0.94603854 -0.21540211 23
1.6699834 1.5134521 -0.19375211 16
0.656654 0.40903643 -0.14345483 63
0.54349524 0.4889034 -0.11016477 67
0.6552003 0.40737244 -0.19709241 41
0.54515702 0.49123421 -0.16128035 72
1.8414487 1.1413029 0.49170843 36
1.8882058 1.7191192 0.67399138 33
1.842914 1.1426328 0.33752608 33
1.8901901 1.7155665 0.48898563 31
1.8415493 1.1417813 0.18651327 36
1.8893931 1.7100766 0.30819538 29
1.8545771 1.1498359 0.037479043 36
1.887154 1.705668 0.13149409 28
1.8440602 1.1428826 -0.11186811 36
1.8900132 1.7070696 -0.04384917 31
1.5212047 0.94207698 -0.21509786 23
1.6689321 1.507189 -0.19331719 15
0.66572076 0.41304514 -0.14536121 56
0.5406909 0.48463479 -0.10938346 71
0.6661917 0.41256091 -0.20032343 36
0.54421121 0.48864314 -0.1607184 73
1.8434393 1.1287825 0.49058449 35
1.8900158 1.7027302 0.67140657 32
1.8488716 1.1329678 0.33752608 36
1.8900323 1.6974305 0.48660263 30
1.8475025 1.1321234 0.18651327 36
1.8964756 1.6985016 0.30789116 29
1.8563073 1.1375012 0.037391778 36
1.8942008 1.6940958 0.13136324 29
1.8457588 1.1306069 -0.11160642 37
1.8914826 1.6904743 -0.043674648 31
1.511292 0.92504656 -0.21296819 24
1.6842159 1.5050832 -0.19418702 15
0.66787428 0.40955383 -0.14536121 70
0.55056924 0.48839727 -0.11094607 63
0.66215402 0.40529984 -0.19838482 55
0.55038404 0.48904571 -0.1618423 69
1.8368877 1.1208173 0.48833668 35
1.884014 1.6913459 0.66817564 32
1.8403023 1.1233158 0.33557284 36
1.8893402 1.6908492 0.48564944 31
1.8324605 1.1185313 0.18477017 36
1.8883466 1.6852554 0.30606568 10
1.8390776 1.1225554 0.036999099 37
1.880407 1.6758078 0.13018569 29
1.8392 1.1221896 -0.11108306 37
1.8907026 1.6838388 -0.043587383 31
1.5171444 0.92498654 -0.21357667 25
1.6998366 1.5137614 -0.19570921 15
0.66439331 0.40583906 -0.14440803 68
0.54590106 0.48249513 -0.10977411 71
0.66079527 0.40289143 -0.19773862 53
0.54760933 0.48483193 -0.1607184 70
1.8408377 1.1096067 0.48777473 36
1.887436 1.6766363 0.66623694 33
1.8419278 1.1111174 0.33479151 36
1.8926644 1.6760426 0.48421967 31
1.8404256 1.1102059 0.18498807 36
1.8878598 1.6671159 0.30454451 9
1.8427887 1.1116214 0.036955472 37
1.8872861 1.6642847 0.13005485 29
1.8364942 1.1073951 -0.1105597 37
1.8920035 1.6672921 -0.043412857 32
1.511333 0.91063815 -0.21205546 26
1.7189311 1.5147421 -0.19701393 14
0.67071724 0.40488124 -0.14536121 57
0.55396545 0.48454168 -0.11094607 71
0.66703904 0.40190864 -0.19903103 46
0.55560708 0.48680812 -0.16240425 64
1.8237741 1.0954418 0.48271719 49
1.8849432 1.6685276 0.66429836 32
1.8290402 1.0990114 0.33205694 49
1.8919123 1.6694824 0.48326644 31
1.8338169 1.1018686 0.18411651 61
1.8889065 1.6621758 0.30424026 24
1.8382946 1.1045468 0.036824573 68
1.8714639 1.6444746 0.12874645 27
1.8212937 1.0939194 -0.10951298 63
1.8836591 1.6540712 -0.043151069 30
1.508662 0.90544963 -0.21144699 29
1.7290447 1.5183277 -0.19788374 14
0.67352921 0.40496957 -0.14583781 61
0.55110753 0.48030627 -0.11016477 63
0.66566569 0.39950612 -0.19838482 46
0.55280578 0.48261067 -0.16128035 62
1.8233856 1.0818348 0.4810313 57
1.8863989 1.6522571 0.66171354 32
1.836894 1.0906786 0.33244759 53
1.8913995 1.6514663 0.48088351 31
1.8202782 1.0808252 0.1821555 62
1.8901097 1.6457312 0.30302331 28
1.8354514 1.0898094 0.03665005 67
1.8781677 1.6330118 0.1286156 27
1.8291444 1.0856404 -0.10964382 55
1.8828745 1.6359717 -0.04293292 30
1.5219246 0.90259194 -0.21266393 26
1.7350944 1.5076165 -0.1976663 14
0.67141473 0.39894038 -0.14488462 54
0.55733466 0.48066252 -0.11094607 69
0.66774833 0.39601526 -0.19838482 44
0.55532509 0.47970957 -0.16128035 70
1.8208866 1.0764936 0.47990742 54
1.8820134 1.6425965 0.65912873 32
1.8217824 1.0774298 0.32932231 52
1.8850363 1.6400913 0.47850055 31
1.8200167 1.0763806 0.18193761 65
1.8873651 1.6375409 0.30211055 23
1.8265873 1.0802516 0.036431894 72
1.8791308 1.628093 0.12848477 25
1.8224355 1.0773721 -0.10912047 55
1.8819534 1.6294037 -0.042845655 25
1.5085329 0.8911159 -0.21053427 23
1.7414821 1.5078537 -0.19810121 11
0.67211002 0.39776793 -0.14488462 52
0.55817276 0.47968903 -0.11094607 71
0.66635615 0.39362597 -0.19773862 46
0.55432528 0.47713888 -0.1607184 68
1.8182653 1.06172 0.47765961 52
1.8832889 1.6263925 0.65654391 32
1.829532 1.0691202 0.32971299 53
1.8861703 1.6237805 0.47659415 30
1.8170223 1.0618178 0.18106605 70
1.8846344 1.6179179 0.30028513 21
1.8279001 1.0681543 0.036344636 67
1.8914148 1.6214883 0.12874645 16
1.8129535 1.0590135 -0.10820458 71
1.8866683 1.6162683 -0.042758394 16
1.4917339 0.87071919 -0.20749186 24
1.7550178 1.5035869 -0.19875357 8
0.67842644 0.39671081 -0.14583781 56
0.56254792 0.47837111 -0.11133673 64
0.67258555 0.39255616 -0.19903103 50
0.56050515 0.4774121 -0.1618423 73
1.8178241 1.0576394 0.47709763 47
1.8788141 1.6167883 0.6539591 32
1.8271248 1.063445 0.32893169 53
1.8815624 1.6140807 0.47468778 31
1.8210263 1.0598956 0.18128394 72
1.8874555 1.6146262 0.30028513 12
1.8167926 1.0574294 0.036082845 76
1.8771844 1.6035595 0.12756889 8
1.8104812 1.0533407 -0.10794291 59
1.8856899 1.6097201 -0.042671129 7
1.4803718 0.86064529 -0.20566641 24
1.7670943 1.5086254 -0.19984084 5
0.67699414 0.39429611 -0.14536121 57
0.55963403 0.47417271 -0.11055543 68
0.67326969 0.39138162 -0.19903103 44
0.56133759 0.4764331 -0.1618423 69
1.8192935 1.0453652 0.47597376 48
1.8780744 1.5990834 0.65072805 32
1.8283845 1.0514055 0.32815036 53
1.8825155 1.5978407 0.47278142 30
1.8179108 1.045388 0.18041238 52
1.8845371 1.5950818 0.29845968 8
1.8223045 1.0479023 0.036082845 68
nan nan nan 0
1.8181372 1.045089 -0.10807375 57
nan nan nan 0
1.4633272 0.84054661 -0.20262401 24
nan nan nan 0
0.6769194 0.38952711 -0.14488462 58
0.56210905 0.47123599 -0.11055543 71
0.67321253 0.38665342 -0.19838482 48
0.56382447 0.47348744 -0.1618423 65
1.8209333 1.0425062 0.47597376 38
1.8790237 1.5942371 0.65008187 31
1.8259292 1.0457623 0.32736906 45
1.8759471 1.586611 0.47039843 31
1.8197325 1.0422136 0.18041238 65
1.8873181 1.5917902 0.29845968 5
1.8219606 1.04348 0.036039218 60
0.62044978 0.51859111 0.040560365 2
1.8177906 1.0406755 -0.10794291 53
nan nan nan 0
1.4518607 0.83061242 -0.20079857 24
nan nan nan 0
0.67759818 0.38834506 -0.14488462 59
0.56670105 0.47344378 -0.11133673 60
0.67598557 0.38667184 -0.19903103 46
0.56464994 0.47250265 -0.1618423 63
1.8371553 1.0386235 0.47878349 37
1.8781118 1.5765957 0.64685088 32
1.8335296 1.0374013 0.32775971 37
1.8785913 1.5720314 0.46896866 31
1.8316704 1.0363446 0.18106605 38
1.8823109 1.5707328 0.29633 4
1.8339289 1.0376128 0.03617011 43
0.63081664 0.52174234 0.041083723 3
1.8340856 1.0372789 -0.10859711 41
0.63172919 0.52214056 -0.013700138 3
1.4540281 0.82178062 -0.20049432 23
0.62563252 0.5172137 -0.067845859 3
0.68389922 0.38719985 -0.14583781 43
0.56917226 0.4704701 -0.11133673 71
0.68431735 0.38667604 -0.20096964 36
0.5689829 0.47110489 -0.16240425 71
1.8451552 1.0393174 0.48046938 32
1.8697636 1.5639973 0.6429736 32
1.8439468 1.0390409 0.32932231 34
1.8775684 1.5655999 0.46801546 32
1.8486724 1.0416912 0.18259129 51
1.8774294 1.5610851 0.29511306 1
1.8488098 1.0417615 0.036431894 60
0.63364404 0.52223903 0.041214563 5
1.8380696 1.0352995 -0.10872794 55
0.64032233 0.52743602 -0.013874662 5
1.4511325 0.81681216 -0.19988585 24
0.62270743 0.51293254 -0.067410946 4
0.68457401 0.38600564 -0.14583781 56
0.56430364 0.46473116 -0.11016477 71
0.68709862 0.3866604 -0.20161584 52
0.56606549 0.46698728 -0.16128035 70
1.8635312 1.0364116 0.48384106 35
1.8760692 1.5526425 0.64232737 34
1.8666315 1.0389642 0.33244759 33
1.8781796 1.5494863 0.46610907 32
1.8693413 1.0404624 0.18411651 30
nan nan nan 0
1.8607947 1.0357082 0.036562789 36
0.64022207 0.52209085 0.041476242 6
1.8609267 1.0353564 -0.10977466 28
0.64693326 0.5272553 -0.013961924 7
1.4553896 0.80920285 -0.19988585 24
0.62538457 0.50966507 -0.067410946 4
0.68014514 0.37884879 -0.14440803 37
0.56863379 0.4633418 -0.11055543 63
0.67854542 0.37721622 -0.19838482 40
0.56850284 0.46401697 -0.16128035 67
1.8694205 1.0358406 0.484965 31
1.8769159 1.5478258 0.64168119 33
1.8706024 1.0368998 0.33283821 32
1.8695236 1.5368338 0.46324947 30
1.8798716 1.0420203 0.18498807 31
0.65048116 0.5293889 0.098573849 8
1.875723 1.0397184 0.036824573 36
0.65270579 0.53048259 0.042261284 9
1.8671006 1.034523 -0.11003634 37
0.64592063 0.52453911 -0.013918293 9
1.4524553 0.80426234 -0.19927737 24
0.62819767 0.51015359 -0.067628399 9
0.68940103 0.38240233 -0.1463144 49
0.57325613 0.46548527 -0.11133673 71
0.68554986 0.37952504 -0.20032343 43
0.56931192 0.46302402 -0.16128035 67
1.8899649 1.0338817 0.48889863 32
1.8775213 1.5318558 0.63909638 33
1.8890078 1.0341947 0.33518216 30
1.8775449 1.5270238 0.46324947 33
1.8918585 1.0357453 0.18564172 32
0.6320765 0.50874257 0.095227197 10
1.8855284 1.03228 0.036911838 37
0.63803977 0.5128839 0.041083723 13
1.8856385 1.0319126 -0.11082139 26
0.63119745 0.50696498 -0.013525615 12
1.4566464 0.7966463 -0.19927737 24
0.62119639 0.4990038 -0.066541128 16
0.69139385 0.37878743 -0.1463144 62
0.57377005 0.46091899 -0.11094607 62
0.69177121 0.37823725 -0.20161584 47
0.57739347 0.4646537 -0.16296621 63
1.9001465 1.0355669 0.49114645 30
1.8689662 1.5194145 0.63521916 32
1.9016552 1.0367969 0.33713546 32
1.8763998 1.520647 0.46229634 33
1.9046016 1.0383931 0.18673117 32
0.6310364 0.50607538 0.09492296 52
1.8983057 1.0349606 0.037129994 42
0.64087391 0.51334107 0.041214563 69
1.8940163 1.0321983 -0.11121391 23
0.63596696 0.50900793 -0.013612876 83
1.4514931 0.79054952 -0.19836466 23
0.62787288 0.50262088 -0.067193493 89
0.69205391 0.37758014 -0.1463144 49
0.58032823 0.46458185 -0.11211804 58
0.69667786 0.37932885 -0.20290825 39
0.57253051 0.45903823 -0.16128035 62
1.9250381 1.0356416 0.49620405 27
1.8675014 1.5020218 0.63198811 34
1.9266343 1.0373447 0.34065136 30
1.876689 1.5046464 0.46038994 32
1.9209816 1.0343004 0.18782063 30
0.62980711 0.49965796 0.094314478 88
1.9257175 1.0368382 0.0375663 47
0.63770854 0.5052945 0.040822044 79
1.9103919 1.0281737 -0.11186811 24
0.62691706 0.49629593 -0.01335109 95
1.4556125 0.78293866 -0.19836466 23
0.6188339 0.48998338 -0.065888762 98
0.6940214 0.37395138 -0.1463144 47
0.57504761 0.45535722 -0.11055543 71
0.69652474 0.37453723 -0.20226204 37
0.57492614 0.45603418 -0.16128035 65
1.9331067 1.0360631 0.49788988 25
1.8663568 1.4957322 0.63069576 34
1.9371505 1.0386403 0.34221399 25
1.8754829 1.4982976 0.45943674 29
1.9447429 1.0426958 0.18999954 25
0.6326161 0.50010777 0.094618723 87
1.9385439 1.039372 0.037784457 25
0.6385895 0.50418073 0.040822044 90
1.918788 1.0283701 -0.11226062 25
0.63755119 0.50299656 -0.013569245 95
1.4416558 0.77221286 -0.19623497 23
0.62552732 0.49356392 -0.066541128 96
0.70333409 0.37736022 -0.14822078 42
0.5796994 0.457436 -0.11133673 70
0.70144081 0.3755908 -0.20355445 36
0.5757212 0.45503005 -0.16128035 67
1.9602268 1.0369614 0.5035094 25
1.8722734 1.4844356 0.63004953 34
1.9622116 1.0388651 0.34572983 28
1.8756123 1.4823555 0.45753035 31
1.9589841 1.0371528 0.19087109 24
0.63911808 0.49986786 0.095227197 85
1.9660605 1.0408847 0.038220771 24
0.64317966 0.50237787 0.040952884 91
1.9263538 1.0194753 -0.11239146 25
0.63625228 0.49655378 -0.013481983 93
1.4281207 0.75539237 -0.19380105 23
0.62810308 0.49028194 -0.066541128 96
0.70312899 0.37252858 -0.14774418 43
0.58402365 0.45592585 -0.11172739 70
0.70553553 0.37303668 -0.20420066 34
0.58382469 0.45654675 -0.16296621 65
1.9704776 1.0384166 0.50575721 26
1.8672929 1.4751624 0.62746471 33
1.9727631 1.0400378 0.34729245 27
1.8743464 1.4760357 0.45657721 33
1.9740154 1.0406897 0.19217841 26
0.63804084 0.49721539 0.09492296 87
1.9700863 1.0386156 0.038264398 25
0.63817042 0.49662179 0.040560365 87
1.9435976 1.024246 -0.11330734 23
0.63711798 0.49544254 -0.013481983 92
nan nan nan 0
0.62895775 0.48918492 -0.066541128 96
0.70595139 0.37244087 -0.14822078 51
0.58093905 0.45184976 -0.11094607 63
0.70618546 0.37180471 -0.20420066 34
0.58462065 0.4555271 -0.16296621 65
1.9868778 1.0333511 0.50856698 26
1.8692911 1.4608926 0.62552607 33
1.9913294 1.0365238 0.34963641 27
1.8743169 1.4601537 0.45467082 33
1.994908 1.0383759 0.19370362 25
0.63867873 0.49234176 0.094618723 85
1.9888066 1.0351996 0.038526185 26
0.63682246 0.49020568 0.040298685 84
1.9422868 1.0106039 -0.11291482 23
0.63970339 0.49209982 -0.013481983 91
nan nan nan 0
0.63151056 0.48588499 -0.066541128 95
0.72096723 0.37551129 -0.15108034 38
0.59108764 0.45487326 -0.1125087 51
0.70383155 0.36588448 -0.20290825 30
0.58315742 0.44946158 -0.1618423 62
2.0036459 1.0380604 0.51250064 27
1.8642279 1.4516779 0.62294126 33
2.0106814 1.0421224 0.35276166 26
1.8691194 1.450846 0.45276445 32
2.0011415 1.037181 0.19413942 26
0.64149648 0.49274898 0.09492296 85
1.9906104 1.031727 0.038526185 25
0.64753914 0.49674603 0.040952884 85
1.9107821 0.99001342 -0.11095222 28
0.64056128 0.49098256 -0.013481983 90
nan nan nan 0
0.62842178 0.48172915 -0.066106223 95
0.73034626 0.37875172 -0.15298672 37
0.58798003 0.45081201 -0.11172739 68
0.70661652 0.36576054 -0.20355445 32
0.58970928 0.45293033 -0.16352816 67
2.0244224 1.0349538 0.51643431 27
1.8679825 1.4389418 0.62164885 34
2.0271063 1.037195 0.35471493 26
1.868916 1.435046 0.45085809 32
2.0176349 1.0323517 0.19522887 26
0.64406765 0.48938331 0.09492296 84
1.9982113 1.0224268 0.038569819 27
0.64418995 0.48878822 0.040560365 83
nan nan nan 0
0.64312333 0.4876219 -0.013481983 90
nan nan nan 0
0.63686305 0.48298058 -0.066758581 95
0.72575825 0.37158224 -0.15155694 36
0.59424883 0.45073563 -0.1125087 70
0.72144091 0.36861843 -0.20743169 37
0.59014219 0.44835079 -0.16296621 67
2.0347321 1.0361873 0.51868212 26
1.8628397 1.4297829 0.61906403 33
2.0311148 1.0347747 0.35510558 26
1.8694715 1.4302868 0.45038146 32
2.0149934 1.0265713 0.19479308 26
0.64492083 0.48825851 0.09492296 82
1.9821675 1.0098748 0.038220771 27
0.64900821 0.49069658 0.040822044 84
nan nan nan 0
0.64000136 0.48346296 -0.013394721 90
1.0326681 0.52622306 -0.13782084 5
0.63374805 0.47884294 -0.066323675 95
0.7351616 0.37475333 -0.15346332 35
0.59111297 0.44669619 -0.11172739 62
nan nan nan 0
0.59285694 0.44880235 -0.16352816 62
2.0490193 1.0295308 0.52092993 26
1.8683797 1.4185451 0.61841786 33
2.0475395 1.0296634 0.35705885 25
1.8632567 1.4100851 0.44704533 34
2.018115 1.0148897 0.19457519 27
0.64746845 0.48487499 0.09492296 82
1.9807256 0.9961189 0.038089875 17
0.64559567 0.48277277 0.040429525 83
1.0368128 0.52218503 -0.059008785 4
0.642524 0.48010531 -0.013394721 90
1.0398463 0.52303177 -0.13842931 11
0.63426018 0.4740158 -0.066106223 95
1.0026814 0.50376928 -0.2111312 29
0.59541243 0.44508556 -0.11211804 62
0.83635509 0.41966611 -0.24103433 17
0.59325784 0.44421995 -0.16296621 60
2.059351 1.0306648 0.52317774 26
1.8631601 1.4094387 0.61583304 34
2.0493336 1.0260882 0.35705885 26
1.8618016 1.4038682 0.44609213 32
2.024339 1.0135922 0.19501098 24
0.65623552 0.48972458 0.096139923 81
1.0858169 0.54463255 0.020593839 4
0.64643729 0.48164526 0.040429525 81
1.0622909 0.53264546 -0.060448028 6
0.6513471 0.484999 -0.013569245 89
1.0385371 0.52010852 -0.13812508 19
0.64105356 0.47740459 -0.066758581 95
1.0123457 0.50639558 -0.21303758 42
0.59421706 0.44255859 -0.11172739 64
0.84357417 0.42143062 -0.24297296 19
0.59208882 0.44171506 -0.16240425 64
2.0648973 1.0195075 0.52317774 25
1.8589298 1.3909597 0.61195576 32
2.0546782 1.0153439 0.35705885 25
1.8612692 1.388216 0.44418573 33
nan nan nan 0
0.65879071 0.48628181 0.096139923 81
1.0998628 0.54446757 0.020811994 4
0.65895748 0.48571575 0.041083723 83
1.0673046 0.52817988 -0.060578868 18
0.65187329 0.48008844 -0.013525615 89
1.0434724 0.51575959 -0.13842931 28
0.64753813 0.47701827 -0.067193493 95
1.0149833 0.50108802 -0.21303758 42
0.6044423 0.44534817 -0.11329 43
0.83492804 0.41168985 -0.23974191 19
0.60219789 0.44444305 -0.16465206 61
2.0708702 1.0184094 0.52430165 26
1.8555548 1.3833712 0.61001718 33
2.0586636 1.0128446 0.3574495 13
1.8577887 1.3805624 0.44275597 32
1.1371385 0.56038958 0.10785523 2
0.65366596 0.48068762 0.095227197 80
1.096324 0.54034382 0.020724732 8
0.65780014 0.48307604 0.040952884 81
1.0637424 0.52411646 -0.060317189 19
0.65873116 0.48341995 -0.013656507 88
1.0287737 0.50629318 -0.13629964 38
0.64637029 0.47440252 -0.066976041 94
1.0136521 0.49823692 -0.212561 38
0.60125542 0.44134599 -0.1125087 42
0.83998549 0.41235167 -0.24103433 18
0.59906542 0.44048104 -0.16352816 52
2.0851202 1.0114355 0.52654946 22
1.8647134 1.3750738 0.61066335 33
nan nan nan 0
1.8551188 1.3635292 0.440373 32
1.1355743 0.55225611 0.10741945 4
0.66017091 0.48019999 0.095835678 81
1.1081362 0.53895557 0.020899255 16
0.6623323 0.48110354 0.041083723 80
1.070966 0.52071589 -0.060578868 36
0.65319419 0.47404638 -0.013481983 84
1.0291766 0.49981922 -0.13599539 38
0.644831 0.46806276 -0.066541128 94
1.0140371 0.49185529 -0.2120844 43
0.60753667 0.44111755 -0.11329 43
0.84648424 0.41004479 -0.24232674 18
0.59940231 0.43589342 -0.16296621 51
2.0954838 1.0123907 0.52879727 8
1.8573939 1.3646482 0.60743237 34
1.1627061 0.56290281 0.19884349 2
1.8594729 1.3617433 0.4408496 34
1.1365365 0.5502733 0.10741945 10
0.66300917 0.48051435 0.096139923 81
1.1023209 0.53376287 0.020768361 20
0.66719979 0.48289654 0.041345403 80
1.0628777 0.51450896 -0.060055505 37
0.66007262 0.47733346 -0.013612876 89
1.0300473 0.4980222 -0.13599539 39
0.64966643 0.46987844 -0.066976041 94
1.0126822 0.48902121 -0.21160781 42
0.60830563 0.44005653 -0.11329 43
0.84719861 0.40856677 -0.24232674 18
0.60605341 0.43917108 -0.16465206 53
nan nan nan 0
1.8625627 1.3534806 0.60678613 34
1.1767859 0.56211281 0.20079677 7
1.8566542 1.3447708 0.43846661 33
1.1326559 0.54110432 0.10676579 10
0.67154235 0.4814066 0.097052641 80
1.1028435 0.52690971 0.020724732 37
0.66769695 0.47793216 0.041214563 80
1.0700662 0.51108158 -0.060317189 38
0.66458791 0.47533616 -0.013656507 90
1.0303996 0.49155736 -0.13569117 39
0.65211779 0.46647039 -0.066976041 94
1.0152289 0.48371214 -0.21160781 42
0.60660249 0.43396747 -0.1125087 44
0.84932625 0.40412524 -0.24232674 18
0.60834461 0.43599176 -0.16465206 51
1.1976271 0.56923199 0.29783478 3
1.8551558 1.3431268 0.60355514 35
1.1799968 0.56111526 0.20118743 9
1.8550239 1.338648 0.43751341 36
1.1290971 0.53699398 0.10633001 36
0.67238158 0.48023379 0.097052641 81
1.1015024 0.5239138 0.0206811 40
0.67460394 0.48114833 0.041607082 81
1.0596747 0.50387067 -0.059662987 38
0.66947174 0.47709912 -0.013743769 91
1.0312558 0.48975822 -0.13569117 40
0.65697092 0.46824518 -0.067410946 94
1.0116333 0.47984344 -0.21065462 43
0.61336493 0.43724456 -0.11368066 42
0.85221493 0.40367168 -0.24297296 19
0.61305225 0.43778479 -0.16577598 47
1.2139328 0.56892788 0.3012065 7
1.8562804 1.3291649 0.6016165 35
1.1784445 0.55283815 0.20040613 26
1.8580182 1.3260576 0.43656024 34
1.1318932 0.5310747 0.10633001 36
0.68296248 0.48247761 0.098269604 87
1.1042305 0.51813924 0.0206811 37
0.69337195 0.48921058 0.042653803 92
1.0622984 0.49831533 -0.059662987 38
0.67399591 0.47503844 -0.0137874 94
1.0383036 0.48645005 -0.13629964 38
0.66144121 0.46624517 -0.067628399 94
1.018581 0.47661281 -0.21160781 43
0.61162686 0.43115702 -0.11289935 37
0.84774679 0.39615011 -0.24103433 18
0.61137354 0.43173409 -0.16465206 41
1.2037807 0.5618844 0.29839677 9
1.8448553 1.3160772 0.59709311 33
1.1749297 0.54869723 0.19962481 32
1.8463492 1.3128294 0.43322408 33
1.1305603 0.5280478 0.10611212 38
nan nan nan 0
1.1119323 0.51937449 0.020811994 40
nan nan nan 0
1.0654302 0.4975132 -0.059793826 38
nan nan nan 0
1.0323993 0.48150164 -0.13538691 36
nan nan nan 0
1.0060531 0.46863928 -0.20874825 39
0.6204266 0.43581477 -0.11446197 60
0.85282052 0.39669821 -0.24232674 20
0.61212617 0.43066642 -0.16465206 52
1.2090175 0.5563783 0.29895869 26
1.851721 1.3063996 0.59709311 35
1.1732982 0.54047805 0.19884349 32
1.8531979 1.303144 0.43322408 34
1.1378368 0.52419847 0.10654789 37
1.8549755 1.3005713 0.27351201 28
1.1100928 0.51146024 0.020724732 40
1.8425122 1.2898976 0.11605498 31
1.0566744 0.48672357 -0.059139628 38
1.839034 1.2865018 -0.038569819 32
1.0349063 0.47608942 -0.13538691 36
1.8037111 1.2621404 -0.18918556 30
1.0107248 0.46438599 -0.20922484 40
0.61260241 0.42545569 -0.1125087 94
0.85708296 0.39323005 -0.24297296 19
0.61636376 0.42885891 -0.16521402 51
1.2032421 0.55144328 0.29727286 32
1.8480797 1.2989875 0.59515446 35
1.1652554 0.53432566 0.19728087 34
1.8494478 1.2956709 0.43179429 32
1.1387501 0.52221173 0.10654789 37
1.8470855 1.2902066 0.27199078 31
1.1155312 0.51159912 0.020811994 39
1.8386263 1.2823828 0.11566246 29
1.0620644 0.48695236 -0.059401307 39
1.8433243 1.2847235 -0.038613446 33
1.0357356 0.47428244 -0.13538691 36
1.8181517 1.2675614 -0.19049031 32
1.0137674 0.46363822 -0.20970143 43
0.61738807 0.42722061 -0.11329 42
0.84897274 0.38773832 -0.24038813 17
0.61113077 0.4235824 -0.16352816 48
1.1951009 0.53992635 0.2944631 31
1.8508952 1.2865281 0.59386206 34
1.1747915 0.53125966 0.19845285 35
1.8562067 1.2859695 0.43179429 33
1.1346564 0.51317346 0.10589422 37
1.849738 1.2776889 0.27138233 32
1.1113572 0.50267124 0.0206811 39
1.8453156 1.2727383 0.11566246 30
1.0554937 0.47728479 -0.058877949 38
1.84386 1.2707865 -0.038482554 33
1.0359416 0.46783534 -0.13508268 36
1.8288587 1.26086 -0.1909252 34
1.0184197 0.45932898 -0.21017802 44
0.62367523 0.42679569 -0.11407132 40
0.85099131 0.38328782 -0.24038813 16
0.61734194 0.4231559 -0.16465206 46
1.1937245 0.53705215 0.29390115 32
1.8452073 1.2777799 0.59127724 35
1.1689574 0.5261777 0.19728087 34
1.8523976 1.2785335 0.43036452 33
1.1355503 0.51119232 0.10589422 37
1.8438001 1.2688152 0.27016535 32
1.1190755 0.50379884 0.020811994 42
1.8434246 1.2666795 0.11540078 30
1.0608816 0.47748396 -0.059139628 38
1.8440171 1.2661474 -0.03843892 33
1.0367566 0.46602654 -0.13508268 35
1.8269566 1.2548375 -0.19049031 34
1.0214605 0.45855215 -0.21065462 44
0.62441921 0.42570654 -0.11407132 41
0.84945315 0.38081849 -0.23974191 19
0.61807954 0.4220778 -0.16465206 43
1.1966128 0.53058565 0.29390115 32
1.8518724 1.2681011 0.59127724 34
1.1739548 0.52104831 0.19767153 34
1.8529941 1.2646542 0.42893475 33
1.1336558 0.50322562 0.10545845 37
1.8586129 1.2647442 0.27138233 20
1.1194118 0.49692178 0.020768361 40
1.8459072 1.2541957 0.1151391 30
1.0702177 0.47494987 -0.059532147 39
1.844426 1.2522501 -0.038308028 33
1.0414526 0.46159348 -0.13538691 36
1.8252722 1.2396406 -0.18962048 34
1.0238475 0.45319754 -0.21065462 43
0.62256134 0.41964614 -0.11329 44
0.86470062 0.38219687 -0.24361916 15
0.62229145 0.42021134 -0.16521402 45
1.2041342 0.5316475 0.295587 32
1.8461139 1.2594064 0.58869243 35
1.1680818 0.51601505 0.19649956 34
1.8511448 1.2586499 0.42798153 32
1.1322526 0.50024319 0.10524056 37
1.8485106 1.253119 0.26955688 30
1.1179895 0.49396053 0.020724732 40
1.8460287 1.2495685 0.11500826 30
1.0641892 0.47006601 -0.059139628 38
1.8404059 1.2448152 -0.038177136 33
1.0536165 0.46476409 -0.13690811 33
1.8212532 1.2322532 -0.18896811 33
1.0201418 0.44943863 -0.20970143 44
0.63554227 0.426893 -0.11563394 48
0.85872871 0.37778303 -0.24168053 16
0.62302399 0.4191246 -0.16521402 50
1.2025229 0.52318752 0.2944631 31
1.8466849 1.245659 0.58675385 35
1.1752985 0.51185727 0.19728087 35
1.8556762 1.2475671 0.42750499 34
1.1394261 0.49629006 0.10567634 36
1.846813 1.2378799 0.2683399 32
1.1320263 0.49307358 0.020942885 40
1.8421865 1.2329214 0.11435406 33
1.0712169 0.4664737 -0.059401307 40
1.8427484 1.2323743 -0.038089875 32
1.0514811 0.45726922 -0.13629964 4
1.8338819 1.2268677 -0.18962048 34
1.0247337 0.44506487 -0.21017802 45
0.63572001 0.42218119 -0.11524329 45
0.86069506 0.3732816 -0.24168053 18
0.62722999 0.41721824 -0.16577598 48
1.20558 0.52226305 0.29502505 32
1.8448527 1.2397318 0.58546138 35
1.178457 0.51078385 0.19767153 35
1.8435967 1.2347372 0.4241688 33
1.1402905 0.49430063 0.10567634 35
1.8386666 1.2277436 0.2668187 29
1.1237056 0.48713422 0.020768361 40
1.8381125 1.2255368 0.11396154 32
1.0789063 0.46757066 -0.059793826 37
1.836587 1.2235954 -0.037915349 32
1.0591143 0.45837909 -0.13721235 4
1.8277419 1.2181231 -0.18875064 34
1.0210003 0.4413358 -0.20922484 44
0.63030207 0.41694677 -0.11407132 43
0.85468739 0.36892119 -0.23974191 17
0.63604689 0.4215548 -0.16802379 46
1.1971786 0.51096761 0.29221529 32
1.8473012 1.2273737 0.58416903 35
1.1788431 0.5036397 0.19728087 35
1.8439063 1.2209897 0.422739 32
1.1336964 0.48442289 0.10480478 36
1.8512739 1.2222139 0.26773143 32
1.1239407 0.4802652 0.020724732 42
1.838259 1.2117606 0.11356901 32
1.0813396 0.46191517 -0.059793826 37
1.8367147 1.2098246 -0.037784457 32
1.0660678 0.45476726 -0.13782084 4
1.823711 1.2016635 -0.18766339 33
1.0210377 0.43502575 -0.20874825 43
0.6365934 0.41636878 -0.11485262 43
0.86105579 0.36632285 -0.24103433 18
0.63621593 0.41687134 -0.16746184 44
1.2069532 0.51288438 0.2944631 33
1.8434074 1.2201363 0.58223039 35
1.1865419 0.50447005 0.19845285 35
1.8439887 1.216414 0.4222624 31
1.1437136 0.48632795 0.10567634 3
1.8430521 1.2121421 0.26621023 32
1.117872 0.47537881 0.020593839 41
1.8424553 1.2099253 0.11369986 33
1.0752468 0.45710793 -0.059401307 36
1.8346492 1.2038658 -0.037697192 32
1.0577172 0.44904199 -0.13660388 5
1.8154094 1.1916236 -0.18657611 33
1.0240564 0.43419719 -0.20922484 44
0.63731915 0.4152571 -0.11485262 43
0.86391973 0.36575651 -0.24168053 17
0.6328789 0.41307268 -0.16633794 47
1.2074621 0.5054093 0.29390115 33
1.8376626 1.202508 0.57835317 34
1.1800517 0.49444672 0.19689022 35
1.8380158 1.1986731 0.41940287 31
1.1416475 0.47841465 0.10524056 3
1.8431411 1.1984047 0.26529753 33
1.129573 0.4733696 0.020768361 43
1.8383092 1.1934428 0.11304566 33
1.0822338 0.45339379 -0.059662987 37
1.834645 1.1901491 -0.0375663 31
1.0600539 0.44349769 -0.13660388 5
1.8216238 1.182102 -0.18657611 34
1.0240499 0.42788702 -0.20874825 45
0.63948464 0.41191441 -0.11485262 59
0.85466933 0.35660118 -0.2384495 16
0.63707185 0.41108644 -0.16689989 52
1.2082543 0.50351202 0.29390115 33
1.8397584 1.1992987 0.57835317 36
1.1831934 0.49333331 0.19728087 35
1.84216 1.1968044 0.41987944 35
1.1447809 0.47737643 0.10545845 2
1.8410699 1.1924791 0.26468903 33
1.1257805 0.46948022 0.0206811 40
1.8382958 1.1888725 0.11291482 33
1.0761058 0.44863319 -0.059270468 36
1.8304297 1.1828623 -0.037435409 33
1.0677035 0.4444969 -0.1375166 4
1.8195066 1.1762079 -0.18614119 34
1.0247952 0.42609906 -0.20874825 43
0.6360622 0.40810576 -0.11407132 60
0.85752279 0.35603046 -0.2390957 18
0.63370603 0.40731469 -0.16577598 59
1.2019413 0.49328101 0.29165334 33
1.8439853 1.1883368 0.57770693 36
1.1834747 0.4861964 0.19689022 35
1.8401524 1.1818205 0.41797304 34
1.1426544 0.46948978 0.10502267 2
1.8389405 1.1774536 0.26347208 34
1.1328503 0.46547219 0.020768361 42
1.8339922 1.1724855 0.11226062 33
1.0830618 0.44488245 -0.059532147 36
1.8344941 1.1719117 -0.037391778 34
1.0654216 0.43702435 -0.13690811 4
1.8193529 1.1626285 -0.18548883 33
1.0270122 0.42072743 -0.20874825 45
0.64026749 0.40610486 -0.11446197 55
0.86608654 0.35426491 -0.24103433 18
0.64402246 0.40926662 -0.16802379 48
1.2094837 0.49414659 0.29333919 32
1.839968 1.1811899 0.57576835 35
1.1911826 0.4869231 0.19806218 35
1.8401479 1.1772803 0.4174965 35
1.1434722 0.46749479 0.10502267 2
1.8389035 1.1729035 0.26316783 33
1.1244004 0.45972455 0.020593839 38
1.8318297 1.1665918 0.11199894 34
1.0815241 0.44205061 -0.059401307 36
1.8323249 1.1660157 -0.037304517 33
1.0707806 0.43703213 -0.1375166 5
1.8129867 1.1540841 -0.18461901 33
1.0209223 0.41616678 -0.20731845 44
0.64721406 0.40898117 -0.11563394 55
0.86670351 0.35275275 -0.24103433 20
0.64883655 0.41077262 -0.1691477 49
1.2121396 0.48759544 0.29333919 32
1.8400184 1.1676447 0.57382971 35
1.1845483 0.4770034 0.19649956 35
1.8462869 1.1676292 0.4174965 36
1.1528391 0.46428195 0.10567634 3
1.8387308 1.1592757 0.2622551 33
1.124472 0.45290065 0.020550208 40
1.8315828 1.1529812 0.11160642 33
1.0861413 0.43731049 -0.059532147 36
1.8299526 1.1510645 -0.037129994 34
1.0707505 0.43049765 -0.13721235 5
1.8168994 1.1432446 -0.18440156 35
1.0322032 0.41445789 -0.20922484 45
0.64100051 0.40030453 -0.11407132 58
0.87078214 0.34910405 -0.24168053 17
0.64686394 0.4047606 -0.16802379 61
1.2061157 0.48298395 0.29165334 33
1.8359375 1.1605471 0.57189107 35
1.1830856 0.47402024 0.19610892 35
1.840027 1.1591551 0.41559011 36
1.1536477 0.46226913 0.10567634 3
1.8386526 1.1547406 0.26195085 34
1.1322256 0.45371607 0.0206811 39
1.8293679 1.1471213 0.11134475 34
1.089222 0.43633887 -0.059662987 36
1.8277279 1.1452055 -0.03704273 35
1.0715002 0.42862821 -0.13721235 5
1.8188921 1.1400717 -0.18440156 35
1.0283639 0.41084254 -0.20827164 46
0.65214229 0.4057698 -0.1160246 53
0.86914504 0.34669349 -0.24103433 17
0.64756942 0.40363097 -0.16802379 43
1.2064437 0.47556114 0.29109138 33
1.8358527 1.1470661 0.56995249 35
1.1901478 0.46962515 0.19689022 35
1.8335878 1.1416953 0.41273054 33
1.1606882 0.45804384 0.10611212 3
1.8362516 1.1398451 0.2607339 31
1.1345857 0.44778159 0.0206811 39
1.8311102 1.1348876 0.11108306 33
1.0914917 0.43062976 -0.059662987 36
1.8315769 1.1342994 -0.036999099 36
1.0691093 0.42120034 -0.13660388 6
1.816379 1.1252682 -0.18353173 37
1.0373569 0.40813643 -0.20970143 46
0.65425789 0.40234965 -0.1160246 62
0.87544769 0.34389484 -0.24232674 17
0.65380657 0.40281513 -0.1691477 61
1.2117271 0.47543842 0.29221529 33
1.837852 1.1438602 0.56995249 35
1.1909657 0.46754724 0.19689022 35
1.8334947 1.1371955 0.41225392 34
1.1591662 0.45511064 0.10589422 3
1.8276991 1.1300913 0.2592127 31
1.1237253 0.44125062 0.020462945 40
1.8246019 1.1264262 0.1105597 35
1.0968925 0.43054113 -0.05992467 35
1.825055 1.1258336 -0.036824573 35
1.0721546 0.42023551 -0.13690811 8
1.8225735 1.1247211 -0.18396665 38
1.0357807 0.40543455 -0.20922484 45
0.65705717 0.40250942 -0.11641525 60
0.87379545 0.34149182 -0.24168053 15
0.64830291 0.39781374 -0.16746184 58
1.2188293 0.47062376 0.29333919 33
1.8355987 1.1291426 0.56736767 36
1.1957018 0.46219188 0.19728087 36
1.8352448 1.1250057 0.41130075 35
1.1685063 0.45171869 0.10654789 5
1.8357058 1.1218044 0.25951695 32
1.1306859 0.43715641 0.020550208 39
1.8326032 1.118162 0.11069055 35
1.0968014 0.42389557 -0.059793826 35
1.8266619 1.1136509 -0.036737315 37
1.0697074 0.41283667 -0.13629964 7
1.8241905 1.1125602 -0.18353173 38
1.0333065 0.39824837 -0.20827164 45
0.65073663 0.39389834 -0.11485262 48
0.87557143 0.33691198 -0.24168053 16
0.65452749 0.39696518 -0.16858575 53
1.217292 0.46783808 0.29277724 33
1.8313971 1.1221386 0.56542909 36
1.1942006 0.45922139 0.19689022 35
1.8309299 1.1179507 0.40987095 34
1.166967 0.44878811 0.10633001 6
1.8270766 1.1121254 0.25799572 33
1.1221097 0.43160737 0.020375684 37
1.8281598 1.1110585 0.11029802 35
1.095208 0.42108843 -0.059662987 35
1.8307365 1.1117631 -0.036780942 37
1.0704262 0.41096908 -0.13629964 8
1.8197521 1.1054819 -0.18287937 39
1.0362929 0.39731896 -0.20874825 46
0.66195816 0.39920017 -0.11680591 58
0.87615818 0.33538333 -0.24168053 17
0.6531418 0.39455014 -0.16802379 53
1.2198055 0.46124509 0.29277724 32
1.8310584 1.1087682 0.56349045 36
1.1965888 0.45296231 0.19689022 35
1.8325613 1.1058038 0.40891778 34
1.1716313 0.44355005 0.10654789 6
1.8307511 1.1012601 0.2576915 35
1.1243542 0.42572612 0.020375684 37
1.8296772 1.0988911 0.11003634 43
1.0950615 0.41446814 -0.059532147 35
1.82583 1.0957085 -0.036562789 53
1.0702409 0.40448523 -0.13599539 7
1.8191178 1.0920793 -0.18222702 39
1.0360615 0.39102486 -0.20827164 47
0.65558445 0.39062241 -0.11524329 46
0.87564051 0.32994425 -0.24103433 18
0.65936697 0.39364728 -0.1691477 48
1.2091225 0.45505491 0.28996748 33
1.8205988 1.09806 0.55961323 38
1.1927533 0.44913965 0.19610892 35
1.8260857 1.0975288 0.40701142 55
1.1700716 0.44063026 0.10633001 6
1.822041 1.0916637 0.2561703 56
1.1227549 0.42288566 0.020332051 36
1.8251731 1.0918375 0.10964382 64
1.0934453 0.41168031 -0.059401307 35
1.8277397 1.0925201 -0.036562789 67
1.068621 0.40174729 -0.13569117 8
1.8124819 1.0837718 -0.1813572 43
1.0390415 0.39007467 -0.20874825 49
0.66472894 0.39456916 -0.11680591 54
0.88300443 0.33094448 -0.24297296 17
0.65796667 0.39123833 -0.16858575 45
1.2161385 0.45019102 0.29109138 33
1.818036 1.0835485 0.55702841 41
1.1927718 0.44203353 0.19571826 34
1.8254852 1.0841793 0.40558165 54
1.1723628 0.43449774 0.10633001 7
1.8234668 1.0795712 0.2555618 54
1.1202635 0.41527081 0.02024479 37
1.8201325 1.075891 0.10898963 62
1.1002707 0.40767685 -0.059662987 35
1.8269862 1.0791078 -0.036431894 65
1.0753672 0.397861 -0.13629964 9
1.8138487 1.0717238 -0.18092228 43
1.0410697 0.38462892 -0.20874825 51
0.66041803 0.38729784 -0.11563394 61
0.87792259 0.32382312 -0.24103433 15
0.6704706 0.39402094 -0.17139551 58
1.2191312 0.44911891 0.29165334 33
1.8137025 1.0766619 0.55508983 44
1.2004961 0.44250298 0.19689022 34
1.8231554 1.0784833 0.40462843 48
1.1661052 0.42987719 0.10567634 7
1.8253483 1.076387 0.2555618 58
1.1209865 0.41331497 0.02024479 36
1.8155615 1.068899 0.10859711 61
1.0916049 0.40231746 -0.059139628 34
1.8310184 1.0771893 -0.036475528 77
1.0737299 0.39513031 -0.13599539 23
1.8135728 1.0672886 -0.18070482 52
1.0440444 0.38365388 -0.20922484 51
0.65896827 0.38488656 -0.11524329 50
0.87848645 0.32229039 -0.24103433 20
0.66277701 0.38787833 -0.1691477 47
1.2192518 0.44168985 0.29109138 33
1.8172343 1.065924 0.5544436 48
1.1981514 0.43453425 0.19610892 33
1.820313 1.0639505 0.40272206 42
1.1753675 0.42630261 0.10633001 7
1.8266762 1.0643072 0.25495335 64
1.1278375 0.4091374 0.020332051 36
1.8275993 1.063158 0.10898963 70
1.1030902 0.39998561 -0.059662987 25
1.8258417 1.0612838 -0.036257371 79
1.0594419 0.38361621 -0.13386571 42
1.8126853 1.0540086 -0.18005246 54
1.0437295 0.37735158 -0.20874825 50
0.66949975 0.38641867 -0.11680591 48
0.8847084 0.3193168 -0.24232674 18
0.66900194 0.38686666 -0.17027161 43
1.2176512 0.43895134 0.29052943 32
1.8128443 1.0590823 0.55250502 45
1.1965837 0.43160796 0.19571826 35
1.8136944 1.0558147 0.40081567 41
1.1714218 0.4225674 0.10589422 15
1.8178135 1.054867 0.25343215 58
1.1261973 0.40632367 0.020288423 4
1.8208221 1.054942 0.10846627 77
1.0920371 0.39384365 -0.059008785 14
1.8255309 1.0568385 -0.036213744 73
1.0577738 0.38092965 -0.13356148 44
1.810217 1.0483377 -0.17961757 50
1.0420758 0.37470287 -0.20827164 48
0.66590613 0.38276315 -0.1160246 55
0.87616557 0.31452692 -0.23974191 17
0.66967613 0.38569844 -0.17027161 46
1.2246028 0.43397754 0.29165334 33
1.8162758 1.048364 0.55185878 43
1.2058125 0.42780349 0.19689022 7
1.8191975 1.0463039 0.40081567 40
1.1595281 0.41145232 0.10458688 35
1.8254617 1.0465734 0.25373638 56
1.1330233 0.40208605 0.020375684 4
1.8176645 1.0404142 0.10794291 73
1.1011471 0.39061308 -0.059401307 13
1.8267049 1.0447743 -0.03612648 70
1.0644346 0.37703526 -0.13416995 44
1.8156813 1.0388451 -0.17961757 45
1.0463386 0.37005585 -0.20874825 49
0.67211455 0.38185263 -0.11680591 53
0.88919502 0.31393203 -0.24297296 19
0.66746628 0.37975222 -0.1691477 43
1.2160889 0.42882642 0.28940552 33
1.8118297 1.0415677 0.5499202 40
nan nan nan 0
1.8167671 1.0406781 0.39986247 37
1.1602443 0.40942794 0.10458688 35
1.8120395 1.0350565 0.25160667 38
1.1407986 0.40259257 0.020506576 2
1.8106327 1.0325918 0.10741955 39
1.0947599 0.38621023 -0.059008785 14
1.8220179 1.037859 -0.035995588 43
1.0580007 0.37289995 -0.13325724 44
1.8174917 1.0356746 -0.17961757 44
1.0446663 0.36741877 -0.20827164 46
0.67492187 0.38190764 -0.11719656 42
0.8897416 0.31237963 -0.24297296 16
0.67228597 0.38113123 -0.17027161 48
1.2229229 0.42404252 0.29052943 33
1.8212724 1.0347791 0.55121255 36
nan nan nan 0
1.8241442 1.0326831 0.40033907 33
1.1646559 0.40436348 0.10480478 36
1.8282263 1.0316753 0.2531279 35
1.1333714 0.39354825 0.020332051 2
1.8290491 1.0304779 0.10820458 37
1.0944072 0.37965837 -0.058877949 16
1.8403008 1.0360087 -0.036257371 52
1.0646305 0.36897251 -0.13386571 43
1.825057 1.0273703 -0.17983501 63
1.0511535 0.36372367 -0.20922484 48
0.67906052 0.37958598 -0.11758722 38
0.889027 0.3070884 -0.24232674 16
0.67003572 0.37520015 -0.1691477 37
1.2167488 0.41953543 0.28884357 33
1.8356712 1.0387628 0.55508983 31
1.2094269 0.41747573 0.19689022 2
1.8389356 1.0364368 0.40319866 34
1.1677151 0.40313932 0.10502267 35
1.8408271 1.0345849 0.2546491 35
1.1435814 0.39461854 0.020506576 3
1.8438926 1.0346421 0.10898963 38
1.0927068 0.37693736 -0.058747105 16
1.8442837 1.0340223 -0.036301002 53
1.0629253 0.36630923 -0.13356148 45
1.839866 1.0315192 -0.18113974 60
1.0494649 0.361094 -0.20874825 47
0.67757159 0.37718654 -0.11719656 54
0.88275754 0.30304259 -0.24038813 16
0.68129158 0.3800261 -0.17195745 36
1.2328511 0.41761526 0.29221529 33
1.8538986 1.0359113 0.55896699 32
1.2186867 0.41329494 0.19806218 2
1.857187 1.0339843 0.40605819 32
1.1722389 0.39761195 0.10524056 38
1.8572335 1.0306536 0.2561703 31
1.1408951 0.3870267 0.020419315 3
1.8494636 1.0246506 0.10898963 28
1.1041279 0.37440264 -0.059270468 16
1.8498513 1.0240287 -0.036301002 43
1.0648917 0.36055291 -0.13356148 45
1.8387134 1.0182378 -0.18048738 31
1.0467507 0.35384667 -0.20779505 49
0.68391633 0.3759191 -0.11797787 52
0.89120167 0.30071884 -0.24232674 19
0.68121082 0.37514669 -0.17139551 57
1.2265768 0.41335452 0.29052943 33
1.8578116 1.0338531 0.55961323 31
1.2147243 0.4095962 0.19728087 3
1.8632765 1.0331308 0.40701142 30
1.17057 0.39477307 0.10502267 38
1.854691 1.0250007 0.2555618 28
1.1439388 0.38583007 0.020462945 4
1.8665324 1.0298963 0.1099055 30
1.1024126 0.37168121 -0.059139628 16
1.8603816 1.0256444 -0.036475528 49
1.0631664 0.35790601 -0.13325724 46
1.8448443 1.017442 -0.18092228 32
1.0496944 0.35279709 -0.20827164 49
0.68241233 0.37352657 -0.11758722 40
0.88714278 0.29763594 -0.24103433 18
0.68186456 0.37395719 -0.17139551 50
1.2380505 0.40976033 0.29277724 33
1.8716547 1.028783 0.56219804 29
1.2168523 0.40323034 0.19728087 3
1.88156 1.0304611 0.40987095 28
1.1749862 0.38941854 0.10524056 38
1.8817875 1.0272108 0.25860423 30
1.1506909 0.38140076 0.020550208 4
1.8806579 1.0249062 0.11042886 29
1.1090859 0.36746675 -0.059401307 17
1.8832682 1.0254893 -0.036824573 48
1.0673829 0.35310984 -0.13356148 45
1.8610691 1.0137486 -0.18200956 31
1.0538589 0.3480618 -0.20874825 51
0.68435878 0.36994836 -0.11758722 38
0.89098424 0.29373831 -0.24168053 19
0.69235373 0.37507311 -0.17364331 46
1.2363775 0.40705666 0.29221529 33
1.8840269 1.0313357 0.56542909 29
1.2058221 0.39725995 0.19532761 3
1.8919638 1.0318942 0.41177732 29
1.1732975 0.3865914 0.10502267 38
1.8966433 1.0310633 0.26042965 30
1.1561054 0.38094911 0.020637469 4
1.8999778 1.0311861 0.11147558 32
1.1120981 0.36630777 -0.059532147 19
1.8938345 1.0269855 -0.036999099 48
1.0632807 0.34970373 -0.13295299 43
1.867209 1.0128832 -0.18244445 31
1.0591307 0.34774521 -0.20970143 50
0.6850034 0.3687534 -0.11758722 37
0.89608842 0.29367778 -0.24297296 19
0.68873298 0.371526 -0.1725194 44
1.2292857 0.3973777 0.28996748 32
1.9021329 1.0283754 0.56930625 29
1.2172873 0.3939684 0.19689022 4
1.912448 1.0301524 0.41511351 27
1.1753056 0.38044274 0.10502267 37
1.9173026 1.0293666 0.26255935 26
1.1533257 0.37335819 0.020550208 4
1.9185389 1.0283277 0.11226062 28
1.1211305 0.3627744 -0.05992467 21
1.9233975 1.0300866 -0.037479043 33
1.0721847 0.34640855 -0.13386571 42
1.8900298 1.0125387 -0.18418412 30
1.0515893 0.33919725 -0.20779505 48
0.6912719 0.36750528 -0.11836853 46
0.90451479 0.29118824 -0.24491157 19
0.69066888 0.36791471 -0.1725194 41
1.236869 0.39767304 0.29165334 33
1.9230409 1.0353985 0.57512212 27
1.2250282 0.39410162 0.19806218 5
1.9401658 1.0407885 0.42083263 24
1.171224 0.37687236 0.10458688 38
1.9453264 1.0401129 0.26621023 24
1.1587367 0.37286875 0.020637469 6
1.9291309 1.0296983 0.11278398 24
1.1170062 0.3592957 -0.059662987 23
1.9406145 1.0349938 -0.037784457 25
1.0751513 0.34529153 -0.13416995 41
1.9027683 1.0151228 -0.18527137 31
1.0615326 0.3403427 -0.20970143 48
0.69408786 0.36746624 -0.11875919 47
0.90502161 0.2896091 -0.24491157 19
0.69345516 0.36786285 -0.17308135 40
1.2366784 0.39024547 0.29109138 33
1.9433458 1.0332832 0.57964557 28
1.2247193 0.38694158 0.19767153 5
1.9564201 1.036382 0.42321563 25
1.1731812 0.37073472 0.10458688 37
1.9617057 1.0357281 0.26773143 25
1.1559041 0.36529744 0.020550208 6
1.9565579 1.0312694 0.11409239 24
1.1164902 0.35269392 -0.059532147 24
1.9614719 1.0330034 -0.038089875 24
1.0745769 0.3389149 -0.13386571 38
nan nan nan 0
1.0562737 0.33258066 -0.20827164 46
0.69818401 0.36498356 -0.11914984 41
0.90422028 0.28414711 -0.24426536 20
0.69322056 0.36308402 -0.1725194 37
1.2303139 0.38612431 0.28940552 33
1.9579378 1.0366971 0.5835228 27
1.2253928 0.38480344 0.19767153 6
1.9712355 1.0398628 0.42607516 24
1.169072 0.36720118 0.10415111 37
1.9744802 1.0380987 0.26925263 25
1.151768 0.3617886 0.020462945 6
1.971604 1.0348414 0.11487742 26
1.1171042 0.35074472 -0.059532147 24
1.9676948 1.0319093 -0.038177136 24
1.0775356 0.3377772 -0.13416995 37
2.3394074 1.2283161 -0.22767504 9
1.059196 0.3314656 -0.20874825 46
0.69663632 0.36261168 -0.11875919 35
0.90471482 0.28256854 -0.24426536 19
0.70031297 0.36529097 -0.17420526 34
1.2347142 0.38017547 0.28996748 33
1.9697528 1.0298012 0.58546138 27
1.2273909 0.37838206 0.19767153 6
1.9875249 1.035218 0.42845812 25
1.187646 0.36618656 0.10567634 37
1.9886889 1.0323371 0.27046958 25
1.1655953 0.35941753 0.0206811 7
1.9880668 1.0302699 0.11553162 27
1.1165383 0.34415922 -0.059401307 25
1.9885924 1.029669 -0.038482554 25
1.0840352 0.33358243 -0.13477844 40
2.3435979 1.2149001 -0.2274576 6
1.063264 0.32663178 -0.20922484 51
0.69633567 0.3578178 -0.11836853 30
0.90849227 0.27853087 -0.24491157 20
0.70221603 0.36161914 -0.17420526 33
1.2306491 0.37681592 0.28884357 32
1.9886657 1.0353187 0.59063101 27
1.2304113 0.37695915 0.19806218 6
1.9980336 1.0362848 0.43036452 25
1.169225 0.35830459 0.10393322 37
2.001498 1.0345839 0.27199078 26
1.1638298 0.3566539 0.020637469 7
1.9965109 1.0302464 0.11592413 26
1.105196 0.3385728 -0.058747105 25
1.9792894 1.020447 -0.038264398 24
1.0751194 0.32880288 -0.13356148 38
nan nan nan 0
1.0591358 0.3233504 -0.20827164 48
0.71449262 0.365702 -0.12149376 30
0.90204227 0.27484712 -0.24297296 19
0.69204021 0.3547726 -0.17139551 27
1.2396723 0.37224349 0.29052943 33
2.0069332 1.0315425 0.59450829 27
1.2300024 0.36980414 0.19767153 6
2.0187073 1.0336695 0.43370065 25
1.1854013 0.3564592 0.10524056 36
2.0157194 1.0286193 0.27320775 23
1.1561021 0.34769049 0.020462945 7
2.0063224 1.0220541 0.11618582 26
1.1117377 0.33421126 -0.059008785 26
1.98238 1.0089313 -0.038220771 12
1.081582 0.32458773 -0.13416995 40
1.061672 0.53820366 -0.10089897 3
1.0655185 0.31920093 -0.20922484 51
1.0108764 0.51284301 -0.17384157 12
0.90809941 0.27149454 -0.24426536 20
nan nan nan 0
1.2402555 0.37029579 0.29052943 33
2.0173209 1.0324568 0.59709311 27
1.230646 0.3676568 0.19767153 6
2.0226924 1.0312637 0.43417725 24
1.1836343 0.35368028 0.10502267 36
2.0285616 1.030742 0.27472895 23
1.1614993 0.3470962 0.020550208 7
2.0125515 1.0208182 0.11644749 23
1.109926 0.33155963 -0.058877949 26
1.09987 0.55510718 -0.020899255 5
1.0892843 0.32481509 -0.13508268 36
1.0603906 0.53521919 -0.10068152 5
1.0637207 0.31664461 -0.20874825 47
1.0073708 0.50883353 -0.17306025 21
0.9085719 0.26990917 -0.24426536 19
0.96128297 0.48633486 -0.24051565 15
1.2469188 0.36494169 0.29165334 33
2.0377724 1.0295337 0.6016165 26
1.2254423 0.35913521 0.19649956 17
2.0477741 1.030628 0.43846661 24
1.183079 0.3467811 0.10480478 16
2.047226 1.0268078 0.27655441 24
1.1537018 0.33821204 0.020375684 25
1.9933372 0.99792302 0.11500826 8
1.1164409 0.32713997 -0.059139628 34
1.0915949 0.54372704 -0.0206811 3
1.09097 0.31910717 -0.13508268 5
1.0453787 0.52070731 -0.09894187 9
1.0700779 0.31243837 -0.20970143 51
1.0100212 0.50355196 -0.17306025 25
0.90997267 0.26514822 -0.24426536 20
0.95729208 0.47800219 -0.23882981 14
1.2404703 0.36095104 0.28996748 33
2.0481875 1.0303342 0.60420132 25
1.2284391 0.35768268 0.19689022 32
2.0605292 1.0325716 0.4408496 23
nan nan nan 0
2.0423615 1.019894 0.27564168 20
1.1590922 0.33758846 0.020462945 31
1.1022251 0.54714125 0.06267231 3
1.1122137 0.32380289 -0.058877949 32
1.0813661 0.53622681 -0.020462945 10
1.0867572 0.31582546 -0.1344742 4
1.0574204 0.52445775 -0.10002915 16
1.0729797 0.31125 -0.21017802 49
1.0153133 0.50400203 -0.17384157 56
0.90811294 0.26289272 -0.24361916 19
0.96900803 0.48179957 -0.24163955 19
1.2377177 0.35290515 0.28884357 33
2.0665197 1.0260659 0.60807854 25
1.218418 0.34787366 0.19493695 31
2.0681052 1.022861 0.4413262 23
nan nan nan 0
2.041003 1.0058821 0.27472895 7
1.1560348 0.3301495 0.020375684 35
1.096123 0.53693634 0.062148947 4
1.1210992 0.32001925 -0.059270468 33
1.0841589 0.53055751 -0.020462945 21
1.1003338 0.31351119 -0.13599539 4
1.0489883 0.51339656 -0.09894187 35
1.0722331 0.30496025 -0.20970143 48
1.0178511 0.49885663 -0.17384157 55
0.91180158 0.25878903 -0.24426536 19
0.98242933 0.48213124 -0.24444932 19
1.2382708 0.35096055 0.28884357 33
2.0812843 1.028905 0.61195576 26
1.2237158 0.34730068 0.19571826 33
2.0720866 1.0203383 0.44180277 18
1.207633 0.3425279 0.10676579 2
1.1390983 0.55693078 0.1512074 2
1.1517977 0.32677433 0.020288423 37
1.1148826 0.54403818 0.063195668 9
1.1144471 0.31603035 -0.058877949 32
1.0648963 0.51873565 -0.020070266 25
1.0984364 0.31111011 -0.13569117 5
1.0521173 0.51266456 -0.09915933 36
1.0704008 0.30242509 -0.20922484 46
1.0209352 0.49817112 -0.17423223 57
0.90992612 0.25654656 -0.24361916 19
0.97663325 0.47735056 -0.24276346 20
1.2494838 0.34706634 0.29109138 33
2.0951381 1.022612 0.61454064 26
1.2183777 0.33891395 0.1945463 34
2.0860448 1.0141469 0.44370914 7
1.1997496 0.33375558 0.10589422 3
1.1442299 0.55204517 0.15151165 4
1.1606643 0.32293931 0.020419315 39
1.1109794 0.53491932 0.062803142 13
1.1208452 0.31171578 -0.059139628 32
1.0675081 0.5133391 -0.020070266 36
1.1072264 0.30733383 -0.13660388 5
1.0412576 0.50080323 -0.097854607 39
1.0719178 0.29700345 -0.20922484 50
1.016868 0.48957831 -0.17306025 57
0.91121298 0.25193775 -0.24361916 20
0.98130888 0.47329789 -0.24332541 17
1.2523766 0.3457481 0.29165334 33
2.1164503 1.0284921 0.62035644 26
1.2261106 0.33874914 0.19571826 34
nan nan nan 0
1.202732 0.33232081 0.10611212 3
1.1451917 0.55004722 0.15151165 7
1.1660469 0.32223728 0.020506576 40
1.1051694 0.52971739 0.062410627 30
1.1189801 0.30909815 -0.059008785 32
1.066152 0.51038718 -0.020026634 36
1.1101544 0.3060565 -0.13690811 4
1.0443722 0.5000695 -0.098072052 39
1.0724345 0.29513216 -0.20922484 49
1.0266106 0.49210784 -0.17462288 59
0.91165125 0.25034699 -0.24361916 18
0.98432499 0.47264817 -0.24388736 19
1.2518762 0.33833492 0.29109138 33
2.1305089 1.0215901 0.62294126 27
1.2230984 0.33104143 0.19493695 36
1.1859519 0.56416011 0.24830556 4
1.1972406 0.32407749 0.10545845 3
1.1458173 0.54297286 0.1512074 10
1.1749593 0.31807593 0.020637469 39
1.1034218 0.52177233 0.062148947 34
1.1302269 0.30582803 -0.059532147 32
1.0710659 0.50587398 -0.020070266 36
1.109345 0.29959652 -0.13660388 4
1.0514717 0.49673951 -0.098506965 39
1.0739652 0.28951287 -0.20922484 48
1.0180331 0.48140275 -0.1726696 58
0.90828276 0.24432495 -0.24232674 19
0.9779979 0.46327901 -0.24163955 21
1.247699 0.3351112 0.28996748 33
2.1431756 1.0230933 0.6261723 26
1.2260602 0.32954371 0.19532761 36
1.1847204 0.56103128 0.24782895 7
1.2170531 0.32713071 0.10720157 3
1.1400421 0.53777212 0.15029469 24
1.1682681 0.31408897 0.020506576 39
1.1020759 0.51877403 0.062018104 34
1.1259347 0.30256683 -0.059270468 32
1.0674312 0.50185955 -0.019983005 36
1.1194572 0.30021545 -0.13782084 4
1.0478379 0.49276626 -0.098072052 41
1.0744687 0.28763801 -0.20922484 51
1.0188719 0.47962523 -0.1726696 57
0.91337681 0.2439764 -0.24361916 17
0.97440732 0.45947471 -0.24051565 19
1.2471943 0.32752228 0.28940552 33
2.159595 1.016647 0.62940329 24
1.2254361 0.32228073 0.19493695 36
1.1810786 0.55147487 0.24639918 11
1.2115766 0.31865141 0.10654789 4
1.1451811 0.53265059 0.15059893 27
1.174787 0.30902785 0.020593839 42
1.1048666 0.51280367 0.062018104 34
1.1299707 0.29710153 -0.059401307 32
1.0723946 0.49713677 -0.020026634 37
1.1138616 0.2922765 -0.13690811 4
1.0549992 0.48920268 -0.098506965 41
1.0760093 0.28182042 -0.20922484 51
1.021452 0.47410563 -0.1726696 56
0.91234559 0.23842512 -0.24297296 17
0.98128796 0.45626879 -0.24163955 19
1.2500651 0.32617432 0.28996748 33
2.1788447 1.0211085 0.63457292 23
1.2331671 0.32200253 0.19610892 35
1.1709299 0.54420161 0.2440162 26
1.2073097 0.31528497 0.10611212 4
1.1416129 0.52854979 0.14999044 27
1.1729052 0.30634904 0.020550208 40
1.1080226 0.51193005 0.062148947 34
1.1304877 0.29512891 -0.059401307 32
1.0687294 0.49315235 -0.019939372 36
1.11437 0.29033205 -0.13690811 5
1.0468228 0.48315045 -0.097637147 40
1.0717472 0.27871475 -0.20827164 47
1.0267526 0.47441161 -0.17345092 58
0.91276038 0.23683241 -0.24297296 18
0.9820829 0.45455542 -0.24163955 17
1.2565341 0.32060373 0.29109138 32
2.1929221 1.0137565 0.63715774 23
1.2348361 0.3155413 0.19610892 34
1.1893543 0.54527718 0.24735238 28
1.2113578 0.30957228 0.10633001 6
1.1488718 0.52464283 0.15059893 27
1.1793385 0.3014341 0.020637469 40
1.1106877 0.50612146 0.062148947 34
1.1344373 0.28981981 -0.059532147 32
1.0712968 0.48754975 -0.019939372 36
1.1086584 0.28266585 -0.13599539 5
1.0470755 0.47662199 -0.097419694 41
1.0803301 0.27490285 -0.20970143 48
1.0247369 0.46696305 -0.1726696 54
0.91632992 0.23263957 -0.24361916 17
0.99329638 0.45349118 -0.24388736 20
1.2523117 0.31743935 0.28996748 33
2.2056479 1.0149964 0.64038879 23
1.2305962 0.31217834 0.19532761 35
1.185846 0.54114717 0.24639918 28
1.2046516 0.3056311 0.10567634 6
1.1475304 0.52160197 0.15029469 28
1.1677439 0.29632002 0.020419315 37
1.1092995 0.50314248 0.062018104 34
1.1397833 0.28905916 -0.059793826 30
1.0789651 0.48879975 -0.020070266 36
1.1163698 0.28254524 -0.13690811 8
1.0501703 0.47583055 -0.097637147 41
1.0736669 0.27122578 -0.20827164 47
1.0233057 0.46414468 -0.17227894 54
0.91673458 0.23103991 -0.24361916 16
0.98301888 0.44667104 -0.24107762 19
1.2611071 0.31240603 0.29165334 33
2.2285099 1.0114518 0.64555842 23
1.2346113 0.30632177 0.19571826 35
1.1931319 0.53696066 0.24735238 28
1.2134894 0.30110791 0.10633001 5
1.1389422 0.51047081 0.14877349 28
1.1741333 0.29139841 0.020506576 37
1.102818 0.49321628 0.061494745 35
1.1243125 0.27890688 -0.058877949 29
1.0746745 0.48005888 -0.019939372 35
1.117834 0.27669609 -0.13690811 8
1.0571872 0.47237515 -0.098072052 43
1.0774559 0.26618496 -0.20874825 51
1.0212219 0.45674571 -0.17149763 52
0.92496979 0.22795635 -0.24555777 19
0.99421936 0.4455401 -0.24332541 19
1.2592299 0.3098461 0.29109138 32
2.2522621 1.0175452 0.65202051 23
1.2351441 0.3041665 0.19571826 35
1.1873589 0.5318442 0.24592258 28
1.2067559 0.29721364 0.10567634 6
1.1398315 0.50848216 0.14877349 28
1.1625004 0.28637812 0.020288423 37
1.1127851 0.49538592 0.062018104 36
1.1296477 0.27813014 -0.059139628 29
1.0823512 0.48125529 -0.020070266 35
1.1159043 0.27415657 -0.13660388 8
1.0557383 0.46950835 -0.097854607 41
1.0755342 0.26372364 -0.20827164 46
1.026521 0.45698941 -0.17227894 48
0.92301917 0.22577253 -0.24491157 20
0.99499547 0.4438042 -0.24332541 20
1.260888 0.30302852 0.29109138 32
2.2663758 1.0096862 0.65460533 25
1.2319167 0.29654646 0.19493695 33
1.1923687 0.52661932 0.24639918 28
1.215562 0.29262888 0.10633001 6
1.1447461 0.50351441 0.14907773 29
1.168846 0.28145018 0.020375684 36
1.1153637 0.48955265 0.062018104 35
1.1189476 0.26931018 -0.058485426 29
1.093998 0.47963071 -0.02024479 34
1.1149107 0.2677345 -0.13629964 8
1.062736 0.46599215 -0.098289512 43
1.0769004 0.25808856 -0.20827164 46
1.0379279 0.45561472 -0.17384157 6
0.9218387 0.22037973 -0.24426536 19
0.98617679 0.43363813 -0.24051565 20
1.2637328 0.30160961 0.29165334 33
2.2791641 1.0106442 0.65783632 26
1.234835 0.29496607 0.19532761 34
1.1865563 0.52155107 0.2449694 29
1.2063781 0.28820667 0.10545845 7
1.1456232 0.50151569 0.14907773 28
1.1644713 0.2782554 0.020288423 37
1.1139323 0.4865973 0.061887268 35
1.1291327 0.26966095 -0.059008785 29
1.0925462 0.47671232 -0.02020116 34
1.1129615 0.26521692 -0.13599539 8
1.0589902 0.46212652 -0.097854607 41
1.0773492 0.25620863 -0.20827164 49
1.0319452 0.45080957 -0.1726696 3
0.91987097 0.21821778 -0.24361916 18
0.99584198 0.4358609 -0.24276346 19
1.2582262 0.29312006 0.28996748 33
2.3065345 1.0084116 0.66429836 26
1.2171184 0.28403595 0.19220237 32
1.2005128 0.52024961 0.24735238 28
1.212723 0.2830109 0.10589422 7
1.1573324 0.49947619 0.15029469 27
1.1683472 0.27271888 0.020332051 36
1.1187541 0.48175406 0.062018104 35
1.1280971 0.26318187 -0.058877949 29
1.0973197 0.47198156 -0.02024479 7
1.1191704 0.26050308 -0.13660388 8
1.0613954 0.45657536 -0.097854607 41
1.0810673 0.25111538 -0.20874825 47
1.0410833 0.44835758 -0.17384157 4
0.92806238 0.21501954 -0.24555777 17
0.9914127 0.4277173 -0.24107762 21
1.2610592 0.2916888 0.29052943 33
2.317142 1.0082551 0.66688317 24
nan nan nan 0
1.1991688 0.51717377 0.24687576 28
1.2035064 0.27866137 0.10502267 33
1.1513729 0.49449304 0.14938197 29
1.1688213 0.2706793 0.020332051 31
1.11272 0.476825 0.061625589 36
1.1285546 0.26121256 -0.058877949 28
1.0889651 0.4660964 -0.020070266 2
1.1196234 0.25854939 -0.13660388 9
1.0621908 0.45472217 -0.097854607 43
1.0791116 0.24868113 -0.20827164 45
1.0395987 0.44555801 -0.17345092 4
0.91666257 0.21071804 -0.24232674 19
0.99439192 0.42695683 -0.24163955 19
1.2649961 0.28539422 0.29109138 33
2.335696 1.001845 0.67076045 23
nan nan nan 0
1.1928395 0.507016 0.2449694 27
1.204949 0.27235603 0.10502267 34
1.1539463 0.48845774 0.14938197 29
nan nan nan 0
1.1129053 0.47001243 0.061494745 36
1.1299069 0.2552999 -0.058877949 27
1.1028876 0.46528968 -0.020288423 3
1.1088542 0.24997492 -0.13508268 40
1.0645572 0.44915435 -0.097854607 44
1.0851892 0.24409655 -0.20922484 48
1.044188 0.44107857 -0.17384157 5
0.92718327 0.20801131 -0.24491157 15
0.9966138 0.42174441 -0.24163955 21
1.2606869 0.28234899 0.28996748 33
2.3551962 1.0053842 0.67593008 23
1.2605256 0.2825253 0.19884349 2
1.1982365 0.50686139 0.24592258 26
1.2102845 0.27133492 0.10545845 36
1.1547971 0.48644298 0.14938197 29
nan nan nan 0
1.1137239 0.46806931 0.061494745 36
1.1400988 0.25549567 -0.059401307 27
1.0944936 0.45945898 -0.020113898 3
1.106866 0.24750169 -0.13477844 37
1.0630468 0.44632253 -0.097637147 41
1.0856136 0.24220218 -0.20922484 51
1.0381389 0.43635744 -0.1726696 4
0.92282814 0.2053531 -0.24361916 21
1.0040716 0.42286924 -0.24332541 19
1.2693384 0.27707204 0.29165334 33
2.3737743 0.99868178 0.67980725 23
1.2547483 0.27434963 0.19767153 2
1.1873025 0.49486727 0.24306302 5
1.206821 0.26393732 0.10502267 37
1.1596166 0.48134944 0.14968622 29
1.1915826 0.26062253 0.0206811 3
1.1115534 0.46030378 0.061233066 36
1.1292218 0.2468762 -0.058747105 27
1.0991904 0.45468611 -0.020157529 3
1.1032963 0.24065317 -0.13416995 45
1.0676668 0.44171146 -0.097854607 40
1.0796702 0.23496127 -0.20779505 48
1.0449646 0.43282399 -0.17345092 5
0.93333519 0.20254827 -0.24620397 17
0.99504191 0.41289011 -0.24051565 20
1.2673904 0.27456552 0.29109138 33
2.3999999 1.0048404 0.68691558 22
1.2576392 0.27267894 0.19806218 3
nan nan nan 0
1.2024105 0.2607823 0.10458688 36
1.1558748 0.47741359 0.14907773 30
1.1871485 0.25749025 0.020593839 3
1.1192693 0.46124256 0.061625589 35
1.139414 0.24700509 -0.059270468 27
1.0976745 0.45180684 -0.020113898 4
1.1037146 0.2387272 -0.13416995 46
1.0638375 0.43793315 -0.097419694 42
1.0800787 0.23307654 -0.20779505 46
1.0366015 0.42719898 -0.17188829 5
0.92423922 0.19890559 -0.24361916 18
0.99800867 0.41209209 -0.24107762 21
1.2664732 0.26720488 0.29052943 33
2.4119208 0.99503523 0.68885416 14
1.2566332 0.26558319 0.19767153 3
nan nan nan 0
1.2135091 0.25652862 0.10545845 37
1.1491786 0.46758053 0.14786077 30
1.1909268 0.25178412 0.020637469 3
1.1216689 0.45537576 0.061625589 36
1.1358047 0.2400113 -0.059008785 27
1.1139021 0.45174181 -0.020375684 3
1.1122364 0.23446853 -0.13508268 45
1.066116 0.43235695 -0.097419694 43
1.0908942 0.22942221 -0.20970143 50
1.0456765 0.42458004 -0.17306025 5
0.92999727 0.19504553 -0.24491157 17
1.0001526 0.40686092 -0.24107762 21
1.2621212 0.2642239 0.28940552 33
2.4315138 0.99819267 0.69402379 26
1.2595121 0.26389241 0.19806218 3
nan nan nan 0
1.2090783 0.25339592 0.10502267 38
1.1522896 0.46651369 0.148165 30
1.1815754 0.24766909 0.020462945 3
1.1155279 0.45058623 0.061233066 36
1.1362219 0.23802859 -0.059008785 27
1.1008021 0.44413272 -0.020113898 4
1.1126438 0.23252696 -0.13508268 45
1.0714809 0.43237761 -0.097854607 44
1.091293 0.22751787 -0.20970143 48
1.0395588 0.4199518 -0.17188829 5
0.92797083 0.19293523 -0.24426536 17
1.0053697 0.40696186 -0.24220152 20
1.2706954 0.25883958 0.29109138 32
2.4478936 0.98999465 0.69725484 39
1.2560364 0.25631368 0.19728087 4
1.1827213 0.47363898 0.24068004 2
1.2103885 0.24706176 0.10502267 38
1.1547165 0.46047395 0.148165 31
1.1902057 0.24296762 0.020593839 4
1.1178719 0.44473919 0.061233066 36
1.1350057 0.23158093 -0.058877949 28
1.1077511 0.44022664 -0.02020116 3
1.1041164 0.22473441 -0.13386571 44
1.0691084 0.42490357 -0.097419694 40
1.0876575 0.22083232 -0.20874825 48
1.0440339 0.41542512 -0.17227894 5
0.91949636 0.18617594 -0.24168053 18
1.0052276 0.40078041 -0.24163955 20
1.2758774 0.25780123 0.29221529 33
2.4630508 0.9911536 0.701132 48
1.2516398 0.25314915 0.19649956 4
1.1972057 0.47707343 0.2435396 2
1.2083762 0.24445872 0.10480478 38
1.1532153 0.45753437 0.14786077 30
1.1857264 0.23990607 0.020506576 4
1.1140107 0.44093236 0.060971387 36
1.1305125 0.22861783 -0.058616269 27
1.1038758 0.43643689 -0.020113898 4
1.1045071 0.22280703 -0.13386571 46
1.0652236 0.42118719 -0.096984789 42
1.0856345 0.2184536 -0.20827164 46
1.0516341 0.41635701 -0.17345092 5
0.92218876 0.18504116 -0.24232674 21
0.99914396 0.3963019 -0.23995371 21
1.2700804 0.24949613 0.29052943 32
2.4704504 0.97913718 0.70177823 31
1.2529482 0.24659215 0.19649956 6
1.1996872 0.47079837 0.2435396 2
1.2145281 0.23908305 0.10524056 37
1.1579031 0.45240137 0.148165 31
1.1943262 0.23513165 0.020637469 4
1.1209494 0.43692419 0.061233066 36
1.1414955 0.22460768 -0.059139628 27
1.1131232 0.4333981 -0.02024479 4
1.1080941 0.2174947 -0.13416995 43
1.0697315 0.41651669 -0.097202234 43
1.0891726 0.21323371 -0.20874825 47
1.0583936 0.41265735 -0.17423223 6
0.92551613 0.18066798 -0.24297296 18
1.0102664 0.39464888 -0.24220152 21
1.2728627 0.2479631 0.29109138 32
2.4923615 0.98283243 0.7075941 26
1.2582253 0.24534304 0.19728087 6
1.2050729 0.47050509 0.24449281 3
1.2051632 0.23507065 0.104369 37
1.1633098 0.45219463 0.14877349 30
1.1922807 0.23257199 0.020593839 6
1.1217104 0.43496713 0.061233066 36
1.1418859 0.22261506 -0.059139628 28
1.1162055 0.43236637 -0.020288423 4
1.108472 0.21556039 -0.13416995 44
1.0658191 0.41283157 -0.096767329 40
1.0895431 0.21133243 -0.20874825 46
1.0522164 0.4081029 -0.17306025 6
0.9234581 0.17859861 -0.24232674 18
1.0086867 0.39199299 -0.24163955 20
1.2789739 0.24197136 0.29221529 33
2.5109723 0.9750374 0.71147132 25
1.2594928 0.23875168 0.19728087 6
1.2143828 0.46685496 0.24592258 3
1.2112726 0.22967777 0.10480478 37
1.1564046 0.44251609 0.14755653 30
1.193482 0.22632608 0.020593839 7
1.1309596 0.43178543 0.061625589 35
1.1405821 0.21617216 -0.059008785 29
1.1231184 0.42831495 -0.020375684 5
1.1095855 0.20975351 -0.13416995 46
1.0702896 0.40814191 -0.096984789 38
1.0906346 0.20562471 -0.20874825 46
1.0566423 0.40347815 -0.17345092 7
0.92675489 0.17420231 -0.24297296 20
1.008454 0.38582605 -0.24107762 22
1.2817475 0.24040768 0.29277724 32
2.5667014 0.99163234 0.72698021 29
1.2599075 0.23655307 0.19728087 6
1.2083282 0.46208072 0.24449281 3
1.206775 0.22665136 0.104369 36
1.1618068 0.44227967 0.148165 29
1.2037047 0.22607335 0.020768361 6
1.1247196 0.42712554 0.061233066 36
1.1458664 0.21509448 -0.059270468 30
1.1191968 0.42456329 -0.020288423 7
1.1172694 0.2091745 -0.13508268 41
1.0733255 0.4071658 -0.097202234 40
1.0885787 0.20327449 -0.20827164 47
1.0481255 0.39808881 -0.17188829 7
0.93180782 0.17345898 -0.24426536 19
1.0068529 0.3831892 -0.24051565 21
1.2734401 0.23173872 0.29052943 32
2.6463008 1.0066363 0.74830496 57
1.2586989 0.2295136 0.19689022 6
1.213025 0.45662031 0.2449694 3
1.205494 0.21988644 0.10415111 36
1.1548249 0.4326739 0.14694805 30
1.2024121 0.21932292 0.020724732 7
1.1362816 0.42476225 0.061756425 35
1.1396066 0.20776036 -0.058877949 29
1.1284195 0.42134681 -0.020419315 7
1.1036967 0.20068257 -0.13325724 37
1.0731131 0.40066001 -0.096984789 39
1.0920435 0.19800569 -0.20874825 46
1.0548143 0.39434353 -0.1726696 8
0.93270332 0.16857769 -0.24426536 19
1.0042902 0.3761836 -0.23939174 23
1.2857925 0.23188247 0.29333919 33
2.6367671 0.99772418 0.74507397 57
1.2615283 0.22775157 0.19728087 6
1.2023436 0.45015904 0.2425864 4
1.2107792 0.21865989 0.10458688 37
1.1625443 0.43328291 0.14786077 29
1.1978722 0.21634297 0.020637469 7
1.1276741 0.41926318 0.061233066 34
1.1424251 0.20621061 -0.059008785 29
1.1174536 0.41498145 -0.02020116 7
1.1113738 0.20006269 -0.13416995 37
1.0808045 0.40141526 -0.097637147 37
1.0875549 0.19524035 -0.20779505 44
1.0485681 0.38989189 -0.17149763 7
0.92586172 0.16568772 -0.24232674 18
1.0049453 0.37443021 -0.23939174 23
1.2798275 0.22367464 0.29165334 32
2.6849291 0.99998891 0.75735182 88
1.2529719 0.21945345 0.19571826 6
1.2138834 0.44728407 0.24449281 6
1.2094538 0.21189128 0.104369 37
1.1601439 0.42546409 0.14725228 28
1.203914 0.21092322 0.020724732 7
1.136878 0.41595268 0.061625589 34
1.145949 0.20065275 -0.059139628 29
1.119611 0.40912479 -0.02020116 6
1.112406 0.19424084 -0.13416995 37
1.0758839 0.39315856 -0.096984789 34
1.0933993 0.19037703 -0.20874825 45
1.0459644 0.38268048 -0.17071633 38
0.93623769 0.16247028 -0.24491157 20
1.0091755 0.37001157 -0.23995371 21
1.28738 0.22290036 0.29333919 32
2.6821439 0.99361616 0.75605941 88
1.2460521 0.21601176 0.1945463 29
1.2169634 0.44601741 0.2449694 6
1.2147307 0.21062358 0.10480478 36
1.1608846 0.42343861 0.14725228 28
1.1968898 0.20755175 0.020593839 7
1.139945 0.41483027 0.061756425 33
1.1413763 0.19780764 -0.058877949 29
1.1132853 0.40458199 -0.020070266 23
1.1102974 0.19188051 -0.13386571 36
1.0765684 0.39128017 -0.096984789 4
1.1009876 0.18970636 -0.21017802 47
1.0535816 0.38341591 -0.17188829 69
0.92699581 0.15922 -0.24232674 19
1.0098197 0.36824965 -0.23995371 21
1.2741485 0.21353701 0.28996748 32
2.6873097 0.97955889 0.75605941 88
1.2496018 0.20988993 0.19493695 32
1.2123649 0.43711758 0.2435396 6
nan nan nan 0
1.1677508 0.41904774 0.14786077 26
1.1905631 0.20005082 0.020462945 7
1.1514908 0.41225663 0.062279783 6
1.1399335 0.19141924 -0.058747105 29
1.117739 0.39959773 -0.020113898 34
1.116183 0.18687582 -0.1344742 38
1.0786024 0.38563794 -0.096984789 3
1.0947018 0.18273908 -0.20874825 44
1.0578959 0.37873581 -0.17227894 71
0.93258303 0.15514715 -0.24361916 19
1.016313 0.364622 -0.24107762 23
1.2816936 0.21272135 0.29165334 32
2.6867464 0.97404045 0.75541323 88
1.2450932 0.2069063 0.19415563 30
1.2085116 0.43332782 0.2425864 7
nan nan nan 0
1.1731484 0.41869423 0.14846925 4
1.1933767 0.19837868 0.020506576 36
nan nan nan 0
1.1501198 0.1910501 -0.059270468 29
1.1160827 0.39679995 -0.020070266 44
1.128751 0.18693459 -0.13599539 37
1.0816171 0.38459849 -0.097202234 4
1.092597 0.18043244 -0.20827164 43
1.0585554 0.37688884 -0.17227894 72
0.94000363 0.15468135 -0.24555777 21
1.0169477 0.36284763 -0.24107762 23
1.2756082 0.20463662 0.28996748 32
2.6804423 0.95588481 0.75218219 88
1.2485982 0.20077263 0.1945463 31
1.2015178 0.42369628 0.24068004 26
nan nan nan 0
1.1800014 0.41420659 0.14907773 4
1.1919305 0.19173431 0.020462945 35
nan nan nan 0
1.1511043 0.1850255 -0.059270468 29
1.1087195 0.38761488 -0.019895742 37
1.1321653 0.18141055 -0.13629964 6
1.0812684 0.37809855 -0.096984789 4
1.0959508 0.17509224 -0.20874825 44
1.0628415 0.37216663 -0.1726696 69
0.93841493 0.14938252 -0.24491157 19
1.0142434 0.35588521 -0.23995371 22
1.2879604 0.20452546 0.29277724 32
2.6752822 0.94877237 0.7502436 88
1.2513858 0.19897725 0.19493695 32
1.2045685 0.42241907 0.24115664 29
1.2519954 0.19906707 0.10785523 2
1.1830623 0.41297278 0.14938197 2
1.1996709 0.19082034 0.020593839 37
1.1503352 0.40053308 0.062018104 3
1.1563581 0.18379208 -0.059532147 31
1.111752 0.386509 -0.019939372 39
1.1398345 0.18058726 -0.13721235 3
1.088974 0.37869257 -0.097637147 4
1.1035289 0.17431566 -0.21017802 47
1.0611607 0.36948961 -0.17227894 72
0.93867421 0.14774446 -0.24491157 21
1.0171595 0.35492685 -0.24051565 22
1.2866396 0.19718842 0.29221529 33
2.6733761 0.93235481 0.74830496 87
1.2548518 0.1927937 0.19532761 33
1.2067639 0.41610622 0.24115664 29
1.2357854 0.18988699 0.10633001 3
1.1805202 0.4051446 0.14877349 2
1.2031249 0.1849122 0.020637469 36
1.1406217 0.39041781 0.061363909 3
1.1474316 0.17623474 -0.059008785 29
1.1090363 0.37904763 -0.019852111 40
1.1407645 0.17461665 -0.13721235 2
1.086235 0.37135565 -0.097202234 4
1.0947198 0.1670707 -0.20827164 43
1.0584151 0.36230996 -0.17149763 68
0.92988163 0.1413947 -0.24232674 17
1.0098007 0.34639487 -0.23826784 23
1.2845386 0.19480538 0.29165334 33
2.6749992 0.92768741 0.74830496 88
1.2576282 0.19097038 0.19571826 35
1.2121254 0.41560787 0.24210984 29
1.2311893 0.18698931 0.10589422 3
1.1859165 0.40470347 0.14938197 3
1.2059175 0.1831837 0.0206811 39
1.1460222 0.39005291 0.061625589 3
1.1600817 0.17608552 -0.059662987 29
1.1073326 0.37629804 -0.019808481 40
1.1435217 0.17299259 -0.1375166 3
1.0868815 0.36945927 -0.097202234 4
1.0950097 0.16515981 -0.20827164 44
1.0637144 0.36207238 -0.17227894 71
0.93968272 0.14118773 -0.24491157 18
1.0173104 0.3470208 -0.23995371 23
1.2952175 0.18924737 0.29390115 33
2.6729662 0.91131932 0.74636638 88
1.2561672 0.18402855 0.19532761 36
1.2119621 0.40846342 0.24163322 29
1.2370809 0.18125503 0.10633001 3
1.1786203 0.39529797 0.148165 3
1.2093339 0.17722574 0.020724732 40
1.152778 0.3856487 0.061887268 3
1.1511048 0.16857773 -0.059139628 29
1.1116555 0.3712959 -0.019852111 39
1.1444118 0.16700278 -0.1375166 3
1.0935192 0.36536032 -0.097637147 4
1.0982887 0.15977331 -0.20874825 43
1.0609186 0.35491204 -0.17149763 69
0.93562758 0.13558258 -0.24361916 21
1.0191134 0.34168947 -0.23995371 23
1.2882787 0.18617785 0.29221529 34
2.672267 0.90587372 0.74572015 87
1.2564864 0.18183585 0.19532761 35
1.2080247 0.40477142 0.24068004 29
1.2423261 0.17980176 0.10676579 4
1.1840106 0.39482734 0.14877349 3
1.2046926 0.17440605 0.020637469 40
1.1558155 0.38443285 0.062018104 4
1.1489258 0.16621493 -0.059008785 29
1.1170402 0.37094885 -0.019939372 41
1.1422449 0.16465507 -0.13721235 4
1.0847135 0.36027369 -0.096767329 5
1.1034255 0.15854608 -0.20970143 43
1.0638764 0.35384867 -0.17188829 69
0.94303685 0.13496149 -0.24555777 20
1.015093 0.33834985 -0.23882981 23
1.2916806 0.17953679 0.29277724 32
2.6746833 0.89110219 0.74507397 88
1.2525289 0.17457992 0.1945463 35
1.2054709 0.39688897 0.23972684 29
1.2383162 0.17261422 0.10633001 4
1.1860619 0.38862246 0.14877349 3
1.2105417 0.16877873 0.020724732 39
1.1483318 0.37523851 0.061494745 4
1.1522536 0.16053747 -0.059139628 30
1.1142205 0.36352611 -0.019852111 40
1.1430914 0.15867206 -0.13721235 4
1.0960432 0.35771728 -0.097637147 5
1.1091034 0.15343083 -0.21065462 44
1.0704025 0.34982657 -0.1726696 70
0.93415827 0.12872258 -0.24297296 20
1.0260975 0.33610272 -0.24107762 23
1.2919612 0.17750759 0.29277724 32
2.6716518 0.88490635 0.74378151 88
1.2650654 0.17405851 0.19649956 35
1.2108212 0.39632803 0.24068004 29
1.2435511 0.1711244 0.10676579 6
1.1890949 0.38732892 0.14907773 3
1.2034041 0.16565447 0.020593839 38
1.153728 0.37479407 0.061756425 4
1.1451106 0.15751745 -0.058747105 28
1.117228 0.36236119 -0.019895742 41
1.1482846 0.15734257 -0.13782084 4
1.0895681 0.35347015 -0.096984789 5
1.0996411 0.15018296 -0.20874825 43
1.0663208 0.34641287 -0.17188829 69
0.93916881 0.12773329 -0.24426536 20
1.0243695 0.33354723 -0.24051565 23
1.2904869 0.17019981 0.29221529 31
2.6647723 0.86715013 0.74055052 88
1.2586141 0.16647178 0.19532761 35
1.2152134 0.39074239 0.24115664 29
1.2345521 0.16331917 0.10589422 6
1.1934674 0.38186231 0.14938197 3
1.2067335 0.15967532 0.020637469 39
1.1580502 0.36951578 0.061887268 4
1.1533463 0.15248938 -0.059139628 28
1.1214887 0.35727429 -0.019939372 42
1.1490926 0.15132803 -0.13782084 4
1.1008838 0.35082227 -0.097854607 5
1.1077138 0.1453689 -0.21017802 45
1.0704691 0.34158507 -0.17227894 69
0.94222003 0.1231222 -0.24491157 19
1.0307359 0.32968301 -0.24163955 23
1.3004169 0.16941741 0.2944631 32
2.6685781 0.86324501 0.74119669 88
1.2638009 0.16490662 0.19610892 35
1.2182285 0.38937634 0.24163322 29
1.2447156 0.16243866 0.10676579 6
1.196494 0.38053936 0.14968622 3
1.2020522 0.15692937 0.020550208 37
1.1610703 0.36825767 0.062018104 5
1.1585628 0.15111408 -0.059401307 28
1.1197305 0.35455272 -0.019895742 40
1.1518162 0.14963798 -0.13812508 4
1.1014944 0.34890032 -0.097854607 6
1.1030971 0.14281338 -0.20922484 43
1.0710638 0.33971623 -0.17227894 70
0.94243348 0.12147753 -0.24491157 21
1.0313097 0.32788351 -0.24163955 24
1.3013145 0.16237903 0.2944631 32
2.6684608 0.84779048 0.73990428 88
1.2597457 0.157681 0.19532761 33
1.2225894 0.38373569 0.24210984 29
1.2356622 0.15469645 0.10589422 7
1.196104 0.37352109 0.14938197 4
1.2078187 0.15124689 0.020637469 37
1.1629826 0.36217329 0.062018104 6
1.161816 0.1453518 -0.059532147 26
1.1096513 0.3449288 -0.019677587 37
1.150121 0.14330223 -0.13782084 4
1.0938051 0.34013247 -0.096984789 7
1.1087017 0.13763213 -0.21017802 44
1.0657641 0.33187225 -0.17110699 68
0.94065928 0.11624993 -0.24426536 20
1.028368 0.32100761 -0.24051565 23
1.2943135 0.15945171 0.29277724 31
2.6653328 0.8416698 0.73861188 89
1.2575678 0.15518329 0.19493695 34
1.2255975 0.38234052 0.2425864 29
1.2458192 0.15374503 0.10676579 7
1.1991215 0.37217706 0.14968622 5
1.2006372 0.14823124 0.020506576 37
1.1659951 0.36088997 0.062148947 7
1.1571112 0.14272051 -0.059270468 27
1.1197931 0.34597984 -0.019852111 36
1.1528327 0.14159322 -0.13812508 8
1.0943971 0.33822292 -0.096984789 7
1.1113766 0.13599086 -0.21065462 44
1.0757654 0.33297026 -0.1726696 68
0.94325858 0.11489519 -0.24491157 19
1.0266031 0.31848055 -0.23995371 25
1.2975769 0.15272774 0.29333919 33
2.6581755 0.82410777 0.73538089 89
1.2608157 0.14888255 0.19532761 33
1.2182065 0.37301034 0.24068004 29
1.2342384 0.14577781 0.10567634 7
1.1986825 0.36516169 0.14938197 5
1.2113279 0.14310057 0.0206811 37
1.1607105 0.35257635 0.061756425 8
1.1628023 0.13723731 -0.059532147 28
1.1144216 0.33790818 -0.019721219 36
1.1486286 0.13498381 -0.1375166 7
1.096153 0.33248806 -0.096984789 7
1.1120735 0.13016987 -0.21065462 44
1.0727744 0.32587838 -0.17188829 68
0.94384724 0.10995475 -0.24491157 19
1.0352385 0.31525952 -0.24163955 28
1.3050759 0.1515217 0.29502505 32
2.6526892 0.81732219 0.73344225 90
1.2733395 0.14809015 0.19728087 3
1.2258915 0.37305212 0.24210984 28
1.2419137 0.1444757 0.10633001 7
1.2016904 0.36379662 0.14968622 6
1.2066094 0.14041594 0.020593839 36
1.1565495 0.34908932 0.061494745 9
1.1605599 0.13492328 -0.059401307 27
1.1197906 0.33742347 -0.019808481 36
1.1562586 0.13382286 -0.13842931 7
1.0967317 0.33057439 -0.096984789 7
1.1098604 0.12795177 -0.21017802 43
1.0709805 0.32328239 -0.17149763 65
0.9464376 0.10857772 -0.24555777 19
1.0288014 0.31130582 -0.23995371 24
1.2986115 0.14366528 0.29333919 32
2.6523118 0.80201596 0.73214984 90
nan nan nan 0
1.2184319 0.3637861 0.24020346 27
1.2327503 0.13688658 0.10545845 23
1.1988266 0.35606933 0.14907773 6
1.2048434 0.13382414 0.020550208 36
1.1559702 0.34231105 0.061363909 9
1.166214 0.12938751 -0.059662987 27
1.1167533 0.33011991 -0.019721219 34
1.1569433 0.12776689 -0.13842931 7
1.0960621 0.32411176 -0.096767329 15
1.1105152 0.12213882 -0.21017802 44
1.0631995 0.31482705 -0.16993502 37
0.93978947 0.10284705 -0.24361916 19
1.0374142 0.30802456 -0.24163955 27
1.3061018 0.14240693 0.29502505 32
2.6537073 0.79738557 0.73214984 90
nan nan nan 0
1.2237655 0.36307189 0.24115664 27
1.242892 0.13580206 0.10633001 34
1.192314 0.35184348 0.148165 10
1.2100455 0.13225666 0.020637469 35
1.1541735 0.33957931 0.061233066 30
1.156509 0.12628376 -0.059139628 27
1.1293056 0.33173871 -0.019939372 3
1.1497627 0.12495513 -0.1375166 7
1.096626 0.32219827 -0.096767329 53
1.1156075 0.1207203 -0.2111312 45
1.0613813 0.31226423 -0.16954435 5
0.94477081 0.10171404 -0.24491157 20
1.0426173 0.30761191 -0.24276346 28
1.3020064 0.13484329 0.29390115 32
2.6509001 0.78141975 0.73021126 90
nan nan nan 0
1.2209419 0.35527101 0.24020346 3
1.2311984 0.12802325 0.10524056 36
1.1893778 0.34419867 0.14755653 28
nan nan nan 0
1.1559356 0.33353147 0.061233066 34
1.1646051 0.12098867 -0.059532147 27
1.1286279 0.32512009 -0.019895742 3
1.1553385 0.11943568 -0.13812508 8
1.0959076 0.31575295 -0.096549876 45
1.1113408 0.11438306 -0.21017802 44
1.0701108 0.3087855 -0.17071633 5
0.95249933 0.097489223 -0.24685018 19
1.0535624 0.30489647 -0.24501128 30
1.3022165 0.13279794 0.29390115 31
2.6545763 0.77747458 0.73085743 91
1.2801968 0.13079189 0.19806218 2
nan nan nan 0
1.2413318 0.12687227 0.10611212 34
1.1899767 0.34212232 0.14755653 27
nan nan nan 0
1.1517214 0.33011961 0.060971387 34
1.1697826 0.11945526 -0.059793826 27
1.136395 0.32524058 -0.020026634 3
1.1555454 0.11741906 -0.13812508 7
1.1012404 0.31522942 -0.096984789 45
1.113981 0.11268612 -0.21065462 43
1.0682774 0.30622721 -0.17032568 5
0.94786131 0.095352806 -0.24555777 21
1.0424012 0.29964277 -0.24220152 31
1.3101913 0.12644191 0.295587 32
2.6516507 0.76155299 0.72891885 90
1.280864 0.12408703 0.19806218 3
nan nan nan 0
1.2444583 0.1206075 0.10633001 38
1.1845939 0.33384123 0.1466438 26
1.204106 0.11675142 0.020506576 3
1.1510332 0.32340032 0.060840551 33
1.1604508 0.11238195 -0.059270468 25
1.1356784 0.31860167 -0.019983005 3
1.1462628 0.11043122 -0.13690811 35
1.09569 0.30741215 -0.096332416 45
1.116999 0.10708191 -0.2111312 42
1.0698661 0.30062956 -0.17032568 5
0.94353837 0.089939855 -0.24426536 22
1.0556653 0.29753387 -0.24501128 32
1.3103882 0.12438371 0.295587 33
2.6460121 0.75492442 0.72698021 90
1.3056641 0.12415368 0.20196874 3
nan nan nan 0
1.2421873 0.11820312 0.10611212 37
1.1875621 0.33245099 0.14694805 31
1.2217292 0.11628114 0.020811994 3
1.1491938 0.32071069 0.060709707 37
1.1606451 0.11035641 -0.059270468 26
1.1458539 0.31933972 -0.020157529 3
1.1464537 0.10843045 -0.13690811 49
1.0914321 0.3041431 -0.095897511 46
1.119628 0.10535806 -0.21160781 42
1.0703892 0.29876181 -0.17032568 4
0.94128889 0.088072792 -0.24361916 22
1.0421244 0.2916916 -0.24163955 33
1.3037621 0.1166513 0.29390115 32
2.6476035 0.74040526 0.72633404 90
1.2939976 0.11622877 0.20001547 3
1.2257833 0.33818936 0.24020346 2
1.2477509 0.11213591 0.10654789 37
1.1773334 0.32290229 0.14542684 30
1.2098715 0.10878247 0.020593839 3
1.1508571 0.31468916 0.060709707 36
1.1636939 0.10449713 -0.059401307 25
1.1426927 0.31200057 -0.020070266 4
1.1371181 0.10155938 -0.13569117 40
1.0930096 0.29842424 -0.095897511 46
1.1079397 0.098429084 -0.20922484 38
1.0719388 0.2931532 -0.17032568 6
0.94895548 0.083765663 -0.24555777 20
1.0436374 0.28623104 -0.24163955 33
1.3136517 0.11544231 0.29614896 32
2.6395886 0.73318225 0.72374922 91
1.2966588 0.11418322 0.20040613 4
1.2334652 0.33802071 0.24163322 2
1.2479447 0.109958 0.10654789 37
1.180287 0.32150802 0.14573109 31
1.239943 0.10925887 0.02111741 4
1.1489979 0.3120167 0.060578868 36
1.1713364 0.1031109 -0.059793826 26
1.1456455 0.31066909 -0.020113898 4
1.1397659 0.09978696 -0.13599539 40
1.1031332 0.29916161 -0.096767329 44
1.1081098 0.096495211 -0.20922484 43
1.0676881 0.28996789 -0.16954435 6
0.94188088 0.081499264 -0.24361916 20
1.0464832 0.28505936 -0.24220152 34
1.3191131 0.10872638 0.29727286 32
2.6480498 0.72062749 0.72504157 91
1.2947775 0.1071922 0.20001547 6
1.2352182 0.33155766 0.24163322 3
1.2435387 0.1030185 0.10611212 37
1.191535 0.31791773 0.14694805 31
1.2155843 0.10073867 0.0206811 4
1.1530261 0.30664706 0.060709707 36
1.1768372 0.097380333 -0.060055505 25
1.1376024 0.30206329 -0.019939372 3
1.1353259 0.093418941 -0.13538691 40
1.0998753 0.29208395 -0.096332416 45
1.1183852 0.09147574 -0.2111312 42
1.0739592 0.28566256 -0.17032568 6
0.94951719 0.077138722 -0.24555777 20
1.0432594 0.27830032 -0.24107762 51
1.3119972 0.10607572 0.295587 32
2.6376519 0.71283466 0.72181058 92
1.2998856 0.10532401 0.20079677 6
1.2263186 0.32683906 0.23972684 3
1.2511646 0.10144068 0.10676579 37
1.1896915 0.31519327 0.1466438 31
1.2257252 0.099410087 0.020855624 4
1.1607938 0.30657396 0.06110223 36
1.1695391 0.094733372 -0.059662987 26
1.1477864 0.30266351 -0.020113898 4
1.1354872 0.091437288 -0.13538691 38
1.1027892 0.29080847 -0.096549876 46
1.1136498 0.089140259 -0.21017802 38
1.0816106 0.28570876 -0.17149763 6
0.94001901 0.074735217 -0.24297296 18
1.0460955 0.27711281 -0.24163955 82
1.3125519 0.098975614 0.295587 32
2.6390142 0.69839245 0.72116441 92
1.2979569 0.098333411 0.20040613 5
1.2375028 0.32292619 0.24163322 3
1.2367767 0.093780823 0.10545845 37
1.1937253 0.30959159 0.14694805 29
1.2237363 0.092805639 0.020811994 3
1.1527241 0.29795608 0.060578868 36
1.1774883 0.089162156 -0.060055505 25
1.1493554 0.29664958 -0.020113898 4
1.1433747 0.086037166 -0.13629964 41
1.1091148 0.28629431 -0.096984789 45
1.1238918 0.084023535 -0.2120844 43
1.0830916 0.28004158 -0.17149763 6
0.94039744 0.06981229 -0.24297296 20
1.0522431 0.27287462 -0.24276346 85
1.3151355 0.097089611 0.29614896 31
2.6378944 0.69316769 0.72051817 92
1.2981266 0.096067905 0.20040613 6
1.2404381 0.32138991 0.24210984 3
1.2443902 0.092162788 0.10611212 37
1.1846609 0.3049973 0.14573109 31
1.2338686 0.09139324 0.020986518 6
1.1508265 0.29531401 0.060448028 36
1.170172 0.086566202 -0.059662987 26
1.1571285 0.29653206 -0.02024479 4
1.145998 0.084219314 -0.13660388 39
1.1096127 0.28435808 -0.096984789 46
1.1117971 0.081188798 -0.20970143 38
1.0764112 0.27627978 -0.17032568 6
0.95015407 0.068849787 -0.24555777 19
1.0456482 0.26918569 -0.24107762 49
1.3205026 0.090298086 0.29727286 31
2.6391499 0.6787408 0.71987194 91
1.2961479 0.089103833 0.20001547 6
1.2516108 0.31733689 0.2440162 3
1.2473407 0.085813165 0.10633001 36
1.1910496 0.30002028 0.14633957 31
1.2343302 0.084931493 0.020986518 6
1.152357 0.28928429 0.060448028 37
1.183064 0.081274025 -0.060317189 25
1.1513984 0.28861839 -0.020113898 4
1.1464233 0.078217752 -0.13660388 39
1.1038463 0.27669883 -0.096332416 44
1.1171046 0.075689934 -0.21065462 38
1.0754033 0.27021641 -0.16993502 6
0.94568181 0.063559651 -0.24426536 18
1.049403 0.26431197 -0.24163955 34
1.3157812 0.087905943 0.29614896 31
2.6379917 0.67353219 0.71922576 92
1.2987504 0.087229684 0.20040613 7
1.2402736 0.3121148 0.24163322 4
1.2474886 0.083636016 0.10633001 36
1.1867094 0.29692656 0.14573109 31
1.239465 0.083104014 0.021073779 6
1.15765 0.28870034 0.060709707 36
1.1832041 0.079209067 -0.060317189 27
1.1519003 0.2866084 -0.020113898 5
1.1415924 0.076094866 -0.13599539 38
1.1115708 0.27660465 -0.096984789 44
1.1172351 0.073740102 -0.21065462 39
1.0806602 0.2695539 -0.17071633 6
0.95302176 0.062367737 -0.24620397 21
1.0545382 0.26386583 -0.24276346 29
1.3283815 0.081746191 0.29895869 31
2.6413667 0.66017151 0.71922576 93
1.301654 0.080577292 0.20079677 8
1.2537417 0.30881014 0.2440162 6
1.2503819 0.077471174 0.10654789 35
1.2051047 0.29489931 0.14786077 27
1.2373747 0.076678634 0.021030148 6
1.1664156 0.28443676 0.06110223 35
1.1786057 0.072918862 -0.060055505 28
1.1509098 0.28017396 -0.020070266 7
1.1494062 0.070560575 -0.13690811 38
1.1081216 0.26977757 -0.096549876 43
1.1273935 0.068664826 -0.212561 38
1.0820566 0.26389191 -0.17071633 6
0.94609255 0.05712118 -0.24426536 19
1.0535417 0.25775182 -0.24220152 27
1.3260765 0.079517134 0.29839677 31
2.6261139 0.65146208 0.71470231 93
1.2919326 0.077726468 0.19923416 29
1.251897 0.30603024 0.2435396 6
1.2505152 0.075288728 0.10654789 35
1.2080268 0.29339001 0.148165 26
1.2449926 0.074958391 0.021161042 7
1.1669104 0.28240055 0.06110223 35
1.1837158 0.071153484 -0.060317189 26
1.1611068 0.28054976 -0.02024479 8
1.1445731 0.068266965 -0.13629964 36
1.1085907 0.2678431 -0.096549876 39
1.1226113 0.066415362 -0.21160781 38
1.0849133 0.26259363 -0.17110699 8
0.95101309 0.055742841 -0.24555777 17
1.0468954 0.25415826 -0.24051565 27
1.321622 0.072082855 0.29727286 32
2.6060288 0.63197094 0.70824027 93
1.2997192 0.071356334 0.20040613 30
1.2487123 0.29831368 0.2425864 6
1.2384576 0.068075307 0.10545845 27
1.2023097 0.28531539 0.14725228 27
1.23788 0.068038322 0.021030148 7
1.1732277 0.27745408 0.061363909 34
1.1740999 0.064423263 -0.059793826 26
1.1576986 0.27329937 -0.020157529 7
1.1449149 0.062273089 -0.13629964 36
1.1051348 0.26087123 -0.096114971 38
1.1327468 0.061048552 -0.21351418 42
1.0862733 0.25690949 -0.17110699 7
0.94888008 0.050638735 -0.24491157 18
1.0505797 0.24924567 -0.24107762 26
1.3168682 0.069756038 0.29614896 32
nan nan nan 0
1.2875117 0.068450227 0.19845285 29
1.2468451 0.29555926 0.24210984 7
nan nan nan 0
1.2076323 0.2843717 0.14786077 25
1.2429893 0.066135861 0.02111741 7
1.1785669 0.27656484 0.061625589 33
1.1816905 0.062759429 -0.060186349 26
1.1533109 0.27011985 -0.020070266 7
1.1524564 0.060653966 -0.13721235 36
1.1055884 0.25894201 -0.096114971 36
1.1230476 0.058576502 -0.21160781 38
1.0819168 0.25386533 -0.17032568 7
0.94896698 0.048982553 -0.24491157 17
1.0557508 0.24854822 -0.24220152 28
1.3293934 0.063191123 0.29895869 31
nan nan nan 0
1.2977189 0.062166315 0.20001547 30
1.2435977 0.28790262 0.24115664 25
nan nan nan 0
1.211521 0.27860963 0.148165 4
1.2383248 0.059394706 0.021030148 22
1.1775675 0.26982343 0.061494745 7
1.1820028 0.056571282 -0.060186349 26
1.1498402 0.26294434 -0.019983005 29
1.1527581 0.054618914 -0.13721235 35
1.1069291 0.25314963 -0.096114971 33
1.1306938 0.053028159 -0.21303758 42
1.0928496 0.25044236 -0.17188829 9
0.94438517 0.043799069 -0.24361916 19
1.0617812 0.24412863 -0.24332541 28
1.3221903 0.060777698 0.29727286 31
1.6263992 0.37762076 0.43748054 14
1.2953585 0.05979098 0.19962481 33
1.248878 0.2868475 0.24210984 29
nan nan nan 0
1.2144227 0.27705544 0.14846925 4
1.2259409 0.056675103 0.020811994 31
1.1901987 0.27058005 0.062148947 2
1.1845939 0.05461929 -0.060317189 25
1.1502974 0.26093709 -0.019983005 40
1.1553308 0.052715994 -0.1375166 35
1.1146489 0.25289932 -0.096767329 4
1.125881 0.05084141 -0.2120844 38
1.0884738 0.24742028 -0.17110699 60
0.94446015 0.04215074 -0.24361916 17
1.0550874 0.24061996 -0.24163955 28
1.3322364 0.054003961 0.29952067 31
1.6071699 0.36423633 0.43166471 39
1.3005887 0.053202465 0.20040613 32
1.2503629 0.28030449 0.24210984 30
1.2815926 0.052446682 0.10916256 2
1.2158567 0.27069297 0.14846925 2
1.2312162 0.050452478 0.020899255 34
1.191599 0.26434451 0.062148947 2
1.1973455 0.048697151 -0.060971387 32
1.1443325 0.25326201 -0.019852111 35
1.1531113 0.046569876 -0.13721235 35
1.1281489 0.24960247 -0.097854607 3
1.1285841 0.045039423 -0.212561 38
1.092163 0.24226223 -0.17149763 71
0.94225454 0.037114821 -0.24297296 17
1.0587085 0.23563157 -0.24220152 24
1.3323287 0.051678687 0.29952067 32
1.6125126 0.36250329 0.43295711 65
1.3031471 0.051025491 0.20079677 35
1.2532926 0.27844423 0.2425864 29
1.2791936 0.050115939 0.10894468 2
1.2187483 0.26911432 0.14877349 2
1.2263151 0.047901075 0.020811994 39
1.196931 0.26335528 0.062410627 2
1.189944 0.046327643 -0.060578868 33
1.1496515 0.25235492 -0.019939372 39
1.1631098 0.044924423 -0.13842931 31
1.1261523 0.2470898 -0.097637147 4
1.1311134 0.043159101 -0.21303758 37
1.092584 0.24035569 -0.17149763 70
0.95197815 0.035647947 -0.24555777 18
1.0543652 0.23271313 -0.24107762 24
1.3252844 0.044235993 0.29783478 32
1.6073774 0.35220289 0.4310185 71
1.296 0.04373493 0.19962481 34
1.2499399 0.27082172 0.24163322 30
1.2918919 0.043596137 0.11003412 3
1.2177626 0.26198563 0.14846925 2
1.2265491 0.04147948 0.020811994 38
1.1885817 0.25474635 0.061887268 3
1.2001514 0.040417146 -0.06110223 33
1.1510001 0.24613103 -0.019939372 39
1.1608557 0.038552392 -0.13812508 31
1.1347307 0.24278159 -0.098289512 4
1.1386895 0.037267283 -0.21446738 39
1.1011056 0.23602265 -0.1726696 70
0.94973785 0.030590026 -0.24491157 18
1.0556087 0.22700509 -0.24107762 24
1.332657 0.042376094 0.29952067 32
1.6103482 0.34991637 0.43166471 71
1.2985426 0.041548323 0.20001547 34
1.2456157 0.26759163 0.24068004 30
1.2645835 0.040504683 0.10763735 4
1.2327675 0.26301885 0.15029469 3
1.2316164 0.039491348 0.020899255 38
1.1914647 0.25319952 0.062018104 3
1.1952294 0.038170811 -0.060840551 33
1.1563145 0.24517742 -0.020026634 42
1.1658818 0.036674351 -0.13873357 2
1.1254156 0.23869552 -0.097419694 4
1.1338464 0.03513594 -0.21351418 37
1.0966893 0.23305432 -0.17188829 70
0.95220381 0.02900107 -0.24555777 17
1.060764 0.22619861 -0.24220152 25
1.3279963 0.035043556 0.29839677 31
1.6168808 0.34249398 0.43295711 65
1.2938054 0.034623668 0.19923416 34
1.2614013 0.264135 0.2435396 30
1.2772267 0.034197915 0.10872678 5
1.2341278 0.2565605 0.15029469 3
1.2343051 0.033105358 0.020942885 38
1.1976597 0.24798802 0.062279783 3
1.2029002 0.032100327 -0.061233066 33
1.1502445 0.23757464 -0.019895742 39
1.1734998 0.030752512 -0.13964628 3
1.12665 0.23279962 -0.097419694 3
1.1315614 0.029139573 -0.21303758 38
1.0930626 0.22628801 -0.17110699 67
0.94509947 0.023846801 -0.24361916 16
1.0619338 0.22064137 -0.24220152 24
1.3256142 0.032900535 0.29783478 31
1.612752 0.33866557 0.43166471 58
1.2988009 0.032481849 0.20001547 33
1.2570581 0.26091841 0.2425864 30
1.2872435 0.032203384 0.10959835 7
1.2370021 0.25491571 0.15059893 3
1.2343611 0.030951042 0.020942885 39
1.1956471 0.24538641 0.062148947 3
1.1979626 0.029884059 -0.060971387 34
1.1506574 0.23556672 -0.019895742 40
1.1834748 0.028931243 -0.14086325 3
1.1319304 0.23185149 -0.097854607 4
1.1291571 0.027109763 -0.212561 37
1.0958728 0.22488613 -0.17149763 69
0.94996852 0.02230094 -0.24491157 18
1.0599333 0.21828611 -0.24163955 24
1.3379509 0.025946772 0.30064458 31
1.6239618 0.33217889 0.43424952 48
1.3088287 0.025861928 0.20157808 32
1.2535994 0.25334343 0.24163322 29
1.2824144 0.025371708 0.10916256 7
1.2310265 0.24694483 0.14968622 3
1.2320071 0.024441745 0.020899255 38
1.2042545 0.24061716 0.062541462 3
1.1956065 0.023565846 -0.060840551 32
1.1543244 0.23003659 -0.019939372 40
1.181129 0.022690475 -0.140559 3
1.1331288 0.22592157 -0.097854607 4
1.1317372 0.021239137 -0.21303758 37
1.1067131 0.22111933 -0.17306025 70
0.94524288 0.017248238 -0.24361916 17
1.0586753 0.21224436 -0.24107762 24
1.33799 0.023845093 0.30064458 31
1.6269046 0.32983047 0.43489572 43
1.306403 0.023536611 0.20118743 32
1.2612537 0.25262672 0.24306302 30
1.2924173 0.023298603 0.11003412 7
1.2387516 0.24627367 0.15059893 3
1.2445441 0.022498665 0.02111741 37
1.1997781 0.23752716 0.062279783 3
1.1981421 0.021520041 -0.060971387 33
1.1547242 0.22802156 -0.019939372 38
1.1762046 0.020550163 -0.13995051 3
1.1359627 0.22443581 -0.098072052 4
1.1342266 0.019301545 -0.21351418 36
1.104677 0.21869811 -0.1726696 71
0.94768637 0.015633434 -0.24426536 16
1.0638188 0.21136598 -0.24220152 24
1.3454072 0.016685912 0.30233043 31
1.6286093 0.32130754 0.43489572 43
1.3114465 0.016752036 0.20196874 32
1.2577447 0.2450635 0.24210984 29
1.2850506 0.016446473 0.10938046 7
1.2302859 0.23786485 0.14938197 3
1.239646 0.015925257 0.021030148 37
1.2034551 0.231723 0.062410627 4
1.2107203 0.015385751 -0.061625589 33
1.1485435 0.22052994 -0.019808481 37
1.1911837 0.014549823 -0.14177597 4
1.1395663 0.21896434 -0.098289512 4
1.134312 0.013362512 -0.21351418 36
1.1058069 0.21291105 -0.1726696 70
0.95017016 0.010693508 -0.24491157 16
1.064911 0.20579296 -0.24220152 24
1.335688 0.014480696 0.30008259 31
1.6386431 0.32034424 0.43748054 43
1.313943 0.014486808 0.20235939 31
1.2678026 0.2447629 0.2440162 29
1.3000195 0.014347052 0.11068779 7
1.2355698 0.23666842 0.14999044 3
1.2371724 0.013737648 0.020986518 36
1.1989566 0.22866863 0.062148947 4
1.208249 0.013249092 -0.061494745 33
1.1562879 0.21995457 -0.019939372 40
1.1837634 0.012404534 -0.14086325 4
1.1423914 0.21745031 -0.098506965 4
1.1441498 0.011464981 -0.21542056 37
1.1013294 0.21003588 -0.17188829 70
0.94535744 0.0089988839 -0.24361916 19
1.0628778 0.20346583 -0.24163955 24
1.3479269 0.0073026465 0.30289239 31
1.6497833 0.31358996 0.44006535 43
1.3214086 0.0076391753 0.20353137 6
1.2642459 0.23719913 0.24306302 28
1.2826436 0.007463933 0.10916256 7
1.2367922 0.23019578 0.14999044 5
1.2472258 0.0073032961 0.021161042 36
1.2124028 0.22470759 0.062803142 5
1.2157913 0.0069539356 -0.061887268 33
1.1574237 0.21389726 -0.019939372 38
1.1912563 0.0062335054 -0.14177597 4
1.1312783 0.20915379 -0.097419694 4
1.1417401 0.0054663876 -0.21494396 37
1.1096925 0.20564567 -0.17306025 68
0.94780666 0.0040543824 -0.24426536 16
1.0663216 0.19835353 -0.24220152 23
1.3479366 0.0051853196 0.30289239 31
1.6527001 0.31116343 0.44071156 44
1.32142 0.0053328713 0.20353137 6
1.2694803 0.23590609 0.2440162 28
1.2901262 0.0052448479 0.10981624 7
1.237192 0.22803682 0.14999044 5
1.2497362 0.0051330104 0.021204671 36
1.2054315 0.22121218 0.062410627 7
1.208312 0.0048136692 -0.061494745 32
1.1528813 0.21095811 -0.019852111 37
1.1912652 0.0041543627 -0.14177597 5
1.1414336 0.20901154 -0.098289512 5
1.1466562 0.003480521 -0.21589714 36
1.1051958 0.20279756 -0.17227894 70
0.95022726 0.0024014073 -0.24491157 18
1.0594847 0.19513778 -0.24051565 24
1.340637 -0.0020860764 0.3012065 31
1.6614301 0.30382851 0.44265017 44
1.3214298 -0.0015861086 0.20353137 3
1.2755255 0.23014447 0.2449694 28
1.2801741 -0.0014841976 0.10894468 21
1.2408103 0.22200163 0.15029469 5
1.2547452 -0.0014237214 0.021291936 35
1.2114857 0.2157912 0.06267231 8
1.2108172 -0.001520046 -0.061625589 32
1.1662672 0.20715132 -0.020070266 36
1.1962336 -0.0020995738 -0.14238444 7
1.140062 0.20258687 -0.098072052 6
1.1368421 -0.0024856837 -0.21399076 36
1.1038134 0.19656526 -0.17188829 68
0.94781184 -0.0025626009 -0.24426536 14
1.0652841 0.19046548 -0.24163955 24
1.350376 -0.004236158 0.30345434 30
1.6595825 0.30049151 0.44200397 46
1.3337712 -0.0039463062 0.20548463 3
1.2638532 0.22571754 0.2425864 28
1.2826599 -0.0037293856 0.10916256 29
1.2460793 0.22071876 0.15090318 6
1.247242 -0.0035809416 0.021161042 35
1.2094036 0.21323389 0.062541462 8
1.2083162 -0.003621988 -0.061494745 32
1.1567862 0.20334664 -0.019895742 36
1.1912653 -0.0041622715 -0.14177597 7
1.1428651 0.20103781 -0.098289512 7
1.1441984 -0.0045109624 -0.21542056 36
1.1017247 0.19419989 -0.17149763 68
0.95263588 -0.0042480309 -0.24555777 18
1.068012 0.18904068 -0.24220152 23
1.3503333 -0.011542298 0.30345434 31
1.670643 0.29349524 0.44458878 48
1.3337324 -0.01092983 0.20548463 3
nan nan nan 0
1.2826228 -0.010445295 0.10916256 31
1.2398856 0.21290503 0.14999044 10
1.2472061 -0.010111406 0.021161042 31
1.2105033 0.20689858 0.062541462 8
1.2057841 -0.0099242376 -0.061363909 32
1.1726098 0.1998629 -0.020157529 36
1.1912272 -0.010399636 -0.14177597 7
1.1439019 0.19505106 -0.098289512 7
1.1466131 -0.010528438 -0.21589714 36
1.1027263 0.18842864 -0.17149763 59
0.94777089 -0.0091794599 -0.24426536 16
1.0617895 0.1821795 -0.24051565 23
1.3478776 -0.013635321 0.30289239 30
1.6782874 0.2918396 0.44652739 48
1.3411187 -0.013341652 0.20665661 4
nan nan nan 0
1.2801124 -0.012655625 0.10894468 37
1.2427002 0.2111652 0.15029469 28
nan nan nan 0
1.1961023 0.20223331 0.061756425 34
1.2032685 -0.011999953 -0.061233066 32
1.1729567 0.19781601 -0.020157529 34
1.2011322 -0.012598233 -0.14299291 7
1.1466949 0.19347817 -0.098506965 7
1.149047 -0.012560477 -0.21637374 36
1.1030537 0.18650374 -0.17149763 61
0.95258301 -0.010898527 -0.24555777 15
1.0717056 0.18199797 -0.24276346 23
1.3404772 -0.020804089 0.3012065 30
1.6821729 0.28345591 0.44717363 48
1.3385614 -0.020322576 0.20626594 4
nan nan nan 0
1.2800286 -0.019358074 0.10894468 36
1.2413417 0.20424385 0.14999044 30
nan nan nan 0
1.2020693 0.19679277 0.062018104 32
1.2156703 -0.018509204 -0.061887268 33
1.1863037 0.1937324 -0.020375684 3
1.1911255 -0.01871565 -0.14177597 7
1.140323 0.1862383 -0.097854607 22
1.1465118 -0.018532988 -0.21589714 36
1.0991446 0.17990798 -0.17071633 62
0.95251292 -0.015886068 -0.24555777 18
1.0678396 0.17557323 -0.24163955 23
1.3477497 -0.023044873 0.30289239 30
1.682665 0.28051952 0.44717363 50
1.3508682 -0.022885025 0.20821923 5
nan nan nan 0
1.2799928 -0.021592116 0.10894468 36
1.2319055 0.20044734 0.14877349 28
1.2395729 -0.020857396 0.021030148 2
1.199948 0.19428627 0.061887268 31
1.2056516 -0.020446176 -0.061363909 10
1.1767753 0.19003031 -0.02020116 2
1.196053 -0.020888936 -0.14238444 7
1.1332752 0.18302749 -0.097202234 48
1.1513851 -0.020629939 -0.21685033 36
1.1067647 0.17920306 -0.17188829 27
0.94765466 -0.017449865 -0.24426536 17
1.0657418 0.17330803 -0.24107762 23
1.3476052 -0.030336529 0.30289239 30
1.6912602 0.27287862 0.44911221 49
1.3482612 -0.029899629 0.20782857 6
1.2824879 0.20377506 0.245446 2
1.2773724 -0.028235137 0.10872678 36
1.2304882 0.19359981 0.14846925 28
1.259438 -0.02781859 0.021379197 3
1.1935536 0.18681487 0.061494745 32
1.2155116 -0.026995663 -0.061887268 10
1.1802225 0.18426105 -0.02024479 2
1.198408 -0.027211335 -0.14268869 10
1.1366771 0.17748508 -0.097419694 43
1.1561679 -0.026779896 -0.21780351 36
1.1101258 0.17379743 -0.17227894 4
0.95479304 -0.022597374 -0.24620397 18
1.073849 0.16889136 -0.24276346 23
1.3572967 -0.032701574 0.3051402 30
1.6965015 0.27070028 0.45040461 50
1.358081 -0.032502677 0.20939118 6
1.2779953 0.20075756 0.24449281 2
1.2847903 -0.030653592 0.10938046 36
1.2234727 0.19028094 0.14755653 30
1.2643853 -0.030143186 0.02146646 3
1.1889462 0.18394949 0.061233066 37
1.2229497 -0.029307919 -0.062279783 10
1.1854801 0.1829821 -0.020332051 3
1.1859556 -0.028980291 -0.14116748 33
1.1320654 0.17472173 -0.096984789 44
1.1487596 -0.028602453 -0.21637374 36
1.1128662 0.1722472 -0.1726696 4
0.95233798 -0.024197599 -0.24555777 16
1.0765477 0.16740133 -0.24332541 23
1.3595349 -0.040119983 0.30570215 28
1.6907382 0.26069039 0.44846603 51
1.3578923 -0.039613094 0.20939118 7
1.2863044 0.19519344 0.24592258 2
1.2821227 -0.03730423 0.10916256 36
1.2318099 0.18500473 0.14846925 31
1.2717054 -0.036992051 0.021597352 3
1.1923608 0.17809975 0.061363909 36
1.2202842 -0.03563416 -0.062148947 9
1.1814801 0.17601712 -0.02024479 3
1.1882679 -0.035267025 -0.14147173 32
1.1329647 0.16879189 -0.096984789 43
1.151047 -0.034694869 -0.21685033 36
1.1161934 0.16679268 -0.17306025 5
0.95943946 -0.029420098 -0.24749638 16
1.070187 0.16064674 -0.24163955 23
1.3594702 -0.042255487 0.30570215 28
1.7007365 0.2592203 0.45105085 50
1.357821 -0.041983005 0.20939118 7
1.2890687 0.19332059 0.24639918 3
1.2820556 -0.0395419 0.10916256 36
1.2370372 0.18360092 0.14907773 28
1.2691406 -0.039130844 0.021553721 3
1.1852646 0.17489715 0.060971387 36
1.2227153 -0.037844934 -0.062279783 8
1.1867287 0.17470148 -0.020332051 3
1.1782844 -0.037013534 -0.14025477 38
1.1332575 0.16681424 -0.096984789 41
1.1534375 -0.036785997 -0.21732694 36
1.1189243 0.16521485 -0.17345092 4
0.95214587 -0.030845528 -0.24555777 18
1.0704656 0.15877867 -0.24163955 23
1.3567874 -0.049518034 0.3051402 26
1.699682 0.24995393 0.45040461 52
1.3600502 -0.049184572 0.20978184 7
1.2706422 0.18369018 0.2425864 3
1.291786 -0.046627887 0.11003412 36
1.2379816 0.17712133 0.14907773 31
1.2689183 -0.045775484 0.021553721 4
1.2009861 0.17085372 0.061756425 35
1.2175108 -0.044058315 -0.062018104 8
1.1802067 0.1674042 -0.02020116 3
1.1780745 -0.043182485 -0.14025477 37
1.1439734 0.16231634 -0.097854607 45
1.1507767 -0.042729784 -0.21685033 36
1.119774 0.15935393 -0.17345092 4
0.94473183 -0.035543539 -0.24361916 18
1.0809225 0.15459166 -0.24388736 23
1.3688786 -0.052129518 0.30794996 24
1.6977267 0.24663344 0.44975844 52
1.35256 -0.0512674 0.20860986 7
1.2879586 0.183961 0.24592258 3
1.2966797 -0.049077954 0.1104699 36
1.2284658 0.17353611 0.14786077 31
1.2813249 -0.048480764 0.021771874 6
1.1938697 0.1676878 0.061363909 36
1.2274107 -0.046577007 -0.062541462 8
1.1854453 0.16605629 -0.020288423 3
1.1804767 -0.045337696 -0.140559 37
1.1393247 0.15960905 -0.097419694 42
1.1556046 -0.044936888 -0.21780351 37
1.1224941 0.15775277 -0.17384157 4
0.94708139 -0.03729222 -0.24426536 17
1.0811906 0.15270486 -0.24388736 23
1.3661429 -0.059425835 0.30738801 23
1.7133399 0.23978752 0.45363566 53
1.3498063 -0.058238789 0.20821923 9
1.2889041 0.1772148 0.24592258 3
1.2864529 -0.055423431 0.10959835 36
1.239188 0.16847435 0.14907773 30
1.2785565 -0.055077862 0.021728246 7
1.2046225 0.16280873 0.061887268 36
1.22715 -0.053003047 -0.062541462 8
1.1813465 0.15916081 -0.02020116 4
1.1876599 -0.051854402 -0.14147173 38
1.1376779 0.15329908 -0.097202234 42
1.1578052 -0.051099166 -0.21828012 37
1.1208591 0.15153262 -0.17345092 4
0.94446075 -0.042138092 -0.24361916 20
1.0747381 0.14602716 -0.24220152 23
1.3757814 -0.062023904 0.30963579 20
1.7161469 0.23713374 0.45428187 53
1.3423026 -0.060252056 0.20704725 26
1.2989342 0.17631929 0.24782895 4
1.2963055 -0.058129217 0.1104699 36
1.2321055 0.16529454 0.148165 29
1.2734644 -0.057078142 0.021640982 6
1.1925378 0.15900972 0.061233066 36
1.2245617 -0.055028882 -0.062410627 8
1.1865758 0.15777633 -0.020288423 4
1.1850886 -0.053810719 -0.14116748 37
1.1453462 0.15232724 -0.097854607 43
1.1503601 -0.052770447 -0.21685033 36
1.1186755 0.1492397 -0.17306025 4
0.95162237 -0.044136558 -0.24555777 19
1.0774043 0.14448513 -0.24276346 22
1.3778586 -0.069592886 0.31019777 18
1.712579 0.22749597 0.45298943 54
1.3444347 -0.067406558 0.20743792 30
1.2974073 0.16918984 0.24735238 6
1.2934963 -0.064787664 0.11025202 36
1.2452538 0.16047123 0.14968622 28
1.2756444 -0.063873813 0.021684613 6
1.2032546 0.15406866 0.061756425 35
1.2317364 -0.061826646 -0.062803142 11
1.1972988 0.15286463 -0.020462945 4
1.1897467 -0.060273927 -0.14177597 37
1.1436589 0.14600307 -0.097637147 42
1.1623217 -0.059439454 -0.2192333 37
1.1292336 0.14467467 -0.17462288 5
0.95378977 -0.049247947 -0.24620397 19
1.0757314 0.13852057 -0.24220152 22
1.3777475 -0.07175713 0.31019777 15
1.7177607 0.22514708 0.45428187 54
1.3369176 -0.069358781 0.20626594 30
1.3025664 0.1675684 0.24830556 6
1.2958682 -0.067177646 0.1104699 35
1.245532 0.1582976 0.14968622 27
1.2805231 -0.066366121 0.021771874 6
1.1985703 0.15132441 0.061494745 34
1.2241478 -0.063576527 -0.062410627 11
1.1975636 0.15077472 -0.020462945 4
1.1871619 -0.06221658 -0.14147173 37
1.1513212 0.14496909 -0.098289512 43
1.1622162 -0.061467994 -0.2192333 36
1.1196902 0.1414263 -0.17306025 4
0.9561137 -0.0510461 -0.24685018 19
1.0832173 0.13759421 -0.24388736 22
