# .PCD v0.7 - Point Cloud Data file format
VERSION 0.7
FIELDS x y z intensity
SIZE 4 4 4 4
TYPE F F F F
COUNT 1 1 1 1
WIDTH 16
HEIGHT 1800
VIEWPOINT 0 0 0 1 0 0 0
POINTS 28800
DATA ascii
1.8782921 -0.10870925 0.42595997 67
2.5860355 0.32753813 0.68820792 95
1.5016959 -0.086025551 0.23243985 25
2.5840454 0.32320705 0.49899405 95
1.472021 -0.084294632 0.12594004 2
1.5024043 0.18389486 0.18132719 20
1.394944 -0.079789013 0.023778902 2
1.4297421 0.17378482 0.073662855 26
1.3309662 -0.076277129 -0.068036743 38
1.3694917 0.16579039 -0.023473486 27
1.2685635 -0.073273808 -0.15151165 37
1.3028216 0.15771663 -0.11155425 33
1.2378216 -0.072090931 -0.23400773 39
1.2723274 0.15456413 -0.19728087 3
0.9437803 -0.055320714 -0.24361916 20
1.08634 0.13222511 -0.24444932 17
1.8756874 -0.1115125 0.42539802 58
2.5818117 0.32241708 0.68691558 95
1.508938 -0.089092158 0.23361182 25
2.5870411 0.31900117 0.49947065 95
1.4619278 -0.086264171 0.12506849 2
1.4904097 0.17974958 0.17980599 22
1.4047831 -0.082825214 0.023953427 3
1.4325212 0.17159389 0.073793694 25
1.3308311 -0.078599989 -0.068036743 37
1.3821841 0.1649209 -0.023691639 5
1.2659568 -0.075336695 -0.1512074 39
1.295679 0.15453197 -0.11090188 33
1.2327949 -0.073949873 -0.23305453 40
1.2652431 0.15143664 -0.19610892 3
0.94850302 -0.057268593 -0.24491157 20
1.0817341 0.12972838 -0.24332541 17
1.889641 -0.12262029 0.42876971 59
2.5858617 0.30918536 0.68756169 95
1.5010588 -0.096507177 0.23243985 24
2.5886757 0.30545115 0.49947065 95
1.4564857 -0.093591817 0.12463271 3
1.4987233 0.17281838 0.18071872 20
1.3818818 -0.088708125 0.023560748 3
1.428441 0.16350748 0.073532015 25
1.3254188 -0.085239656 -0.067775063 37
1.3805461 0.15739037 -0.023648011 5
1.2680211 -0.08212819 -0.15151165 37
1.3063644 0.148908 -0.1117717 33
1.2274934 -0.080076724 -0.23210135 39
1.2733754 0.14567791 -0.19728087 3
0.94578069 -0.062071141 -0.24426536 21
1.0775607 0.1234875 -0.24220152 17
1.8894461 -0.12558839 0.42876971 59
2.5792036 0.30381134 0.68562311 95
1.4959606 -0.098795272 0.23165853 25
2.5818932 0.30006978 0.49804088 95
1.4563203 -0.096133724 0.12463271 4
1.4965578 0.16991499 0.18041447 19
1.3917009 -0.091791175 0.023735272 5
1.4262443 0.16072674 0.073401175 24
1.3302499 -0.087888949 -0.068036743 37
1.3857849 0.15555437 -0.023735272 2
1.2777786 -0.085014544 -0.15272862 36
1.3066223 0.14662774 -0.1117717 33
1.2175581 -0.081547894 -0.23019497 40
1.258911 0.14174464 -0.19493695 3
0.94567084 -0.063721746 -0.24426536 23
1.0801939 0.12188998 -0.24276346 15
1.8911685 -0.13598654 0.42933169 57
2.5783594 0.29002833 0.68497688 95
1.5101995 -0.1076989 0.23400246 24
2.5907452 0.28737149 0.49947065 95
1.4483449 -0.10321695 0.12397905 5
1.4900284 0.16125339 0.17950176 19
1.3961871 -0.099438593 0.023822535 6
1.4295477 0.15353118 0.073532015 2
1.3223015 -0.094309568 -0.067644224 36
1.3816112 0.14774859 -0.023648011 2
1.2674167 -0.090978578 -0.15151165 36
1.3048967 0.13951103 -0.11155425 33
1.2195618 -0.088102445 -0.23067155 42
1.2596358 0.13515109 -0.19493695 3
0.94773257 -0.068852186 -0.24491157 19
1.0783964 0.11596177 -0.24220152 14
1.8909527 -0.13895699 0.42933169 61
2.5812616 0.28579786 0.68562311 95
1.5026219 -0.10978554 0.23283051 24
2.581486 0.28176701 0.49756429 95
1.4456791 -0.10556006 0.12376115 5
1.4927741 0.1589227 0.17980599 19
1.3935187 -0.10168999 0.023778902 6
nan nan nan 0
1.3246245 -0.096802719 -0.067775063 36
1.389322 0.14614555 -0.023778902 2
1.2722051 -0.093561746 -0.15212013 36
1.3026621 0.13696435 -0.11133679 34
1.2120647 -0.089676268 -0.22924179 44
1.2672342 0.13375632 -0.19610892 4
0.94038689 -0.069954127 -0.24297296 20
1.0858613 0.11487884 -0.24388736 18
1.897458 -0.14976823 0.43101752 61
2.5755188 0.27150613 0.68368453 95
1.5020266 -0.11765172 0.23283051 24
2.582926 0.26824659 0.49756429 95
1.4451064 -0.11312815 0.12376115 5
1.503458 0.15213332 0.18102296 15
1.4054259 -0.10997649 0.023997057 6
nan nan nan 0
1.3166336 -0.10314163 -0.067382544 36
1.382609 0.1380996 -0.023648011 3
1.2642772 -0.099625945 -0.1512074 36
1.3058389 0.13039781 -0.11155425 33
1.2140248 -0.096219033 -0.22971837 45
1.265461 0.12686418 -0.19571826 3
0.95204282 -0.07586012 -0.24620397 18
1.0816025 0.10868415 -0.24276346 14
1.9045043 -0.15334229 0.43270341 59
2.575989 0.2670106 0.68368453 95
1.4968965 -0.1198727 0.2320492 24
2.5785081 0.26323104 0.49661112 95
1.4548361 -0.11645776 0.12463271 5
1.4913788 0.14824447 0.17950176 2
1.3952663 -0.11161868 0.023822535 6
1.440768 0.14206123 0.074055374 2
1.3164515 -0.10543942 -0.067382544 35
1.3753873 0.13492978 -0.023517117 3
1.2715209 -0.10244107 -0.15212013 36
1.301109 0.12761511 -0.11111933 34
1.2211924 -0.098943584 -0.23114817 44
1.2632241 0.12440452 -0.19532761 4
0.94950235 -0.077320814 -0.24555777 21
1.0890601 0.10754492 -0.24444932 18
1.9036467 -0.16364436 0.43270341 61
2.5749485 0.25327846 0.68303829 95
1.4937884 -0.12749569 0.23165853 24
2.5871782 0.25044873 0.49804088 95
1.4566876 -0.12428853 0.1248506 5
1.5020137 0.14139359 0.18071872 2
1.3921723 -0.11870703 0.023778902 6
1.4315519 0.1335566 0.073532015 2
1.3059323 -0.11146745 -0.066859178 36
1.3835394 0.12844387 -0.023648011 3
1.261079 -0.10823393 -0.15090318 35
1.2992802 0.12056209 -0.11090188 34
1.2182128 -0.10512161 -0.23067155 43
1.2736893 0.11874045 -0.19689022 6
0.9587068 -0.083145 -0.24814259 22
1.0847594 0.10136743 -0.24332541 16
1.9033873 -0.1666344 0.43270341 64
2.5777903 0.24902046 0.68368453 95
1.4984828 -0.13053736 0.23243985 24
2.5851684 0.24569638 0.49756429 95
1.4440643 -0.12573461 0.12376115 6
1.512139 0.13971457 0.18193568 1
1.391963 -0.12113665 0.023778902 7
1.4367539 0.13152865 0.073793694 2
1.3156832 -0.11462735 -0.067382544 34
1.3787843 0.12555934 -0.023560748 3
1.2707746 -0.11131538 -0.15212013 35
1.301968 0.11852862 -0.11111933 33
1.2253606 -0.10790467 -0.23210135 43
1.2591454 0.11511526 -0.1945463 7
0.95856023 -0.084818132 -0.24814259 20
1.0897844 0.099939287 -0.24444932 17
1.9073087 -0.17738619 0.43382731 63
2.576654 0.23529588 0.68303829 95
1.5002375 -0.13861181 0.23283051 24
2.5839756 0.23193344 0.49708769 95
1.4458658 -0.13352618 0.12397905 19
1.5029643 0.1309042 0.18071872 2
1.3813548 -0.12749101 0.023604378 19
1.4374229 0.12400404 0.073793694 2
1.3175508 -0.12174787 -0.067513384 12
1.3744434 0.11789484 -0.023473486 4
1.2652334 -0.11750139 -0.15151165 3
1.3075323 0.11215274 -0.11155425 32
1.2198925 -0.11385551 -0.23114817 43
1.2597308 0.10852084 -0.1945463 7
0.94608277 -0.088684902 -0.24491157 17
1.0878667 0.094011903 -0.24388736 15
1.9046029 -0.1801502 0.43326536 64
2.5770607 0.23079842 0.68303829 95
1.497535 -0.14099547 0.23243985 24
2.5794878 0.22698435 0.49613452 95
1.4332343 -0.13486677 0.12288959 29
1.5130775 0.12915453 0.18193568 2
1.3861068 -0.13037655 0.023691639 30
1.4500723 0.12258521 0.0744479 2
nan nan nan 0
1.3846077 0.11636548 -0.023648011 4
1.2699666 -0.12018427 -0.15212013 3
1.307726 0.10987049 -0.11155425 32
1.2172492 -0.11574837 -0.23067155 43
1.2574584 0.10610553 -0.19415563 9
0.94833022 -0.09057039 -0.24555777 19
1.092882 0.092544481 -0.24501128 20
1.9084475 -0.1909422 0.43438926 65
2.5758276 0.21709473 0.68239206 95
1.4918627 -0.14833979 0.23165853 24
2.580641 0.21347512 0.49613452 95
1.4349866 -0.14261882 0.12310749 23
1.5087873 0.12081937 0.18132719 2
1.3754572 -0.13663064 0.023517117 30
1.4407417 0.11417101 0.073924541 3
nan nan nan 0
1.3777242 0.10850099 -0.023517117 6
1.2693199 -0.12683213 -0.15212013 2
1.2958724 0.10200141 -0.11046697 32
1.2263926 -0.12311572 -0.23257795 48
1.2604402 0.099943675 -0.1945463 33
0.94784302 -0.095534578 -0.24555777 18
1.0860689 0.086211942 -0.24332541 14
1.9105685 -0.19418846 0.43495122 67
2.5737963 0.21239583 0.68174595 95
1.5014536 -0.15168802 0.23322116 23
2.5712264 0.20816126 0.49422812 95
1.442168 -0.14588463 0.12376115 23
1.5114484 0.11865082 0.18163143 2
1.3801897 -0.1395406 0.023604378 31
1.4359423 0.11150557 0.073662855 4
1.3338228 -0.13502514 -0.068429261 2
1.3828946 0.1064963 -0.023604378 6
1.2789925 -0.12984264 -0.15333709 3
1.3010136 0.10013901 -0.11090188 29
1.2212936 -0.12474973 -0.23162474 45
1.2581515 0.097543895 -0.19415563 33
0.93566513 -0.095932819 -0.24232674 22
1.086203 0.084505849 -0.24332541 20
1.9192133 -0.20523505 0.43719903 68
2.5724308 0.19917527 0.68109971 95
1.4908183 -0.15849108 0.23165853 23
2.5698001 0.19495451 0.49375153 95
1.4364588 -0.15264946 0.12332538 24
1.5120488 0.11073532 0.18163143 2
1.3844364 -0.14705926 0.023691639 32
1.4340169 0.10379744 0.073532015 5
1.3182046 -0.14039978 -0.067644224 2
1.3809233 0.099308088 -0.023560748 6
1.2733612 -0.13600336 -0.15272862 3
1.2990365 0.093138844 -0.11068442 2
1.2255262 -0.13146059 -0.23257795 43
1.2537206 0.090581194 -0.19337432 32
0.9447701 -0.10172074 -0.24491157 21
1.0939173 0.079376765 -0.24501128 17
1.9164307 -0.20831878 0.43663707 69
2.5751824 0.19487177 0.68174595 95
1.4979033 -0.16189799 0.23283051 24
2.5677226 0.18983519 0.49327493 95
1.4386659 -0.15542702 0.12354327 30
1.4973925 0.10699017 0.17980599 3
1.3816667 -0.14944479 0.023648011 32
1.4341959 0.10129445 0.073532015 6
1.3254026 -0.14351694 -0.068036743 2
1.3810946 0.096897773 -0.023560748 9
1.2780548 -0.13876846 -0.15333709 4
1.3116162 0.091783464 -0.1117717 2
1.2228553 -0.1333296 -0.23210135 40
1.2440267 0.08766263 -0.19181171 31
0.93977278 -0.1029985 -0.24361916 17
1.091625 0.077285178 -0.24444932 20
1.9128555 -0.21840584 0.43607512 70
2.5713816 0.18058889 0.68045348 95
1.4871927 -0.16887332 0.23126788 24
2.5686812 0.17638808 0.49327493 95
1.4328555 -0.16264047 0.12310749 30
1.5029005 0.099228837 0.18041447 4
1.3833485 -0.15696223 0.023691639 34
1.4322321 0.093363017 0.073401175 6
1.3320737 -0.15131038 -0.068429261 3
1.3691293 0.088576064 -0.023342593 26
1.2748203 -0.14539656 -0.15303284 3
1.2996552 0.084067665 -0.11068442 3
1.2221161 -0.1399439 -0.23210135 39
1.2395558 0.080592074 -0.1910304 35
0.94161934 -0.1081982 -0.24426536 17
1.0847365 0.070870563 -0.24276346 16
1.9173492 -0.22197533 0.43719903 69
2.5692835 0.17593139 0.67980725 95
1.4967065 -0.17261252 0.23283051 25
2.5689852 0.17190464 0.49327493 95
1.4251481 -0.16427578 0.12245382 29
1.4956439 0.096105792 0.17950176 5
1.3805896 -0.15908691 0.023648011 34
1.429902 0.090697266 0.073270336 8
1.3243684 -0.15276642 -0.068036743 3
1.3642936 0.085855901 -0.02325533 25
1.2721002 -0.14733225 -0.15272862 4
1.307255 0.082294382 -0.11133679 3
1.2218701 -0.14207667 -0.23210135 38
1.244622 0.078758396 -0.19181171 35
0.95102191 -0.11098025 -0.24685018 17
1.0848585 0.068977237 -0.24276346 22
1.9185381 -0.23264149 0.43776098 70
2.5677595 0.16231962 0.67916113 95
1.4933311 -0.18014807 0.23243985 25
2.5625024 0.15798502 0.49184516 95
1.4217962 -0.17143419 0.12223592 30
1.5085099 0.089041576 0.18102296 5
1.3871814 -0.16722083 0.023778902 33
1.4203897 0.082597725 0.072746977 24
1.3235503 -0.15969868 -0.068036743 5
1.3547446 0.078102693 -0.023080807 26
1.2737743 -0.15429287 -0.15303284 4
1.310154 0.075600564 -0.11155425 3
1.2211094 -0.14847238 -0.23210135 38
1.2376237 0.071784414 -0.19063975 35
0.94563442 -0.11536375 -0.24555777 20
1.0827737 0.063143909 -0.24220152 15
1.9230056 -0.23625365 0.43888488 69
2.5704491 0.15799028 0.67980725 95
1.4930145 -0.18275414 0.23243985 25
2.5627747 0.15351239 0.49184516 95
1.4338533 -0.1754438 0.12332538 29
1.5012324 0.085960619 0.18011025 6
1.384407 -0.16933489 0.023735272 33
1.4205316 0.080118552 0.072746977 27
1.3356578 -0.16354272 -0.068690941 7
1.347393 0.075294666 -0.022949912 31
1.2735029 -0.15651578 -0.15303284 6
1.3227144 0.074052311 -0.11264152 3
1.2184131 -0.15029922 -0.23162474 39
1.2352822 0.069476508 -0.19024909 35
0.94063926 -0.11641116 -0.24426536 18
1.0926083 0.061845481 -0.24444932 17
1.9168673 -0.24602965 0.43776098 71
2.5640082 0.14410974 0.67786866 96
1.4969349 -0.19120078 0.23322116 24
2.5659933 0.14022996 0.49232176 95
1.4279748 -0.18231177 0.12288959 29
1.4942288 0.077689983 0.17919752 13
1.3810222 -0.17626148 0.023691639 33
1.4184389 0.07254415 0.072616138 27
1.3323072 -0.1702141 -0.068560101 7
1.3552568 0.068642959 -0.023080807 30
1.2825092 -0.16445833 -0.1542498 7
1.3131366 0.066586874 -0.1117717 3
1.2249103 -0.15762752 -0.23305453 39
1.2405603 0.063277319 -0.1910304 36
0.94480592 -0.12196266 -0.24555777 18
1.0929171 0.056123778 -0.24444932 19
1.9213092 -0.24967289 0.43888488 69
2.5690782 0.1399058 0.67916113 96
1.4941506 -0.19349299 0.23283051 24
2.5637836 0.13561724 0.49184516 95
1.4276545 -0.18480378 0.12288959 28
1.4918842 0.074949913 0.17889327 19
1.3782339 -0.17834747 0.023648011 32
1.4085908 0.069544017 0.072092772 28
1.3344836 -0.1728633 -0.068690941 7
1.3528782 0.066147096 -0.023037175 30
1.2797601 -0.16637303 -0.15394558 7
1.3231992 0.064816289 -0.11264152 4
1.2222004 -0.15944399 -0.23257795 38
1.2431346 0.061242562 -0.19142106 35
0.9374097 -0.12265701 -0.24361916 16
1.0978783 0.05447796 -0.24557322 18
1.9199303 -0.26006448 0.43888488 70
2.5625398 0.1260832 0.67722243 95
1.4906702 -0.20098066 0.23243985 24
2.5644588 0.1221915 0.49184516 95
1.4266672 -0.19227639 0.12288959 29
1.4922562 0.067137435 0.17889327 20
1.3698509 -0.18455017 0.023517117 33
1.4114294 0.062285773 0.072223619 28
1.3310865 -0.17951114 -0.068560101 7
1.3507092 0.058945265 -0.022993544 30
1.2739543 -0.17239882 -0.15333709 7
1.3135694 0.057417903 -0.1117717 4
1.2310741 -0.16717686 -0.23448433 38
1.2360388 0.05437988 -0.19024909 36
0.94393146 -0.12855561 -0.24555777 19
1.0957154 0.04861062 -0.24501128 18
1.9195194 -0.26307997 0.43888488 70
2.5579319 0.12137289 0.67593008 95
1.4976556 -0.20459384 0.23361182 24
2.5573137 0.11736482 0.49041539 95
1.4312639 -0.1954464 0.12332538 28
1.4973285 0.064762317 0.17950176 19
1.3819076 -0.18864772 0.023735272 32
1.4190179 0.060163334 0.072616138 28
1.3357173 -0.18251687 -0.06882178 7
1.3533071 0.056700695 -0.023037175 30
1.285941 -0.17632519 -0.15485829 7
1.3211316 0.055464141 -0.11242407 4
1.2234881 -0.16831075 -0.23305453 38
1.2484653 0.052789036 -0.19220237 36
0.94848913 -0.13087261 -0.24685018 21
1.098232 0.046812061 -0.24557322 19
1.9180679 -0.2734617 0.43888488 72
2.5633576 0.10819036 0.67722243 95
1.4892309 -0.21138251 0.23243985 25
2.5554411 0.10386916 0.4899388 95
1.4252902 -0.20223163 0.12288959 21
1.4877298 0.056514472 0.17828478 20
1.3759522 -0.19517203 0.023648011 32
1.4093351 0.052330073 0.072092772 28
1.3273294 -0.18844508 -0.068429261 7
1.3535854 0.049614049 -0.023037175 30
1.2653513 -0.18022797 -0.15242437 8
1.3114499 0.048146188 -0.11155425 4
1.2201613 -0.17436372 -0.23257795 38
1.2388556 0.045849837 -0.19063975 35
0.94062108 -0.13479494 -0.24491157 21
1.098462 0.041061115 -0.24557322 19
1.9224577 -0.27717417 0.44000879 71
2.5611296 0.10361432 0.6765762 95
1.493747 -0.21469003 0.23322116 25
2.5629752 0.099708237 0.49136856 95
nan nan nan 0
1.4878262 0.053917814 0.17828478 20
1.3805571 -0.19829059 0.023735272 10
1.4144138 0.050062783 0.072354458 28
1.3245279 -0.19040273 -0.068298422 7
1.35367 0.047251526 -0.023037175 31
1.2748568 -0.18386723 -0.15364133 7
1.3040658 0.045570385 -0.11090188 6
1.2222832 -0.17684813 -0.23305453 38
1.2438686 0.043879721 -0.19142106 34
0.94755232 -0.13749108 -0.24685018 19
1.0960981 0.039046966 -0.24501128 17
1.9185209 -0.28720856 0.43944681 72
2.5568106 0.090024255 0.67528385 96
1.4901606 -0.22214119 0.23283051 25
2.5585568 0.086113356 0.49041539 95
nan nan nan 0
1.4806482 0.045873556 0.17737207 18
nan nan nan 0
1.4096663 0.04248986 0.072092772 29
1.3062315 -0.1947341 -0.067382544 32
1.3563972 0.040245548 -0.023080807 30
1.2640623 -0.18905732 -0.15242437 27
1.3142431 0.039072011 -0.1117717 7
1.2213407 -0.18324554 -0.23305453 38
1.239139 0.03741622 -0.19063975 35
0.94204456 -0.14172244 -0.24555777 17
1.0962874 0.033307303 -0.24501128 20
1.9228839 -0.29095539 0.44057071 70
2.5617905 0.085731879 0.6765762 96
1.492251 -0.22485261 0.23322116 24
2.5537977 0.081482396 0.48946217 95
nan nan nan 0
1.4782382 0.043467164 0.17706783 22
nan nan nan 0
1.4097311 0.04027551 0.072092772 28
1.3058896 -0.1970136 -0.067382544 31
1.3564652 0.03787813 -0.023080807 29
1.2613108 -0.19066818 -0.15212013 36
1.3018627 0.036387019 -0.11068442 7
1.2210189 -0.1853769 -0.23305453 38
1.2441384 0.035412025 -0.19142106 33
0.94418257 -0.1437346 -0.24620397 19
1.0914689 0.031424534 -0.24388736 20
1.9189279 -0.30064017 0.44000879 70
2.5621917 0.072764456 0.6765762 96
1.4861748 -0.23189543 0.23243985 25
2.5541773 0.068555474 0.48946217 95
1.417446 -0.2210898 0.12245382 2
1.4883676 0.035996784 0.17828478 21
1.3805381 -0.21528994 0.023778902 2
1.4124186 0.032959882 0.072223619 27
1.2974771 -0.20245555 -0.066990018 32
1.3591383 0.031077415 -0.023124436 29
1.2529422 -0.19610777 -0.1512074 37
1.30452 0.029862892 -0.11090188 7
1.2176411 -0.19117032 -0.23257795 38
1.2517118 0.029096359 -0.19259301 6
0.9482128 -0.14927226 -0.24749638 21
1.0940536 0.025776803 -0.24444932 17
1.9232646 -0.30442038 0.44113269 70
2.5502448 0.067949004 0.67334527 95
1.4955221 -0.23604089 0.23400246 25
2.5518398 0.064031541 0.48898563 95
1.4342748 -0.22630259 0.12397905 3
1.4785056 0.033146139 0.17706783 22
1.3900346 -0.21927014 0.023953427 2
1.409978 0.030432828 0.072092772 27
1.3020527 -0.20550518 -0.067251697 37
1.3541927 0.028583087 -0.023037175 29
1.2550483 -0.19868587 -0.15151165 36
1.3020803 0.027524747 -0.11068442 21
1.2245752 -0.19446088 -0.23400773 38
nan nan nan 0
0.93602961 -0.14900471 -0.24426536 18
1.0940969 0.023867281 -0.24444932 19
1.9239929 -0.31521788 0.44169462 69
2.5529797 0.05465113 0.67399138 96
1.4918294 -0.24346741 0.23361182 25
2.5472331 0.050563108 0.4880324 95
1.4355278 -0.23421349 0.12419693 3
1.4811399 0.025454519 0.17737207 20
1.3888675 -0.22654529 0.023953427 2
1.4176064 0.023196215 0.072485298 27
1.3033853 -0.21295294 -0.067382544 38
1.3493254 0.021396216 -0.022949912 27
1.2490944 -0.20444569 -0.15090318 37
1.2947401 0.020336011 -0.11003207 29
1.216277 -0.19966632 -0.23257795 38
nan nan nan 0
0.94238317 -0.15509447 -0.24620397 18
1.0893359 0.01803712 -0.24332541 14
1.9138284 -0.31697389 0.43944681 71
2.5554857 0.050247107 0.67463762 96
1.4914021 -0.24607077 0.23361182 25
2.5448716 0.045624278 0.4875558 95
1.4375736 -0.23712708 0.12441482 4
1.4861441 0.022961214 0.17798056 20
1.3761016 -0.22715931 0.023735272 3
1.4176447 0.020721992 0.072485298 26
1.3202499 -0.21809979 -0.068298422 37
nan nan nan 0
1.2634207 -0.20907766 -0.15272862 37
1.2947736 0.018076234 -0.11003207 29
1.2231878 -0.20300522 -0.23400773 38
nan nan nan 0
0.9420836 -0.15690345 -0.24620397 16
1.0844946 0.016043164 -0.24220152 14
1.9192873 -0.32856417 0.44113269 70
2.5508909 0.036342375 0.67334527 96
1.4924824 -0.25455454 0.23400246 25
2.5499837 0.032369904 0.488509 95
1.4411786 -0.24574511 0.1248506 4
1.4812843 0.014855143 0.17737207 20
1.3822838 -0.23563132 0.023866164 4
1.4177361 0.013051529 0.072485298 8
1.3092481 -0.22331668 -0.067775063 37
nan nan nan 0
1.2549353 -0.21464451 -0.15181589 38
1.2848891 0.011174893 -0.10916225 35
1.2317443 -0.21129455 -0.2359141 38
1.2594055 0.011492762 -0.19376498 3
0.95076638 -0.16348989 -0.24878879 16
1.0918729 0.010274762 -0.24388736 19
1.916369 -0.33116141 0.44057071 70
2.5485356 0.031855617 0.67269903 96
1.4847373 -0.2558918 0.23283051 25
2.5451281 0.027856758 0.4875558 95
1.4358399 -0.24740799 0.12441482 4
1.4887515 0.012354244 0.17828478 17
1.3794076 -0.2376159 0.023822535 6
nan nan nan 0
1.3186951 -0.22731149 -0.068298422 37
1.366959 0.009565115 -0.02325533 2
1.2618923 -0.21811306 -0.15272862 37
1.287397 0.008958403 -0.10937969 34
1.2192863 -0.21133012 -0.23353115 38
1.2421397 0.0091046141 -0.1910304 3
0.94334394 -0.16389467 -0.24685018 20
1.0894533 0.0083401585 -0.24332541 17
1.9169469 -0.34195518 0.44113269 70
2.5510824 0.018533058 0.67334527 96
1.4955304 -0.26583806 0.23478377 24
2.5501475 0.014567014 0.488509 95
1.4394279 -0.25580037 0.1248506 4
1.4763889 0.0044832355 0.17676359 2
1.3830656 -0.24571615 0.023909796 6
nan nan nan 0
1.3150294 -0.23377262 -0.068167582 37
1.3769886 0.0024582432 -0.023429854 2
1.2656175 -0.22559528 -0.15333709 37
1.2899168 0.0022305564 -0.10959715 34
1.2254088 -0.21901767 -0.23496091 38
1.2446396 0.0026149133 -0.19142106 3
0.93772012 -0.16797061 -0.24555777 21
1.087046 0.0026195503 -0.24276346 20
1.9164073 -0.3449659 0.44113269 70
2.5462806 0.014045145 0.6720528 96
1.4877745 -0.26712969 0.23361182 25
2.5452607 0.010087877 0.4875558 95
1.4291761 -0.25653958 0.12397905 5
nan nan nan 0
1.3850943 -0.24857447 0.023953427 6
1.4252855 0.00070655945 0.072877817 2
1.3097061 -0.23517808 -0.067905903 36
1.3744911 4.6653102e-05 -0.023386221 3
1.2627803 -0.22736059 -0.15303284 37
1.2824471 -4.6856345e-05 -0.10894479 35
1.2177813 -0.21983713 -0.23353115 38
1.2446421 0.00044260462 -0.19142106 4
0.93742555 -0.16960698 -0.24555777 22
1.089485 0.00073419884 -0.24332541 16
1.9097235 -0.35443586 0.44000879 71
2.5463195 0.00071271963 0.6720528 95
1.4863554 -0.27491596 0.23361182 25
2.5452785 -0.0032391546 0.4875558 96
1.4327103 -0.26493117 0.12441482 5
nan nan nan 0
1.3911459 -0.25719637 0.02408432 6
1.4327594 -0.0067679589 0.073270336 2
1.3010938 -0.24065983 -0.067513384 36
1.3819715 -0.00716453 -0.023517117 3
1.2591335 -0.23351333 -0.15272862 36
1.2899009 -0.0067747436 -0.10959715 34
1.2214377 -0.22711495 -0.23448433 38
1.2569739 -0.0060893875 -0.19337432 4
0.93889791 -0.17496012 -0.24620397 19
1.0919099 -0.0049711657 -0.24388736 15
1.9019825 -0.35608336 0.43832293 70
2.5463166 -0.0037314445 0.6720528 95
1.4907267 -0.27842242 0.23439312 25
2.5379066 -0.0076725017 0.48612604 95
1.4249028 -0.26605052 0.12376115 6
1.4689277 -0.0083812075 0.17585087 2
1.3882383 -0.25916201 0.024040688 6
1.4227593 -0.0092354687 0.072746977 2
1.3031254 -0.24339211 -0.067644224 36
1.3669592 -0.009521544 -0.02325533 3
1.2660389 -0.23709142 -0.15364133 36
1.2898871 -0.0090260338 -0.10959715 35
1.2258623 -0.2301594 -0.23543751 38
1.2569613 -0.00828321 -0.19337432 4
0.93621862 -0.17614727 -0.24555777 18
1.0870275 -0.0068666949 -0.24276346 18
1.9000281 -0.36636883 0.43832293 68
2.5414326 -0.017040212 0.67076045 95
1.4868243 -0.28575492 0.23400246 25
2.5378315 -0.020960784 0.48612604 95
1.4332708 -0.27539989 0.12463271 8
1.4837517 -0.016189277 0.17767631 2
1.3819542 -0.26547763 0.023953427 6
1.4152019 -0.016620805 0.072354458 3
1.3091863 -0.25163588 -0.068036743 36
1.3768888 -0.016767759 -0.023429854 3
1.2574726 -0.24229798 -0.15272862 36
1.2873318 -0.015757978 -0.10937969 35
1.2294581 -0.23751305 -0.23639071 38
1.2544315 -0.014844245 -0.19298367 4
0.9447639 -0.18290168 -0.24814259 19
1.0967205 -0.012629665 -0.24501128 19
1.8994502 -0.36935291 0.43832293 68
2.5341537 -0.021427767 0.66882175 95
1.4814761 -0.28740293 0.23322116 24
2.535337 -0.025369968 0.48564944 95
1.4352323 -0.27837837 0.1248506 25
1.4837211 -0.018778887 0.17767631 2
1.3839419 -0.26836827 0.023997057 7
1.4426317 -0.019373558 0.073793694 3
1.3038447 -0.25296256 -0.067775063 36
1.3668594 -0.01906441 -0.02325533 4
1.2546126 -0.24401501 -0.15242437 36
1.2823215 -0.017952612 -0.10894479 35
1.2194093 -0.23776522 -0.23448433 38
1.2593421 -0.017082747 -0.19376498 4
0.93970466 -0.18361464 -0.24685018 21
1.0893891 -0.014477459 -0.24332541 20
1.8926475 -0.37866399 0.43719903 69
2.5412514 -0.034782197 0.67076045 96
1.4823722 -0.2956419 0.23361182 25
2.5400774 -0.03871052 0.48660263 95
1.4239879 -0.28392881 0.12397905 25
1.5009705 -0.026805017 0.17980599 2
1.3678135 -0.2726593 0.023735272 28
1.4300292 -0.026732966 0.073139496 3
1.3025023 -0.25978598 -0.067775063 35
1.3742386 -0.026340069 -0.023386221 4
1.2533178 -0.25058076 -0.15242437 35
1.28221 -0.024666553 -0.10894479 34
1.2229588 -0.24511859 -0.23543751 38
1.2592354 -0.023676382 -0.19376498 6
0.94109726 -0.18901262 -0.24749638 20
1.0966058 -0.020285849 -0.24501128 15
1.894438 -0.38212046 0.43776098 65
2.5339422 -0.039118834 0.66882175 96
1.481854 -0.29822871 0.23361182 25
2.5326443 -0.043031938 0.48517281 95
1.4259311 -0.28690812 0.12419693 23
1.4835539 -0.029136673 0.17767631 3
1.3673356 -0.27504617 0.023735272 30
1.4349725 -0.029315067 0.073401175 3
1.3093873 -0.26354697 -0.068167582 17
1.3716915 -0.028694468 -0.023342593 5
1.2601736 -0.25425071 -0.15333709 35
1.2871453 -0.026991323 -0.10937969 34
1.2201245 -0.24676256 -0.23496091 38
1.2616611 -0.025915928 -0.19415563 6
0.93839991 -0.1901705 -0.24685018 19
1.0843902 -0.022004187 -0.24220152 19
1.8899579 -0.39186782 0.43719903 67
2.5361176 -0.052431449 0.66946799 95
1.4778544 -0.30548066 0.23322116 25
2.5299306 -0.056242071 0.48469627 95
1.421971 -0.29386315 0.12397905 24
1.4933043 -0.037120637 0.17889327 3
1.3683237 -0.28271073 0.023778902 29
1.4223198 -0.036547106 0.072746977 4
nan nan nan 0
1.3715224 -0.0358762 -0.023342593 6
1.2563959 -0.2603384 -0.15303284 26
1.2894762 -0.033786904 -0.10959715 33
1.2188157 -0.25314769 -0.23496091 37
1.254102 -0.032357395 -0.19298367 6
0.94211811 -0.19607481 -0.24814259 19
1.0866954 -0.027733579 -0.24276346 21
1.879804 -0.39283344 0.43495122 68
2.5215349 -0.056559324 0.66559082 96
1.484569 -0.30958074 0.23439312 24
2.5102005 -0.060222402 0.48088351 96
1.4141437 -0.29481024 0.12332538 27
1.4907565 -0.039668426 0.17858903 3
1.3678281 -0.28509846 0.023778902 31
1.4222537 -0.039029468 0.072746977 4
nan nan nan 0
1.3814533 -0.038515933 -0.023517117 6
1.2656524 -0.26457587 -0.1542498 26
1.2844356 -0.035915714 -0.10916225 33
1.2255757 -0.25679526 -0.23639071 37
1.2540436 -0.034546167 -0.19298367 7
0.93941194 -0.19721794 -0.24749638 20
1.0866452 -0.029630177 -0.24276346 20
1.8752698 -0.40248483 0.43438926 65
2.5091329 -0.069449335 0.66235977 96
1.4805136 -0.31682995 0.23400246 25
2.4853184 -0.072692499 0.47611755 96
1.4150155 -0.30273479 0.12354327 27
1.4979696 -0.047687776 0.17950176 5
1.3614295 -0.29120427 0.023691639 32
1.42203 -0.046475802 0.072746977 6
1.3085103 -0.28004995 -0.068298422 2
1.3637431 -0.045226511 -0.023211699 7
1.2569734 -0.26962727 -0.15333709 2
1.2941877 -0.04293602 -0.11003207 32
1.2242143 -0.26320881 -0.23639071 38
1.2439727 -0.040823974 -0.19142106 18
0.94072628 -0.20264721 -0.24814259 20
1.0937805 -0.035526011 -0.24444932 20
1.8698745 -0.40439543 0.43326536 64
2.4896951 -0.07329578 0.65719014 91
1.4799584 -0.31941345 0.23400246 25
nan nan nan 0
1.4217862 -0.30678928 0.12419693 29
1.4805223 -0.0497717 0.17737207 5
1.363362 -0.29411036 0.023735272 33
1.4119654 -0.048645705 0.072223619 7
1.3104593 -0.28286347 -0.068429261 3
1.3686587 -0.047764525 -0.02329896 9
1.2686236 -0.27446166 -0.15485829 2
1.2891321 -0.045038275 -0.10959715 7
1.2237531 -0.26534504 -0.23639071 37
1.2488357 -0.043147594 -0.19220237 36
0.92857635 -0.20170197 -0.24491157 19
1.0839772 -0.037142493 -0.24220152 21
1.8629037 -0.41344613 0.43214145 65
nan nan nan 0
1.4879069 -0.32930431 0.23556508 24
nan nan nan 0
1.4250224 -0.31531179 0.12463271 29
1.4926404 -0.057966799 0.17889327 6
1.3691229 -0.30287424 0.023866164 34
1.4166811 -0.056220129 0.072485298 9
1.3065233 -0.28917819 -0.068298422 3
1.3683898 -0.054930117 -0.02329896 30
1.2574822 -0.2789368 -0.15364133 3
1.2963452 -0.052061297 -0.11024951 7
1.2175572 -0.27067655 -0.23543751 36
1.238722 -0.049329091 -0.19063975 37
0.93693244 -0.20868003 -0.24749638 20
1.0910712 -0.043075241 -0.24388736 19
1.8598751 -0.415838 0.4315795 61
nan nan nan 0
1.494558 -0.33352298 0.23673706 24
1.8689994 -0.072128035 0.35649243 38
1.4268999 -0.31834385 0.1248506 28
1.4776589 -0.060013309 0.17706783 8
1.375909 -0.30690557 0.023997057 33
1.4066018 -0.058311012 0.071961939 27
1.3108885 -0.29255238 -0.068560101 3
1.3583008 -0.056932755 -0.023124436 28
1.2618351 -0.28222135 -0.1542498 3
1.3037186 -0.05461058 -0.11090188 2
1.2242646 -0.27442226 -0.23686729 36
1.2460364 -0.051771484 -0.19181171 37
0.93892205 -0.21084876 -0.24814259 22
1.0885601 -0.044889342 -0.24332541 17
1.8575979 -0.42589474 0.4315795 59
1.8756791 -0.079303212 0.49305412 53
1.4831653 -0.33913037 0.23517443 23
1.8514317 -0.081202663 0.35315627 62
1.4155049 -0.32357821 0.12397905 28
1.4847621 -0.068067685 0.17798056 20
1.3718472 -0.31354541 0.023953427 33
1.4112656 -0.065892056 0.072223619 27
1.2898748 -0.29493287 -0.067513384 3
1.3579841 -0.064043991 -0.023124436 30
1.2530863 -0.28715107 -0.15333709 3
1.3034147 -0.061436053 -0.11090188 2
1.2180289 -0.27972293 -0.2359141 36
1.2383474 -0.057975732 -0.19063975 34
0.93310022 -0.21466976 -0.24685018 18
1.0907439 -0.050691247 -0.24388736 20
1.8545536 -0.42826161 0.43101752 61
1.8827769 -0.082877636 0.49499276 62
1.4945985 -0.34450632 0.23712771 25
1.8586428 -0.084751196 0.35458606 71
1.4100857 -0.32492355 0.12354327 29
1.4772041 -0.070327766 0.17706783 23
1.3664278 -0.31481043 0.023866164 33
1.4011725 -0.067903809 0.07170026 27
1.3039501 -0.30056858 -0.068298422 5
1.3503793 -0.066072546 -0.022993544 31
1.2670848 -0.29270968 -0.15516253 3
1.3057934 -0.063823819 -0.11111933 3
1.222319 -0.2829625 -0.23686729 37
1.2382443 -0.060136963 -0.19063975 36
0.9350757 -0.21684825 -0.24749638 19
1.0882201 -0.052487768 -0.24332541 20
1.8450994 -0.43659952 0.42933169 64
1.8726674 -0.092282958 0.49240795 64
1.4927742 -0.35232723 0.23712771 24
1.8557223 -0.09436322 0.35410944 65
1.4156348 -0.33402738 0.12419693 28
1.4693806 -0.077691257 0.17615512 22
1.3598965 -0.32080632 0.023778902 33
1.4082779 -0.075616986 0.072092772 29
1.2999295 -0.30681506 -0.068167582 6
1.3500149 -0.073142178 -0.022993544 29
1.2655348 -0.29934004 -0.15516253 4
1.3054413 -0.07066004 -0.11111933 3
1.2088851 -0.28651077 -0.23448433 36
1.2305138 -0.066248633 -0.18946777 36
0.93627608 -0.22230385 -0.24814259 21
1.0927966 -0.058424629 -0.24444932 18
1.8396732 -0.43836322 0.42820778 73
1.8773279 -0.095785506 0.49370036 59
1.5017633 -0.3572295 0.23869032 24
1.8580059 -0.097724795 0.35458606 71
1.4247382 -0.33881471 0.12506849 27
1.4717208 -0.08038339 0.17645934 23
1.3569037 -0.32259795 0.023735272 31
1.4031574 -0.077814326 0.071831092 29
1.3115319 -0.31198895 -0.06882178 6
1.3448927 -0.075235777 -0.022906283 31
1.2650105 -0.30154839 -0.15516253 6
1.3127773 -0.073329382 -0.1117717 3
1.2155415 -0.29034144 -0.2359141 36
1.2353282 -0.068652064 -0.19024909 37
0.93353903 -0.22337097 -0.24749638 19
1.092693 -0.060331829 -0.24444932 14
1.8301765 -0.44657081 0.42652193 80
1.8768007 -0.10561381 0.49370036 54
1.4998724 -0.36508778 0.23869032 24
1.8574687 -0.10745191 0.35458606 65
1.4181064 -0.34508604 0.12463271 24
1.4737573 -0.088228844 0.17676359 23
1.3576238 -0.33029231 0.023778902 32
1.4077156 -0.085446693 0.072092772 26
1.3074555 -0.31825802 -0.068690941 6
1.3494712 -0.082565203 -0.022993544 31
1.2634143 -0.30816779 -0.15516253 6
1.3049161 -0.079771943 -0.11111933 4
1.199706 -0.29318464 -0.23305453 35
1.2324865 -0.074978396 -0.18985842 36
0.92532283 -0.22651909 -0.24555777 19
1.0874976 -0.065778635 -0.24332541 18
1.8342028 -0.45061219 0.4276458 81
1.8838474 -0.1092912 0.49563894 48
1.4992329 -0.36770499 0.23869032 24
1.8621787 -0.11097361 0.35553923 60
nan nan nan 0
1.476078 -0.090945899 0.17706783 23
1.3546184 -0.33206296 0.023735272 31
1.4000877 -0.087460615 0.07170026 29
1.3117458 -0.32173556 -0.06895262 6
1.3468299 -0.084771663 -0.022949912 31
1.2604655 -0.30977669 -0.15485829 6
1.304775 -0.082049325 -0.11111933 3
1.1968105 -0.29468769 -0.23257795 35
1.2274238 -0.076839074 -0.18907711 36
0.92726964 -0.22871675 -0.24620397 18
1.0946771 -0.068099812 -0.24501128 14
1.8270142 -0.45933688 0.42652193 84
1.8904812 -0.11959324 0.49757758 44
1.4924983 -0.37434259 0.237909 23
1.8713696 -0.12133364 0.35744563 52
nan nan nan 0
1.4656762 -0.098041467 0.17585087 23
1.3552847 -0.33976218 0.023778902 31
1.3946278 -0.094468869 0.071438581 29
1.302781 -0.32676721 -0.068560101 6
1.3413787 -0.091498964 -0.02286265 32
1.2588264 -0.31637222 -0.15485829 7
1.3043276 -0.088879958 -0.11111933 3
1.1952511 -0.30095011 -0.23257795 35
1.2343974 -0.083738945 -0.19024909 36
0.92605937 -0.23356876 -0.24620397 18
1.0894432 -0.073522948 -0.24388736 21
1.8310122 -0.46340626 0.4276458 79
1.8975006 -0.12334497 0.49951619 47
1.4990226 -0.37877038 0.23908098 24
1.8687057 -0.12444253 0.356969 54
nan nan nan 0
1.4754072 -0.10124856 0.17706783 22
nan nan nan 0
1.399443 -0.097232856 0.07170026 29
1.3094677 -0.33088535 -0.06895262 7
1.3486993 -0.094338268 -0.022993544 31
1.2630814 -0.31979376 -0.15546677 7
1.3116255 -0.091651469 -0.1117717 4
1.1947241 -0.30303577 -0.23257795 35
1.2219296 -0.085081443 -0.1882958 36
0.92565024 -0.23518468 -0.24620397 21
1.094175 -0.075740375 -0.24501128 20
1.8284782 -0.47330615 0.4276458 70
1.8992381 -0.13344194 0.50016236 48
1.4874585 -0.38413268 0.23751837 24
1.8729252 -0.13456511 0.3579222 52
1.4565412 -0.37611443 0.12855473 2
1.4699064 -0.10862186 0.17645934 23
nan nan nan 0
1.3964245 -0.10438089 0.071569413 28
1.3101337 -0.33836478 -0.06908346 9
1.335721 -0.10050295 -0.022775389 32
1.2589884 -0.32577777 -0.15516253 7
1.2962227 -0.097449444 -0.11046697 5
1.200245 -0.31114545 -0.23400773 35
1.2239305 -0.091653518 -0.18868646 35
0.92907882 -0.24125138 -0.24749638 21
1.0913333 -0.081297621 -0.24444932 17
1.8135921 -0.47247866 0.42427412 11
1.9110485 -0.13759466 0.50339341 49
1.4987308 -0.38985071 0.23947163 23
1.8800313 -0.13835634 0.35935199 47
1.4414252 -0.37487665 0.12724738 2
1.4697145 -0.11118715 0.17645934 22
nan nan nan 0
1.3912604 -0.10645314 0.071307734 28
1.3095411 -0.34065089 -0.06908346 31
1.3430222 -0.10338458 -0.022906283 30
1.2608181 -0.32860386 -0.15546677 7
1.3134376 -0.10098844 -0.11198916 7
1.1925794 -0.31136906 -0.23257795 33
1.2237686 -0.09378954 -0.18868646 35
0.92165065 -0.24102548 -0.24555777 19
1.0839006 -0.082677178 -0.24276346 14
4.6750336 -1.24809 1.1081703 3
1.9078934 -0.14741871 0.50274718 52
1.4871261 -0.39514464 0.237909 24
1.8817281 -0.14838521 0.35982856 55
1.4394426 -0.38241878 0.12724738 3
1.4666384 -0.11868849 0.17615512 21
1.3697289 -0.36381054 0.024127949 2
1.3981507 -0.1143226 0.07170026 27
1.2956798 -0.34428054 -0.068429261 30
1.3424624 -0.11041518 -0.022906283 29
1.2542864 -0.33391732 -0.15485829 20
1.2955109 -0.10649634 -0.11046697 7
1.1933029 -0.31824505 -0.23305453 33
1.2232606 -0.10019586 -0.18868646 35
0.92503995 -0.24710372 -0.24685018 16
1.0858816 -0.088539049 -0.24332541 14
4.6566005 -1.2510014 1.1042366 3
1.9196733 -0.15167058 0.50597823 52
1.4935881 -0.39966309 0.23908098 24
1.8888065 -0.15224305 0.36125836 53
1.4339629 -0.38363713 0.12681161 3
1.4689025 -0.12144491 0.17645934 21
1.3763336 -0.36814779 0.024258845 2
1.4029261 -0.11716223 0.071961939 27
1.2974877 -0.34719008 -0.068560101 32
1.3472507 -0.11315986 -0.022993544 29
1.2513058 -0.33546001 -0.15455405 32
1.2978055 -0.108957 -0.11068442 8
1.1951149 -0.32096747 -0.23353115 33
1.2304683 -0.10292093 -0.18985842 34
0.92227638 -0.24808586 -0.24620397 20
1.0857254 -0.090434127 -0.24332541 17
4.640368 -1.2735947 1.1019888 3
1.9260739 -0.16231097 0.50791681 53
1.4890938 -0.40682432 0.23869032 24
1.890429 -0.16233474 0.36173496 50
1.4367379 -0.39245856 0.12724738 4
1.4682466 -0.12913436 0.17645934 21
1.384029 -0.37799594 0.024433367 3
1.4022934 -0.12450629 0.071961939 25
1.3028742 -0.35596281 -0.06895262 37
1.3541111 -0.12085429 -0.023124436 28
1.2399625 -0.33937299 -0.15333709 33
1.2922543 -0.1153253 -0.11024951 8
1.1981496 -0.32852569 -0.23448433 33
1.2274522 -0.10915258 -0.18946777 34
0.91863722 -0.2522673 -0.24555777 21
1.085237 -0.096117713 -0.24332541 15
4.6430573 -1.282181 1.1031127 4
1.9306008 -0.16607484 0.50920922 54
1.4883814 -0.40942267 0.23869032 24
1.892588 -0.16584225 0.36221156 52
1.4336503 -0.39430213 0.12702949 4
1.4680189 -0.13169673 0.17645934 12
1.3640927 -0.3750838 0.02408432 3
1.4095353 -0.12760502 0.072354458 9
1.3070635 -0.35956722 -0.069214299 37
1.3389575 -0.12190773 -0.02286265 6
1.2441509 -0.34286207 -0.15394558 34
1.2970132 -0.11801467 -0.11068442 29
1.1857508 -0.327333 -0.23210135 32
1.2370999 -0.11215042 -0.1910304 6
0.9228484 -0.25516671 -0.24685018 21
1.0899217 -0.098429509 -0.24444932 13
4.6501184 -1.3112558 1.1064844 5
1.9248937 -0.17575343 0.50791681 55
1.4957236 -0.41989124 0.24025296 24
1.8965821 -0.17619179 0.36316475 55
1.4291691 -0.40112722 0.12681161 4
nan nan nan 0
1.3717332 -0.38493496 0.024258845 5
nan nan nan 0
1.3075655 -0.36708409 -0.069345139 37
nan nan nan 0
1.2471142 -0.35072216 -0.15455405 34
1.286458 -0.12388396 -0.10981461 30
1.1887431 -0.33487517 -0.23305453 32
1.2364956 -0.1186263 -0.1910304 6
0.91685373 -0.25867441 -0.24555777 18
1.0821136 -0.10347006 -0.24276346 13
4.6269641 -1.3125672 1.1014268 26
1.9269891 -0.17933078 0.50856304 56
1.4949886 -0.42250112 0.24025296 24
1.9011592 -0.17995252 0.36411792 54
1.4284668 -0.40362099 0.12681161 5
nan nan nan 0
1.3686546 -0.38664579 0.024215212 6
nan nan nan 0
1.3021199 -0.36800113 -0.06908346 37
nan nan nan 0
1.2393402 -0.35086003 -0.15364133 37
1.2837603 -0.12589468 -0.10959715 29
1.1881568 -0.33694941 -0.23305453 31
1.23137 -0.12032202 -0.19024909 2
0.91872263 -0.26093867 -0.24620397 20
1.0867825 -0.10581027 -0.24388736 14
4.6197944 -1.337582 1.1014268 69
1.9308318 -0.18987924 0.50985545 56
1.4951277 -0.43100986 0.24064361 24
1.8928633 -0.18918984 0.36268812 54
1.4311182 -0.41248029 0.12724738 5
nan nan nan 0
1.3690124 -0.39450201 0.024258845 6
1.3706071 -0.14110292 0.070391864 2
1.304971 -0.37620363 -0.069345139 37
1.3597534 -0.14049496 -0.02325533 2
1.2422522 -0.35872814 -0.1542498 36
1.2905182 -0.13335675 -0.11024951 36
1.1887329 -0.34385142 -0.23353115 31
1.2380946 -0.12749967 -0.19142106 2
0.91502547 -0.26506889 -0.24555777 22
1.0886379 -0.11173774 -0.24444932 11
4.6176877 -1.3448372 1.1014268 58
1.9304976 -0.19324888 0.50985545 56
1.4872611 -0.43154576 0.23947163 24
1.8925302 -0.19249323 0.36268812 51
1.4303961 -0.41497746 0.12724738 6
1.4956644 -0.15516394 0.18011025 2
1.3707216 -0.39759025 0.024302473 6
1.3902295 -0.14550976 0.071438581 2
1.3043123 -0.37848064 -0.069345139 37
1.3644795 -0.14337401 -0.023342593 2
1.2463878 -0.36228779 -0.15485829 37
1.2828503 -0.13485388 -0.10959715 34
1.1928414 -0.34730488 -0.23448433 31
1.2329566 -0.12916385 -0.19063975 3
0.91687858 -0.26734614 -0.24620397 20
1.0860173 -0.11339481 -0.24388736 14
4.5986686 -1.3663276 1.0986171 59
1.9342638 -0.20384906 0.51114786 54
1.4920822 -0.44143724 0.24064361 24
1.896378 -0.20291029 0.36364132 55
1.4234291 -0.42104244 0.12681161 11
1.4824934 -0.16168541 0.17858903 2
1.3662249 -0.40404984 0.024258845 6
1.3993784 -0.1538464 0.071961939 3
1.2975268 -0.38388166 -0.06908346 37
1.3637102 -0.15051642 -0.023342593 3
1.2420957 -0.36810037 -0.15455405 37
1.2746972 -0.14077502 -0.10894479 34
1.188655 -0.35284385 -0.23400773 30
1.2396297 -0.13640113 -0.19181171 3
0.90621203 -0.26937214 -0.24361916 21
1.0805634 -0.11856864 -0.24276346 13
4.6011848 -1.3749464 1.099741 74
1.9315032 -0.20697308 0.51050162 58
1.4936754 -0.44474828 0.24103427 24
1.8935807 -0.20596029 0.36316475 51
1.4274641 -0.42495331 0.12724738 24
1.484676 -0.16453843 0.17889327 2
1.3727021 -0.40858236 0.024389736 6
1.4189639 -0.15844211 0.073008657 3
1.2920712 -0.38471416 -0.06882178 36
1.3559906 -0.15208513 -0.023211699 3
1.2414514 -0.37026772 -0.15455405 37
1.2794015 -0.14353754 -0.10937969 35
1.1927382 -0.35633001 -0.23496091 28
1.2467548 -0.13936067 -0.19298367 3
0.90805286 -0.27165017 -0.24426536 21
1.0900434 -0.12149324 -0.24501128 18
4.5633883 -1.3905778 1.0924356 80
1.9399953 -0.21814023 0.5130865 59
1.4771539 -0.44824362 0.23869032 24
1.9071102 -0.21750589 0.36602432 54
1.4156904 -0.42951736 0.12637582 27
1.4640685 -0.17007986 0.17645934 3
1.3657619 -0.41430667 0.024302473 6
1.4131536 -0.16530521 0.072746977 3
1.2972032 -0.39365894 -0.069214299 36
1.3675933 -0.16059996 -0.023429854 3
1.2418687 -0.37748787 -0.15485829 37
1.276158 -0.14995253 -0.10916225 35
1.1932027 -0.36328861 -0.23543751 28
1.2361938 -0.14477375 -0.19142106 3
0.91816133 -0.27994552 -0.24749638 20
1.084551 -0.12665422 -0.24388736 13
4.5565419 -1.3963151 1.0913117 82
1.9324112 -0.22072072 0.51114786 56
1.4810908 -0.45226908 0.23947163 23
1.8994122 -0.22000447 0.36459452 56
1.4149387 -0.43198758 0.12637582 22
1.4859564 -0.1751824 0.17919752 3
1.3530879 -0.41302526 0.02408432 22
1.4128631 -0.16777137 0.072746977 3
1.2917407 -0.39445752 -0.06895262 37
1.3573788 -0.16183569 -0.02325533 4
1.2483236 -0.38184243 -0.15577102 37
1.2734202 -0.15189336 -0.10894479 35
1.1925669 -0.36537057 -0.23543751 28
1.2383921 -0.14721361 -0.19181171 4
0.91536391 -0.28083465 -0.24685018 22
1.0867486 -0.12882353 -0.24444932 15
4.5721693 -1.4282203 1.0969312 38
1.9336278 -0.23111665 0.51179403 57
1.4716316 -0.45780873 0.23829968 23
1.9055454 -0.23081462 0.36602432 58
1.4102801 -0.43864751 0.12615794 22
1.4751641 -0.18177657 0.17798056 3
1.3485209 -0.41935888 0.024040688 27
1.4094867 -0.17486727 0.072616138 4
1.2968061 -0.40345034 -0.069345139 37
1.3589942 -0.16924138 -0.02329896 4
1.2439392 -0.38763171 -0.15546677 37
1.2726076 -0.15855886 -0.10894479 35
1.204687 -0.37601805 -0.23829708 26
1.240056 -0.15399115 -0.19220237 4
0.92309552 -0.28852364 -0.24943499 20
1.088478 -0.13480122 -0.24501128 14
4.6071005 -1.4470949 1.1059225 52
1.9404159 -0.23534645 0.51373267 58
1.4849644 -0.4648194 0.24064361 22
1.9124492 -0.23502076 0.36745411 55
1.4095124 -0.44110826 0.12615794 22
1.482234 -0.1852517 0.17889327 4
1.3477869 -0.42171186 0.024040688 27
1.4190915 -0.17854232 0.073139496 5
1.2913369 -0.40421498 -0.06908346 37
1.353735 -0.17100289 -0.023211699 4
1.2385273 -0.38831073 -0.15485829 37
1.2673849 -0.1601727 -0.10850988 35
1.2016885 -0.37738124 -0.23782048 25
1.2446874 -0.15675451 -0.19298367 4
0.91338104 -0.28721821 -0.24685018 21
1.088241 -0.13670078 -0.24501128 19
4.5899248 -1.4690266 1.1036747 81
1.939157 -0.24550319 0.51373267 59
1.466048 -0.46731862 0.237909 23
1.9111925 -0.24503104 0.36745411 59
1.4119275 -0.45000088 0.12659372 26
1.486167 -0.1936364 0.17950176 5
1.3503217 -0.43028712 0.024127949 27
1.4131843 -0.18533659 0.072877817 6
1.2915804 -0.41173238 -0.069214299 37
1.3627383 -0.17936084 -0.023386221 6
1.2435654 -0.39706472 -0.15577102 37
1.2739398 -0.16775587 -0.10916225 34
1.1950233 -0.382166 -0.23686729 23
1.2414001 -0.16295701 -0.19259301 4
0.9095661 -0.29125562 -0.24620397 20
1.0923438 -0.14300922 -0.24613519 19
4.5968862 -1.479223 1.1059225 23
1.9387256 -0.24888727 0.51373267 54
1.4910849 -0.47820255 0.24220623 17
1.9083275 -0.24805576 0.36697748 57
1.4040279 -0.45017424 0.12594004 28
1.4710604 -0.19432525 0.17767631 5
1.3519479 -0.43340945 0.024171581 30
1.4153345 -0.1881239 0.073008657 6
1.2861073 -0.41245461 -0.06895262 36
1.3574656 -0.18109424 -0.02329896 6
1.2475935 -0.4007591 -0.15637949 37
1.2662358 -0.16901673 -0.10850988 34
1.2013597 -0.38651648 -0.23829708 21
1.2435627 -0.16544017 -0.19298367 6
0.90446192 -0.29135251 -0.24491157 17
1.084844 -0.14398436 -0.24444932 18
4.6050172 -1.5093902 1.1098561 3
1.9397904 -0.25934938 0.51437891 60
1.4955999 -0.4883109 0.24337819 3
1.9021369 -0.25739768 0.36602432 57
1.4016516 -0.45751953 0.12594004 27
1.4749415 -0.20268568 0.17828478 6
1.3520352 -0.44126087 0.024215212 29
1.4044336 -0.19419564 0.072485298 6
1.2839302 -0.41918296 -0.06895262 37
1.3540219 -0.18786408 -0.02325533 6
1.2360483 -0.40418744 -0.15516253 37
1.2678015 -0.17597809 -0.10872734 34
1.1969885 -0.39203411 -0.23782048 23
1.2426795 -0.17194915 -0.19298367 6
0.91209716 -0.29911268 -0.24749638 19
1.0889041 -0.15030862 -0.24557322 19
4.6072674 -1.5181485 1.11098 3
1.9369407 -0.26241595 0.51373267 59
4.0203981 -1.3237559 0.66411388 25
1.9041171 -0.26104471 0.36650091 57
1.4055815 -0.46152508 0.12637582 27
1.4770442 -0.20559426 0.17858903 9
1.3393936 -0.43970603 0.023997057 31
1.4115132 -0.19766173 0.072877817 8
1.2831966 -0.42142317 -0.06895262 36
1.3561683 -0.19056666 -0.02329896 8
1.235341 -0.40634415 -0.15516253 37
1.265025 -0.17785254 -0.10850988 32
1.2009618 -0.39566547 -0.23877366 21
1.2374843 -0.17345011 -0.19220237 6
0.91615766 -0.30222633 -0.24878879 20
1.0958819 -0.1531906 -0.2472591 20
4.6128416 -1.5477087 1.1143517 3
1.9403247 -0.27321631 0.51502508 60
3.9900014 -1.3369327 0.66020727 63
1.9051546 -0.27135128 0.36697748 58
1.4055067 -0.46967062 0.12659372 25
1.4710336 -0.21263021 0.17798056 20
1.346552 -0.44989386 0.024171581 30
1.4005719 -0.20364431 0.072354458 28
1.2880725 -0.43052012 -0.069345139 36
1.3427789 -0.19590175 -0.023080807 20
1.2355483 -0.41359782 -0.15546677 36
1.2690078 -0.18517557 -0.10894479 32
1.2035251 -0.40351537 -0.23972684 18
1.2390039 -0.18027379 -0.19259301 7
0.91685063 -0.30779225 -0.24943499 19
1.0878282 -0.15790689 -0.24557322 16
4.6150203 -1.5565113 1.1154757 4
1.9374533 -0.27626714 0.51437891 60
3.9923418 -1.345474 0.66098863 63
1.9071079 -0.27502054 0.36745411 57
1.4117639 -0.47451222 0.12724738 4
1.4657475 -0.21449375 0.17737207 22
1.3362913 -0.44904599 0.023997057 30
1.4026854 -0.20644411 0.072485298 27
1.2849538 -0.43196881 -0.069214299 36
1.3350129 -0.19717419 -0.022949912 29
1.2395258 -0.41734397 -0.15607525 37
1.2686827 -0.18739012 -0.10894479 3
1.2051433 -0.40640301 -0.24020346 17
1.2362432 -0.18208508 -0.19220237 12
0.90945226 -0.30706072 -0.24749638 19
1.0851394 -0.1594612 -0.24501128 16
4.6134419 -1.5838337 1.1171615 4
1.9431497 -0.28745115 0.51631749 59
3.9899135 -1.3679631 0.66176993 63
1.9056418 -0.28500232 0.36745411 56
4.3936887 -1.5066066 0.40331322 4
1.4547865 -0.22070689 0.17615512 23
1.3386501 -0.45766005 0.02408432 29
1.3867701 -0.21157417 0.07170026 27
1.2850355 -0.43950203 -0.069345139 35
1.3413786 -0.20527127 -0.023080807 30
1.2373235 -0.42382836 -0.15607525 36
1.2824631 -0.19623907 -0.11024951 2
1.1960385 -0.41030806 -0.23877366 18
1.2352729 -0.18855551 -0.19220237 36
0.91011453 -0.31260741 -0.24814259 20
1.07947 -0.16442735 -0.24388736 15
4.6155539 -1.5926696 1.1182854 4
1.9378666 -0.29013821 0.51502508 60
3.9945216 -1.3773426 0.66294187 63
1.9002868 -0.2876049 0.36650091 57
4.2733483 -1.473629 0.39241874 24
1.466668 -0.22509019 0.17767631 22
1.3473002 -0.46325919 0.024258845 29
1.3938044 -0.21511291 0.072092772 28
1.288986 -0.44337469 -0.069606818 35
1.3286608 -0.20574102 -0.02286265 31
1.231892 -0.42436415 -0.15546677 36
1.2796561 -0.19810466 -0.11003207 2
1.2022768 -0.41480651 -0.24020346 18
1.2373836 -0.19107914 -0.19259301 39
0.90728641 -0.31340235 -0.24749638 19
1.0767723 -0.16595021 -0.24332541 14
4.6068692 -1.6176188 1.1182854 4
1.9410956 -0.30100977 0.51631749 60
3.9872551 -1.3982389 0.66294187 64
1.9036057 -0.29829916 0.36745411 58
4.298471 -1.5075365 0.39546919 31
1.455662 -0.2312395 0.17645934 23
1.3424976 -0.46947899 0.024215212 6
1.3803262 -0.22047877 0.071438581 26
1.2772253 -0.44680724 -0.06908346 35
1.3300349 -0.21308218 -0.022906283 29
1.2390161 -0.43410379 -0.15668374 35
1.2786013 -0.20480217 -0.11003207 2
1.2047174 -0.42272785 -0.24115664 17
1.2314866 -0.19679391 -0.19181171 37
0.90790993 -0.31895354 -0.24814259 19
1.0758886 -0.17158589 -0.24332541 15
4.6066189 -1.6256646 1.1188474 3
1.9381806 -0.30402854 0.51567131 60
3.98248 -1.4043734 0.66255122 64
1.9030823 -0.30162111 0.36745411 58
4.2981815 -1.5158658 0.39568707 31
1.4528052 -0.23339373 0.17615512 23
1.3346053 -0.46932441 0.02408432 4
1.3799391 -0.22288758 0.071438581 29
1.2764434 -0.44903573 -0.06908346 34
1.3271921 -0.21501173 -0.02286265 32
1.2312386 -0.43378186 -0.15577102 36
1.2807018 -0.20742305 -0.11024951 3
1.2039778 -0.42482987 -0.24115664 17
1.2213849 -0.19740294 -0.19024909 34
0.90280086 -0.31891978 -0.24685018 18
1.0804007 -0.17421883 -0.24444932 20
4.6046329 -1.653037 1.1205331 3
1.9317926 -0.31341037 0.51437891 60
3.9797201 -1.4268752 0.66333252 64
1.8990539 -0.31119031 0.36697748 57
4.3276892 -1.5518153 0.39917329 41
1.4540122 -0.24139622 0.17645934 21
4.5151725 -1.6191351 0.083117083 49
1.3787531 -0.23010983 0.071438581 30
1.2787739 -0.45740107 -0.069345139 34
1.3235817 -0.22155355 -0.02281902 32
1.2336204 -0.44190294 -0.15637949 35
1.282056 -0.2145284 -0.11046697 3
1.2017369 -0.431128 -0.24115664 17
1.2154605 -0.20299982 -0.18946777 36
0.90566111 -0.32528412 -0.24814259 20
1.0794737 -0.17987339 -0.24444932 14
4.5974488 -1.6586126 1.1194093 3
1.9312427 -0.31678152 0.51437891 60
3.9795468 -1.4346575 0.66372317 65
1.8985078 -0.31450433 0.36697748 58
4.3320022 -1.5619034 0.39982697 43
1.4560372 -0.24433672 0.17676359 23
4.5170417 -1.6287106 0.083204344 64
1.3783495 -0.23251586 0.071438581 30
1.287366 -0.46302482 -0.069868498 9
1.3281249 -0.22468066 -0.022906283 31
1.2305137 -0.44321114 -0.15607525 34
1.2890508 -0.21798597 -0.11111933 3
1.1940606 -0.43071628 -0.23972684 15
1.219977 -0.20592494 -0.19024909 36
0.90055233 -0.32521471 -0.24685018 22
1.081562 -0.18215168 -0.24501128 21
4.5998406 -1.6876626 1.1222191 3
1.9295576 -0.3268891 0.51437891 59
3.9789352 -1.4580265 0.66489518 65
1.8919951 -0.32362452 0.36602432 57
4.2162137 -1.5450996 0.38980407 26
1.447399 -0.25070927 0.17585087 23
4.5107989 -1.6532006 0.083247975 70
1.384496 -0.2409903 0.071831092 29
1.273206 -0.46545699 -0.069214299 7
1.3318579 -0.23247477 -0.022993544 31
1.2258472 -0.44879153 -0.15577102 35
1.280527 -0.22347353 -0.11046697 3
1.1963948 -0.43865889 -0.24068004 15
1.2164847 -0.21168277 -0.18985842 38
0.89883727 -0.32992548 -0.24685018 18
1.0781916 -0.18740509 -0.24444932 15
4.5948992 -1.6940424 1.1216571 4
1.9266026 -0.32985434 0.51373267 52
3.97664 -1.4642748 0.66489518 63
1.8914274 -0.32692617 0.36602432 57
4.2181835 -1.5541799 0.39023983 22
1.4494491 -0.25340232 0.17615512 22
4.4821105 -1.6515539 0.08276803 22
1.3841158 -0.24316476 0.071831092 29
3.9634793 -1.4610066 -0.21954931 44
1.3265239 -0.23394717 -0.022906283 32
1.2344512 -0.45415688 -0.15698798 34
1.2874975 -0.22697987 -0.11111933 3
1.2048331 -0.44415528 -0.2425864 17
1.21368 -0.21338703 -0.18946777 37
0.90052408 -0.3323344 -0.24749638 19
1.0875003 -0.19074193 -0.24669713 13
4.5928087 -1.7206444 1.123343 4
1.9249084 -0.33960149 0.51373267 60
3.9735427 -1.4868089 0.66567641 63
1.8921658 -0.33691981 0.36650091 56
4.2312531 -1.5833745 0.39220086 9
1.4554324 -0.26228589 0.17706783 22
4.408154 -1.6496624 0.081546366 14
1.3803656 -0.24997167 0.07170026 28
3.9490209 -1.47842 -0.21915682 54
1.3277837 -0.24109663 -0.022949912 31
1.2297335 -0.45974195 -0.15668374 8
1.2838802 -0.2330572 -0.11090188 4
1.2025696 -0.45024776 -0.2425864 17
1.212546 -0.21973889 -0.18946777 36
0.89431095 -0.33518392 -0.24620397 19
1.0840878 -0.19601002 -0.24613519 17
4.5901003 -1.7278568 1.123343 4
1.9266915 -0.34337872 0.51437891 59
3.9732521 -1.494612 0.66606712 64
1.8891581 -0.33979303 0.36602432 57
4.2984018 -1.6170933 0.39873752 13
1.4525299 -0.26438886 0.17676359 22
4.3327527 -1.630039 0.080193803 12
1.3872989 -0.25370422 0.072092772 27
3.9604511 -1.4905925 -0.21994184 55
1.3273609 -0.24341369 -0.022949912 30
1.2289292 -0.46188754 -0.15668374 5
1.2834716 -0.23529765 -0.11090188 4
1.2063732 -0.45408174 -0.2435396 17
1.2170218 -0.22272599 -0.19024909 36
0.89146638 -0.33588827 -0.24555777 20
1.0837442 -0.1979018 -0.24613519 17
4.5875092 -1.7552805 1.1250288 4
1.9248672 -0.3534621 0.51437891 59
3.9653718 -1.5153953 0.66606712 64
1.882525 -0.34879729 0.36507112 55
4.2503338 -1.6244463 0.39503339 14
1.4584466 -0.27333954 0.17767631 20
4.2634606 -1.6294761 0.079059392 13
1.3834966 -0.26051047 0.071961939 28
3.9453342 -1.5093195 -0.21954931 54
1.328526 -0.2508159 -0.022993544 30
2.0072937 -0.76772416 -0.2592127 6
1.2846284 -0.24269228 -0.11111933 5
1.203979 -0.46039203 -0.2435396 15
1.2182673 -0.22954354 -0.19063975 36
0.88969547 -0.34055135 -0.24555777 19
1.085089 -0.20401369 -0.24669713 18
4.5844388 -1.7632846 1.1250288 4
1.9171205 -0.35551691 0.51244026 56
3.9719403 -1.5258603 0.66762978 65
1.8866783 -0.35330275 0.36602432 57
4.184732 -1.6077204 0.38915038 12
1.4579673 -0.2758846 0.17767631 7
4.2020044 -1.6152128 0.07796862 12
1.3928564 -0.26475829 0.072485298 26
3.9473541 -1.5179975 -0.21981101 55
1.3280863 -0.25313422 -0.022993544 30
2.012897 -0.77390397 -0.26012543 5
1.2939951 -0.24676657 -0.11198916 7
1.2077526 -0.46426046 -0.24449281 22
1.2057273 -0.22940677 -0.18868646 36
0.88903993 -0.34225881 -0.24555777 17
1.0799409 -0.20501851 -0.24557322 14
4.5702939 -1.7862874 1.1239049 4
1.9127955 -0.36543673 0.51179403 59
3.9636266 -1.5473281 0.66762978 69
1.8799808 -0.3622593 0.36507112 52
4.1133442 -1.6058577 0.3832674 13
nan nan nan 0
4.1329594 -1.6135317 0.076834209 12
1.3914034 -0.27229047 0.072485298 11
3.9440017 -1.5404634 -0.22007269 61
1.3266971 -0.26031613 -0.022993544 29
2.031785 -0.79383337 -0.26316783 5
1.2902396 -0.25306752 -0.1117717 7
1.2029384 -0.46989194 -0.2440162 22
1.2093185 -0.23685831 -0.18946777 35
0.89397812 -0.34956092 -0.24749638 18
1.0716377 -0.20948663 -0.24388736 15
4.5742831 -1.7961376 1.1255908 4
1.9050376 -0.36741951 0.50985545 52
3.9632177 -1.5551465 0.66802043 69
1.8793458 -0.36553991 0.36507112 57
4.043313 -1.5866226 0.37694857 12
nan nan nan 0
4.0626693 -1.5942342 0.075568914 12
nan nan nan 0
3.9413068 -1.5473447 -0.22007269 68
1.3213335 -0.26167646 -0.022906283 23
2.018852 -0.79283309 -0.2616466 5
1.2971303 -0.25674471 -0.11242407 7
1.2135319 -0.47649196 -0.24639918 17
1.2064791 -0.23849873 -0.18907711 35
0.89336669 -0.35112065 -0.24749638 20
1.0760543 -0.21227962 -0.24501128 18
4.5690231 -1.8226675 1.1267147 4
1.9054576 -0.37785327 0.51050162 56
3.9596078 -1.5777063 0.66880167 69
1.8749983 -0.37489966 0.36459452 58
3.9794338 -1.5856227 0.37171924 14
nan nan nan 0
3.9939027 -1.5914018 0.074434511 13
nan nan nan 0
3.933151 -1.56796 -0.22007269 53
1.3346517 -0.27153265 -0.023168068 23
2.0308018 -0.80984074 -0.2637763 4
1.2835569 -0.26109284 -0.11133679 10
1.2110202 -0.48283947 -0.24639918 20
1.2052138 -0.24481253 -0.18907711 35
0.88927472 -0.35489386 -0.24685018 20
1.079707 -0.2188589 -0.24613519 18
4.5751982 -1.8334703 1.1289625 4
1.9024262 -0.38071015 0.50985545 56
3.945389 -1.5800198 0.66684842 37
1.8671207 -0.37673274 0.36316475 51
3.9188712 -1.5693932 0.366272 24
nan nan nan 0
3.9191978 -1.5695307 0.073081948 23
nan nan nan 0
3.9234574 -1.5720335 -0.21968016 30
1.3341758 -0.27386165 -0.023168068 2
2.0132678 -0.80690789 -0.2616466 5
1.2855408 -0.26382497 -0.11155425 32
1.2306663 -0.49319777 -0.25068852 17
1.2096262 -0.24788925 -0.18985842 33
0.89985222 -0.36096299 -0.25008118 19
1.0769346 -0.22026482 -0.24557322 18
4.5561872 -1.8545207 1.1267147 4
1.9051402 -0.39162725 0.51114786 57
3.9233396 -1.59507 0.66450453 36
1.8675268 -0.38699594 0.36364132 57
3.8829198 -1.5786227 0.36365736 23
1.4645009 -0.30658191 0.17919752 3
3.8900898 -1.581548 0.072689272 23
1.4094692 -0.29624355 0.073662855 2
3.882802 -1.5793713 -0.21784841 26
1.3425139 -0.28287286 -0.023342593 2
2.011313 -0.81837547 -0.26195085 5
1.2719479 -0.26802716 -0.11046697 32
1.2235233 -0.49777865 -0.24973533 17
1.2276578 -0.25821522 -0.19298367 7
0.88901043 -0.36200872 -0.24749638 19
1.0853111 -0.22786325 -0.24782103 19
4.5577779 -1.8635209 1.1278386 4
1.899722 -0.39398217 0.50985545 55
3.8839831 -1.5869553 0.65825403 29
1.869252 -0.39075124 0.36411792 56
3.8432779 -1.5703089 0.36017108 23
1.4761108 -0.3116641 0.18071872 4
3.8479939 -1.5722449 0.071947545 24
1.3967305 -0.29615253 0.073008657 2
3.8430715 -1.571014 -0.21575497 25
1.3469117 -0.28623876 -0.023429854 3
2.0121775 -0.82282579 -0.2622551 5
1.2714782 -0.27024671 -0.11046697 32
1.227193 -0.50177735 -0.25068852 18
nan nan nan 0
0.89061046 -0.36447892 -0.24814259 22
1.0753706 -0.22777781 -0.24557322 19
4.5048885 -1.8703889 1.1171615 5
1.8976331 -0.40392366 0.50985545 55
3.800364 -1.5760206 0.64536244 23
1.8575773 -0.39849725 0.36221156 51
3.798202 -1.5751295 0.35668486 24
1.4598981 -0.31628045 0.17889327 4
3.8096981 -1.5799098 0.071380332 24
1.3976018 -0.30398461 0.073139496 4
3.6226845 -1.5029961 -0.20371771 9
1.3502824 -0.29433599 -0.023517117 3
2.0101328 -0.83430344 -0.26255935 5
1.2651753 -0.27585632 -0.11003207 32
1.2200183 -0.50630826 -0.24973533 16
nan nan nan 0
0.88423294 -0.36727548 -0.24685018 20
1.0765461 -0.23391263 -0.24613519 18
nan nan nan 0
1.9016501 -0.40823761 0.51114786 53
3.7839339 -1.5769454 0.64301842 24
1.856879 -0.4017387 0.36221156 54
3.774761 -1.5731243 0.35472384 25
1.4787506 -0.32300615 0.18132719 4
3.7746394 -1.5730802 0.070769504 24
1.4068303 -0.30853209 0.073662855 4
3.4933434 -1.4564155 -0.19652151 10
1.3448806 -0.2956349 -0.023429854 4
2.0109627 -0.83876765 -0.26286358 5
1.2573892 -0.27648509 -0.10937969 34
1.2191328 -0.5084368 -0.24973533 17
1.2398405 -0.27204198 -0.19532761 2
0.88804418 -0.3706876 -0.24814259 20
1.0737543 -0.23527971 -0.24557322 20
3.9556756 -1.6745863 0.9828549 46
1.8853277 -0.41510707 0.50727063 53
3.7437918 -1.5832566 0.63754928 25
1.8475584 -0.40987852 0.36078176 48
3.7343662 -1.5792719 0.35167342 25
1.4600776 -0.32699966 0.17919752 4
3.7433333 -1.5830756 0.07033319 25
1.3978833 -0.31427416 0.073270336 4
3.4213037 -1.447418 -0.192858 10
1.3359933 -0.30104825 -0.02329896 4
1.9996907 -0.84637803 -0.26195085 5
1.2632186 -0.2846821 -0.11003207 35
1.207419 -0.51097435 -0.24782895 12
1.2335771 -0.27746359 -0.1945463 2
0.89275682 -0.37817132 -0.25008118 21
1.0701287 -0.2403747 -0.24501128 17
3.9530406 -1.6807978 0.9828549 77
1.8822415 -0.41787916 0.5066244 49
3.7069404 -1.5752861 0.63168949 25
1.8468401 -0.41310251 0.36078176 49
3.7041039 -1.5740858 0.34905878 26
1.4691932 -0.33170423 0.18041447 4
3.7060637 -1.5749264 0.069678724 25
1.394896 -0.31616926 0.073139496 4
3.3659394 -1.4308953 -0.18984866 11
1.337905 -0.30392528 -0.023342593 4
2.0096235 -0.85473257 -0.26347208 5
1.2578588 -0.2857998 -0.10959715 35
1.2110394 -0.51500821 -0.24878214 14
1.2258606 -0.27800399 -0.19337432 2
0.88765496 -0.37782848 -0.24878879 21
1.0744637 -0.24329823 -0.24613519 18
3.9483612 -1.7040938 0.98397881 28
1.8753154 -0.42666858 0.50533199 49
3.6669028 -1.5809722 0.62622029 25
1.8494388 -0.42385176 0.36173496 52
3.6638002 -1.5796394 0.3460083 26
1.4601784 -0.33773676 0.17950176 4
3.665638 -1.5804396 0.069067895 25
1.402956 -0.32569629 0.073662855 5
3.3102705 -1.4277116 -0.18710104 10
1.3411683 -0.31204325 -0.023429854 4
1.993733 -0.86031777 -0.26195085 5
1.2636281 -0.29405004 -0.11024951 34
1.2128303 -0.52329296 -0.24973533 14
1.2243881 -0.28441873 -0.19337432 3
0.88123405 -0.38054737 -0.24749638 20
1.0707997 -0.2483802 -0.24557322 16
3.9322715 -1.7044748 0.98060703 62
1.8745679 -0.42994097 0.50533199 47
3.6369538 -1.575578 0.62153244 25
1.8367338 -0.42434582 0.35935199 52
3.6381896 -1.5761207 0.34382939 26
1.4595867 -0.34028471 0.17950176 5
3.6399424 -1.5768876 0.068631582 26
1.3975199 -0.32702205 0.073401175 6
3.2573893 -1.411621 -0.18422256 11
1.3454926 -0.31550899 -0.023517117 4
1.9694706 -0.85390556 -0.25890848 4
1.2582595 -0.29513454 -0.10981461 35
1.2096647 -0.52442962 -0.24925874 12
1.2166711 -0.28489265 -0.19220237 3
0.88499558 -0.38401622 -0.24878879 22
1.0703647 -0.25024873 -0.24557322 20
nan nan nan 0
1.8675864 -0.43865713 0.50403959 49
3.6037922 -1.5836598 0.61723518 26
1.8368763 -0.43451622 0.35982856 54
3.6002526 -1.5821091 0.34099683 27
1.4602003 -0.3484911 0.17980599 6
3.6018927 -1.5828373 0.068064377 25
1.3982184 -0.33490884 0.073532015 6
3.2088239 -1.4105513 -0.18186744 10
1.353552 -0.32485145 -0.023691639 6
1.9899489 -0.87521654 -0.2622551 4
1.2566969 -0.30171868 -0.10981461 34
1.1934317 -0.5248093 -0.24639918 12
1.2320375 -0.29501173 -0.19493695 3
0.88076431 -0.38766745 -0.24814259 21
1.0714113 -0.25640681 -0.24613519 18
4.4883733 -1.9831573 1.1239049 29
1.8574122 -0.43971339 0.50145477 52
3.5787144 -1.5793382 0.6133287 26
1.8337266 -0.43715823 0.35935199 65
3.5655966 -1.5742921 0.33794639 26
1.4524077 -0.34906676 0.17889327 18
3.5762634 -1.5790145 0.067628071 26
1.4001193 -0.33768249 0.073662855 6
3.1652594 -1.3979719 -0.17951232 10
1.3481201 -0.32605395 -0.023604378 6
nan nan nan 0
1.2585913 -0.30448875 -0.11003207 34
1.1790537 -0.52092105 -0.2435396 16
1.217106 -0.29373816 -0.19259301 3
0.87346601 -0.38626072 -0.24620397 21
1.0710071 -0.25808945 -0.24613519 19
4.4068036 -1.974726 1.1059225 68
1.8481171 -0.44742131 0.49951619 55
3.5275824 -1.5788673 0.60590619 26
1.8195617 -0.44355685 0.356969 71
3.5303104 -1.5800966 0.33533171 26
1.4505601 -0.35666671 0.17889327 23
3.5362909 -1.5827836 0.067017235 26
1.3886291 -0.34264708 0.073139496 9
3.1260061 -1.4002205 -0.17768057 9
1.3464525 -0.3328732 -0.023604378 6
0.80455428 -0.35919663 -0.10374593 8
1.2497206 -0.30930495 -0.10937969 34
nan nan nan 0
1.2227497 -0.30185631 -0.19376498 3
0.87149984 -0.39067674 -0.24620397 23
1.0625383 -0.26197398 -0.24444932 15
4.3989086 -1.9804126 1.1047986 90
1.8449856 -0.4500795 0.49886999 59
3.5045571 -1.5758977 0.60239035 26
1.8139375 -0.44588932 0.35601583 68
3.5025673 -1.5750084 0.33293495 26
1.4547563 -0.36037666 0.17950176 20
3.5104551 -1.5793034 0.066580921 26
1.388029 -0.34507015 0.073139496 25
3.0666547 -1.3800296 -0.17440957 10
1.3385873 -0.33343396 -0.023473486 7
0.79035455 -0.35447821 -0.10192049 7
1.2540162 -0.31267381 -0.10981461 34
1.0591801 -0.47639841 -0.21875671 15
1.2294163 -0.30575192 -0.19493695 4
0.86194879 -0.38836315 -0.24361916 23
1.076279 -0.2672922 -0.24782103 20
4.4590235 -2.0365968 1.122781 93
1.8425235 -0.4600552 0.49886999 60
3.5049639 -1.5989398 0.60395294 26
1.8115779 -0.45538095 0.35601583 71
3.5007904 -1.5970402 0.3335886 26
1.4455637 -0.36643508 0.17858903 20
3.5112324 -1.6018165 0.066755451 26
1.3788773 -0.3507517 0.072746977 26
3.0139728 -1.3753138 -0.17179278 10
1.3197941 -0.3364059 -0.023168068 12
0.78842509 -0.35874924 -0.10192049 6
1.2620237 -0.32166243 -0.11068442 33
nan nan nan 0
1.2229537 -0.31119862 -0.19415563 6
0.87526578 -0.39992708 -0.24814259 26
1.0700902 -0.27193117 -0.24669713 18
4.4691024 -2.0496969 1.1261528 84
1.8393743 -0.4626869 0.49822378 60
3.4954348 -1.601965 0.60278094 52
1.8107804 -0.45854205 0.35601583 68
3.48668 -1.5979542 0.33249915 50
1.4425157 -0.36835092 0.17828478 21
3.4970722 -1.6027298 0.066537298 51
1.378263 -0.35315776 0.072746977 26
2.9752655 -1.3639055 -0.16969933 10
1.321628 -0.33932248 -0.023211699 26
0.79456145 -0.36323428 -0.1028332 5
1.2711183 -0.32630837 -0.11155425 32
nan nan nan 0
1.2271968 -0.31454152 -0.19493695 7
0.87895209 -0.40347779 -0.24943499 26
1.0719763 -0.27439269 -0.2472591 18
4.4623637 -2.0759037 1.1272767 83
1.8416075 -0.47350287 0.49951619 45
3.4825213 -1.6181618 0.6019997 52
1.8202415 -0.47106233 0.3583988 54
3.4895556 -1.6214411 0.3335886 35
1.450179 -0.37837562 0.17950176 24
3.5022304 -1.6273447 0.066799082 35
1.3788121 -0.3609941 0.072877817 31
2.9454498 -1.3689302 -0.16839093 10
1.3149934 -0.34498528 -0.023124436 32
0.79489779 -0.36843789 -0.10313745 5
1.2718034 -0.333583 -0.1117717 18
nan nan nan 0
1.2231423 -0.32034579 -0.1945463 6
nan nan nan 0
1.0681657 -0.27939513 -0.24669713 19
4.4613042 -2.0839424 1.1278386 70
1.8454567 -0.47791588 0.5008086 30
3.4707439 -1.6200554 0.60043705 64
1.8075351 -0.47117239 0.35601583 10
3.4709268 -1.6201477 0.33206338 63
1.4447126 -0.3796593 0.17889327 23
3.4699461 -1.6196961 0.066231877 61
1.3709319 -0.36151338 0.072485298 29
2.9249635 -1.3656092 -0.16734421 9
1.3119706 -0.34664935 -0.023080807 31
0.78526437 -0.36561576 -0.10192049 5
nan nan nan 0
0.80569339 -0.37568155 -0.16585477 4
1.2249711 -0.32310125 -0.19493695 7
0.83677071 -0.39111578 -0.2378033 20
1.0723929 -0.28248051 -0.24782103 19
4.4411583 -2.1038747 1.1255908 6
1.8359205 -0.48573601 0.49886999 3
nan nan nan 0
nan nan nan 0
nan nan nan 0
1.4475021 -0.38849047 0.17950176 23
nan nan nan 0
1.3690201 -0.36868656 0.072485298 28
2.9222848 -1.3830439 -0.16760589 9
1.3077221 -0.35287085 -0.023037175 30
0.78782278 -0.37185034 -0.10252897 5
nan nan nan 0
0.79706556 -0.37673461 -0.16442497 5
1.2161028 -0.32760969 -0.19376498 23
0.80854756 -0.38302904 -0.23004885 18
1.0708991 -0.28809166 -0.24782103 16
nan nan nan 0
4.6582451 -1.2338004 1.2801313 2
3.9231205 -1.8649571 0.68169332 33
4.6410699 -1.2370217 0.92602247 3
4.118434 -1.9579144 0.39590496 39
1.4444244 -0.39037612 0.17919752 22
4.4516602 -2.1165051 0.085429527 69
1.378021 -0.37365836 0.073008657 28
2.9266291 -1.3913618 -0.16799842 9
1.3119328 -0.35644746 -0.023124436 30
0.78269279 -0.37108898 -0.10192049 45
1.2736552 -0.34595791 -0.11220661 2
0.78754801 -0.37389597 -0.16251861 72
1.2155292 -0.32973167 -0.19376498 33
0.79698527 -0.37922782 -0.22681783 75
1.0656868 -0.28870586 -0.24669713 18
nan nan nan 0
4.6447253 -1.256289 1.2781928 3
3.9110785 -1.8844004 0.68130273 32
4.6558471 -1.2670851 0.9303118 4
4.1126122 -1.9816154 0.39634076 37
1.4543309 -0.4011972 0.18071872 23
4.424757 -2.1321831 0.085124113 23
1.378454 -0.38152686 0.073139496 28
2.9193039 -1.4066665 -0.16799842 9
1.3124595 -0.36397183 -0.023168068 30
0.78520763 -0.3773413 -0.10252897 85
1.2718264 -0.35262197 -0.11220661 2
0.79441613 -0.38228998 -0.16442497 88
1.2161683 -0.33674198 -0.19415563 33
0.7841236 -0.37812683 -0.22358681 78
1.0712124 -0.29620036 -0.248383 20
nan nan nan 0
4.6518488 -1.2669231 1.2807776 3
3.9100053 -1.8922999 0.68169332 31
4.6536283 -1.2752093 0.9303118 3
4.1181121 -1.9931337 0.3972123 29
1.4488426 -0.40242112 0.18011025 23
4.3715396 -2.1159251 0.084164225 17
1.3705648 -0.38194445 0.072746977 29
2.9213374 -1.4139373 -0.1682601 9
1.3118223 -0.36626196 -0.023168068 30
0.78008306 -0.37654415 -0.10192049 93
1.2808135 -0.3574867 -0.11307643 2
0.795955 -0.3847487 -0.16490158 88
1.2108166 -0.33755508 -0.19337432 30
0.7986607 -0.38689762 -0.22811024 81
1.0659947 -0.29678228 -0.2472591 21
4.5009899 -2.209727 1.1486307 1
4.6474791 -1.2919074 1.2814238 4
3.9044766 -1.9149232 0.68247461 30
4.6421595 -1.2982405 0.9293586 4
4.136682 -2.0289376 0.40004483 24
1.4538839 -0.41200981 0.18102296 23
4.3087945 -2.1134477 0.083160713 16
1.3709495 -0.38979059 0.072877817 29
2.9094124 -1.4270127 -0.16799842 9
1.3171052 -0.37515602 -0.02329896 30
0.77587414 -0.37952828 -0.10161625 92
1.286117 -0.36620989 -0.1137288 3
0.78292137 -0.38348955 -0.16251861 88
1.2114102 -0.3445572 -0.19376498 36
0.7879616 -0.3867985 -0.22552542 82
1.0644263 -0.30235976 -0.2472591 19
4.5062518 -2.2211061 1.1508787 2
4.6452169 -1.3000168 1.2814238 4
3.8989141 -1.9206429 0.68208396 30
4.6446123 -1.3076663 0.9303118 6
4.1152649 -2.0273421 0.39830172 38
1.4483861 -0.4131996 0.18041447 23
4.260262 -2.0988536 0.082288086 17
1.3702672 -0.39218277 0.072877817 29
2.8778112 -1.4177287 -0.1662975 10
1.3140435 -0.37677324 -0.02325533 30
0.7774353 -0.38198093 -0.10192049 91
1.285476 -0.36845404 -0.1137288 3
0.78445059 -0.38594353 -0.16299519 88
1.2036779 -0.34465772 -0.19259301 35
0.79377651 -0.39139119 -0.22746404 81
1.0709317 -0.30619705 -0.24894494 18
4.4985256 -2.2476337 1.1520026 2
4.6267319 -1.321017 1.2781928 8
3.886595 -1.9399272 0.68169332 31
4.6259041 -1.3285911 0.92792881 31
4.1112771 -2.0522015 0.3989554 41
1.4485874 -0.42146373 0.18071872 23
4.2067299 -2.0999031 0.081459105 16
1.3681949 -0.39935204 0.072877817 29
2.8658826 -1.4305447 -0.16603582 10
1.3072497 -0.38226113 -0.023168068 30
0.77542466 -0.38604632 -0.10192049 91
1.283529 -0.37517971 -0.1137288 3
0.78461307 -0.39114523 -0.16347179 89
1.2018567 -0.35095537 -0.19259301 35
0.78308392 -0.39120603 -0.22487922 81
1.059948 -0.30911112 -0.24669713 19
4.4819274 -2.2481389 1.1486307 2
4.6174541 -1.3270955 1.2762542 32
3.8898242 -1.9500306 0.68286532 32
4.6212196 -1.3359834 0.92745221 77
4.1032372 -2.0571396 0.39851961 37
1.4454663 -0.42330107 0.18041447 23
4.1561427 -2.0836973 0.080542848 15
1.3746886 -0.40382773 0.073270336 28
2.8433011 -1.4254626 -0.16485825 10
1.3161815 -0.3873333 -0.023342593 29
0.77253264 -0.38628456 -0.10161625 92
1.278089 -0.37602964 -0.11329389 3
0.78392911 -0.39251405 -0.16347179 88
1.203614 -0.35374016 -0.19298367 35
0.78239995 -0.39257216 -0.22487922 78
1.0711081 -0.31434244 -0.24950691 18
4.4870677 -2.281194 1.1531265 3
4.6104426 -1.3512543 1.2762542 51
3.8751585 -1.9681325 0.68208396 33
4.6118073 -1.3594701 0.92697561 57
4.11239 -2.0887544 0.40048063 38
1.4479897 -0.43226907 0.18102296 23
4.1095252 -2.0873044 0.07984475 16
1.3677676 -0.4096027 0.073008657 28
2.8202219 -1.4324074 -0.16394238 10
1.3117388 -0.39350912 -0.02329896 30
0.77049947 -0.39032421 -0.10161625 91
1.2808785 -0.38413122 -0.1137288 3
0.77967691 -0.39549837 -0.16299519 87
1.2041134 -0.36073747 -0.19337432 35
0.77818328 -0.39556438 -0.22423302 79
1.0624375 -0.3178806 -0.24782103 18
4.4964948 -2.2948885 1.1564982 3
4.6034431 -1.3579367 1.2749617 57
3.8849125 -1.9816307 0.68442798 34
4.6000137 -1.3647341 0.92506927 44
4.1109562 -2.0970614 0.40069851 38
1.4424758 -0.43338197 0.18041447 23
4.0680304 -2.0751491 0.079103023 16
1.3718359 -0.41341493 0.073270336 29
2.7888148 -1.4225626 -0.16224146 10
1.3062594 -0.39436886 -0.023211699 30
0.77423549 -0.39392841 -0.10222473 91
1.2754327 -0.38494316 -0.11329389 5
0.77461684 -0.39462107 -0.16204201 85
1.1987484 -0.36143008 -0.19259301 35
0.7796402 -0.39802474 -0.22487922 81
1.0595458 -0.3190417 -0.2472591 18
4.5078087 -2.3315022 1.1626796 3
4.6055241 -1.3847945 1.2775466 44
3.8766768 -2.0030792 0.68481857 34
4.599854 -1.390925 0.92649895 69
4.1065564 -2.12199 0.4013522 40
1.4473114 -0.44308662 0.18132719 22
4.0082655 -2.0711563 0.07814315 16
1.3720412 -0.42131746 0.073401175 29
2.7480688 -1.4199347 -0.16027886 11
1.3113512 -0.40338415 -0.023342593 30
0.77216226 -0.39797688 -0.10222473 92
1.2781656 -0.39306399 -0.1137288 7
0.77689683 -0.40093184 -0.16299519 88
1.2015656 -0.3691349 -0.19337432 35
0.7796883 -0.40321547 -0.22552542 82
1.0555289 -0.3238802 -0.24669713 20
nan nan nan 0
4.573041 -1.3837665 1.2691458 73
3.8687928 -2.0075657 0.68403727 35
4.5598426 -1.387556 0.91887349 78
4.100637 -2.128006 0.40113431 39
1.4417888 -0.44416511 0.18071872 22
3.9602802 -2.0551035 0.077270523 16
1.3689163 -0.42298201 0.073270336 28
2.7101417 -1.406309 -0.15818542 11
1.3130354 -0.40640351 -0.023386221 30
0.76266152 -0.39474234 -0.10100777 91
1.2703325 -0.39310968 -0.11307643 7
0.77837241 -0.40342113 -0.16347179 89
1.2009195 -0.37123147 -0.19337432 35
0.77684247 -0.40345791 -0.22487922 81
1.0572926 -0.32643092 -0.2472591 18
4.7759423 -2.5127358 1.2368574 3
4.540339 -1.3998895 1.2620376 78
3.8604133 -2.0289447 0.68442798 36
4.5501704 -1.4106878 0.91839695 78
4.0960507 -2.1529264 0.401788 36
1.4299642 -0.4487648 0.17950176 22
3.9140716 -2.0571897 0.076572426 17
1.3619152 -0.42865977 0.073008657 30
2.6850669 -1.4111772 -0.15713869 11
1.3085032 -0.4125292 -0.023342593 30
0.76936507 -0.40335783 -0.10222473 91
1.2682567 -0.39975575 -0.11307643 7
0.77407891 -0.40634578 -0.16299519 89
1.1966013 -0.37678126 -0.19298367 35
0.7747193 -0.40751991 -0.22487922 81
1.053242 -0.33124122 -0.24669713 21
4.7956796 -2.532757 1.2430388 3
4.5471182 -1.4106652 1.2646224 63
3.863416 -2.03914 0.68559986 36
4.5664496 -1.4244558 0.92220974 36
4.1010942 -2.1647258 0.40265954 33
1.4410212 -0.45495975 0.18102296 20
3.8927941 -2.0546761 0.076223381 36
1.3659301 -0.43252844 0.073270336 28
2.6450775 -1.3960279 -0.15491442 10
1.3125514 -0.41630816 -0.023429854 29
0.76427352 -0.40237853 -0.10161625 92
1.2651806 -0.40122393 -0.11285898 9
0.76903158 -0.40539792 -0.16204201 87
1.2006552 -0.38034353 -0.19376498 35
0.77613991 -0.41000411 -0.22552542 83
1.0549879 -0.33380419 -0.2472591 20
4.8076754 -2.5724673 1.2497823 3
4.5926504 -1.4511389 1.2794851 32
3.8592179 -2.0628357 0.68677187 38
4.6010418 -1.461681 0.93078834 53
4.0853119 -2.1838193 0.40222374 34
1.4315255 -0.46024156 0.18011025 21
nan nan nan 0
1.3612679 -0.43891585 0.073139496 29
2.6069169 -1.3933631 -0.15308267 11
1.3079724 -0.42241454 -0.023386221 29
0.76434326 -0.40754694 -0.10192049 91
1.2606897 -0.40708563 -0.11264152 31
0.76473594 -0.40825853 -0.16156541 88
1.1939416 -0.38512588 -0.19298367 35
0.76972848 -0.41177467 -0.22423302 81
1.0485823 -0.33784875 -0.24613519 21
4.8401051 -2.5996234 1.2593355 3
4.5762978 -1.4547758 1.2756079 38
3.859962 -2.0719059 0.68755317 38
4.5938077 -1.4682194 0.9298352 72
4.0880756 -2.1944828 0.40287742 37
1.4401733 -0.46576533 0.18132719 20
4.4222221 -2.374033 0.087000236 56
1.3700087 -0.44434214 0.073662855 27
2.5692968 -1.3789979 -0.15098923 10
1.3072331 -0.42469674 -0.023386221 30
0.76144576 -0.40770432 -0.10161625 91
1.2552347 -0.40776262 -0.11220661 32
0.76402223 -0.40959263 -0.16156541 87
1.1956192 -0.38796273 -0.19337432 34
0.76475859 -0.41082233 -0.22294059 78
1.047991 -0.33967835 -0.24613519 19
4.7938786 -2.6082983 1.2509062 3
4.5961986 -1.4876148 1.2833624 19
3.8533983 -2.0944479 0.68833447 38
4.59306 -1.4945235 0.93126494 21
4.080905 -2.2182381 0.40331322 37
1.4542298 -0.47868162 0.18345687 15
4.4207096 -2.4031281 0.087218396 53
1.3724097 -0.45305979 0.073924541 27
2.535728 -1.3781091 -0.14941916 10
1.30024 -0.42998162 -0.02329896 30
0.75930053 -0.41168562 -0.10161625 91
1.25545 -0.4151032 -0.11242407 31
0.75971282 -0.41241187 -0.16108882 87
1.1912239 -0.39345172 -0.19298367 35
0.76471609 -0.41597965 -0.22358681 82
1.0438814 -0.34440732 -0.24557322 23
4.7833624 -2.6123199 1.2492204 3
4.6050806 -1.499362 1.2865934 4
3.8519042 -2.1023543 0.68872511 38
4.5997777 -1.5055828 0.93317133 3
4.0792127 -2.2265513 0.4035311 37
1.4533921 -0.48121902 0.18345687 5
4.4187026 -2.4120386 0.087262027 53
1.3692452 -0.45467505 0.073793694 26
2.5070307 -1.3681641 -0.14784908 10
1.3089854 -0.43537483 -0.023473486 29
0.7542274 -0.41062775 -0.10100777 90
1.2570893 -0.4180716 -0.11264152 30
0.7589919 -0.41373718 -0.16108882 87
1.1999201 -0.39861026 -0.1945463 34
0.76610583 -0.41847607 -0.22423302 82
1.0502244 -0.34850159 -0.2472591 22
4.960968 -2.7443523 1.299796 5
4.6132188 -1.5287558 1.2911168 3
3.845165 -2.1248844 0.68950641 38
4.596489 -1.5311933 0.93412459 3
4.0827541 -2.2563181 0.40505633 30
nan nan nan 0
4.4147611 -2.4399812 0.087436549 51
1.371581 -0.46342167 0.074055374 26
2.4736197 -1.366766 -0.14627899 10
1.3114284 -0.44380975 -0.023560748 28
0.75640798 -0.41697645 -0.10161625 91
1.2525213 -0.42385772 -0.11242407 31
0.76539934 -0.42246777 -0.16299519 89
1.1978165 -0.40488756 -0.1945463 34
0.75968254 -0.42013475 -0.22294059 78
1.0437629 -0.3524563 -0.24613519 23
nan nan nan 0
4.6036677 -1.5345206 1.2891783 3
3.8500853 -2.1363883 0.69106907 37
4.6054482 -1.5431008 0.93650752 3
3.82408 -2.1219509 0.37956327 1
4.4117942 -1.4852321 0.56649536 36
4.4104962 -2.4476829 0.087436549 48
1.3613048 -0.46263126 0.073532015 17
2.4363141 -1.3516788 -0.14418554 10
1.3153896 -0.44769335 -0.023648011 27
0.7600159 -0.42070886 -0.10222473 92
1.25414 -0.42683744 -0.11264152 30
0.75608498 -0.41902584 -0.16108882 87
1.1994487 -0.40776387 -0.19493695 35
0.76738322 -0.42616841 -0.22552542 81
1.0454559 -0.35505119 -0.24669713 23
2.8315027 -1.5913463 0.74121529 4
4.613873 -1.5647922 1.2943479 3
3.8431509 -2.1589386 0.69185036 37
4.601953 -1.5687729 0.93746072 4
4.06039 -2.2811038 0.40440264 37
4.4086542 -1.5099152 0.56710386 38
4.3496866 -2.4437888 0.086476669 48
1.3872092 -0.47945192 0.075102091 4
2.4009163 -1.3485038 -0.14248464 10
1.3082981 -0.45295435 -0.023560748 28
0.75564063 -0.42346475 -0.10192049 92
1.2566004 -0.43501168 -0.11307643 34
0.76243126 -0.42780089 -0.16299519 89
1.1949608 -0.41323996 -0.1945463 34
0.75883353 -0.42661619 -0.22358681 81
1.0435826 -0.36052033 -0.24669713 23
2.812031 -1.5862074 0.73671967 9
4.6134205 -1.5736198 1.294994 3
3.8436775 -2.168071 0.69263166 35
4.6038523 -1.5783899 0.93841386 4
4.0715833 -2.2967584 0.40592787 43
4.3989711 -1.51519 0.56619108 38
4.3301783 -2.4427738 0.086171255 49
4.1082559 -1.4185613 0.22596049 11
2.3768218 -1.3404137 -0.14117624 10
1.3193219 -0.45930812 -0.023778902 26
0.7484206 -0.42111838 -0.10100777 90
1.2511295 -0.43558255 -0.11264152 33
0.75741237 -0.42671251 -0.16204201 89
1.1895673 -0.41371951 -0.19376498 34
0.76438928 -0.43151534 -0.22552542 83
1.0521693 -0.36550066 -0.24894494 22
2.8182092 -1.6098653 0.74065334 14
4.5982718 -1.5953858 1.2930555 3
3.8408484 -2.1930678 0.69419432 33
4.6001611 -1.6040856 0.93936706 3
4.0573392 -2.3168097 0.40570998 38
4.4026904 -1.5422926 0.56771231 38
4.2847762 -2.4468079 0.085516788 58
4.0442181 -1.4202585 0.22282031 29
2.3459301 -1.3392088 -0.139737 10
1.31454 -0.46538323 -0.023735272 18
0.74405181 -0.42379844 -0.10070353 91
1.2582339 -0.44542006 -0.11351134 32
0.75516772 -0.43067244 -0.16204201 89
1.1897157 -0.42075729 -0.19415563 34
0.76211941 -0.43551174 -0.22552542 82
1.0479411 -0.37020284 -0.248383 21
2.8241274 -1.6191416 0.74290115 25
4.6046038 -1.6065825 1.2956402 3
3.8370147 -2.1997681 0.69419432 31
4.6089377 -1.6161617 0.94175005 3
4.0576096 -2.3263667 0.40614575 38
4.3999925 -1.5499744 0.56771231 39
4.2848353 -2.4567704 0.085604049 59
4.0487981 -1.4298016 0.22321284 28
2.3154428 -1.3271424 -0.13803609 10
1.3255135 -0.47183022 -0.023953427 5
0.75191647 -0.43004274 -0.10192049 94
1.2574545 -0.44761539 -0.11351134 32
0.75441492 -0.43198982 -0.16204201 89
1.1982975 -0.42610899 -0.19571826 34
0.75717396 -0.43442836 -0.22423302 82
1.0518911 -0.37364322 -0.24950691 21
2.8216441 -1.6380707 0.74458706 27
4.5938516 -1.6298646 1.294994 3
3.8233092 -2.2185881 0.69380367 26
4.602725 -1.6410937 0.94222665 3
4.0669088 -2.3600893 0.40832466 38
4.3894796 -1.5721569 0.56740808 40
4.2805591 -2.484194 0.085778572 55
4.0577106 -1.4568696 0.22412872 29
2.2911928 -1.329213 -0.13698936 12
4.5280433 -1.6269579 -0.083378866 29
0.74536479 -0.4314782 -0.101312 92
1.2550937 -0.45419323 -0.11351134 30
0.75214267 -0.43593395 -0.16204201 89
1.1890746 -0.42988393 -0.1945463 34
0.75071728 -0.43595219 -0.22294059 81
1.0430365 -0.37669179 -0.24782103 21
2.8211715 -1.6437284 0.74514896 29
4.6001024 -1.6411173 1.2975789 3
nan nan nan 0
4.599854 -1.6491246 0.94222665 3
4.2219849 -2.4600272 0.42444846 43
4.3867288 -1.5798156 0.56740808 41
4.2632613 -2.4841058 0.085516788 61
4.0316696 -1.4554965 0.22282031 23
2.2651491 -1.319371 -0.13555013 15
4.5181422 -1.6323171 -0.083247975 64
0.74032527 -0.43027532 -0.10070353 91
1.2566425 -0.45722678 -0.1137288 20
0.74926221 -0.43600711 -0.16156541 89
1.1952935 -0.43446425 -0.19571826 33
0.74995524 -0.43726179 -0.22294059 81
1.0423775 -0.37851167 -0.24782103 19
2.8143344 -1.6602072 0.74571091 29
4.5937171 -1.666002 1.2982252 3
nan nan nan 0
4.6003814 -1.6765392 0.94413298 3
4.2369285 -2.4985564 0.42728102 23
4.3807282 -1.6036134 0.56771231 44
4.2824855 -2.5254521 0.086171255 36
4.0122705 -1.4722985 0.22216612 22
2.2431617 -1.3223277 -0.13463424 14
4.5048389 -1.6542326 -0.083160713 61
0.74019825 -0.4354085 -0.10100777 91
1.2495536 -0.46208847 -0.11329389 6
0.75119293 -0.44242427 -0.16251861 90
1.1953218 -0.4415642 -0.19610892 33
0.75181001 -0.44364634 -0.22423302 83
1.0426701 -0.38479829 -0.248383 19
2.8159142 -1.6671106 0.74683481 29
4.5930719 -1.6748424 1.2988714 3
nan nan nan 0
4.5951433 -1.6837234 0.94365638 3
4.208993 -2.4919815 0.42488426 14
4.3942294 -1.6172405 0.56984198 53
4.2393637 -2.5099854 0.085385896 30
4.0120382 -1.4801608 0.22229697 12
2.2129316 -1.3096904 -0.13293332 11
4.4878707 -1.6569115 -0.08289893 25
0.73943722 -0.43669975 -0.10100777 90
2.9035819 -1.07313 -0.26725179 4
0.74409032 -0.43997359 -0.16108882 87
1.1899135 -0.44194692 -0.19532761 32
0.75310957 -0.44619334 -0.22487922 81
1.0419968 -0.38661751 -0.248383 18
2.8110301 -1.6848286 0.74795872 28
4.5933013 -1.7022167 1.3014561 3
nan nan nan 0
4.5885653 -1.7086146 0.94413298 3
4.1702571 -2.4986153 0.42226955 16
4.3787265 -1.6376253 0.56892926 53
4.215445 -2.5257204 0.085167743 27
4.0393124 -1.5142559 0.22425956 19
2.1889167 -1.3109845 -0.1318866 11
4.4042163 -1.6523618 -0.081502736 13
0.73075891 -0.43673247 -0.10009505 91
2.8909247 -1.0857017 -0.26659942 6
0.73967326 -0.44259888 -0.16061223 87
1.1922101 -0.44989833 -0.19610892 27
0.74869448 -0.44888413 -0.22423302 82
1.0353924 -0.39036819 -0.2472591 16
2.80212 -1.6854717 0.74627286 26
4.5993791 -1.713595 1.304041 3
2.6456282 -1.590611 0.48284984 21
4.5901752 -1.7183373 0.94508618 3
4.0741434 -2.450654 0.41290033 29
4.3595967 -1.6391678 0.56679958 26
4.1896157 -2.5201812 0.08473143 27
4.0787311 -1.5371075 0.22661468 21
2.1673777 -1.3032103 -0.13070905 12
4.3381553 -1.6362891 -0.080324695 12
0.73212045 -0.43928859 -0.10039929 91
2.8960192 -1.0933746 -0.26725179 6
0.74310154 -0.44642594 -0.16156541 87
1.2076058 -0.45805147 -0.19884349 7
0.74584347 -0.44894019 -0.22358681 83
1.036991 -0.39302865 -0.24782103 15
2.564167 -1.5611165 0.68445808 23
4.5835652 -1.7350951 1.3021023 3
2.6731131 -1.6262814 0.48949096 29
4.5765257 -1.740607 0.94413298 3
4.0484939 -2.4641781 0.41159299 37
4.2860241 -1.6372427 0.55828089 13
4.1635542 -2.5342803 0.084469639 27
4.0776243 -1.5611131 0.22700721 19
2.1349421 -1.2989497 -0.12913896 12
4.2594776 -1.6322176 -0.079015762 12
0.73192859 -0.44440839 -0.10070353 92
2.8856013 -1.1067461 -0.26681688 6
0.73656535 -0.44775194 -0.16061223 87
nan nan nan 0
0.74554241 -0.45410001 -0.22423302 83
1.0235341 -0.3941237 -0.24501128 14
2.5492442 -1.5575141 0.68108642 24
4.5850458 -1.7448059 1.3033948 3
2.6850166 -1.6399629 0.49222556 25
4.5895324 -1.7547119 0.94746917 3
4.0505614 -2.4751387 0.41224667 37
4.222909 -1.6216527 0.55037063 12
4.142066 -2.53111 0.084120594 25
4.0725627 -1.5673333 0.22687636 18
2.119894 -1.294856 -0.12835392 13
4.1936202 -1.6154524 -0.077837728 11
0.73326784 -0.44698131 -0.10100777 91
2.8766901 -1.1091031 -0.26616451 6
0.73578274 -0.44903684 -0.16061223 88
1.5479343 -0.59814328 -0.25705114 5
0.74063343 -0.45287177 -0.22294059 78
1.0319463 -0.39938873 -0.2472591 14
2.5511351 -1.5776969 0.68389618 18
4.5826068 -1.771395 1.3053334 3
nan nan nan 0
4.5802817 -1.7787185 0.94746917 3
4.0396638 -2.4976239 0.41246456 37
4.1426659 -1.6158612 0.54093915 12
4.1160026 -2.5448709 0.08385881 24
4.0433645 -1.5804772 0.22569881 17
2.0961034 -1.2954252 -0.12730721 13
4.1198997 -1.6119527 -0.076616056 12
0.72669905 -0.44820008 -0.10039929 91
2.8778045 -1.1268642 -0.26681688 6
0.7375921 -0.4554711 -0.16156541 85
1.56319 -0.61340612 -0.26017636 5
0.73620117 -0.45546836 -0.22229439 73
1.0252994 -0.40302309 -0.24613519 16
2.5941718 -1.6099908 0.69625908 12
4.5885162 -1.7828807 1.3079182 3
3.8187337 -2.3701258 0.70552331 1
4.5840321 -1.7893808 0.94889897 3
4.0501075 -2.5138702 0.41398978 31
4.0751281 -1.5977941 0.53242046 12
4.0860758 -2.5362225 0.083335236 24
4.0127048 -1.5766054 0.22412872 17
2.0747554 -1.2872213 -0.12612964 12
4.0495939 -1.5926796 -0.075350761 11
0.73223639 -0.45340046 -0.101312 91
2.8665583 -1.1282502 -0.26594704 6
0.73679608 -0.45675772 -0.16156541 87
1.562117 -0.61613351 -0.26017636 5
0.73540509 -0.4567526 -0.22229439 75
1.0268637 -0.40569761 -0.24669713 13
2.6060433 -1.6369734 0.70187861 27
4.5768709 -1.8059971 1.307272 3
3.8104532 -2.3927164 0.70630461 1
4.5723176 -1.8124558 0.94842237 3
4.0474319 -2.5416682 0.41507921 29
4.0044341 -1.5943911 0.52420598 12
4.0409956 -2.5376301 0.082680769 23
3.9672778 -1.5828311 0.22203527 18
2.0550809 -1.2904525 -0.12534462 12
3.9738514 -1.5870469 -0.074085459 13
0.7256524 -0.45458433 -0.10070353 90
2.8696673 -1.1474284 -0.26681688 5
0.73024195 -0.45799235 -0.16061223 85
1.5565747 -0.6233924 -0.25978571 5
0.73708749 -0.46317571 -0.22358681 77
1.0247253 -0.41106868 -0.24669713 12
nan nan nan 0
4.582695 -1.8175355 1.3098569 3
3.7853875 -2.3861866 0.70239806 1
4.577951 -1.824857 0.95032871 3
4.000864 -2.5221496 0.41072145 25
3.9301975 -1.572873 0.51477456 17
4.0044093 -2.5253704 0.082026303 23
3.9274175 -1.5749248 0.21994184 23
2.0274937 -1.2780418 -0.12377454 12
3.9107375 -1.5698344 -0.072951056 22
0.7290532 -0.45850137 -0.101312 90
2.8630359 -1.1505845 -0.26638198 6
0.73773724 -0.46451458 -0.16251861 85
1.5486048 -0.62336075 -0.25861374 5
0.73823649 -0.46588334 -0.22423302 77
1.0285326 -0.41465953 -0.24782103 13
2.8036373 -1.7893773 0.75919777 29
4.5638299 -1.8387021 1.307272 3
4.0471382 -2.5820508 0.75396454 35
4.5637822 -1.846965 0.94937557 3
3.9514759 -2.5209734 0.40701732 23
3.8963327 -1.5838628 0.51142788 23
3.9553173 -2.5234334 0.081284575 22
3.8795159 -1.5801835 0.21771757 23
2.0039427 -1.2778884 -0.12272782 13
3.8674521 -1.5768521 -0.07229659 23
0.72656184 -0.46243921 -0.101312 90
2.8638942 -1.1683717 -0.26703432 6
0.726946 -0.46320611 -0.16061223 85
1.554473 -0.63517189 -0.26017636 5
0.72765601 -0.46452633 -0.22164819 75
1.0307902 -0.42204577 -0.24894494 14
2.8418355 -1.8200784 0.77043682 29
4.5695715 -1.8502818 1.3098569 3
nan nan nan 0
4.5582776 -1.8540051 0.94889897 3
3.9156184 -2.5077059 0.40374896 18
3.8524706 -1.5731406 0.50595152 22
3.9235497 -2.5127971 0.080717377 19
3.8469772 -1.5740179 0.21601667 23
1.9869981 -1.2719504 -0.12181193 13
3.8276703 -1.5684755 -0.071598493 23
0.72374618 -0.46223968 -0.10100777 90
2.857239 -1.1714854 -0.26659942 6
0.73026538 -0.46712798 -0.16156541 87
1.5442152 -0.63415682 -0.25861374 5
0.72481364 -0.46448803 -0.22100198 77
1.0301261 -0.42366442 -0.24894494 14
2.8097861 -1.8203505 0.76425534 15
4.5556788 -1.8715556 1.3085644 3
nan nan nan 0
4.5397573 -1.8733165 0.94699252 3
nan nan nan 0
3.8120739 -1.5800242 0.50169218 22
2.5515723 -1.6516285 0.052444477 4
3.8017759 -1.578859 0.21392322 23
1.9658716 -1.2724833 -0.12089606 13
3.8012092 -1.580173 -0.071249448 23
0.72131604 -0.46602288 -0.10100777 90
2.855875 -1.1878383 -0.26703432 6
0.72583395 -0.46948084 -0.16108882 85
1.5431554 -0.64317733 -0.25900438 4
0.73054874 -0.4734219 -0.22358681 77
1.0256418 -0.42812327 -0.248383 18
2.3638895 -1.5363923 0.64231163 9
4.5300736 -1.8703086 1.3021023 4
nan nan nan 0
nan nan nan 0
3.5853317 -2.3305647 0.37106556 1
3.7795181 -1.5743042 0.49773705 23
2.5549715 -1.6601691 0.052575372 12
3.7713537 -1.5739836 0.21235313 23
1.9510933 -1.2677408 -0.12011101 19
3.7753701 -1.577195 -0.070813134 23
0.72050154 -0.46728107 -0.10100777 81
2.8537977 -1.1928209 -0.26703432 6
nan nan nan 0
1.5397505 -0.64492196 -0.25861374 4
nan nan nan 0
1.0226427 -0.42897969 -0.24782103 15
2.3514733 -1.5464798 0.64118779 11
nan nan nan 0
2.375459 -1.5611115 0.44417498 13
3.9902637 -1.6798527 0.83403975 9
3.6250892 -2.3835342 0.3765128 1
3.7346368 -1.5786548 0.4928692 23
2.5859158 -1.6996332 0.053404361 14
3.7216616 -1.5762295 0.20999801 23
1.9235765 -1.2642108 -0.11880261 20
3.7302213 -1.5813721 -0.070115037 24
nan nan nan 0
2.8452189 -1.2067779 -0.26681688 6
nan nan nan 0
1.543178 -0.65585417 -0.25978571 4
0.79572105 -0.52379495 -0.24555777 18
1.0136466 -0.431494 -0.24613519 12
2.3713963 -1.5649458 0.64736921 18
3.9602406 -1.6681166 1.1405512 26
2.3727307 -1.565255 0.44417498 22
3.9534073 -1.6725078 0.82689089 52
nan nan nan 0
3.7021706 -1.572592 0.4889141 23
nan nan nan 0
3.6959219 -1.5729716 0.20868962 24
1.8984563 -1.2524248 -0.11736339 13
3.7021472 -1.5771322 -0.069635101 24
1.799549 -1.1884048 -0.26012543 21
2.8545709 -1.2166076 -0.26790416 6
1.102267 -0.72787368 -0.24973533 17
1.5374839 -0.65661919 -0.25900438 4
0.80486679 -0.53185999 -0.24878879 18
1.012892 -0.4332625 -0.24613519 15
2.37707 -1.5872322 0.65130293 22
3.951452 -1.6888294 1.1405512 73
2.3480775 -1.5666822 0.44104972 23
3.9513645 -1.6960815 0.82832062 61
nan nan nan 0
3.6710868 -1.5821598 0.48587167 23
3.5425019 -2.3647857 0.073736414 1
3.6601174 -1.5804565 0.20711954 24
1.8814945 -1.2554108 -0.11670918 15
3.654814 -1.5796801 -0.068893373 24
1.7850525 -1.1922905 -0.25890848 20
2.8504488 -1.2325224 -0.2681216 6
1.0964019 -0.73226923 -0.24925874 16
1.5340248 -0.66466045 -0.25900438 5
0.79806054 -0.53337514 -0.24749638 18
1.0150868 -0.44048086 -0.2472591 16
2.3968251 -1.6058939 0.65748441 23
3.9462781 -1.6947727 1.139905 36
2.3494408 -1.5735286 0.44183102 23
3.9438889 -1.7010362 0.82736742 29
2.5410216 -1.7020303 0.26451766 17
3.6432595 -1.577746 0.48252505 24
2.4422777 -1.6358094 0.050699238 9
3.6321478 -1.5759399 0.2056803 24
1.8647884 -1.2489556 -0.1157933 15
3.6291125 -1.5761253 -0.06845706 25
1.7747295 -1.1898698 -0.2576915 21
2.852865 -1.2394737 -0.26855651 5
1.1012317 -0.73829007 -0.25068852 14
1.5305958 -0.66635734 -0.25861374 5
0.803137 -0.53881544 -0.24943499 17
1.0098425 -0.44032317 -0.24613519 17
2.3981791 -1.6256794 0.66029418 18
3.9240599 -1.7096387 1.1360278 34
2.3779531 -1.6107597 0.44886282 21
3.9281805 -1.7187191 0.82593769 54
2.4826097 -1.6817582 0.25928834 23
3.5985806 -1.5808737 0.47765723 24
2.4109244 -1.6331396 0.050219294 31
3.5986981 -1.5839021 0.20424107 24
1.8478944 -1.2516935 -0.1151391 17
3.5887692 -1.5810339 -0.067846224 24
1.7582122 -1.1921738 -0.2561703 20
2.8622994 -1.2614017 -0.27007872 4
1.103439 -0.74818647 -0.25211832 14
1.5089934 -0.66643161 -0.25548851 5
0.79830903 -0.54165339 -0.24878879 19
1.0008273 -0.44267651 -0.24444932 15
2.4399161 -1.6596142 0.67265707 17
3.9432039 -1.7261457 1.1424898 37
2.4445353 -1.6621584 0.46214512 26
nan nan nan 0
2.4693778 -1.6790804 0.25819889 24
3.5708315 -1.5761586 0.47431055 24
2.4060044 -1.6359384 0.050175667 29
3.5593772 -1.5740674 0.20214762 24
1.8333265 -1.2464839 -0.11435406 18
3.5539882 -1.5731676 -0.067235395 25
1.7397276 -1.1840568 -0.25373638 15
2.8828804 -1.2764457 -0.27225325 2
1.0940237 -0.74457651 -0.25021192 15
1.4942691 -0.66309255 -0.25314459 5
0.79736245 -0.54304588 -0.24878879 21
1.0022835 -0.44540253 -0.24501128 13
2.4268894 -1.6700268 0.67153323 17
4.3978548 -1.9520777 1.2781928 26
2.4663053 -1.695941 0.46800491 26
4.4744687 -1.9943585 0.94460958 35
2.4626033 -1.6933993 0.25841677 26
3.5398705 -1.5847213 0.47126818 24
2.3912292 -1.6442608 0.050044771 24
3.5282955 -1.5824922 0.20083922 25
1.8164946 -1.2489851 -0.11369986 20
3.5320129 -1.5856282 -0.066973604 25
1.7171619 -1.1818801 -0.25130248 14
nan nan nan 0
1.0860709 -0.74750596 -0.24925874 14
nan nan nan 0
0.78854948 -0.54309201 -0.24685018 17
0.99103725 -0.44667795 -0.24276346 13
2.4402928 -1.6849198 0.67602879 23
4.4451933 -1.9823253 1.2930555 43
2.4999058 -1.7255141 0.47503674 26
4.4082398 -1.9741387 0.93126494 59
2.4186687 -1.6693748 0.25405899 26
3.5099282 -1.5787146 0.46761727 25
2.3698494 -1.6356412 0.049652096 26
3.5050316 -1.5794407 0.19966166 26
1.8102051 -1.249314 -0.11343818 20
3.4996033 -1.5784646 -0.066406399 27
1.700814 -1.1749893 -0.24917276 19
0.79078913 -0.36035401 -0.072847314 2
1.0928334 -0.75499165 -0.25116512 14
nan nan nan 0
0.79553568 -0.54997647 -0.24943499 19
0.98580939 -0.44641599 -0.24163955 19
2.4331372 -1.6994947 0.6765908 21
4.3929257 -1.9867049 1.2807776 62
2.4948845 -1.7414087 0.47581801 26
4.4000783 -1.9982058 0.93174154 75
2.4201014 -1.6891496 0.25514844 22
3.5038726 -1.5980979 0.46792153 25
2.3530571 -1.6422994 0.04947757 31
3.4739945 -1.5874223 0.19835328 44
1.7852243 -1.2458999 -0.11226062 21
3.4981136 -1.5998777 -0.066537298 27
1.6783754 -1.1724952 -0.24673885 20
0.79115778 -0.36552238 -0.073064767 3
1.0868553 -0.75929487 -0.25068852 14
0.78259116 -0.36115563 -0.13086949 3
0.78671539 -0.54997146 -0.24749638 17
0.97236806 -0.44653606 -0.23882981 19
2.4165063 -1.693519 0.67265707 21
4.4246464 -2.0103192 1.2911168 81
2.4958844 -1.7485967 0.47659937 27
4.4591284 -2.0343459 0.94508618 87
2.3152075 -1.6218578 0.24425398 30
3.4717362 -1.5908078 0.4639664 50
2.3501875 -1.6464038 0.04947757 34
3.4780288 -1.5965997 0.19874579 46
1.7728292 -1.2418432 -0.11160642 23
3.4839532 -1.600776 -0.066319138 45
1.6661741 -1.1682903 -0.24521764 20
0.7882542 -0.36586592 -0.072847314 4
1.0895432 -0.76401436 -0.25164169 14
0.78420526 -0.36354771 -0.13126014 3
0.7837801 -0.54995263 -0.24685018 20
0.95828927 -0.4421666 -0.23545809 8
2.3934035 -1.6966982 0.6687234 22
4.4557543 -2.0526187 1.3033948 83
2.5249612 -1.7887855 0.48402178 24
4.44173 -2.0545809 0.94365638 67
2.306684 -1.6339577 0.24425398 29
3.497134 -1.6246059 0.46853 35
2.3333797 -1.6529019 0.049303047 33
3.4832096 -1.6210932 0.19953083 35
1.7724106 -1.2554431 -0.11199894 23
3.480058 -1.6211015 -0.066406399 36
1.6438509 -1.1655017 -0.24278374 19
0.78406864 -0.36893958 -0.072629862 4
1.089528 -0.77255338 -0.25259489 15
0.7912522 -0.37180275 -0.13282277 3
0.78482348 -0.55685169 -0.24814259 20
nan nan nan 0
2.3788304 -1.6919763 0.66535175 25
4.4609351 -2.064441 1.3059795 76
nan nan nan 0
4.4581766 -2.0716193 0.94794577 78
2.2896268 -1.62787 0.24272874 24
3.465045 -1.6170996 0.46457487 42
2.3304913 -1.6569721 0.049303047 31
3.4532208 -1.6145136 0.19796075 46
1.7722502 -1.2599829 -0.11212978 29
3.4636319 -1.6208322 -0.066144615 57
1.6256509 -1.1568441 -0.2403498 20
0.77890921 -0.36820239 -0.072194949 27
1.0801879 -0.76875043 -0.25068852 14
0.78388661 -0.37005597 -0.13165081 17
0.77992171 -0.55541104 -0.24685018 19
0.77623206 -0.36570552 -0.18993993 8
2.3656878 -1.7019742 0.66422778 29
4.4500651 -2.08777 1.3059795 73
2.5845563 -1.8583061 0.49808541 23
4.4539318 -2.0980649 0.94937557 57
2.2830932 -1.6412911 0.24294662 27
nan nan nan 0
2.3156974 -1.6647702 0.049172152 25
nan nan nan 0
1.759551 -1.2648681 -0.11173727 29
nan nan nan 0
1.6175586 -1.1638889 -0.24004556 19
0.76571244 -0.36695394 -0.071107678 56
1.084108 -0.78014088 -0.25259489 14
0.76854032 -0.36783072 -0.12930687 73
0.78287393 -0.56373233 -0.24878879 19
0.77210271 -0.36872685 -0.18937798 79
2.3610373 -1.7042612 0.66366583 27
4.452971 -2.0986164 1.3079182 29
2.553288 -1.8425674 0.49261621 10
4.4458246 -2.1037402 0.94842237 8
2.2701318 -1.6379803 0.24185717 29
nan nan nan 0
2.3087363 -1.6658816 0.049084891 28
4.0891738 -1.9458082 0.23551179 38
1.7694807 -1.2767123 -0.1125223 29
4.4298625 -2.1093955 -0.085036844 64
1.5974318 -1.1536181 -0.2373074 20
0.76957035 -0.37042636 -0.071542591 80
1.0807573 -0.78059208 -0.25211832 15
0.77235943 -0.37128749 -0.13008818 83
0.78384334 -0.56651628 -0.24943499 18
0.77806401 -0.37319934 -0.19106384 78
2.3537483 -1.7184483 0.66422778 25
4.4288416 -2.1156697 1.304041 1
2.4957519 -1.8209518 0.48324049 10
nan nan nan 0
2.25348 -1.6439675 0.24098562 31
4.3196535 -2.0792994 0.58353287 58
2.2999821 -1.6779472 0.049084891 33
4.1036768 -1.9790971 0.23695102 36
1.7486622 -1.2756482 -0.11160642 24
4.4074965 -2.1271391 -0.084818684 27
1.5813565 -1.1546406 -0.23578621 20
0.76313204 -0.37229064 -0.071107678 82
1.0766554 -0.78624022 -0.25211832 14
0.77040482 -0.37532645 -0.13008818 84
0.78476065 -0.57347018 -0.25072739 19
0.77829581 -0.37832147 -0.19162579 80
2.3569388 -1.7264657 0.66591364 23
nan nan nan 0
2.4447777 -1.7902625 0.47386476 16
nan nan nan 0
2.2546244 -1.6508436 0.24142142 34
4.320488 -2.0889914 0.58414125 58
2.3212395 -1.6996955 0.049608462 34
4.1294398 -2.0003772 0.23865195 24
1.7927343 -1.3126601 -0.11461575 33
4.3520207 -2.1097975 -0.083815172 17
1.5733385 -1.1529926 -0.23487347 20
0.7714501 -0.37795779 -0.071977496 83
1.0733039 -0.78666443 -0.25164169 14
0.76974857 -0.37667051 -0.13008818 82
0.78181386 -0.57340682 -0.25008118 19
0.77543962 -0.37862208 -0.19106384 80
2.4199517 -1.7928942 0.68670589 31
nan nan nan 0
2.4095826 -1.7839217 0.46878624 18
4.4572997 -2.1761672 0.95652443 1
2.237947 -1.6566936 0.24054985 31
4.3161788 -2.1148541 0.58505404 57
2.3123083 -1.7118261 0.049608462 37
4.1435733 -2.0340488 0.2400912 18
1.8119059 -1.3413613 -0.11631665 37
4.2915344 -2.1083541 -0.082855292 17
1.5593103 -1.1552984 -0.23365653 20
0.76722401 -0.38089624 -0.071760044 82
1.065231 -0.78934556 -0.25068852 15
0.76776576 -0.3806957 -0.13008818 83
0.77105254 -0.57172346 -0.24749638 19
0.76906836 -0.3805398 -0.18993993 81
nan nan nan 0
nan nan nan 0
2.4005225 -1.7837026 0.46761426 18
4.482152 -2.197964 0.96272016 1
2.2330542 -1.6591103 0.24033196 32
4.3191633 -2.1256647 0.58596677 58
2.3333824 -1.7337643 0.050132036 38
4.1198549 -2.0313609 0.23891364 33
1.8315921 -1.3609184 -0.1177559 49
4.2474813 -2.0959692 -0.082069933 16
1.543363 -1.1476396 -0.23152684 20
0.76879269 -0.38333428 -0.071977496 82
1.067786 -0.79413831 -0.25164169 14
0.7737487 -0.38530228 -0.13126014 82
0.77198797 -0.57451397 -0.24814259 20
0.77059025 -0.38295397 -0.19050188 80
nan nan nan 0
4.5071411 -2.2307637 1.3363513 1
2.3733897 -1.7828882 0.46409839 15
4.4771791 -2.2246726 0.96414995 2
2.2203557 -1.6677856 0.23989619 32
4.3146386 -2.1515663 0.58687943 57
2.3222747 -1.7444553 0.050088402 41
4.0935206 -2.0451095 0.23799777 40
1.8483801 -1.388503 -0.11932597 58
4.189476 -2.0947502 -0.081153691 16
1.5214767 -1.1437609 -0.22909291 21
0.76454616 -0.38624313 -0.071760044 82
1.053816 -0.79233021 -0.24925874 15
0.77172065 -0.38934833 -0.13126014 81
0.76511544 -0.57563663 -0.24685018 18
0.76639295 -0.38589957 -0.18993993 80
1.7513604 -1.3202518 0.49788988 21
4.4989138 -2.2364807 1.3350588 2
nan nan nan 0
4.4557142 -2.2237322 0.96033722 2
2.2234046 -1.6761601 0.24054985 33
4.3108773 -2.1590934 0.58687943 56
2.3152368 -1.7454939 0.050001144 43
4.0944099 -2.0544858 0.23825942 38
1.8857995 -1.421818 -0.12194277 61
4.1411166 -2.0796666 -0.080281064 17
1.5076017 -1.1374358 -0.22726747 20
0.76387089 -0.38757694 -0.071760044 81
1.060259 -0.80009246 -0.25116512 17
0.7622059 -0.38627666 -0.12969753 83
0.76603401 -0.57843024 -0.24749638 18
0.77007765 -0.38941202 -0.19106384 81
1.7499993 -1.334144 0.49957573 22
4.4720368 -2.2524154 1.3305354 2
nan nan nan 0
4.5163169 -2.283509 0.9760648 3
nan nan nan 0
4.3061552 -2.184998 0.58779222 58
2.3001041 -1.7530429 0.049870245 44
4.0947299 -2.0815415 0.23891364 38
1.9140476 -1.4589421 -0.12429789 65
4.0922785 -2.0820885 -0.079539336 15
1.5016255 -1.145314 -0.22726747 17
0.7618311 -0.39157122 -0.071760044 81
1.054106 -0.80414158 -0.25068852 15
0.76024103 -0.39012957 -0.12969753 82
0.76682836 -0.58537161 -0.24878879 18
0.76802814 -0.39343876 -0.19106384 82
1.7537026 -1.3413361 0.50126159 21
4.4853473 -2.2689223 1.335705 2
2.1541543 -1.6470002 0.42347026 18
4.4772968 -2.2736409 0.96843934 3
nan nan nan 0
4.3049297 -2.1928837 0.58809644 57
2.2970412 -1.7570547 0.049870245 46
4.0892305 -2.0868382 0.23878279 37
1.9986943 -1.5290916 -0.13005485 59
4.0507798 -2.0699294 -0.078797609 15
1.4899789 -1.1401218 -0.22574626 18
0.7589274 -0.39176959 -0.071542591 77
1.0624334 -0.81345361 -0.25307149 16
0.75955898 -0.39145583 -0.12969753 82
0.76771963 -0.58818161 -0.24943499 17
0.76306468 -0.39243966 -0.18993993 79
1.7582107 -1.3594503 0.50463331 22
4.4974604 -2.3036847 1.3428131 2
2.1494064 -1.6612793 0.42425156 26
4.5028524 -2.3153179 0.9765414 3
nan nan nan 0
4.3022137 -2.2199371 0.58931339 59
2.2841654 -1.7655985 0.049782988 47
4.0915608 -2.1150863 0.23956783 38
2.0975261 -1.6217245 -0.1371202 56
3.9958265 -2.0674765 -0.077924989 16
1.4741826 -1.1403067 -0.22422507 19
0.75250816 -0.39332205 -0.071107678 80
1.0563637 -0.81731611 -0.25259489 15
0.76408404 -0.39882052 -0.13086949 80
0.76663953 -0.59354204 -0.25008118 20
0.76533228 -0.39865744 -0.19106384 81
1.7676144 -1.3711789 0.50800502 26
4.4955812 -2.3126335 1.3434594 3
2.1406534 -1.6604837 0.42307958 28
4.5162573 -2.332166 0.98035419 3
1.8401576 -1.4270668 0.2006761 20
4.3027411 -2.2297218 0.58992183 60
2.2830541 -1.7711158 0.049826618 52
4.087863 -2.1222243 0.23956783 38
2.1498902 -1.6682757 -0.14078373 67
3.9500475 -2.0525916 -0.077096 16
1.4643558 -1.1367835 -0.22300811 18
0.7584545 -0.39807209 -0.071760044 80
1.0568719 -0.82066643 -0.25307149 14
0.75461453 -0.39561415 -0.12930687 79
0.76369828 -0.59339362 -0.24943499 20
0.75814188 -0.39663959 -0.18937798 81
1.765674 -1.3855458 0.50969088 29
4.5408525 -2.3670118 1.360907 3
2.1296964 -1.6705163 0.42268893 29
4.5035734 -2.3565669 0.98035419 3
1.8539532 -1.4539249 0.20307288 26
4.2994065 -2.2575753 0.59113884 58
2.2655756 -1.7772663 0.049652096 50
4.082953 -2.1477909 0.23996036 38
2.1899083 -1.7184465 -0.14405473 56
3.8857737 -2.0460377 -0.076048858 17
1.4464819 -1.1354846 -0.22118267 28
0.75187939 -0.39985448 -0.071325131 80
1.0427758 -0.8187809 -0.25068852 15
0.75027609 -0.39854452 -0.12891622 82
0.75858051 -0.59602112 -0.24878879 17
0.75598472 -0.40073571 -0.18937798 81
1.7615829 -1.3868093 0.50912893 29
4.5538392 -2.3838785 1.3660766 3
2.1287165 -1.6757593 0.42307958 29
4.5798717 -2.4065907 0.9979881 3
1.8533686 -1.4587003 0.20329078 26
4.2976556 -2.2662311 0.59144306 58
2.2683592 -1.7858602 0.049782988 47
4.085824 -2.1584058 0.24035285 38
2.2221913 -1.7500931 -0.14640982 44
3.8755639 -2.0493181 -0.075917967 34
1.4367075 -1.1318572 -0.21996571 27
0.74897736 -0.4000046 -0.071107678 82
1.0432707 -0.82212138 -0.25116512 15
0.75394922 -0.40215439 -0.12969753 82
0.75564569 -0.5958451 -0.24814259 18
0.75744069 -0.40318766 -0.18993993 81
1.7597675 -1.4008765 0.51081479 22
nan nan nan 0
2.116051 -1.6838046 0.42229825 25
4.6604104 -2.4800315 1.0184816 3
1.8301238 -1.4559679 0.20154765 19
4.2901106 -2.2910361 0.59205151 56
2.262887 -1.8008282 0.049870245 47
4.0766692 -2.1809447 0.2404837 38
2.234472 -1.7788227 -0.14784908 45
nan nan nan 0
1.432701 -1.1409118 -0.22026995 29
0.74906963 -0.40509379 -0.071325131 82
1.0370343 -0.8260408 -0.25068852 15
0.74965435 -0.40493461 -0.12930687 82
0.75628662 -0.60281146 -0.24943499 19
0.75316864 -0.40600365 -0.18937798 81
nan nan nan 0
4.7972808 -2.5538437 1.4449135 3
1.8720521 -1.4947174 0.37346637 19
4.673399 -2.4974 1.0222944 3
1.8236898 -1.4560488 0.20111187 18
4.2992334 -2.3055444 0.59387702 59
2.2558365 -1.8016527 0.049782988 44
4.0904598 -2.1974916 0.24153042 37
2.2372127 -1.7873988 -0.14824159 44
nan nan nan 0
1.4287708 -1.1418595 -0.21996571 59
0.75055635 -0.40757746 -0.071542591 82
1.0375059 -0.82938468 -0.25116512 13
0.74894649 -0.4062424 -0.12930687 82
0.75523341 -0.60413051 -0.24943499 18
0.75675595 -0.40961388 -0.19050188 82
nan nan nan 0
4.7413077 -2.5560434 1.4319896 3
1.8641999 -1.5044988 0.37346637 20
4.7941413 -2.5941353 1.0518433 3
1.8702724 -1.5094153 0.20721279 30
4.2827387 -2.3256593 0.59326851 57
2.2560916 -1.8212962 0.050001144 44
4.0723152 -2.2153063 0.24113792 37
2.2375298 -1.8069371 -0.1488958 43
4.1972852 -2.2850225 -0.082811661 20
1.4189149 -1.1462023 -0.21935724 36
0.74841201 -0.41150177 -0.071542591 81
1.0312421 -0.83326048 -0.25068852 15
0.75332111 -0.41368958 -0.13047884 83
0.74455994 -0.60198814 -0.24685018 18
0.75674325 -0.41472998 -0.19106384 83
2.4702909 -2.0022526 0.72548062 27
4.7857099 -2.5907164 1.4468522 3
nan nan nan 0
4.7809768 -2.5978191 1.0499369 3
1.9121195 -1.5487642 0.21222423 27
4.2873917 -2.3378739 0.59448546 56
2.2548504 -1.8268056 0.050044771 41
4.0881724 -2.2331629 0.24231547 37
2.2421267 -1.8171324 -0.14941916 39
4.2108455 -2.3019199 -0.083160713 19
1.4207642 -1.1518064 -0.21996571 34
0.73894614 -0.40803859 -0.070672773 81
1.0374023 -0.8412528 -0.25259489 15
0.75259793 -0.41500375 -0.13047884 83
0.74912506 -0.60786289 -0.24878879 19
0.75815868 -0.41721326 -0.19162579 84
2.33513 -1.9136035 0.6883918 34
nan nan nan 0
1.7906388 -1.4658096 0.36057475 23
4.7716117 -2.6251788 1.0508901 3
1.9059099 -1.5603338 0.21244213 30
4.2859597 -2.3662775 0.59600669 58
2.2471874 -1.8401719 0.050088402 37
4.0851665 -2.2593625 0.24283883 28
2.2538147 -1.8462635 -0.15085839 37
4.2468739 -2.3505211 -0.084120594 35
1.4204671 -1.1639537 -0.22087842 34
0.74334061 -0.41551298 -0.071325131 82
1.0291915 -0.84355634 -0.25164169 17
0.74825227 -0.41774639 -0.13008818 83
0.7477963 -0.61331213 -0.24943499 19
0.75169522 -0.41882861 -0.19050188 83
2.3546903 -1.9358475 0.69513524 29
4.8013735 -2.6426671 1.4571915 4
nan nan nan 0
4.9368052 -2.7271121 1.088541 6
1.9070297 -1.5668228 0.2128779 37
4.2774801 -2.371352 0.59539819 56
2.253623 -1.8520325 0.050306559 36
4.0921354 -2.2725387 0.24349302 21
2.2640812 -1.8613008 -0.15177426 34
4.2318354 -2.3518686 -0.083902441 30
1.4222636 -1.1695871 -0.22148691 34
0.74261427 -0.41680968 -0.071325131 83
1.0333971 -0.85003644 -0.25307149 15
0.7453618 -0.41785571 -0.12969753 84
0.74486321 -0.61307794 -0.24878879 20
0.74456638 -0.41660583 -0.18881603 81
2.5070784 -2.0841348 0.74402505 23
4.8908906 -2.7252858 1.4888555 6
1.6284826 -1.351958 0.32932231 20
4.9374585 -2.7612965 1.0918772 8
1.906459 -1.5831566 0.21374945 29
nan nan nan 0
2.2458169 -1.8654054 0.050350189 34
4.0780034 -2.2927127 0.2433622 34
2.2696583 -1.8859038 -0.15282097 30
4.1649723 -2.3434029 -0.082811661 17
1.4180269 -1.1786062 -0.22179115 31
0.7317341 -0.41581702 -0.070455313 82
1.0232774 -0.85072082 -0.25164169 15
0.74747169 -0.42416728 -0.13047884 83
0.74720353 -0.62161404 -0.25072739 18
0.74662685 -0.42287698 -0.18993993 83
2.4420941 -2.0365481 0.72548062 20
4.8249784 -2.6996713 1.4701155 5
1.6280162 -1.3563805 0.32971299 22
4.8191686 -2.7063153 1.0666177 1
1.9075171 -1.5896733 0.21418524 23
2.8224871 -1.5923496 0.39307842 24
2.2521529 -1.8773309 0.050568346 31
4.0739961 -2.2998266 0.2433622 41
nan nan nan 0
4.143456 -2.3408489 -0.082462616 43
1.4197755 -1.1842619 -0.22239964 32
0.73317701 -0.41831613 -0.070672773 82
1.0255554 -0.85565525 -0.25259489 17
0.74027455 -0.42183805 -0.12930687 84
0.740565 -0.61826307 -0.24878879 18
0.7458877 -0.42417946 -0.18993993 83
2.4198709 -2.040303 0.7221089 18
4.7750373 -2.7046936 1.45913 5
1.6133424 -1.3585175 0.32815036 23
2.6789639 -1.525265 0.59192997 3
1.8553841 -1.5627048 0.20917377 10
2.7709806 -1.5825551 0.38699359 35
2.2461135 -1.8923208 0.050655607 28
4.0618982 -2.3211265 0.2433622 38
nan nan nan 0
4.1268005 -2.3600342 -0.082375355 65
1.4154508 -1.1932808 -0.22270387 33
0.73313999 -0.42338321 -0.070890225 82
1.0135654 -0.8546744 -0.25068852 18
0.73591012 -0.42448598 -0.12891622 81
0.7391603 -0.62369323 -0.24943499 20
0.74153882 -0.42687508 -0.18937798 82
2.4166632 -2.0441017 0.7221089 22
4.7787104 -2.7177923 1.4617149 5
nan nan nan 0
2.6549737 -1.5177902 0.58716398 8
1.8298441 -1.5466309 0.20655911 32
2.7660601 -1.5861577 0.38668939 36
2.2389917 -1.8930081 0.050568346 21
4.0665073 -2.3331738 0.24388555 36
2.8532476 -2.4138684 -0.19403556 54
4.1139998 -2.3622627 -0.082200833 36
1.4190445 -1.2005634 -0.2236166 35
0.73239988 -0.42466214 -0.070890225 84
1.0214281 -0.86438209 -0.25307149 18
0.73516804 -0.42576975 -0.12891622 84
0.73439062 -0.62185377 -0.24814259 19
0.74079257 -0.42816865 -0.18937798 83
2.3759613 -2.0317976 0.71311766 22
nan nan nan 0
nan nan nan 0
2.6639981 -1.5414783 0.59097672 14
1.812259 -1.548095 0.20546965 21
2.7641606 -1.6043465 0.38760209 37
2.2556398 -1.9274557 0.051179178 10
4.0563951 -2.3556855 0.24401638 37
2.8272927 -2.4174111 -0.19311966 63
4.1123862 -2.3900409 -0.082418986 35
1.4165076 -1.2112061 -0.22422507 33
0.72585702 -0.42599308 -0.070455313 83
1.0131626 -0.86652297 -0.25211832 17
0.73079175 -0.42837596 -0.12852557 82
0.73661983 -0.63041216 -0.25008118 19
0.73432213 -0.42960405 -0.18825407 82
nan nan nan 0
nan nan nan 0
1.6763642 -1.4368881 0.34377658 24
2.7016573 -1.5694895 0.60003203 22
1.819002 -1.5593677 0.20655911 10
2.7549193 -1.6054295 0.38668939 37
nan nan nan 0
4.0587516 -2.3665278 0.24440892 37
2.8117058 -2.4125819 -0.19233464 59
4.0995679 -2.3921838 -0.082244463 38
1.4106284 -1.210441 -0.2236166 27
0.72295988 -0.42600647 -0.07023786 83
1.0042086 -0.86188591 -0.25021192 18
0.73644739 -0.43337375 -0.12969753 84
0.73368949 -0.63011974 -0.24943499 20
0.73357117 -0.43088505 -0.18825407 81
1.8411894 -1.5963244 0.55408514 38
4.353065 -2.5470381 1.3402284 24
1.6520325 -1.4310803 0.34026068 24
nan nan nan 0
1.7750729 -1.5378575 0.20241922 28
2.7379191 -1.614802 0.38547242 33
1.7116243 -1.4828075 0.038918864 31
4.0484567 -2.389014 0.24453975 37
2.7764113 -2.4076321 -0.19076456 55
4.0912929 -2.4161541 -0.082331717 34
1.4098903 -1.2226932 -0.22452931 29
0.72501135 -0.43231416 -0.070672773 81
1.0033853 -0.87035346 -0.25116512 17
0.72778332 -0.43346739 -0.12852557 84
0.72855943 -0.63236606 -0.24878879 19
0.73130506 -0.43472007 -0.18825407 81
1.8405163 -1.6008147 0.55464709 42
4.3902817 -2.5790591 1.3531524 42
1.645808 -1.4307182 0.33947936 22
2.8788888 -1.6990699 0.6424489 93
1.7780206 -1.5458598 0.20307288 30
2.7393701 -1.6221007 0.38608089 35
1.718459 -1.4940003 0.039137021 32
4.0485783 -2.3986166 0.24480142 37
2.7646749 -2.4059145 -0.1902412 52
4.0418925 -2.3965626 -0.081415474 5
1.4077542 -1.225152 -0.22452931 30
0.72211194 -0.43231109 -0.070455313 83
1.0018647 -0.87210345 -0.25116512 16
0.72915179 -0.43599278 -0.12891622 82
0.72927254 -0.63522649 -0.24943499 16
0.73054516 -0.43599579 -0.18825407 80
1.828172 -1.6075293 0.55352318 34
nan nan nan 0
1.59566 -1.401795 0.33049431 29
3.078712 -1.8384173 0.6896317 82
1.7568151 -1.5436307 0.20154765 31
2.728709 -1.6351491 0.38577664 33
1.7124891 -1.5046289 0.039180648 33
4.0466766 -2.4261909 0.24545564 37
2.7333012 -2.4038601 -0.18893279 50
3.9971197 -2.3984325 -0.080761008 4
1.4031816 -1.2341468 -0.22483355 27
0.71770144 -0.43480712 -0.07023786 82
1.0009654 -0.88058442 -0.25211832 18
0.72685897 -0.43980464 -0.12891622 82
0.72774613 -0.64063555 -0.25008118 19
0.72825229 -0.43981495 -0.18825407 80
1.8201679 -1.6055604 0.55183733 34
2.4093578 -1.4405036 0.74184293 12
1.5672994 -1.3816936 0.32502511 32
4.3667712 -2.6156809 0.98178399 70
1.7671852 -1.5582349 0.20307288 33
2.7301073 -1.6424615 0.38638514 35
1.7136075 -1.5109249 0.039267913 33
4.0467162 -2.4358208 0.24571729 37
2.7197466 -2.4003623 -0.18827859 54
3.9757886 -2.395103 -0.080411963 3
nan nan nan 0
0.72121108 -0.43862453 -0.070672773 84
1.0031018 -0.88558364 -0.25307149 18
0.72397298 -0.4398019 -0.12852557 82
0.73024052 -0.64510965 -0.25137359 20
0.72957343 -0.44233704 -0.18881603 80
1.8078207 -1.6121395 0.55071342 32
2.4141924 -1.4605795 0.74572015 19
1.5582012 -1.3882368 0.32463446 30
4.3236175 -2.6207259 0.9751116 38
1.7367057 -1.5475662 0.20045821 33
2.7193484 -1.6554465 0.38608089 36
1.7094026 -1.5232055 0.039355174 35
4.048841 -2.4660525 0.24663319 38
2.6810691 -2.3912914 -0.18644685 45
3.9311593 -2.3964024 -0.079757489 5
1.6368979 -1.4605373 -0.26468903 8
0.72103262 -0.4436886 -0.070890225 83
0.99113548 -0.88427812 -0.25116512 17
0.7216602 -0.44358656 -0.12852557 84
0.71786076 -0.64086479 -0.24814259 16
0.72516406 -0.44488835 -0.18825407 78
1.7980291 -1.6084747 0.54846561 27
2.4219704 -1.4710425 0.7489512 23
1.5557759 -1.3909541 0.32463446 29
4.2875729 -2.6091599 0.96796268 37
1.7562636 -1.5705341 0.20307288 35
2.7079787 -1.6550262 0.38486391 35
1.7030176 -1.5228512 0.039267913 34
4.0423994 -2.4718151 0.24650235 38
2.6638756 -2.3843048 -0.18553095 47
3.9269707 -2.4032598 -0.079757489 5
1.623263 -1.4534509 -0.26286358 8
0.7245087 -0.44754153 -0.071325131 88
0.99324274 -0.8892858 -0.25211832 17
0.71877664 -0.44356003 -0.12813491 84
0.71494567 -0.64050174 -0.24749638 18
0.72438651 -0.44615331 -0.18825407 79
1.7640234 -1.5952841 0.54059827 19
2.4204135 -1.4874871 0.75088978 20
1.5356568 -1.3874817 0.32189989 28
4.2445798 -2.6135862 0.96129042 37
1.7498628 -1.5813797 0.20329078 35
2.7035007 -1.6717865 0.38547242 35
1.7061398 -1.5418117 0.039529696 34
4.0400233 -2.4995043 0.24715655 37
2.6384003 -2.3864903 -0.18461508 53
3.9441047 -2.4421828 -0.080368333 4
1.6266617 -1.4719293 -0.26468903 8
0.71791756 -0.44871148 -0.070890225 82
0.99220777 -0.89777243 -0.25307149 17
0.72274905 -0.45120674 -0.12930687 83
0.72051764 -0.65235841 -0.25072739 17
0.71996617 -0.44866288 -0.18769212 80
1.7452891 -1.5833091 0.5355407 25
2.434273 -1.501827 0.75605941 18
1.5368884 -1.3934803 0.32268122 26
4.2107697 -2.602951 0.95461804 37
1.7747526 -1.6095492 0.20655911 35
2.7448902 -1.7039235 0.39186147 27
1.7256494 -1.5649551 0.040053267 22
4.0589976 -2.521019 0.24859579 29
nan nan nan 0
3.9355876 -2.4464276 -0.080281064 4
1.6351043 -1.4847845 -0.26651448 8
0.71078318 -0.44602662 -0.07023786 83
0.98882467 -0.89785045 -0.25259489 15
0.71776175 -0.44986725 -0.12852557 82
0.71580935 -0.65035987 -0.24943499 19
0.72125423 -0.45119959 -0.18825407 79
1.7277269 -1.584489 0.53273094 25
2.4571371 -1.5336845 0.76575249 10
1.527752 -1.3998384 0.32229054 23
4.1637716 -2.6041722 0.94699252 37
1.764466 -1.6171355 0.20634121 27
nan nan nan 0
1.8334421 -1.6804596 0.042802025 35
4.0372815 -2.536932 0.24807242 28
2.4065239 -2.2072868 -0.16930681 52
3.9375451 -2.476301 -0.080586478 4
1.6181734 -1.4849291 -0.26499328 8
0.7147674 -0.45371255 -0.070890225 82
0.98772186 -0.90633923 -0.25354809 15
0.71330404 -0.45230821 -0.12813491 82
0.70884299 -0.65082526 -0.24814259 17
0.71888185 -0.45496985 -0.18825407 76
1.7073219 -1.5706935 0.52711141 34
2.5015726 -1.5673891 0.78061521 16
1.5289388 -1.4058486 0.32307184 23
4.1238666 -2.5892837 0.93889046 36
1.7927809 -1.6488974 0.21004534 32
4.0018792 -2.5206001 0.57562262 22
1.832345 -1.6853507 0.042845655 34
3.9969296 -2.5213645 0.24584813 25
2.3879802 -2.1979492 -0.1682601 52
3.9437919 -2.4898314 -0.080804639 6
1.6246986 -1.4961635 -0.26651448 8
0.71397454 -0.45495933 -0.070890225 81
0.98253256 -0.90473181 -0.25259489 14
0.71251351 -0.45355248 -0.12813491 83
0.71479732 -0.65862119 -0.25072739 17
0.7160235 -0.45492858 -0.18769212 72
1.6987985 -1.579908 0.52711141 26
2.5035405 -1.5869147 0.78384626 23
1.5179422 -1.41047 0.32229054 21
4.0770874 -2.589818 0.93126494 36
1.7914145 -1.6650497 0.21091689 30
3.9676869 -2.5282049 0.57258016 22
1.8271548 -1.698328 0.04293292 32
3.9541914 -2.5234833 0.24401638 23
2.3727853 -2.2070198 -0.16799842 58
3.930701 -2.510447 -0.080804639 17
1.6095822 -1.4978818 -0.26529753 8
0.70948207 -0.45735335 -0.070672773 79
0.98316467 -0.91488701 -0.25402468 16
0.71846199 -0.46257961 -0.12969753 84
0.70781052 -0.65905643 -0.24943499 17
0.71774435 -0.46128348 -0.18881603 72
1.6998744 -1.5859008 0.52823532 25
2.5130041 -1.5990417 0.78772342 24
1.5118691 -1.4097457 0.32150921 21
3.7392111 -2.3848078 0.85453331 1
1.7666663 -1.6477723 0.20830221 28
3.9277103 -2.5124292 0.56740808 22
1.8187077 -1.6963952 0.042802025 31
3.922436 -2.5128996 0.24231547 21
2.3488643 -2.1924074 -0.16655917 44
3.917891 -2.5119152 -0.080630116 23
1.6142139 -1.5074694 -0.26651448 8
0.71707541 -0.46395817 -0.071542591 79
0.97798371 -0.91324657 -0.25307149 14
0.7114107 -0.45984492 -0.12852557 77
0.71018195 -0.66359532 -0.25072739 19
0.7169382 -0.46253547 -0.18881603 72
nan nan nan 0
2.5696447 -1.6539055 0.80840194 23
1.4954889 -1.4091672 0.31955594 15
3.7184184 -2.3990397 0.85262692 1
1.7743136 -1.6723864 0.21026322 34
3.8728087 -2.5060399 0.56132329 21
1.8025301 -1.6990311 0.042627499 24
3.8526218 -2.4967985 0.23878279 25
2.3228319 -2.190963 -0.16551246 44
3.8669124 -2.5079489 -0.07984475 23
1.6117084 -1.5210146 -0.26742721 9
nan nan nan 0
0.9714061 -0.91666794 -0.25259489 12
nan nan nan 0
0.70143962 -0.66232032 -0.24878879 17
nan nan nan 0
1.5632193 -1.4787607 0.48833668 17
2.5362973 -1.6387746 0.79870892 23
1.4966125 -1.4151717 0.32033727 13
nan nan nan 0
1.7786243 -1.6823318 0.21113478 32
3.8371947 -2.4925501 0.55675966 12
1.5400655 -1.4563518 0.036388267 31
3.8252237 -2.4885659 0.23734355 19
2.3063192 -2.1829929 -0.16459657 55
3.8289914 -2.4929061 -0.079146661 21
1.6018503 -1.5169941 -0.26621023 9
1.7978696 -1.1729437 -0.18440156 17
0.9698047 -0.91836196 -0.25259489 13
1.3628162 -0.88943678 -0.25197262 9
0.70378214 -0.66687262 -0.25008118 17
0.91613394 -0.59859538 -0.24444932 21
1.542882 -1.475401 0.48440304 26
2.5843425 -1.6889405 0.81680262 23
1.4891824 -1.4229885 0.32033727 12
2.5512002 -1.6730133 0.58573419 12
nan nan nan 0
3.7825882 -2.4853971 0.55067492 16
1.5161684 -1.4488389 0.035995588 55
3.7724898 -2.4825244 0.23485759 29
2.2768259 -2.1777716 -0.16328818 51
3.7594841 -2.475857 -0.07796862 16
1.5992593 -1.5305121 -0.26712295 9
1.7750508 -1.1714023 -0.18266192 17
0.95789999 -0.91663027 -0.25068852 14
1.3663987 -0.90197879 -0.25353521 11
0.69853967 -0.66887474 -0.24943499 19
0.91502506 -0.60471857 -0.24501128 15
nan nan nan 0
2.4702203 -1.6207561 0.78126144 25
1.4920386 -1.4307172 0.32150921 11
2.5482764 -1.6774634 0.58573419 12
nan nan nan 0
3.7533708 -2.4756248 0.54702401 23
1.5172424 -1.454946 0.036082845 35
3.7431378 -2.4726179 0.23328751 23
2.2586207 -2.1679032 -0.16224146 17
3.7301188 -2.4658988 -0.077445053 16
1.6001621 -1.5367416 -0.26773143 9
1.7626075 -1.1676437 -0.18157464 17
0.95629871 -0.91830069 -0.25068852 13
1.3668846 -0.90572041 -0.25392589 11
0.69910938 -0.67176962 -0.25008118 18
0.92414618 -0.61300546 -0.24782103 13
nan nan nan 0
nan nan nan 0
1.4862989 -1.4402301 0.32189989 12
2.5496824 -1.6975682 0.58811718 11
nan nan nan 0
3.6990445 -2.4677434 0.54093915 16
1.5024296 -1.4559062 0.035908323 29
3.6865165 -2.4631007 0.23053987 17
1.6400781 -1.5900856 -0.11788674 8
3.6734903 -2.4562631 -0.076528795 16
1.5974317 -1.5502878 -0.26864415 9
1.7440376 -1.1685656 -0.18026993 11
0.95147741 -0.9232952 -0.25068852 12
1.3641785 -0.91423398 -0.25431654 11
0.69558239 -0.67542094 -0.25008118 20
0.91889524 -0.61648703 -0.2472591 14
nan nan nan 0
2.3803771 -1.585867 0.75605941 27
1.4802454 -1.4393759 0.32111859 12
2.5242486 -1.687049 0.58287466 12
nan nan nan 0
3.6534674 -2.4466238 0.53485441 17
1.5052577 -1.4637588 0.036039218 32
3.6427903 -2.4431503 0.22805393 17
1.6229962 -1.5790064 -0.11684001 21
3.6276598 -2.4348531 -0.075656183 16
1.5947235 -1.5530735 -0.26864415 10
1.713021 -1.1522111 -0.17722555 9
0.94810873 -0.92323995 -0.25021192 12
1.3687389 -0.92073131 -0.25548851 10
0.69440252 -0.67663395 -0.25008118 21
0.92592263 -0.62349916 -0.24950691 17
nan nan nan 0
2.3539958 -1.5861924 0.7502436 28
1.4674094 -1.4419097 0.31994662 11
nan nan nan 0
nan nan nan 0
3.605655 -2.4420998 0.52968228 16
1.4975729 -1.4716202 0.036039218 33
3.5844615 -2.4314053 0.22517544 16
1.6075912 -1.5804758 -0.11631665 28
3.5858865 -2.4341893 -0.07504534 17
1.5848026 -1.5596601 -0.2683399 10
1.7049023 -1.1597683 -0.17700809 13
0.94326174 -0.92819154 -0.25021192 12
1.3454901 -0.91543549 -0.25197262 14
0.68398023 -0.67346925 -0.24749638 19
0.91658807 -0.62424999 -0.24782103 13
nan nan nan 0
2.3452158 -1.5862491 0.74830496 28
1.4701606 -1.4496748 0.32111859 11
2.7644897 -1.8751091 0.6419723 21
nan nan nan 0
3.5479956 -2.4121721 0.52177203 15
1.4896673 -1.4689617 0.035908323 28
2.6612375 -1.8133572 0.16695169 13
1.5906237 -1.5692403 -0.11526994 32
3.5423572 -2.4137425 -0.074216358 17
1.57855 -1.5589335 -0.26773143 12
1.6966959 -1.1585425 -0.17635573 18
0.94687164 -0.93501693 -0.25164169 12
1.3520625 -0.92332989 -0.25353521 15
0.68623281 -0.67806357 -0.24878879 20
0.91751391 -0.62721515 -0.248383 13
nan nan nan 0
2.3388741 -1.5998672 0.7489512 29
1.4677927 -1.4625862 0.32229054 12
2.7161458 -1.8632346 0.63291705 21
nan nan nan 0
2.9644189 -2.0390823 0.43688902 23
1.4784174 -1.4732095 0.035821062 30
nan nan nan 0
1.5753192 -1.5704908 -0.11474658 34
3.4987738 -2.4110146 -0.073561884 18
1.5738755 -1.5706859 -0.2683399 15
1.672134 -1.1547147 -0.17439865 19
0.93675876 -0.93475407 -0.25021192 12
1.3390664 -0.92480642 -0.25197262 17
0.68608427 -0.68506694 -0.25008118 20
0.91622663 -0.63338757 -0.24894494 14
nan nan nan 0
2.3440509 -1.6094018 0.75153601 28
1.6030555 -1.603204 0.3531523 23
2.7108665 -1.8665833 0.63244045 21
nan nan nan 0
3.4145737 -2.3566682 0.50443035 19
1.4952694 -1.4952469 0.036301002 30
nan nan nan 0
1.5690489 -1.5697037 -0.1144849 37
3.4595871 -2.3929818 -0.072820164 17
1.5658764 -1.5681584 -0.26742721 19
1.6619161 -1.1519744 -0.17352884 19
0.9316625 -0.93290967 -0.24925874 14
1.335417 -0.92574108 -0.25158197 18
0.68148232 -0.68283784 -0.24878879 17
0.91913402 -0.63774675 -0.25006884 16
1.6071898 -1.6253898 0.51924407 38
2.3534656 -1.6340201 0.75735182 30
1.6085219 -1.6256291 0.35627756 35
2.7191994 -1.8933477 0.63672978 26
nan nan nan 0
3.4368057 -2.3986197 0.50960243 18
1.4663401 -1.4817166 0.035777431 29
2.3173773 -1.6215309 0.14640982 12
1.5590541 -1.5761212 -0.11435406 40
3.4183128 -2.391036 -0.072209328 18
1.5628718 -1.5816354 -0.2683399 21
1.6354355 -1.1464109 -0.17135428 19
0.93193269 -0.94301897 -0.25068852 15
1.3325773 -0.93413222 -0.25197262 15
0.67959124 -0.68811834 -0.24943499 21
0.90978271 -0.63837767 -0.248383 14
1.6080519 -1.631385 0.52036798 36
2.3724298 -1.6532791 0.76446009 31
1.6022177 -1.6249145 0.35549623 32
nan nan nan 0
1.6122518 -1.6351162 0.19784354 46
3.396004 -2.3790274 0.50412613 21
1.5426619 -1.5644331 0.037740827 50
2.2961359 -1.6126885 0.14523228 22
1.5527989 -1.575281 -0.11409239 44
3.3772821 -2.3711851 -0.071423963 29
1.5635881 -1.5878998 -0.26894841 23
1.6273118 -1.144978 -0.17070192 19
0.92168778 -0.93588901 -0.24830556 12
1.3289217 -0.93504143 -0.25158197 17
0.67162681 -0.68240505 -0.24685018 17
0.91465938 -0.64414787 -0.25006884 17
1.5975025 -1.6383158 0.51980603 50
2.4250073 -1.7087053 0.78449243 35
1.5885185 -1.6279751 0.35432425 32
2.465179 -1.7426529 0.57953846 20
1.6054062 -1.6453195 0.19806144 35
3.3632367 -2.3824549 0.50108367 50
1.5292166 -1.5671175 0.037609935 51
2.2733958 -1.6145928 0.14431639 25
1.541046 -1.5798125 -0.1138307 48
3.3505423 -2.3787227 -0.071118549 57
1.5535222 -1.5942863 -0.26864415 23
1.6090988 -1.1448479 -0.16939719 20
0.92361623 -0.9477421 -0.25021192 15
1.3240076 -0.94198668 -0.25158197 17
0.67308927 -0.69111258 -0.24878879 18
0.90530384 -0.64471352 -0.248383 16
1.591534 -1.6373267 0.51868212 49
2.5088744 -1.7741576 0.81292546 30
1.5977145 -1.6431476 0.35705885 8
2.4561226 -1.7427015 0.57810873 20
1.5973278 -1.6427579 0.19740775 34
3.4015758 -2.4184699 0.50747275 52
1.5212561 -1.5644037 0.037479043 30
2.266504 -1.6156665 0.14405473 27
1.5348088 -1.5789163 -0.11356901 50
3.4706583 -2.4729154 -0.073780045 33
1.5472829 -1.5934318 -0.26803565 23
1.5908574 -1.1361128 -0.16765755 19
0.92366791 -0.95111567 -0.25068852 14
1.3163209 -0.9400081 -0.25040999 17
0.6735605 -0.6940226 -0.24943499 20
0.90417725 -0.64629257 -0.248383 16
1.565782 -1.6283404 0.5130626 16
2.5447826 -1.8195096 0.82778811 24
1.5788251 -1.6408061 0.35471493 8
2.4369831 -1.7484 0.57572573 21
1.5904299 -1.6528951 0.19762564 18
3.4554067 -2.4839737 0.51751268 36
1.5078489 -1.5669395 0.037348147 35
2.266124 -1.6333376 0.14457808 28
1.5230621 -1.5833296 -0.11330734 53
nan nan nan 0
1.5372009 -1.599721 -0.26773143 22
1.5687069 -1.1328003 -0.1659179 20
0.91527933 -0.95239514 -0.24973533 12
1.3153931 -0.94976717 -0.25119129 17
0.67325628 -0.70103008 -0.25072739 21
0.90276104 -0.65243667 -0.24894494 19
1.5514327 -1.6184779 0.50912893 38
2.4375021 -1.7494745 0.79353929 31
1.5793741 -1.6471266 0.35549623 60
2.4419029 -1.7583748 0.57763213 25
1.5720428 -1.639477 0.19566463 50
nan nan nan 0
1.508569 -1.5731802 0.037435409 35
nan nan nan 0
1.5202966 -1.5859854 -0.11330734 54
nan nan nan 0
1.5292624 -1.5970204 -0.2668187 15
1.5566275 -1.1282523 -0.16483064 19
0.91192079 -0.95221627 -0.24925874 12
1.3157369 -0.95350486 -0.25158197 16
0.6670326 -0.69695997 -0.24878879 19
0.90162092 -0.65401131 -0.24894494 18
1.5292556 -1.6126956 0.50463331 29
2.3872163 -1.7324891 0.77996898 29
1.5639354 -1.648203 0.3539336 40
2.4783452 -1.8042903 0.58859378 26
1.5685753 -1.6531099 0.19631831 38
nan nan nan 0
1.5071872 -1.588316 0.037609935 36
2.611757 -1.9094179 0.16773674 30
1.5119715 -1.5939239 -0.11330734 56
2.3678806 -1.7329055 -0.050611973 28
1.5225848 -1.6068083 -0.26712295 12
1.5386248 -1.1275829 -0.16352591 18
0.9052369 -0.95519429 -0.24878214 12
1.3227019 -0.96910399 -0.25392589 16
0.66337419 -0.70044297 -0.24878879 19
0.90015459 -0.66015577 -0.24950691 14
1.520033 -1.608009 0.5023855 23
nan nan nan 0
1.5610563 -1.65093 0.3539336 34
nan nan nan 0
1.5691068 -1.659467 0.19675408 28
nan nan nan 0
1.500981 -1.5873088 0.03752267 59
2.4915564 -1.8284733 0.16014802 32
1.5091872 -1.5965604 -0.11330734 95
2.3487179 -1.7252225 -0.050262928 32
1.516374 -1.6058521 -0.26651448 12
1.522586 -1.1199701 -0.16200373 17
0.89852101 -0.95141286 -0.24735238 12
1.3190151 -0.96995378 -0.25353521 16
0.66049653 -0.69984007 -0.24814259 20
0.89112985 -0.6559819 -0.2472591 18
1.4847138 -1.587718 0.49339426 31
nan nan nan 0
1.5625045 -1.6699078 0.35627756 10
2.7008436 -1.9947298 0.64530849 26
1.553596 -1.6603802 0.19588253 50
2.3645082 -1.7520913 0.35656956 30
1.4909431 -1.5933195 0.037479043 57
2.5562131 -1.8964267 0.1649891 37
1.4939914 -1.5971419 -0.11278398 83
2.3255889 -1.7270864 -0.04995751 34
1.5062523 -1.6119553 -0.26621023 15
1.5167011 -1.1279269 -0.16200373 14
0.90189254 -0.96508157 -0.24973533 12
1.3119327 -0.97537917 -0.25314459 17
0.65846807 -0.70505714 -0.24878879 19
0.88964319 -0.66208512 -0.24782103 14
1.47558 -1.5829148 0.49114645 26
1.8839747 -1.3937098 0.61777163 18
1.5562228 -1.6690174 0.35549623 18
nan nan nan 0
1.5625741 -1.6758494 0.19740775 39
2.3933413 -1.7798597 0.36143744 27
1.4932693 -1.601408 0.037609935 58
2.5869765 -1.9261842 0.16721338 31
1.4946029 -1.6034021 -0.11304566 58
2.3285906 -1.7356148 -0.050088402 37
1.5101945 -1.6218514 -0.26742721 23
1.4947358 -1.1157233 -0.15982918 13
0.9002068 -0.96665424 -0.24973533 12
1.3122114 -0.97913855 -0.25353521 16
0.65559465 -0.70443416 -0.24814259 21
0.8924017 -0.66653609 -0.24894494 13
1.4636945 -1.5872909 0.49002257 23
1.8708409 -1.3992274 0.61583304 23
1.5457896 -1.6753269 0.35510558 35
2.4450481 -1.8328412 0.58668739 26
1.5588403 -1.6895037 0.19806144 22
2.3641326 -1.7774849 0.35839504 27
1.4848639 -1.6092048 0.037609935 56
nan nan nan 0
1.4912606 -1.6167157 -0.11343818 55
2.3094778 -1.7402774 -0.049870245 43
1.5000019 -1.6279103 -0.26712295 23
1.4868817 -1.122039 -0.15961173 10
0.8901515 -0.9659332 -0.24830556 11
1.2952142 -0.97710639 -0.25119129 18
0.65679485 -0.71319628 -0.25008118 23
0.8810991 -0.66535991 -0.24669713 18
1.4595524 -1.5877931 0.48946062 20
1.8625932 -1.3981525 0.6138944 26
1.5612311 -1.6980323 0.35940278 49
2.4300659 -1.828271 0.58382785 26
1.5676781 -1.7050645 0.19958664 22
2.372925 -1.7905581 0.36022049 19
1.4803628 -1.6099524 0.0375663 54
2.2404492 -1.6933422 0.14536311 32
1.4867487 -1.6174762 -0.11330734 50
2.3064368 -1.7443056 -0.049870245 45
1.5021886 -1.6360134 -0.26803565 22
1.4849212 -1.1246324 -0.15961173 9
0.89675111 -0.97653514 -0.25068852 11
1.2994254 -0.98382056 -0.25236326 17
0.64740205 -0.70542878 -0.24685018 18
0.88188404 -0.66836005 -0.2472591 17
1.4460282 -1.5902555 0.48777473 23
1.8494669 -1.4035176 0.61195576 25
1.547338 -1.7007 0.35823083 49
2.4165485 -1.838004 0.58287466 31
1.5470073 -1.700345 0.19806144 34
2.361542 -1.8014562 0.35991624 19
1.4752742 -1.6213821 0.037653565 53
2.2315524 -1.70505 0.14536311 32
1.4782591 -1.6252387 -0.11330734 51
2.295284 -1.754843 -0.049826618 47
1.4919347 -1.6420186 -0.26773143 20
1.4671254 -1.1233366 -0.158307 8
0.88832998 -0.97757995 -0.24973533 12
1.2922912 -0.98911536 -0.25197262 17
0.64693964 -0.71239096 -0.24814259 17
0.87449282 -0.67002147 -0.24613519 17
1.4467975 -1.5961376 0.48889863 23
1.8431661 -1.4038244 0.61066335 26
1.5277966 -1.685091 0.35432425 34
2.3977129 -1.8303297 0.57906187 41
nan nan nan 0
2.3465588 -1.7965425 0.35809079 19
1.4690872 -1.6202481 0.0375663 48
2.2226224 -1.7043941 0.1449706 31
1.4804456 -1.6333698 -0.11369986 47
2.2961888 -1.7618835 -0.049913879 52
1.4857388 -1.6409382 -0.26712295 19
1.4612057 -1.1228701 -0.1578721 8
0.88168836 -0.97366434 -0.24830556 12
1.2964501 -0.99586576 -0.25314459 17
0.64407843 -0.71172518 -0.24749638 20
0.88300836 -0.678931 -0.24894494 18
1.4332665 -1.5984968 0.48721281 25
1.8338741 -1.4119865 0.61001718 27
nan nan nan 0
2.3803155 -1.8368734 0.57715553 35
nan nan nan 0
2.36659 -1.8315406 0.36265439 34
1.4672543 -1.6353657 0.037740827 45
2.2156434 -1.7175348 0.14510144 32
1.4768692 -1.6466792 -0.11409239 43
2.2829771 -1.7708243 -0.049826618 57
1.4771265 -1.6486949 -0.26712295 16
1.4395418 -1.1183213 -0.15613246 10
0.87657821 -0.97826755 -0.24830556 15
1.2912182 -1.0026402 -0.25314459 16
0.64034307 -0.71508777 -0.24749638 19
0.87365288 -0.67908418 -0.2472591 20
nan nan nan 0
1.8294928 -1.4137121 0.60937095 28
nan nan nan 0
2.3207717 -1.7975318 0.56333429 25
nan nan nan 0
2.3594661 -1.8326299 0.36204591 18
1.4660623 -1.639789 0.037784457 42
2.2106693 -1.7198693 0.1449706 33
1.4723308 -1.6473912 -0.11396154 38
2.2877822 -1.7809358 -0.050001144 98
1.4692936 -1.6457132 -0.26621023 13
1.4316839 -1.1162527 -0.15548009 11
0.87976533 -0.98529476 -0.24973533 12
1.2816586 -0.99884254 -0.25158197 17
0.64230269 -0.71981454 -0.24878879 19
0.87632018 -0.68358868 -0.248383 19
nan nan nan 0
1.8220657 -1.4232719 0.60937095 31
nan nan nan 0
nan nan nan 0
nan nan nan 0
nan nan nan 0
1.4591111 -1.6493164 0.037828092 38
2.2035987 -1.7329609 0.14510144 35
1.4702942 -1.6625642 -0.1144849 36
2.2725258 -1.7882618 -0.049870245 65
1.4622979 -1.6552449 -0.26651448 11
1.4258198 -1.1237336 -0.15548009 17
0.86972725 -0.98436332 -0.24830556 11
1.2841871 -1.0116302 -0.25314459 16
0.64171475 -0.72679472 -0.25008118 20
0.87080979 -0.68666726 -0.24782103 16
nan nan nan 0
1.8157717 -1.4234775 0.60807854 32
nan nan nan 0
2.2405443 -1.7607249 0.54665345 11
nan nan nan 0
1.9056027 -1.5026381 0.29328761 29
1.4644873 -1.6612427 0.038046245 37
2.2005708 -1.7368044 0.14510144 32
1.4739864 -1.6726253 -0.11500826 34
2.2752936 -1.7968639 -0.050001144 52
1.4675969 -1.667114 -0.26803565 10
1.4258136 -1.1277606 -0.15569754 25
0.87286526 -0.99141258 -0.24973533 10
1.280478 -1.0123438 -0.25275391 15
0.63726181 -0.72428101 -0.24878879 19
0.87344289 -0.69119358 -0.24894494 21
1.511554 -1.7341248 0.52261579 28
1.8082936 -1.4329654 0.60807854 31
nan nan nan 0
2.2178259 -1.7617686 0.54331732 11
1.4178325 -1.6253146 0.18564172 34
1.9054822 -1.5187672 0.29450455 35
1.4606935 -1.6745431 0.038177136 36
nan nan nan 0
1.4684867 -1.6840861 -0.11526994 32
2.2580299 -1.8025271 -0.049826618 50
1.4555914 -1.6710305 -0.26742721 9
1.4159908 -1.13211 -0.15526263 31
0.87088114 -0.99967468 -0.25068852 11
1.2751598 -1.0190345 -0.25275391 14
0.63504291 -0.7294324 -0.24943499 18
0.86408627 -0.69121605 -0.2472591 17
1.4976543 -1.7236155 0.51868212 32
1.8057898 -1.4361192 0.60807854 23
nan nan nan 0
2.1993761 -1.7534227 0.53950459 10
1.4133614 -1.6259058 0.18542385 33
1.9028286 -1.5220908 0.29450455 38
1.4610451 -1.6808656 0.038264398 33
2.3445036 -1.8767022 0.15556861 32
1.4786327 -1.7017338 -0.11631665 28
2.2529273 -1.8049055 -0.049782988 46
1.4542977 -1.6754439 -0.26773143 9
1.4140128 -1.1345797 -0.15526263 33
0.86592269 -0.99748218 -0.24973533 12
1.2733793 -1.0212585 -0.25275391 16
0.6353479 -0.73236698 -0.25008118 20
0.86859626 -0.69727445 -0.24894494 18
1.4851344 -1.727996 0.51755822 29
1.788819 -1.4380078 0.60484755 23
1.3753874 -1.5989851 0.32815036 12
nan nan nan 0
1.4080737 -1.6370628 0.18585962 32
1.8929005 -1.5304766 0.29420033 36
1.460366 -1.697975 0.038482554 31
2.3171566 -1.8748457 0.15439107 32
1.4794583 -1.7208191 -0.1171017 31
2.2512262 -1.8229572 -0.04995751 44
1.4422748 -1.6792679 -0.26712295 9
1.4099909 -1.1435317 -0.15548009 33
0.86228448 -1.0038663 -0.25021192 12
1.2641696 -1.0248127 -0.25197262 18
0.6315046 -0.73568356 -0.25008118 20
0.85734171 -0.69570452 -0.24669713 14
1.4855849 -1.7340291 0.51868212 26
1.7787759 -1.4350774 0.60226274 25
nan nan nan 0
1.8450603 -1.4930538 0.45419422 20
1.4003571 -1.6338408 0.18520595 33
1.8670689 -1.5150589 0.29054946 31
1.4671503 -1.7119172 0.038744342 28
2.3429875 -1.902449 0.15635367 34
1.4715846 -1.7177069 -0.11670918 21
2.2441566 -1.8237365 -0.049870245 41
1.4425656 -1.6855558 -0.26773143 9
1.404122 -1.1428561 -0.15504518 33
0.85734469 -1.0016364 -0.24925874 11
1.2700583 -1.0332294 -0.25353521 17
0.62708718 -0.73310798 -0.24878879 20
0.861812 -0.70179105 -0.248383 17
nan nan nan 0
1.7731122 -1.4458936 0.60290891 28
1.5636244 -1.8441281 0.37698227 25
1.8467306 -1.5104444 0.45657721 30
1.3869557 -1.6354483 0.1845523 34
1.8437376 -1.5122538 0.2881155 26
1.4743173 -1.7386533 0.039180648 25
2.3175366 -1.9020432 0.15530695 32
1.4754727 -1.7406346 -0.1177559 21
2.2403789 -1.8402125 -0.050001144 37
1.4369241 -1.6968759 -0.2683399 9
1.4058279 -1.1565022 -0.15591501 33
0.85525519 -1.0098617 -0.25021192 12
1.2627195 -1.0383022 -0.25314459 17
0.62479651 -0.73822784 -0.24943499 19
0.86378735 -0.71091467 -0.25006884 15
1.371367 -1.6233106 0.48215523 23
1.7668418 -1.4459347 0.6016165 30
1.5604032 -1.8468543 0.37698227 25
1.8421917 -1.5121117 0.45610058 29
1.3857049 -1.6397699 0.18477017 32
1.8276635 -1.5044559 0.28598583 23
1.4777274 -1.7488663 0.039355174 13
2.3257902 -1.915591 0.15609197 32
1.4643853 -1.7336643 -0.1171017 35
2.2545452 -1.8584023 -0.050393824 36
1.4371578 -1.7031769 -0.26894841 9
1.4018828 -1.1573733 -0.15569754 33
0.85033113 -1.0075973 -0.24925874 12
1.2609053 -1.0405045 -0.25314459 16
0.62972051 -0.74671412 -0.25201979 22
0.86066073 -0.71087766 -0.24950691 20
1.373486 -1.6438018 0.48608887 12
1.7592467 -1.455166 0.6016165 28
nan nan nan 0
1.8418161 -1.5279901 0.45800698 29
1.3723125 -1.6412669 0.18411651 33
1.812119 -1.5076715 0.28476888 23
nan nan nan 0
2.3061228 -1.9197707 0.15543778 30
1.4664838 -1.7547266 -0.11801757 23
2.2563212 -1.8797635 -0.050655607 33
1.4250427 -1.706866 -0.2683399 9
1.3938874 -1.1631068 -0.15548009 34
0.84975445 -1.0176939 -0.25068852 11
1.2573406 -1.0486685 -0.25353521 16
0.62271482 -0.74628639 -0.25072739 21
0.85317385 -0.71226746 -0.248383 21
1.3631154 -1.6365912 0.48327911 16
1.766011 -1.465928 0.60484755 25
1.4843136 -1.7817633 0.36135608 12
1.8391465 -1.5312023 0.45800698 26
1.3630759 -1.6360004 0.18324494 31
1.7942222 -1.4981381 0.28233495 23
nan nan nan 0
2.3008504 -1.9221948 0.15530695 28
1.4761875 -1.7726415 -0.11906429 33
2.2626376 -1.8917005 -0.050873764 27
1.4188908 -1.7055329 -0.26773143 9
1.3975956 -1.1703205 -0.15613246 33
0.84954405 -1.0210643 -0.25116512 12
1.2536105 -1.0492818 -0.25314459 17
0.62141138 -0.74737215 -0.25072739 21
0.85380316 -0.71531206 -0.24894494 16
1.348052 -1.6364161 0.4810313 17
1.7842572 -1.4968334 0.6138944 22
1.4341699 -1.7399356 0.35119903 11
1.8423889 -1.5502702 0.46086654 26
1.3560737 -1.6450381 0.18346284 30
1.7730572 -1.4963354 0.28020528 24
nan nan nan 0
2.2735643 -1.9197456 0.15412939 26
1.4700577 -1.7842027 -0.11932597 26
nan nan nan 0
1.4162428 -1.7206075 -0.26894841 9
1.3914487 -1.1776221 -0.15613246 34
0.84574312 -1.0273952 -0.25164169 12
1.2499889 -1.0574208 -0.25353521 16
0.61902028 -0.75248361 -0.25137359 18
0.85004604 -0.7197727 -0.24894494 15
1.3454798 -1.6385317 0.4810313 19
1.8371592 -1.5464967 0.63328058 23
1.4373937 -1.7500738 0.35276166 12
1.8434365 -1.5566429 0.46181971 30
1.3468841 -1.6396991 0.18259129 29
1.7647527 -1.4946275 0.27929255 24
nan nan nan 0
nan nan nan 0
nan nan nan 0
nan nan nan 0
1.4085213 -1.7173167 -0.26803565 9
1.3855866 -1.1768339 -0.15569754 34
0.84239501 -1.0269703 -0.25116512 12
1.2462547 -1.0580081 -0.25314459 16
0.61312389 -0.74795067 -0.24943499 18
0.84878856 -0.72125524 -0.24894494 14
1.3289249 -1.6363257 0.47822157 21
1.9008909 -1.6169887 0.65848249 23
1.4219881 -1.7499056 0.35119903 15
1.8315212 -1.5630945 0.46086654 33
1.333573 -1.6409262 0.18193761 29
1.7436846 -1.4925779 0.27716288 22
1.5793104 -1.9438555 0.043107443 21
1.7759403 -1.5222 0.12076521 27
nan nan nan 0
2.8265946 -2.4209268 -0.064355746 60
1.4041964 -1.7304528 -0.26894841 9
1.3794059 -1.1840726 -0.15569754 36
0.83854997 -1.0332745 -0.25164169 12
1.2425764 -1.0661216 -0.25353521 17
0.61071682 -0.75302941 -0.25008118 18
0.84314591 -0.72411019 -0.248383 15
1.3248218 -1.6365163 0.47765961 25
1.9440582 -1.6594186 0.67463762 21
1.4158272 -1.7485439 0.35041773 21
1.843726 -1.5790318 0.4646793 25
1.3291415 -1.6413145 0.18171974 27
1.7335351 -1.4891661 0.2759459 20
1.3967795 -1.7249995 0.038133506 25
1.7884475 -1.5382923 0.12181193 29
1.6882297 -2.0862985 -0.13882111 34
2.8014913 -2.4079592 -0.063875802 54
1.3949397 -1.7251774 -0.26773143 9
1.3773371 -1.1864784 -0.15569754 36
0.83520496 -1.0328262 -0.25116512 12
1.2388381 -1.0666827 -0.25314459 17
0.61091584 -0.75597548 -0.25072739 17
0.84743625 -0.73032874 -0.25006884 18
1.3083441 -1.6341451 0.47484982 28
1.973804 -1.7026331 0.68820792 26
1.4112791 -1.7617186 0.35158968 27
1.8465847 -1.5982794 0.46753883 21
1.3205295 -1.6482515 0.18171974 26
1.7163291 -1.4901073 0.2744247 20
1.3861673 -1.7303374 0.038089875 33
1.7784814 -1.5460013 0.1216811 30
1.6944308 -2.1165595 -0.14026035 34
2.7699542 -2.4062252 -0.063439496 52
1.3936296 -1.7421526 -0.26925263 9
1.3729883 -1.1953044 -0.15591501 35
0.83131599 -1.0391036 -0.25164169 14
1.2351032 -1.0747703 -0.25353521 16
0.60995799 -0.76294237 -0.25201979 17
0.83807021 -0.72997874 -0.248383 15
1.301222 -1.6304822 0.47316399 25
1.9635142 -1.6997659 0.68562311 26
1.4066634 -1.7622479 0.35119903 27
nan nan nan 0
1.3549004 -1.6972991 0.18694907 23
nan nan nan 0
1.3893763 -1.7405735 0.038264398 24
1.7757804 -1.5491029 0.1216811 29
1.6845119 -2.1117027 -0.139737 34
2.7468882 -2.3946538 -0.063003182 46
1.3874968 -1.7406989 -0.26864415 9
1.3671408 -1.1944309 -0.15548009 36
0.83102834 -1.0424742 -0.25211832 13
1.2276322 -1.0720674 -0.25236326 17
0.61312872 -0.76968139 -0.2539584 16
0.83863556 -0.73303586 -0.24894494 20
1.2878588 -1.6317577 0.4714781 22
1.9655101 -1.7195454 0.68950039 23
1.3928308 -1.7637715 0.35002708 23
nan nan nan 0
1.3722061 -1.7376189 0.19065319 21
1.5286496 -1.3466222 0.24552189 27
nan nan nan 0
1.7751485 -1.5649694 0.12220446 29
1.671887 -2.1185331 -0.13960616 34
2.7117813 -2.3892026 -0.062479611 12
1.3891077 -1.7615883 -0.27077383 9
1.3795785 -1.2180104 -0.15765464 23
0.83010948 -1.0525985 -0.25354809 14
1.2238579 -1.0801092 -0.25275391 17
0.60014337 -0.76148295 -0.25008118 17
0.83478582 -0.73741686 -0.24894494 16
1.2777721 -1.6241992 0.46866837 14
nan nan nan 0
1.3821237 -1.7564905 0.34807378 19
1.6647118 -1.4670242 0.4241688 23
1.3814787 -1.7556792 0.1923963 25
1.526297 -1.3492881 0.24552189 26
1.6088016 -2.0450842 0.044809051 24
1.7799064 -1.5746678 0.12272782 26
1.6573939 -2.1077025 -0.13869028 34
1.7102649 -1.5143471 -0.039267913 9
1.3829682 -1.7601054 -0.27016535 9
nan nan nan 0
0.82978475 -1.0559775 -0.25402468 13
1.2293833 -1.0887716 -0.25431654 16
0.60327691 -0.76823616 -0.25201979 19
0.83898622 -0.74369806 -0.2506308 18
1.2629893 -1.6233925 0.46642056 14
nan nan nan 0
1.3804835 -1.7734523 0.35002708 14
1.5780571 -1.4056987 0.40367526 17
1.3753234 -1.7668216 0.19283207 32
1.5136489 -1.3523142 0.24460918 27
1.6057404 -2.0633488 0.045027204 24
1.782823 -1.5939286 0.12351285 24
1.6417406 -2.1104369 -0.13829775 33
1.6985803 -1.5199548 -0.039180648 30
1.3706908 -1.7634013 -0.26955688 9
nan nan nan 0
0.82574779 -1.0622474 -0.25450125 15
1.2181321 -1.0902687 -0.25314459 16
0.5918569 -0.76183403 -0.24878879 17
0.82961738 -0.74322677 -0.24894494 17
1.2500005 -1.6118896 0.46248686 23
1.7643579 -1.5715456 0.62294126 35
1.3562218 -1.7485247 0.34455788 15
1.5719346 -1.4051874 0.40272206 25
1.3737622 -1.7711885 0.19304997 35
1.5057325 -1.349997 0.24369647 31
1.6113186 -2.0780067 0.045288995 63
1.7818998 -1.5987016 0.12364369 28
1.6319425 -2.1054022 -0.13777439 34
1.7108299 -1.5362483 -0.039529696 23
1.3645755 -1.7618648 -0.26894841 9
2.343626 -2.1015112 -0.27181834 10
0.81639212 -1.0539756 -0.25211832 15
1.2162274 -1.092393 -0.25314459 18
0.59494996 -0.7686038 -0.25072739 18
0.82286423 -0.73981017 -0.2472591 15
1.2353387 -1.6108912 0.46023905 29
1.7399223 -1.5662525 0.61712545 35
1.3500512 -1.7595226 0.34533921 17
1.5645556 -1.4133986 0.40272206 32
1.3659842 -1.7803345 0.19326787 35
1.494958 -1.3545383 0.24308796 32
1.5973762 -2.0824461 0.04520173 77
1.8050003 -1.636458 0.12586798 38
1.6208963 -2.1139181 -0.13777439 34
1.7083259 -1.5502136 -0.039660592 24
1.3568392 -1.7709564 -0.26925263 9
2.3695483 -2.1471479 -0.27616742 14
0.81682193 -1.0660361 -0.25402468 18
1.214157 -1.1020552 -0.25392589 18
0.58798838 -0.76786768 -0.24943499 18
0.82621837 -0.75063115 -0.24950691 16
1.2328067 -1.6128297 0.46023905 31
1.7210282 -1.5547487 0.61130959 35
1.3514721 -1.7677649 0.34651116 16
1.5620863 -1.4161272 0.40272206 33
1.3598527 -1.778756 0.19283207 31
1.4962711 -1.3604759 0.24369647 29
1.5891898 -2.0792696 0.045070838 93
1.7947423 -1.6328993 0.12534462 36
1.6081185 -2.1048343 -0.13698936 34
1.7259834 -1.5716659 -0.040140532 30
1.3552501 -1.7752955 -0.26955688 9
2.3676426 -2.1529531 -0.27638489 17
0.81347358 -1.0655074 -0.25354809 18
1.2067413 -1.0991994 -0.25275391 17
0.58372504 -0.76504701 -0.24814259 19
0.82129323 -0.74880445 -0.248383 14
1.2211285 -1.6155869 0.45911518 31
1.7021431 -1.5539901 0.60743237 27
1.3719532 -1.8142322 0.35432425 27
1.5564634 -1.4259408 0.40319866 33
1.3520212 -1.7878395 0.19304997 28
1.4818033 -1.3615924 0.24247949 32
1.576775 -2.0855672 0.045027204 52
1.7806451 -1.6372151 0.12495209 32
1.59106 -2.1052542 -0.136466 34
nan nan nan 0
1.3384677 -1.7724597 -0.26803565 9
2.3581731 -2.1670029 -0.27660233 21
0.80935973 -1.0717126 -0.25402468 16
1.1991481 -1.1038357 -0.25236326 17
0.58261335 -0.77195388 -0.24943499 18
0.8209579 -0.75638098 -0.24950691 12
1.214197 -1.6116618 0.45742929 32
1.6708847 -1.5309129 0.59709311 26
1.3910497 -1.8462244 0.3601841 32
1.5503517 -1.425341 0.40224546 33
nan nan nan 0
1.4775965 -1.3624985 0.24217525 32
1.5626146 -2.0743327 0.04472179 36
1.783299 -1.6453891 0.12534462 31
1.5873834 -2.1080279 -0.136466 33
2.384608 -2.1996574 -0.056022223 49
1.3383527 -1.7787614 -0.26864415 9
2.3488879 -2.1660581 -0.27594998 23
0.80454236 -1.0691974 -0.25307149 17
1.1972196 -1.1059269 -0.25236326 16
0.57692218 -0.76717043 -0.24749638 18
0.81784099 -0.75616616 -0.24894494 16
nan nan nan 0
1.6557446 -1.5330921 0.59450829 27
1.3857859 -1.859426 0.36135608 31
1.5392643 -1.4301059 0.40129229 34
1.5446624 -2.072974 0.22311871 56
1.459527 -1.3600911 0.2403498 30
1.5487479 -2.0784752 0.044634525 51
1.5569911 -1.4525048 0.10977466 25
1.5733442 -2.1123042 -0.13620432 33
2.3547504 -2.1950943 -0.05558591 50
1.3260611 -1.7817608 -0.26803565 9
2.332041 -2.1732411 -0.27529761 26
0.79454535 -1.0674831 -0.25164169 19
1.1914127 -1.1121802 -0.25236326 17
0.57577252 -0.77406186 -0.24878879 15
0.81744421 -0.76374954 -0.25006884 16
1.3378003 -1.802119 0.50969088 24
1.6459759 -1.5294185 0.59192348 29
1.3663627 -1.8400213 0.35705885 19
1.5367659 -1.4327903 0.40129229 34
1.5336264 -2.0656633 0.22202925 68
1.4698648 -1.3744715 0.24247949 32
1.5391636 -2.073143 0.044460002 68
1.5343658 -1.4364944 0.10833542 31
1.5592504 -2.1010063 -0.13528845 33
2.3381207 -2.1872654 -0.055280495 50
1.3259021 -1.7880614 -0.26864415 9
2.3173156 -2.1671166 -0.27399287 28
0.79122204 -1.066895 -0.25116512 19
1.1912764 -1.115941 -0.25275391 17
0.57442057 -0.7750656 -0.24878879 17
0.81432605 -0.76351625 -0.24950691 17
1.325151 -1.8054008 0.50856698 25
1.6361815 -1.5363663 0.59127724 29
1.3494092 -1.8371937 0.35510558 22
1.5310327 -1.4424961 0.40176883 33
1.5198443 -2.069648 0.22159348 81
1.4680703 -1.3872496 0.24339221 31
1.5208973 -2.0710945 0.044241846 84
1.5250061 -1.4427965 0.10820458 29
1.5438005 -2.1031005 -0.13489592 33
2.3084476 -2.1823318 -0.054844182 51
1.3165218 -1.7949793 -0.26864415 9
2.2986867 -2.1723883 -0.27312306 31
0.78272742 -1.0670613 -0.25021192 22
1.190811 -1.1272409 -0.25392589 15
0.56750661 -0.77416146 -0.24749638 16
0.81564271 -0.7727741 -0.25119275 17
1.3180033 -1.8015782 0.50688112 28
1.6264533 -1.5326092 0.58869243 35
1.3301775 -1.8176131 0.35080835 23
1.5177913 -1.4350733 0.3989093 28
1.5103531 -2.0642536 0.22072193 93
1.474669 -1.3983266 0.24491341 30
1.5158057 -2.0717275 0.044198219 95
1.5297425 -1.4523163 0.10872794 23
1.5386552 -2.1037757 -0.13476509 33
2.281029 -2.1640263 -0.05427698 37
1.3163115 -1.8012836 -0.26925263 9
2.2786057 -2.1609962 -0.27116597 32
0.77797335 -1.064459 -0.24925874 22
1.1924318 -1.1327089 -0.25470719 15
0.5661546 -0.77515078 -0.24749638 17
0.80897593 -0.76918268 -0.24950691 15
1.2982546 -1.7948576 0.50294745 30
1.6201588 -1.5427662 0.58933866 32
1.3061806 -1.8045381 0.34690183 22
1.4818066 -1.4159367 0.39128381 17
1.5038998 -2.0781894 0.22137558 40
1.474509 -1.4128801 0.24613038 31
1.5034734 -2.0776098 0.044154584 49
1.5167017 -1.4551325 0.10833542 21
1.5217718 -2.1037078 -0.13424173 33
nan nan nan 0
1.3054103 -1.806139 -0.26894841 9
2.2564561 -2.1625731 -0.26986125 34
0.77525902 -1.0724998 -0.25021192 20
1.1829123 -1.1355268 -0.25392589 12
0.56631899 -0.78398591 -0.24943499 19
0.80670083 -0.77508837 -0.25006884 16
1.2925878 -1.7929403 0.50182354 30
1.6104656 -1.5389321 0.58675385 29
1.2914876 -1.790783 0.34377658 21
1.4651316 -1.404964 0.38747105 14
1.4900851 -2.0666628 0.21985036 36
1.4863808 -1.4291788 0.2485643 31
1.4910828 -2.068059 0.043892797 36
1.5087529 -1.4525944 0.10794291 25
1.5210141 -2.1104133 -0.13450339 33
1.6056663 -1.5465683 -0.038308028 12
1.3037043 -1.8104293 -0.26925263 9
2.2347026 -2.1492703 -0.26768669 32
0.77624881 -1.0778382 -0.25116512 21
1.1934106 -1.1495467 -0.25666046 11
0.56494981 -0.78497314 -0.24943499 18
0.8035863 -0.77481163 -0.24950691 14
1.2814561 -1.7979227 0.50126159 31
1.6076081 -1.5523653 0.58869243 32
1.329355 -1.8639014 0.3566682 26
1.4259627 -1.3819463 0.37889233 12
1.4763547 -2.0703785 0.21941458 54
1.4717435 -1.4300407 0.24734734 31
1.4773346 -2.0717654 0.04380554 47
1.5082994 -1.4674226 0.10846627 29
1.5012573 -2.1061442 -0.13371836 33
1.6119044 -1.5688728 -0.038657077 23
1.2913315 -1.8131859 -0.26864415 9
nan nan nan 0
0.76775271 -1.0778859 -0.25021192 21
1.1891495 -1.1574972 -0.25705114 11
0.56083196 -0.78792042 -0.24943499 19
0.7960149 -0.7756229 -0.248383 17
1.2772213 -1.7979463 0.50069964 30
1.5892558 -1.5400754 0.58287656 33
1.3232424 -1.8621906 0.35588688 26
1.4112055 -1.3724842 0.37555617 11
1.4684161 -2.0668583 0.21876092 65
1.4710257 -1.4343355 0.24765156 30
1.4679315 -2.0661855 0.043631013 65
1.5003654 -1.4648323 0.10807375 29
1.4961351 -2.1067247 -0.13358752 33
1.5930386 -1.5559973 -0.038264398 30
1.2867306 -1.813412 -0.2683399 9
nan nan nan 0
0.76445282 -1.0772208 -0.24973533 21
1.1906699 -1.163012 -0.25783244 9
0.55945599 -0.78889805 -0.24943499 18
0.79465997 -0.77701098 -0.248383 16
1.2646781 -1.8008406 0.49957573 30
1.5880862 -1.5551201 0.58546138 29
1.3347455 -1.899416 0.36174673 23
1.3952283 -1.3712738 0.37317321 13
1.4489924 -2.0622854 0.21745357 75
1.4546385 -1.4333297 0.24613038 29
1.4456089 -2.0574727 0.043281965 79
1.498018 -1.4779167 0.10846627 24
1.4850839 -2.1145296 -0.13358752 33
1.570609 -1.5502982 -0.037915349 31
1.2829126 -1.828254 -0.26955688 9
1.593655 -1.5724224 -0.19244738 24
0.76161581 -1.0852302 -0.25068852 22
1.1968988 -1.1813393 -0.26056704 7
0.55670047 -0.79379648 -0.25008118 19
0.79058069 -0.78116113 -0.248383 18
1.2576624 -1.7968342 0.49788988 31
1.5767393 -1.5494438 0.58223039 28
1.3314283 -1.9017426 0.36174673 25
1.3858274 -1.36683 0.37126684 9
1.439684 -2.0566459 0.21658202 88
nan nan nan 0
1.4377198 -2.0538461 0.043151069 93
1.4954363 -1.480529 0.10846627 25
1.4756716 -2.108932 -0.13306417 34
1.5661215 -1.5512817 -0.037871718 34
1.2782997 -1.8284553 -0.26925263 9
1.5767217 -1.5612116 -0.19070774 29
0.75270343 -1.0764916 -0.24830556 23
1.2001126 -1.188625 -0.26173899 7
0.54979688 -0.7868374 -0.24749638 18
0.79095292 -0.78424776 -0.24894494 18
1.2465379 -1.8016082 0.49732792 31
1.5720394 -1.5610746 0.5835228 28
1.334088 -1.9269696 0.3652626 29
1.3716828 -1.3671538 0.36936048 8
1.4288958 -2.0641558 0.21658202 45
nan nan nan 0
1.4198405 -2.0510647 0.04293292 55
1.4894325 -1.4901006 0.10859711 27
1.46319 -2.1145756 -0.13293332 34
1.5491261 -1.5506371 -0.037653565 36
1.2687083 -1.8351234 -0.26925263 9
1.5667615 -1.5676881 -0.19049031 32
0.74566382 -1.0783973 -0.24782895 21
1.1921226 -1.1931505 -0.26134834 7
0.5511452 -0.79766369 -0.25008118 17
0.78510797 -0.78666139 -0.248383 20
1.293429 -1.8758028 0.51755822 34
1.5727408 -1.5672183 0.5848152 32
1.3545295 -1.9638696 0.37190375 34
1.3779908 -1.3782028 0.37174344 22
1.4196414 -2.0584416 0.21571046 34
nan nan nan 0
1.4176759 -2.055598 0.042976547 34
1.4956577 -1.5015231 0.1092513 26
1.4552507 -2.1109569 -0.13254081 34
1.5499518 -1.5568742 -0.037740827 40
1.262692 -1.8332455 -0.26864415 9
1.5622619 -1.5686591 -0.19027284 34
0.74794859 -1.0857662 -0.24925874 20
1.1952791 -1.2004646 -0.26252028 7
0.54838669 -0.79663241 -0.24943499 17
0.78373379 -0.78803045 -0.248383 19
1.3353325 -1.959308 0.53891242 37
1.5542814 -1.5651711 0.58093798 33
1.3664639 -2.0035923 0.37815422 34
1.5887597 -1.6047004 0.43179429 30
1.4018356 -2.0555534 0.21462101 52
nan nan nan 0
1.4026731 -2.0567944 0.042845655 45
1.4912882 -1.5128822 0.10951298 24
1.4427731 -2.1164834 -0.13240996 34
1.5365051 -1.5596371 -0.037609935 44
1.2516807 -1.8377796 -0.2683399 9
1.5487717 -1.5715067 -0.18962048 36
0.73949587 -1.0856069 -0.24830556 20
1.1855016 -1.2031981 -0.26173899 7
0.54420799 -0.79949278 -0.24943499 16
0.77788103 -0.79039407 -0.24782103 20
1.3267847 -1.9533381 0.53666461 37
1.5294173 -1.5456119 0.5725373 12
1.3851435 -2.0386705 0.38440475 57
1.5859565 -1.607471 0.43179429 29
1.3884594 -2.0435698 0.21309578 60
1.6080768 -1.6342977 0.27685863 26
1.3948717 -2.0530338 0.042714763 60
1.4939052 -1.5208148 0.1099055 28
1.4404782 -2.1210649 -0.13254081 36
1.5337806 -1.5623164 -0.037609935 46
1.2540374 -1.8481795 -0.26955688 9
1.5460265 -1.5742075 -0.18962048 40
0.74310076 -1.0950267 -0.25021192 18
1.1833998 -1.2052653 -0.26173899 7
0.53605425 -0.79043412 -0.24620397 18
0.78163904 -0.79694694 -0.24950691 18
1.3419646 -1.9989363 0.5473417 61
1.5179168 -1.5501547 0.5712449 12
1.3772008 -2.0499964 0.38518602 73
1.5861081 -1.6245155 0.43417725 29
1.3763529 -2.0487432 0.2128779 74
1.5769477 -1.619628 0.27290353 27
1.3757486 -2.0478532 0.042452976 74
1.4876657 -1.5304023 0.11003634 23
1.4210109 -2.1161361 -0.13175577 36
1.5255793 -1.5703257 -0.037609935 51
1.2429625 -1.8526585 -0.26925263 9
1.530805 -1.575151 -0.18875064 43
0.73326343 -1.092783 -0.24878214 16
1.1790102 -1.2130057 -0.26212963 8
0.53593129 -0.79925555 -0.24814259 18
0.77575159 -0.7992875 -0.24894494 17
1.329352 -1.9868618 0.54340804 61
1.5016866 -1.5390025 0.56607527 10
1.3739791 -2.0521572 0.38518602 82
1.59699 -1.6413256 0.43799001 12
1.3700081 -2.0470009 0.21244213 87
1.5778652 -1.6256571 0.27351201 30
1.3707839 -2.048173 0.042409342 83
1.5009303 -1.5488403 0.11121391 23
1.4159286 -2.1165369 -0.13162492 37
1.5158671 -1.5658169 -0.037435409 53
1.2455609 -1.8628646 -0.27046958 9
1.5280536 -1.5778202 -0.18875064 44
0.72863311 -1.0899767 -0.24782895 16
1.1768913 -1.2150615 -0.26212963 8
0.53453547 -0.80018973 -0.24814259 17
0.76769096 -0.79353011 -0.24669713 21
1.3202729 -1.9958277 0.54396999 34
nan nan nan 0
1.3632152 -2.0593233 0.38518602 67
1.5750136 -1.6352741 0.43417725 33
1.3582566 -2.051831 0.21222423 64
1.5658867 -1.6303242 0.27290353 26
1.3590214 -2.0529995 0.042365715 83
1.499727 -1.5638709 0.11173727 17
1.404827 -2.1239216 -0.13162492 38
1.5096556 -1.5752704 -0.037479043 55
1.2344234 -1.8672897 -0.27016535 9
1.5163174 -1.5822105 -0.18831575 46
0.73256123 -1.1079943 -0.25116512 18
1.1773669 -1.2283193 -0.26369226 8
0.53313315 -0.80692017 -0.24943499 18
0.76690936 -0.80104411 -0.24782103 18
1.3167876 -1.998129 0.54396999 34
1.5197111 -1.5787064 0.5770607 23
1.3569036 -2.0575745 0.38440475 29
1.5718712 -1.6382949 0.43417725 35
1.3450868 -2.0396376 0.21069901 29
1.5785133 -1.6491573 0.27564168 57
1.34271 -2.036813 0.041973036 30
1.5281105 -1.5989101 0.11409239 28
1.3942575 -2.115942 -0.13097073 40
1.505174 -1.5760987 -0.037435409 61
1.2297994 -1.8673679 -0.2698611 9
1.5135537 -1.5848545 -0.18831575 48
0.72927922 -1.1072196 -0.25068852 12
1.1700902 -1.2250291 -0.26252028 9
0.52761275 -0.80188191 -0.24749638 18
0.76719898 -0.80413699 -0.248383 15
1.3125964 -2.0154357 0.54677975 34
1.5211622 -1.5973783 0.58093798 23
1.3349776 -2.0483279 0.3812795 42
nan nan nan 0
1.3285987 -2.0385354 0.20982745 42
1.5627288 -1.65048 0.2744247 33
1.3306636 -2.0417202 0.041929405 42
1.5211558 -1.608965 0.11422322 27
1.3790758 -2.1169345 -0.1305782 41
1.5035055 -1.5914731 -0.037609935 76
1.218326 -1.8719132 -0.26955688 9
1.5086632 -1.5963708 -0.18875064 49
0.73396528 -1.1276188 -0.25450125 12
1.1685472 -1.2367128 -0.26369226 8
0.52734536 -0.81071448 -0.24943499 18
0.76283693 -0.80827618 -0.248383 15
1.3147275 -2.0256727 0.54902756 56
1.526702 -1.6087723 0.58416903 27
1.3287144 -2.0465107 0.38049817 51
1.3930602 -1.4730786 0.38699445 23
1.3263932 -2.0429409 0.21004534 54
1.5581392 -1.6514034 0.27412048 42
1.3230194 -2.0377469 0.04179851 54
1.5526589 -1.6478904 0.11684001 42
1.3631608 -2.100481 -0.12940064 39
1.4972913 -1.590462 -0.03752267 95
1.215057 -1.8740368 -0.26955688 9
1.49903 -1.5917631 -0.18788083 53
0.73466057 -1.13302 -0.25545445 8
1.1595967 -1.2315775 -0.26212963 8
0.52592957 -0.81163365 -0.24943499 19
0.7647776 -0.81314158 -0.24950691 17
1.3076891 -2.0389113 0.55071342 72
1.5182577 -1.616744 0.58416903 34
1.3073232 -2.0368068 0.37737292 67
1.4038181 -1.5000217 0.39223698 29
1.3076167 -2.0372763 0.208738 70
1.5494713 -1.6595392 0.27412048 30
1.3042405 -2.0320184 0.041536722 69
1.5491282 -1.6614654 0.11723254 42
nan nan nan 0
1.4906507 -1.6001053 -0.0375663 62
1.2079028 -1.8845538 -0.27016535 9
1.4940786 -1.6032274 -0.18831575 49
0.73929024 -1.1533951 -0.25926721 6
1.1581967 -1.2430384 -0.26330161 8
0.52167273 -0.81437629 -0.24943499 18
0.75550866 -0.81180561 -0.24782103 14
1.301864 -2.0368555 0.54958951 80
1.5336258 -1.6387504 0.59127724 40
1.307752 -2.0453298 0.3785449 76
1.3827423 -1.4827681 0.38699445 29
1.3000391 -2.0332575 0.20808434 82
1.5550418 -1.6713074 0.27564168 16
1.2966572 -2.0279708 0.041405831 81
1.537711 -1.6550387 0.11657834 32
0.99797267 -1.5606323 -0.095251434 22
1.4810381 -1.5953909 -0.037391778 56
1.2086124 -1.8929368 -0.27107808 9
1.4912781 -1.6058326 -0.18831575 48
0.74122971 -1.1608943 -0.26069701 7
1.1577104 -1.2468631 -0.26369226 9
0.51636529 -0.80917031 -0.24749638 18
0.7590822 -0.81846088 -0.24950691 17
1.2869271 -2.0376875 0.54790366 88
1.5332472 -1.6556008 0.59450829 47
1.2904364 -2.0417073 0.37659159 89
1.3799646 -1.495387 0.38842422 9
1.2867172 -2.0358238 0.20764856 94
1.526057 -1.6575607 0.27199078 29
1.2820196 -2.0283902 0.041274939 93
1.523944 -1.657564 0.11618582 22
0.99378306 -1.5721713 -0.09564396 36
1.4777489 -1.6086355 -0.03752267 54
1.1986846 -1.8992391 -0.27107808 9
1.4862273 -1.6172793 -0.18875064 44
0.7455973 -1.1813766 -0.26450974 6
1.1494905 -1.2510939 -0.26330161 9
0.51725906 -0.8200435 -0.25008118 19
0.75147736 -0.81884825 -0.248383 20
1.2837247 -2.0397065 0.54790366 36
1.531997 -1.6600459 0.59515446 34
1.276359 -2.0272312 0.37346637 40
1.3490435 -1.4671471 0.38032213 12
1.2818367 -2.0359581 0.20743066 46
1.5349301 -1.6729975 0.27412048 31
1.2784774 -2.0306246 0.041274939 57
1.5227389 -1.6620587 0.11631665 27
0.98838139 -1.5696756 -0.095382281 36
1.4783223 -1.6148928 -0.037609935 52
1.1927299 -1.8971245 -0.27046958 9
1.4867741 -1.6235375 -0.18918556 43
0.74353433 -1.1826761 -0.26450974 6
1.1439604 -1.2494648 -0.26252028 9
0.51326531 -0.8168503 -0.24878879 17
0.75334984 -0.8237403 -0.24950691 17
1.2636768 -2.0321343 0.54396999 35
1.5396059 -1.6858442 0.6016165 42
1.265727 -2.0338864 0.37346637 32
1.3429989 -1.476002 0.38079873 16
1.2540741 -2.0151403 0.2045981 34
1.5428656 -1.69935 0.27716288 35
1.2585944 -2.022428 0.040969521 33
1.530821 -1.6884714 0.11762506 25
0.98014915 -1.5748292 -0.095382281 36
1.4681646 -1.6207621 -0.0375663 49
1.1814725 -1.9012351 -0.27016535 8
1.478253 -1.6313 -0.18918556 42
0.72957659 -1.1740355 -0.26165017 5
1.1407282 -1.2590883 -0.26330161 8
0.50771117 -0.81747246 -0.24814259 17
0.74738431 -0.82587397 -0.24894494 14
1.2579201 -2.0299735 0.54284608 57
1.5562103 -1.7099227 0.60937095 49
1.2517804 -2.0192943 0.37034112 49
1.3305049 -1.4674579 0.37793916 19
1.2361394 -1.9940304 0.20220132 28
1.5649236 -1.7295922 0.28172651 45
1.2432246 -2.0054917 0.040576845 37
1.5211623 -1.6837438 0.1171017 26
0.97214562 -1.5680447 -0.094858922 36
1.4686911 -1.6270261 -0.037653565 45
1.1755437 -1.8990721 -0.26955688 8
1.4770764 -1.6357225 -0.18940303 39
0.73397076 -1.1857495 -0.26403317 5
1.13355 -1.2555921 -0.26212963 8
0.5113498 -0.82658249 -0.25072739 17
0.74758071 -0.82897955 -0.24950691 13
1.2380266 -2.0221996 0.53891242 61
1.558574 -1.7305869 0.6138944 26
1.2347485 -2.0152884 0.36838785 56
1.3260893 -1.4780501 0.37889233 20
0.99438465 -1.6222924 0.16341703 28
1.5724341 -1.7562175 0.28476888 44
0.9979533 -1.628139 0.032723259 19
nan nan nan 0
0.96522415 -1.5752432 -0.094989754 36
1.4634898 -1.6384155 -0.037740827 43
1.1694638 -1.9115545 -0.27046958 8
1.4701549 -1.6452878 -0.18962048 36
0.72775215 -1.1895764 -0.26403317 6
1.1286103 -1.2633473 -0.26252028 8
0.50701475 -0.82924861 -0.25072739 18
0.73834175 -0.8274498 -0.24782103 12
1.2310474 -2.0178998 0.53722656 75
nan nan nan 0
1.2363679 -2.0258753 0.36995047 73
1.315308 -1.4712332 0.37650937 21
0.99414307 -1.6282793 0.1638528 35
1.6339332 -1.8310465 0.29663426 35
0.99511003 -1.6298783 0.032723259 35
nan nan nan 0
0.9559809 -1.566264 -0.094335556 36
1.4622939 -1.6428308 -0.037784457 39
1.162257 -1.9072325 -0.26955688 8
1.4689409 -1.6497076 -0.18983792 34
0.73204607 -1.2013317 -0.26641613 6
1.1296972 -1.2689949 -0.26330161 7
0.50181031 -0.82393694 -0.24878879 21
0.74014884 -0.83236456 -0.24894494 14
1.2226231 -2.0287058 0.53835046 79
1.5062746 -1.6963606 0.59773928 23
1.22447 -2.030206 0.36955982 78
1.3026956 -1.472597 0.3750796 21
0.98303461 -1.6291949 0.16341703 34
nan nan nan 0
0.98140532 -1.6265004 0.032548737 36
nan nan nan 0
0.94133025 -1.5605525 -0.093681358 36
1.4520159 -1.6485925 -0.037740827 36
1.1560903 -1.9196724 -0.27046958 8
1.460283 -1.6573763 -0.18983792 31
0.72448272 -1.2030443 -0.26593953 6
1.1214002 -1.2730441 -0.26291096 8
0.50121325 -0.83276796 -0.25072739 18
0.73254704 -0.8325842 -0.24782103 12
1.2181826 -2.0285342 0.53778851 77
nan nan nan 0
1.2196548 -2.0302219 0.36916918 81
1.3017505 -1.4767054 0.37555617 20
0.97506636 -1.6223645 0.16254546 35
nan nan nan 0
0.97985059 -1.6303544 0.032592367 36
nan nan nan 0
0.93860513 -1.562193 -0.093681358 35
1.4590526 -1.6623759 -0.038002614 34
1.1527381 -1.9216871 -0.27046958 9
1.4738585 -1.6786042 -0.19201247 29
0.71986276 -1.2000943 -0.26498634 6
1.1126411 -1.2675939 -0.26134834 8
0.49728361 -0.82949388 -0.24943499 18
0.73431987 -0.83751148 -0.24894494 12
1.2208418 -2.0581532 0.54396999 57
nan nan nan 0
1.2178197 -2.0514505 0.37190375 54
1.2940007 -1.4835012 0.37555617 13
0.96274954 -1.6210201 0.16189179 35
nan nan nan 0
0.96620357 -1.626861 0.032417841 36
nan nan nan 0
0.92532319 -1.5584941 -0.093157999 33
1.4552571 -1.6756444 -0.038133506 32
1.1451874 -1.9319679 -0.27107808 9
1.4781467 -1.7013124 -0.19375211 23
0.7148177 -1.2059599 -0.26546293 6
1.1076128 -1.2752621 -0.26173899 7
0.49784088 -0.84040719 -0.25201979 18
0.72992456 -0.84134483 -0.24894494 15
1.2299857 -2.081049 0.54958951 71
1.3816077 -1.584098 0.55315113 24
1.2292988 -2.0790911 0.37659159 68
1.2881812 -1.4820604 0.374603 12
0.95485532 -1.6141188 0.16102023 35
nan nan nan 0
0.96082163 -1.6242394 0.03233058 36
nan nan nan 0
0.92133313 -1.5579563 -0.09302716 33
1.4605281 -1.6876156 -0.038351662 30
1.1367747 -1.9254123 -0.2698611 9
1.4898806 -1.7208064 -0.19570921 23
0.7164464 -1.2135507 -0.26689273 6
1.1070063 -1.2790561 -0.26212963 7
0.49270377 -0.83502775 -0.25008118 19
0.73005593 -0.84445387 -0.24950691 21
1.2211612 -2.0918832 0.55071342 77
1.3638033 -1.5803614 0.54927397 31
1.2208837 -2.0897653 0.37737292 74
1.2771943 -1.4850712 0.37364981 13
0.94639069 -1.6190963 0.16102023 35
nan nan nan 0
0.95104474 -1.6270888 0.032286949 36
1.362582 -1.5905145 0.10794291 11
0.90813375 -1.5541317 -0.092503794 37
1.4614499 -1.7066118 -0.038613446 25
1.1291747 -1.9356267 -0.27046958 9
1.4857222 -1.7342482 -0.19636157 23
0.71131617 -1.2194067 -0.2673693 5
1.1067389 -1.2923197 -0.26369226 7
0.49317393 -0.84595108 -0.252666 19
0.72562444 -0.84826481 -0.24950691 17
1.2239895 -2.104332 0.55352318 79
1.3515707 -1.5717733 0.54539669 31
1.2221955 -2.1004338 0.37893555 76
1.272999 -1.4854382 0.37317321 17
0.93855983 -1.6121314 0.16014868 36
nan nan nan 0
0.94569248 -1.6244233 0.032199688 35
1.3533039 -1.5853091 0.10741955 20
0.91043413 -1.5643506 -0.09302716 36
1.476359 -1.7300397 -0.03909339 18
1.1257946 -1.9375947 -0.27046958 9
1.498901 -1.7557485 -0.19853613 27
0.70672673 -1.2163991 -0.26641613 6
1.1012658 -1.2905012 -0.26291096 7
0.49290526 -0.84890133 -0.2533122 19
0.72890633 -0.85507214 -0.25119275 16
1.2101628 -2.1066971 0.55239928 60
1.3417536 -1.5769928 0.54475045 19
1.2013488 -2.0896711 0.3758103 54
1.2572461 -1.4827427 0.37079024 18
0.93258506 -1.6213437 0.16058445 35
nan nan nan 0
0.93592995 -1.6271846 0.032156058 36
1.3562902 -1.6056995 0.10833542 23
0.8972618 -1.5604337 -0.092503794 36
nan nan nan 0
1.1106998 -1.9348501 -0.26925263 9
1.4800222 -1.7521758 -0.19723138 34
0.69912916 -1.2179528 -0.26593953 5
1.0928956 -1.2943673 -0.26252028 7
0.48246548 -0.84098476 -0.25008118 19
0.72284108 -0.85702127 -0.2506308 16
1.2310205 -2.1508987 0.56363833 93
1.3327355 -1.5719777 0.54216564 21
1.2332333 -2.1539357 0.38713932 92
1.2562447 -1.4868058 0.37126684 19
0.92357481 -1.6121577 0.15949501 36
nan nan nan 0
0.92564648 -1.6157947 0.03189427 36
1.3599327 -1.6156908 0.10885879 27
0.89453697 -1.5619974 -0.092503794 36
nan nan nan 0
1.1085509 -1.938941 -0.26955688 9
1.4817842 -1.760463 -0.19788374 30
0.69457197 -1.2149068 -0.26498634 5
1.08904 -1.2943876 -0.26212963 8
0.48457891 -0.84812325 -0.25201979 17
0.71819437 -0.85456473 -0.24950691 12
1.219365 -2.1575277 0.56363833 92
1.3120366 -1.5641602 0.53699601 10
1.2195104 -2.1560628 0.38635799 93
1.2452856 -1.4896047 0.37031367 18
0.91267192 -1.6126339 0.15905923 36
nan nan nan 0
0.91594458 -1.6184425 0.03185064 36
1.340242 -1.6093841 0.10794291 29
0.88511908 -1.5644857 -0.092372961 36
nan nan nan 0
1.0983834 -1.9447188 -0.26955688 9
1.4677536 -1.7624655 -0.19723138 30
0.69542533 -1.2313581 -0.2678459 6
1.0806628 -1.2981786 -0.26173899 8
0.47658259 -0.84433252 -0.25008118 17
0.71371007 -0.8583135 -0.24950691 15
1.2100064 -2.1488225 0.56082857 91
1.2937746 -1.5479529 0.53053403 10
1.2145352 -2.1560357 0.38596734 90
1.2521352 -1.5030673 0.37317321 12
0.91107672 -1.6163952 0.15927713 36
nan nan nan 0
0.91189337 -1.61786 0.031807009 36
1.3374311 -1.6117208 0.10794291 30
0.87504745 -1.5529701 -0.091587923 37
nan nan nan 0
1.0925583 -1.9423054 -0.26894841 9
1.4614872 -1.7611979 -0.19679649 32
0.69327515 -1.2325699 -0.2678459 5
1.0799769 -1.3019589 -0.26212963 8
0.47746682 -0.84937805 -0.25137359 18
0.71221089 -0.85955781 -0.24950691 17
1.1971803 -2.1532078 0.56026655 89
1.2887384 -1.558421 0.53182638 20
1.1984338 -2.1537309 0.38440475 88
1.2458133 -1.511493 0.37364981 14
0.89776361 -1.6124349 0.15840557 36
nan nan nan 0
0.89976847 -1.6160569 0.031676114 34
1.3321505 -1.6225536 0.10820458 33
0.86326844 -1.5509824 -0.091195397 36
nan nan nan 0
1.0835767 -1.9501693 -0.26925263 9
1.4633346 -1.7822781 -0.19831866 27
0.68681192 -1.236183 -0.2678459 5
1.0715736 -1.3056912 -0.26173899 8
0.46833998 -0.84341174 -0.24878879 17
0.70459628 -0.85952002 -0.248383 17
1.1890814 -2.1465583 0.5580188 82
1.269076 -1.5402048 0.52471817 16
1.1886966 -2.1450155 0.38245144 87
1.2619176 -1.5363795 0.37936896 12
0.89494801 -1.6139992 0.15840557 36
1.7229543 -2.1009688 0.32888371 36
0.86064869 -1.5520067 0.030367186 33
1.3229766 -1.6171606 0.10768122 33
0.86056012 -1.5524867 -0.091195397 37
nan nan nan 0
1.0789719 -1.9498855 -0.26894841 8
1.464964 -1.7906029 -0.19897102 24
0.68109739 -1.230933 -0.26641613 5
1.0724298 -1.3113741 -0.26252028 8
0.46919635 -0.84845924 -0.25008118 19
0.7077415 -0.86638921 -0.25006884 18
1.1716142 -2.1422696 0.55520904 81
1.2640547 -1.550565 0.52601057 18
1.1727134 -2.1425424 0.38088882 84
1.2678246 -1.5600749 0.38365832 13
0.87932032 -1.6055497 0.15709823 36
1.694697 -2.088794 0.32553709 34
0.84651828 -1.5455239 0.03014903 40
1.3207904 -1.6318141 0.10820458 34
0.85241961 -1.5569713 -0.091195397 37
nan nan nan 0
1.0675592 -1.9533298 -0.26864415 9
nan nan nan 0
0.67933905 -1.2431028 -0.2683225 5
1.0624321 -1.3131404 -0.26173899 7
0.46244046 -0.84666079 -0.24878879 18
0.69703954 -0.86252975 -0.24782103 14
1.163592 -2.1355474 0.55296123 81
1.2430222 -1.5303171 0.51825607 10
1.1689721 -2.1445858 0.38088882 83
1.2712951 -1.5699003 0.38556468 23
0.87413627 -1.6027067 0.15666245 36
1.6957386 -2.0975296 0.32644978 53
0.85218197 -1.5623686 0.030454447 40
1.3085117 -1.6224775 0.10741955 34
0.84135133 -1.5431043 -0.09027952 37
nan nan nan 0
1.0641484 -1.9551901 -0.26864415 8
1.76903 -2.1917579 -0.24289687 40
0.67248732 -1.2356578 -0.26641613 5
1.0616937 -1.3169109 -0.26212963 7
0.46211183 -0.84959036 -0.24943499 17
0.6986044 -0.86752695 -0.24894494 14
1.1520207 -2.1418116 0.55296123 84
1.2365097 -1.5386835 0.5189023 13
1.1553897 -2.1463268 0.38010749 82
1.2738291 -1.5899177 0.38890082 23
0.86573261 -1.6072617 0.15666245 35
1.6769668 -2.0967035 0.32492858 71
0.83452487 -1.549194 0.030105399 38
1.3046825 -1.6351509 0.10781206 36
0.83207887 -1.5452889 -0.09014868 36
1.4056873 -1.7624291 -0.038744342 23
1.0492047 -1.9519885 -0.26742721 8
1.7559726 -2.1990469 -0.24267942 41
0.66716725 -1.2413254 -0.26689273 5
1.0578735 -1.3263044 -0.26291096 8
0.45993432 -0.85625792 -0.25072739 16
0.69710404 -0.87497097 -0.25006884 19
1.1429105 -2.1328783 0.55015147 82
1.2217108 -1.5257864 0.51373267 12
1.141157 -2.1287448 0.37659159 85
1.2756584 -1.5978819 0.39033058 22
0.85705125 -1.5977906 0.155573 36
1.6624564 -2.086062 0.32279891 78
0.86130148 -1.6057469 0.031196173 38
1.2987108 -1.6335238 0.10755039 36
0.82467067 -1.537933 -0.089625321 36
nan nan nan 0
1.0072141 -1.8815889 -0.25738728 6
1.750578 -2.2001617 -0.24246195 41
0.66268933 -1.2381573 -0.26593953 5
1.0509324 -1.3223617 -0.26173899 8
0.45276466 -0.84640056 -0.24749638 16
0.69253093 -0.87238294 -0.24894494 16
1.1302165 -2.1368763 0.54958951 82
1.2152092 -1.534052 0.51437891 9
1.1299955 -2.1346908 0.37659159 81
1.2871046 -1.6295319 0.39652634 22
0.84634662 -1.5978522 0.15513723 36
1.6499715 -2.0927918 0.32249466 59
0.8540498 -1.6124449 0.031239806 37
1.2901398 -1.6403015 0.10755039 34
0.80494785 -1.5201539 -0.088316925 28
1.6442659 -2.0900295 -0.045812566 62
0.96145999 -1.8187975 -0.24795581 9
1.7344034 -2.203434 -0.24180959 41
0.65962875 -1.248124 -0.2673693 5
1.0442259 -1.327664 -0.26173899 8
0.44945043 -0.85089725 -0.24814259 18
0.68946624 -0.87790674 -0.24950691 15
1.1234568 -2.1321809 0.54790366 83
nan nan nan 0
1.1197401 -2.1233528 0.3742477 82
nan nan nan 0
0.83775854 -1.5883067 0.15404777 36
1.635926 -2.081742 0.32036498 30
0.85239822 -1.6161453 0.031283438 36
1.3045522 -1.6639013 0.10898963 29
0.80229342 -1.5215564 -0.088316925 44
1.6174339 -2.0634267 -0.045158096 34
0.9505223 -1.8049294 -0.24582614 20
1.7182338 -2.1908002 -0.24006996 40
0.65402931 -1.2427535 -0.26593953 6
1.0419072 -1.3294845 -0.26173899 7
0.45020464 -0.85595965 -0.24943499 17
0.68808639 -0.87898868 -0.24950691 19
1.1100323 -2.1337101 0.54677975 87
nan nan nan 0
1.1108843 -2.1335685 0.37502897 71
nan nan nan 0
0.8308571 -1.5947365 0.15426567 36
1.621951 -2.0863662 0.31975654 44
0.8419019 -1.6160027 0.031196173 37
1.2988907 -1.6746482 0.1092513 24
0.80033612 -1.5366751 -0.088971123 37
1.6069691 -2.0715868 -0.045158096 57
0.94334406 -1.8142866 -0.2464346 11
1.7025324 -2.193574 -0.2394176 42
0.64998889 -1.250406 -0.26689273 5
1.0349317 -1.3349217 -0.26173899 7
0.4458665 -0.85822737 -0.24943499 18
0.6834746 -0.88257945 -0.24950691 16
1.1010835 -2.1246326 0.54396999 83
1.3701719 -1.7593483 0.58740002 11
1.0935409 -2.1091876 0.37034112 9
nan nan nan 0
0.82921702 -1.5983959 0.15448356 31
1.6122154 -2.0813575 0.31853953 62
0.83448505 -1.6085896 0.031021649 37
nan nan nan 0
0.79306495 -1.5291996 -0.088447765 37
1.6002871 -2.0704381 -0.045070838 75
0.92992634 -1.7960887 -0.24369647 11
1.6956478 -2.1926069 -0.23898268 42
0.64780545 -1.2515386 -0.26689273 6
1.026541 -1.3289256 -0.26017636 7
0.44436795 -0.8590042 -0.24943499 19
0.68342918 -0.88569343 -0.25006884 13
1.0873572 -2.1262195 0.54284608 87
1.3727641 -1.7817787 0.59256965 14
1.084729 -2.1192825 0.37112245 9
1.3229661 -1.722914 0.41511351 12
0.81630456 -1.5938444 0.15361199 43
1.5937321 -2.0799351 0.31701836 76
0.82605112 -1.612937 0.031021649 37
1.5836673 -2.0698016 0.13476509 77
0.78704947 -1.5379153 -0.088709444 37
1.5909463 -2.0807722 -0.045114469 87
0.92276394 -1.8053541 -0.24430493 12
1.6776953 -2.1938455 -0.23811287 43
0.64347118 -1.259287 -0.2678459 5
1.0270917 -1.3440722 -0.26212963 8
0.44095829 -0.86347216 -0.25008118 18
0.67878234 -0.8892597 -0.25006884 15
1.0803336 -2.121599 0.54116023 88
1.3740758 -1.7899098 0.59450829 16
1.0765505 -2.1123688 0.36955982 78
1.3375961 -1.7488055 0.42083263 12
0.81013429 -1.5886073 0.15295833 37
1.5825534 -2.072865 0.31549716 84
0.82068729 -1.6100636 0.030934388 38
1.5876374 -2.0824761 0.13541928 87
0.78097099 -1.5326099 -0.088316925 36
1.5736482 -2.0656741 -0.04472179 96
0.91624123 -1.8003243 -0.24339221 12
1.6663003 -2.1868777 -0.23702559 43
0.63794237 -1.2538416 -0.26641613 5
1.0247442 -1.3458627 -0.26212963 8
0.43711972 -0.86000699 -0.24878879 18
0.67871189 -0.89237595 -0.2506308 18
1.0677471 -2.1252356 0.54059827 88
1.3599789 -1.7915564 0.59256965 17
1.0673208 -2.1225762 0.37034112 85
1.3195122 -1.744061 0.41797304 12
0.80041015 -1.5907412 0.15274043 37
1.5668194 -2.0754635 0.31458443 50
0.80551875 -1.6009341 0.030672602 37
1.55074 -2.0571892 0.133195 36
0.77405488 -1.5389096 -0.088447765 37
1.5594339 -2.0701702 -0.044634525 43
0.90871 -1.8096924 -0.24400067 12
1.6443111 -2.1816678 -0.23550341 43
0.63444352 -1.2638594 -0.2678459 6
1.015957 -1.3494188 -0.26173899 8
0.43153203 -0.86012322 -0.24814259 18
0.66945732 -0.8902123 -0.24894494 15
1.0556996 -2.1094754 0.53610265 79
1.3290948 -1.7573874 0.58029175 15
1.062511 -2.122227 0.36995047 82
1.3164662 -1.7463613 0.41797304 23
0.79540622 -1.5876802 0.15230466 37
1.5602046 -2.0742342 0.31397596 31
0.79937154 -1.5956297 0.030541711 37
1.5516558 -2.0658736 0.13358752 36
0.76913679 -1.535791 -0.088186085 35
1.5573225 -2.0748854 -0.044678159 41
0.9022274 -1.8046142 -0.24308796 12
1.6405008 -2.1845343 -0.23550341 43
0.63004816 -1.2605714 -0.26689273 5
1.010626 -1.3472474 -0.26095769 7
0.43110514 -0.86303771 -0.24878879 21
0.66937143 -0.893323 -0.24950691 18
nan nan nan 0
1.3169734 -1.7604609 0.57899934 20
1.0535688 -2.1321905 0.3707318 87
nan nan nan 0
0.78708231 -1.5918231 0.15230466 37
1.5493225 -2.0823748 0.31397596 50
0.78879482 -1.5953096 0.030454447 37
1.5348482 -2.065964 0.13306417 56
0.75777352 -1.5330795 -0.087793566 35
1.5344893 -2.0669758 -0.044329111 61
0.89057428 -1.8048609 -0.24247949 13
1.621598 -2.1831095 -0.23441613 44
0.62343919 -1.263853 -0.26689273 6
1.0050348 -1.3544996 -0.26134834 7
0.42764392 -0.86745131 -0.24943499 19
0.6661433 -0.89876652 -0.25006884 19
nan nan nan 0
1.3153462 -1.7646902 0.57964557 26
1.042228 -2.1185102 0.3679972 81
1.5229286 -2.048579 0.48898563 32
0.78100997 -1.5864878 0.151651 37
1.5367985 -2.0731308 0.31215051 67
0.78380603 -1.5921963 0.030367186 31
1.5282623 -2.0646315 0.13280249 70
0.75179684 -1.5276759 -0.08740104 35
1.5293894 -2.0676439 -0.044285476 76
0.88414663 -1.7997279 -0.24156678 13
1.6148157 -2.1819379 -0.23398124 44
0.61907458 -1.2605306 -0.26593953 6
1.0026693 -1.3562517 -0.26134834 7
0.42506951 -0.86602634 -0.24878879 19
0.65729791 -0.89015955 -0.2472591 16
0.77474743 -1.5961612 0.40123406 22
1.3132743 -1.7812572 0.58287656 34
1.0311213 -2.1239383 0.3679972 81
1.499065 -2.0387537 0.48469627 32
0.77160662 -1.5883141 0.1514331 37
1.5229809 -2.0771518 0.31154203 77
0.77436864 -1.5940289 0.030323554 31
1.5159525 -2.0705931 0.13267164 80
0.74487591 -1.5338383 -0.087531887 35
1.5170629 -2.0736084 -0.044241846 87
0.87255043 -1.7998649 -0.24095827 15
1.5959967 -2.1803269 -0.23289396 44
0.61139864 -1.2615448 -0.26546293 5
0.99701703 -1.3634722 -0.26173899 8
0.42262608 -0.87259126 -0.25008118 19
0.65407294 -0.89555025 -0.24782103 20
0.77329719 -1.5995705 0.40179601 30
1.3087296 -1.7816032 0.58223039 47
1.0156121 -2.1012697 0.36369997 45
1.5187671 -2.0730007 0.49232176 88
0.76666933 -1.5851719 0.15099733 37
1.5105497 -2.0678 0.30971658 83
0.76832759 -1.5886239 0.030192662 38
1.5034873 -2.0611496 0.1318866 87
0.73677659 -1.5238918 -0.086877681 36
1.5031098 -2.0621316 -0.043936431 94
0.86187243 -1.7857348 -0.23882861 16
1.5877762 -2.1770799 -0.23224159 46
0.61132282 -1.2670335 -0.26641613 5
0.99463576 -1.3652103 -0.26173899 7
0.4190132 -0.86897272 -0.24878879 19
0.65250903 -0.89669043 -0.24782103 16
0.7698617 -1.614731 0.40460578 32
1.3008068 -1.7903819 0.58287656 50
nan nan nan 0
1.5064487 -2.0789399 0.49184516 61
0.75835896 -1.5891645 0.15099733 37
1.4967884 -2.0716634 0.30910811 41
0.7632215 -1.5993961 0.030323554 37
1.4897459 -2.0649493 0.13162492 34
0.73200476 -1.5344923 -0.087270208 35
1.4864305 -2.0618732 -0.043761905 41
0.85038108 -1.7857403 -0.23822013 17
1.5705137 -2.177294 -0.23137176 45
0.60468036 -1.2702169 -0.26641613 5
0.99182093 -1.376398 -0.26291096 7
0.41755724 -0.87770331 -0.25072739 20
0.65352964 -0.90797973 -0.25006884 19
0.76732421 -1.6159383 0.40460578 32
1.2991003 -1.7946031 0.5835228 30
nan nan nan 0
1.488417 -2.0616939 0.4870792 31
0.75345153 -1.5859842 0.15056154 37
1.4859039 -2.0642157 0.30758691 31
0.75614804 -1.5916901 0.03014903 37
1.4759146 -2.0533741 0.13070905 35
0.72291434 -1.5222291 -0.086485162 36
1.4784442 -2.0583818 -0.043631013 41
0.84408051 -1.7804919 -0.2373074 19
1.5623407 -2.1739719 -0.2307194 45
0.60560662 -1.2779279 -0.2678459 5
0.99086261 -1.3801287 -0.26330161 7
0.41396585 -0.87406147 -0.24943499 19
0.65194392 -0.90911901 -0.25006884 19
0.76784599 -1.6399316 0.40966335 21
1.2798163 -1.7876554 0.57899934 19
nan nan nan 0
1.467594 -2.055496 0.48374304 40
0.74197364 -1.5831388 0.14990787 38
1.4721901 -2.06793 0.30697843 50
0.74357021 -1.5865694 0.029974507 38
1.4636928 -2.0590415 0.1305782 55
0.71493411 -1.5259935 -0.086485162 35
1.4647439 -2.0620241 -0.043543749 61
0.83054996 -1.7758923 -0.23609044 18
1.548044 -2.1780672 -0.23028451 46
0.5926888 -1.2677338 -0.26498634 5
0.97931778 -1.3792695 -0.26212963 7
0.40734774 -0.87183696 -0.24814259 19
0.6443401 -0.90855759 -0.24894494 16
0.75294274 -1.6146293 0.40291992 23
1.2696617 -1.7800704 0.57576835 12
0.85805637 -1.839867 0.31564942 31
1.4426116 -2.028096 0.47659415 43
0.73815882 -1.5821735 0.14968999 38
1.4628218 -2.0624108 0.30576149 64
0.73869115 -1.5833321 0.029887244 38
1.4514173 -2.0493844 0.12979317 71
0.70911151 -1.5204476 -0.086092643 35
1.4553522 -2.0564265 -0.043369226 78
0.8305847 -1.7840908 -0.23700316 18
1.5341412 -2.1665552 -0.22876231 45
0.59254032 -1.273219 -0.26593953 5
0.97547764 -1.3789645 -0.26173899 7
0.40785372 -0.87693012 -0.24943499 17
0.64416742 -0.91166461 -0.24950691 17
0.74521095 -1.6208938 0.40348187 27
1.2533426 -1.7768414 0.5725373 9
0.84223187 -1.830869 0.31330547 41
1.3611877 -1.9353887 0.45276445 31
0.73298061 -1.5928072 0.15034366 37
1.4491457 -2.0659838 0.30515298 77
0.73143321 -1.5894499 0.029930875 37
1.4392313 -2.0549138 0.12966232 81
0.69801813 -1.5173318 -0.085700125 35
1.4402541 -2.0578823 -0.043238334 89
0.82019848 -1.7861592 -0.23669893 19
1.5227761 -2.1745582 -0.22876231 46
0.58484477 -1.2740724 -0.26546293 6
0.97392762 -1.3921311 -0.26330161 7
0.40325657 -0.87905365 -0.24943499 17
0.63657802 -0.91104275 -0.248383 13
0.73861694 -1.6131985 0.40123406 29
nan nan nan 0
0.84006107 -1.8345822 0.31369612 41
1.3225027 -1.8875834 0.4408496 24
0.72709531 -1.5872883 0.14968999 37
1.4384124 -2.0583527 0.30363178 85
0.72346526 -1.579356 0.02971272 38
1.429913 -2.049243 0.12913896 89
0.69018435 -1.5071926 -0.085045926 35
1.4266268 -2.0460584 -0.04293292 98
0.81399161 -1.7808146 -0.23578621 19
1.5075504 -2.1608915 -0.22702268 46
0.58160323 -1.2728575 -0.26498634 5
0.970079 -1.3918068 -0.26291096 7
0.40272051 -0.88195491 -0.25008118 18
0.63918704 -0.91813296 -0.25006884 14
0.72787851 -1.6127284 0.40011016 29
1.4303026 -2.0568378 0.66106731 74
0.82740122 -1.8322015 0.31252417 40
1.3041912 -1.882395 0.43799001 22
0.71468276 -1.5819906 0.14881843 38
1.4219576 -2.0577004 0.3024148 45
0.71826577 -1.5899594 0.029843612 38
1.414899 -2.050545 0.12874645 37
0.68433332 -1.5153387 -0.085307606 32
1.4144714 -2.0514448 -0.042889286 58
0.80160332 -1.7782626 -0.23487347 19
1.4962155 -2.1687553 -0.22702268 46
0.57794631 -1.2826018 -0.26641613 6
0.96302211 -1.3966991 -0.26291096 7
0.39710981 -0.88184744 -0.24943499 17
0.63020229 -0.9154647 -0.248383 17
0.72135931 -1.6049777 0.39786234 30
1.4280896 -2.0613136 0.66171354 37
0.82047957 -1.8244869 0.31096154 36
1.293913 -1.8745836 0.43560702 20
0.71497732 -1.5900528 0.14947209 37
1.4088453 -2.0456443 0.30028513 31
0.71242177 -1.5843681 0.02971272 37
1.407421 -2.0466013 0.12835392 34
0.67351943 -1.4983048 -0.084260888 29
1.4094698 -2.0518525 -0.042845655 37
0.79272491 -1.7659311 -0.23304804 20
1.4867709 -2.1631632 -0.22615285 48
0.57370424 -1.2791276 -0.26546293 6
0.95777571 -1.3943145 -0.26212963 7
0.3955701 -0.88253915 -0.24943499 18
0.6301499 -0.91845644 -0.24894494 19
0.71589953 -1.6154172 0.3995482 32
1.4012109 -2.0446405 0.6539591 33
nan nan nan 0
1.2844083 -1.8811088 0.43560702 22
0.70389807 -1.5868186 0.14881843 37
1.3939137 -2.0468476 0.29937243 47
0.70237124 -1.5833817 0.029625459 37
1.3924632 -2.0477569 0.12796141 53
0.66465598 -1.4995271 -0.084130049 29
1.3948407 -2.0527656 -0.042714763 59
0.78547198 -1.7745976 -0.23365653 19
1.4726174 -2.1668036 -0.22571796 48
0.56623274 -1.2797692 -0.26498634 6
0.951855 -1.4013493 -0.26252028 8
0.39109814 -0.88453001 -0.24943499 16
0.62395638 -0.91973305 -0.248383 14
0.70915622 -1.6077446 0.39730039 33
1.3962746 -2.0450909 0.65331286 52
nan nan nan 0
1.2766424 -1.8774912 0.43417725 23
0.70012403 -1.5857652 0.14860053 37
1.3833544 -2.0390229 0.29785123 60
0.69933003 -1.5847272 0.029625459 37
1.386079 -2.0460553 0.12769973 68
0.66002768 -1.4961143 -0.083868369 36
1.3828257 -2.0427923 -0.042452976 73
0.77937895 -1.7691504 -0.2327438 20
1.461834 -2.1590712 -0.22463068 48
0.5679425 -1.289745 -0.26689273 6
0.94940764 -1.4030085 -0.26252028 7
0.38939923 -0.88527924 -0.24943499 17
0.62372261 -0.92283326 -0.24894494 17
0.70044714 -1.6115581 0.39730039 34
1.3797708 -2.0446181 0.65072805 64
0.72410971 -1.6646129 0.2816624 25
1.2626743 -1.8780484 0.43274748 23
0.68756956 -1.5803908 0.14772898 38
1.3626015 -2.0320687 0.29572153 40
0.68903351 -1.5837809 0.029538197 37
1.3708099 -2.0473087 0.12730721 78
0.6551643 -1.5064213 -0.084260888 35
1.366178 -2.0419445 -0.04227845 82
0.76782382 -1.7687869 -0.23213531 20
1.44912 -2.1646283 -0.22441322 48
0.55706048 -1.2837883 -0.26498634 6
0.9404245 -1.4060758 -0.26212963 8
0.38475862 -0.88730603 -0.24943499 19
0.61872047 -0.92619437 -0.24894494 15
0.69791484 -1.6126564 0.39730039 32
1.3734977 -2.04302 0.6494357 75
0.72120327 -1.6658741 0.2816624 35
1.2593946 -1.8802494 0.43274748 25
0.68579733 -1.5838749 0.14794688 38
1.3590528 -2.0344439 0.29572153 40
0.68527746 -1.5826861 0.029494565 37
1.3588996 -2.0372522 0.12652217 88
0.65352321 -1.5098548 -0.084391728 34
1.3653922 -2.0484805 -0.042365715 98
0.76080787 -1.761009 -0.23091835 21
1.4384125 -2.1568062 -0.22332594 48
0.55675888 -1.2892673 -0.26593953 6
0.93934375 -1.4097662 -0.26252028 8
0.38225687 -0.88575691 -0.24878879 20
0.61438715 -0.92322814 -0.24782103 15
0.71109849 -1.6679717 0.4102253 37
1.3614411 -2.0481749 0.64878947 82
0.7134378 -1.6718997 0.28205305 35
1.2508917 -1.8888612 0.43322408 25
0.67651975 -1.5851524 0.14772898 37
1.3415251 -2.0311921 0.29420033 34
0.67404521 -1.5793524 0.029363673 38
1.3495922 -2.0464206 0.126653 57
0.64170033 -1.5040661 -0.083868369 35
1.3546478 -2.0556016 -0.042365715 82
0.7515769 -1.7649683 -0.23091835 19
1.4202268 -2.1539242 -0.22223866 48
0.54712635 -1.2853867 -0.26450974 6
0.92922145 -1.4105484 -0.26173899 8
0.38137749 -0.8966431 -0.25137359 17
0.60819733 -0.92440289 -0.2472591 16
0.72366929 -1.7049807 0.41921654 41
1.3525157 -2.0425036 0.64620465 48
0.70859301 -1.6685947 0.28127176 35
1.2503042 -1.895133 0.43417725 25
0.67083877 -1.5794507 0.14707533 37
1.3420813 -2.0397415 0.29511306 27
0.66836363 -1.573621 0.02923278 37
1.3363959 -2.0341852 0.12573713 29
0.64004731 -1.507483 -0.083999209 34
1.3235456 -2.016222 -0.041493095 32
nan nan nan 0
1.4096105 -2.1460037 -0.22115141 47
0.54583621 -1.2886007 -0.26498634 5
0.92675817 -1.4121681 -0.26173899 8
0.37981194 -0.89730734 -0.25137359 16
0.60927069 -0.92952669 -0.248383 19
0.72005785 -1.7223618 0.42258826 41
1.3391495 -2.045521 0.64491218 32
0.70460123 -1.6836762 0.28322503 36
1.2390193 -1.8996009 0.43370065 25
0.66255963 -1.5829415 0.14707533 38
1.3259552 -2.0384305 0.29389611 38
0.660115 -1.577099 0.02923278 37
1.3216352 -2.0348811 0.12534462 45
0.62734032 -1.4992926 -0.083345011 35
1.3075117 -2.0147476 -0.041318569 50
nan nan nan 0
1.3833939 -2.1304049 -0.21875939 44
0.54190862 -1.298239 -0.26641613 6
0.9193514 -1.4170012 -0.26173899 7
0.37418312 -0.89705306 -0.25072739 18
0.60839486 -0.93882048 -0.25006884 16
0.71455008 -1.716741 0.4209024 43
1.334254 -2.0458348 0.64426601 43
0.69692683 -1.6735009 0.28127176 33
1.235702 -1.9017605 0.43370065 25
0.65597558 -1.5748954 0.14620376 39
1.3196886 -2.0365815 0.29328761 56
0.65161002 -1.5643977 0.028970992 41
1.3140013 -2.0309038 0.12495209 62
0.62376553 -1.4980793 -0.083214164 36
1.2931052 -2.0002537 -0.040969521 49
nan nan nan 0
nan nan nan 0
0.5377652 -1.2946476 -0.26546293 6
0.91956884 -1.4227442 -0.26252028 8
0.37445986 -0.90216941 -0.25201979 18
0.60276651 -0.93375748 -0.248383 16
0.69972157 -1.7070524 0.41753069 37
1.318274 -2.0446839 0.64168119 60
0.68908983 -1.6794125 0.2816624 27
1.2230664 -1.90408 0.43274748 26
0.64206231 -1.5644779 0.14489642 38
1.3076649 -2.0413766 0.29298338 70
0.64151698 -1.563161 0.028883731 39
1.3060479 -2.0419574 0.12521377 74
0.61402333 -1.496703 -0.082952484 36
nan nan nan 0
nan nan nan 0
nan nan nan 0
0.53468508 -1.3065357 -0.2673693 6
0.9134419 -1.4296167 -0.26291096 8
0.36973098 -0.9041177 -0.25201979 18
0.60578251 -0.94918936 -0.2517547 17
0.69520313 -1.7036365 0.41640678 44
1.3094674 -2.0388634 0.63909638 72
0.69639868 -1.7057701 0.2859596 37
1.2223953 -1.9103408 0.43370065 27
0.63651389 -1.5586762 0.14424275 38
1.3041 -2.0436559 0.29298338 80
0.63973022 -1.5665935 0.028927362 39
1.2944095 -2.031616 0.12442873 81
0.61046928 -1.4954602 -0.082821645 36
0.99098957 -1.5585389 -0.031632487 38
0.68640244 -1.6845982 -0.21874875 24
0.99440724 -1.563307 -0.15874191 34
0.53148144 -1.3051928 -0.26689273 6
0.91493964 -1.4374474 -0.26408291 8
0.36815244 -0.90476161 -0.25201979 17
0.60149437 -0.94614434 -0.2506308 18
0.68235213 -1.6983275 0.41415897 49
1.2974757 -2.0436554 0.63845021 78
0.69756699 -1.7346039 0.29025683 37
1.2136921 -1.9187864 0.43417725 29
0.62556326 -1.5550528 0.14358908 39
1.2867427 -2.0399747 0.29146218 84
0.62686735 -1.5583214 0.028709207 38
1.2797509 -2.0320351 0.12403621 91
0.5961293 -1.4824142 -0.081905767 36
0.98281562 -1.5637064 -0.031632487 39
0.67849439 -1.690473 -0.21905299 24
0.98088491 -1.5600717 -0.1578721 34
0.52555072 -1.3102366 -0.2673693 6
0.90608019 -1.4401318 -0.26369226 8
0.3607277 -0.89994663 -0.25008118 19
0.59261835 -0.94310898 -0.24894494 17
0.68239033 -1.7061855 0.41584483 36
1.2861384 -2.033685 0.63457292 78
0.70277363 -1.7564603 0.29377273 50
1.2365906 -1.9623759 0.44370914 32
0.62284821 -1.5561422 0.14358908 38
1.280532 -2.0380199 0.29085368 43
0.62136781 -1.5524479 0.028578313 38
1.262895 -2.0131423 0.12272782 35
0.59446591 -1.4857714 -0.082036607 36
0.97742158 -1.5611885 -0.031545222 39
0.67554301 -1.6916544 -0.21905299 23
0.97152483 -1.5512441 -0.15678482 35
0.52235663 -1.3088714 -0.26689273 7
0.90224838 -1.4396222 -0.26330161 8
0.3627173 -0.90955472 -0.252666 15
0.59227252 -0.9462015 -0.24950691 16
0.65712839 -1.6690357 0.40572968 28
1.2754724 -2.0403912 0.63457292 35
0.69085824 -1.7532212 0.29260075 37
1.228902 -1.9729851 0.44466233 28
0.60831666 -1.5431563 0.14206386 22
1.2593385 -2.0278528 0.28841975 30
0.60866034 -1.5440477 0.02836016 34
1.2365012 -1.9942958 0.12115774 32
0.58485317 -1.4842161 -0.081774928 34
0.96791333 -1.5641625 -0.031501591 39
nan nan nan 0
0.96470535 -1.558424 -0.15700227 34
0.52175891 -1.3275853 -0.27022889 6
0.89861619 -1.4506136 -0.26447359 7
0.35794991 -0.91144145 -0.252666 16
0.58601981 -0.94722325 -0.24894494 16
0.66159761 -1.6882179 0.4102253 22
1.2616655 -2.0262334 0.62940329 36
0.67970639 -1.7337257 0.28908485 35
1.2540118 -2.0209491 0.45514742 38
0.52945983 -1.3493714 0.12376115 30
1.2557974 -2.0300477 0.28841975 47
0.52952266 -1.3495491 0.024695154 25
nan nan nan 0
nan nan nan 0
0.96518183 -1.5658493 -0.031501591 39
0.53205645 -1.3588126 -0.17463391 20
0.9567343 -1.5516386 -0.15613246 35
0.51765966 -1.3239204 -0.2692757 6
0.89217597 -1.4458859 -0.26330161 8
0.3554841 -0.90981364 -0.25201979 15
0.58565241 -0.95031327 -0.24950691 16
0.64808297 -1.6804039 0.40741554 22
1.24596 -2.0245945 0.62681848 49
0.66707164 -1.728043 0.28752223 36
1.243413 -2.0274875 0.45514742 54
0.51702005 -1.3381795 0.12245382 33
1.2360622 -2.0217929 0.28629008 61
0.52604055 -1.3616344 0.024869677 33
0.98506969 -1.6155013 0.097344875 33
nan nan nan 0
0.95174718 -1.5623555 -0.031327069 38
0.52671379 -1.3662127 -0.17524238 33
0.94729561 -1.5545033 -0.15591501 35
0.50984186 -1.324321 -0.2687991 6
0.88717574 -1.454747 -0.26408291 8
0.35071546 -0.91166246 -0.25201979 17
0.58321995 -0.95751721 -0.2506308 15
0.65153688 -1.6973457 0.41134921 23
1.2424244 -2.0267661 0.62681848 61
0.65434271 -1.703838 0.28322503 65
1.2385889 -2.0275624 0.45467082 64
0.52180761 -1.3576865 0.12419693 32
1.2286477 -2.0175967 0.28537738 70
0.52187574 -1.3578815 0.024782415 34
0.97704405 -1.608695 0.096821509 33
0.51655924 -1.3446987 -0.073662855 35
0.94511306 -1.5576128 -0.031196173 38
0.52078605 -1.3578579 -0.17402543 34
0.94458109 -1.5561543 -0.15591501 35
0.50578034 -1.320623 -0.2678459 6
0.88077253 -1.4499723 -0.26291096 8
0.35084134 -0.91678756 -0.2533122 16
0.58281994 -0.9606111 -0.25119275 16
0.64921021 -1.7190846 0.41584483 24
1.2280294 -2.0270543 0.6248799 70
0.66979533 -1.7719387 0.29416338 131
1.2305007 -2.0382171 0.45562398 74
0.51996136 -1.374383 0.12550427 31
1.216783 -2.0218785 0.28507313 77
0.51299572 -1.3559175 0.024695154 34
0.96731764 -1.6116513 0.096690677 34
0.51039141 -1.3497212 -0.073793694 35
0.93049073 -1.5518373 -0.03097802 38
0.51716304 -1.3698566 -0.17524238 33
0.93384719 -1.5568136 -0.15548009 36
0.49885869 -1.3232533 -0.2678459 6
0.87699819 -1.4609051 -0.26408291 8
0.34434238 -0.91408867 -0.25201979 17
0.57399869 -0.95739728 -0.24950691 16
0.65762025 -1.7497573 0.42315021 26
1.2282449 -2.0353904 0.62681848 76
0.65716708 -1.7476711 0.28986615 110
1.229479 -2.0445631 0.45657721 77
0.5096938 -1.3543003 0.12354327 32
1.2094128 -2.0176215 0.28416041 78
0.51589304 -1.370854 0.02495694 32
0.95807236 -1.6026384 0.096036471 35
0.51416659 -1.3669751 -0.074709579 34
0.92391974 -1.5470306 -0.030847127 37
0.51303262 -1.3661088 -0.17463391 32
0.92471516 -1.5477672 -0.15439282 36
0.49740702 -1.3264208 -0.2683225 6
0.87062848 -1.4560859 -0.26291096 8
0.34274647 -0.91468829 -0.25201979 17
0.57232684 -0.95839763 -0.24950691 15
0.65151298 -1.7624327 0.42539802 37
1.2138479 -2.035578 0.6248799 69
0.659118 -1.7812048 0.29494467 63
1.2200145 -2.0530801 0.45705381 55
0.51207775 -1.3826525 0.12594004 31
1.1975633 -2.0217936 0.28385615 49
0.51216882 -1.3829169 0.025131464 32
0.94966781 -1.6076328 0.096036471 35
0.51045692 -1.3790182 -0.075232938 33
0.91453111 -1.5496974 -0.030803496 37
0.50844443 -1.3757623 -0.17554663 33
0.91914147 -1.5568707 -0.15482773 36
0.4887619 -1.3243999 -0.2673693 6
0.86803967 -1.4691148 -0.26447359 8
0.33629021 -0.91193533 -0.25072739 17
0.56979406 -0.96556687 -0.2506308 13
0.65293759 -1.7748893 0.42820778 38
1.2226665 -2.0584331 0.63134193 53
0.6585601 -1.789307 0.29611665 45
1.2327319 -2.0826302 0.46324947 62
0.50794798 -1.3788681 0.12550427 30
1.2041529 -2.0409589 0.28629008 64
0.51147658 -1.388502 0.025218725 32
0.94177562 -1.6006931 0.095513113 35
0.5106281 -1.3869387 -0.075625449 33
0.90800887 -1.5448359 -0.030672602 43
0.50945514 -1.3859682 -0.17676359 32
0.91008389 -1.5477539 -0.15374045 36
0.48560712 -1.3229462 -0.26689273 6
0.86421615 -1.4685026 -0.26408291 8
0.33387089 -0.91025192 -0.25008118 17
0.56810802 -0.96655983 -0.2506308 15
0.64497769 -1.7829791 0.42933169 41
1.2229099 -2.0835309 0.63715774 76
0.6516977 -1.7996982 0.2972886 34
1.2180815 -2.0827079 0.46181971 73
0.5057953 -1.3955637 0.12681161 30
1.1846734 -2.0322464 0.28416041 70
0.50844324 -1.4029166 0.025436882 31
0.93212163 -1.6034471 0.095382281 35
0.50759578 -1.4013352 -0.076279655 32
0.89990777 -1.5495691 -0.030672602 39
0.50639606 -1.4002895 -0.17828478 31
0.90196741 -1.552498 -0.15374045 36
0.47784302 -1.3231612 -0.26641613 7
0.85651523 -1.4730076 -0.26408291 8
0.33154613 -0.91880733 -0.25201979 20
0.56673521 -0.97582579 -0.25231665 19
0.63888514 -1.7748187 0.42708388 37
1.2253857 -2.0960751 0.64038879 78
0.65189332 -1.8101292 0.29885122 30
1.2194017 -2.0933037 0.4637261 78
0.50924987 -1.4128523 0.12833683 30
1.1673737 -2.0107317 0.28081375 72
0.50768328 -1.4085071 0.025524143 31
0.92806542 -1.6029139 0.095251434 35
0.50599241 -1.4045688 -0.076410487 33
0.89343083 -1.5446557 -0.030541711 42
0.50729889 -1.4105153 -0.17950176 31
0.8929925 -1.5433073 -0.15265319 36
0.47635943 -1.3263041 -0.26689273 7
0.85145658 -1.4702332 -0.26330161 8
0.32669672 -0.91028583 -0.24943499 20
0.56134629 -0.97050238 -0.2506308 16
0.62765241 -1.7736547 0.42595997 37
1.2204535 -2.1129072 0.64361984 77
0.64569551 -1.8228312 0.30041385 25
1.20474 -2.0932856 0.46229634 69
0.50516236 -1.4248929 0.12920839 29
1.1308141 -1.9716655 0.2744247 50
0.5036307 -1.4205738 0.025698667 31
0.91592532 -1.6012591 0.094858922 36
0.50361669 -1.4213245 -0.077195533 32
0.8840853 -1.5471452 -0.030498078 41
0.5015558 -1.417833 -0.18011025 31
0.88365805 -1.5458028 -0.15243572 36
0.46859401 -1.3264649 -0.26641613 7
0.84497893 -1.4768113 -0.26369226 8
0.32352483 -0.91654181 -0.25072739 18
0.55382258 -0.96920824 -0.24950691 14
0.62486553 -1.7746384 0.42595997 47
1.2143474 -2.1108518 0.64232737 61
0.64414948 -1.828615 0.30119517 22
1.2255744 -2.137922 0.47182819 72
0.50597548 -1.4351716 0.13007994 29
1.1100801 -1.9435053 0.27016535 67
0.5052917 -1.4332428 0.025916822 30
0.90940583 -1.5963565 0.094466396 35
0.50444245 -1.4316241 -0.077718891 32
0.88138366 -1.5486859 -0.030498078 40
0.49825987 -1.4163643 -0.17980599 30
0.8809588 -1.5473427 -0.15243572 36
0.46789888 -1.3319137 -0.2673693 7
0.84731334 -1.4868523 -0.26525488 8
0.32033381 -0.91254443 -0.24943499 18
0.55455726 -0.97439766 -0.2506308 13
0.61525476 -1.7779933 0.42595997 64
1.2248296 -2.1549337 0.6539591 91
0.63940179 -1.8459671 0.3035391 23
1.2204303 -2.1549761 0.47421119 89
0.50007975 -1.4425093 0.13051572 29
1.055832 -1.8715792 0.2592127 69
0.49859619 -1.4382316 0.025960453 30
0.89980519 -1.5989237 0.094335556 35
0.50019741 -1.4436857 -0.07824225 31
0.87203228 -1.5511039 -0.030454447 40
0.49891984 -1.4424148 -0.18284839 29
0.86793935 -1.5432637 -0.15156591 36
0.45852405 -1.3273833 -0.26593953 7
0.83586538 -1.4848228 -0.26408291 8
0.31868526 -0.92334694 -0.25201979 20
0.54824525 -0.97516942 -0.25006884 15
0.61404252 -1.7835659 0.42708388 63
1.2162921 -2.1486704 0.65137428 90
0.6401884 -1.8587574 0.30549237 25
1.2106191 -2.1464262 0.47182819 89
0.49837014 -1.4457355 0.13073361 29
1.0110831 -1.7999525 0.24886853 70
0.49933216 -1.4485562 0.026134977 30
0.89946502 -1.6048414 0.094597243 35
0.50091827 -1.4540021 -0.078765616 31
0.86564356 -1.5460898 -0.030323554 41
0.5012266 -1.4573681 -0.18467383 29
0.86524451 -1.5447761 -0.15156591 36
0.45700073 -1.3305036 -0.26641613 7
0.83205932 -1.4841288 -0.26369226 8
0.31629378 -0.9216159 -0.25137359 18
0.55013889 -0.98248667 -0.2517547 13
0.60282713 -1.7822453 0.42595997 36
1.2050251 -2.1550093 0.65137428 89
0.63360584 -1.8714424 0.307055 37
1.1993638 -2.1527355 0.47182819 88
0.49397922 -1.4577639 0.13160518 29
0.9810971 -1.7683808 0.24369647 61
0.49573746 -1.4629925 0.026353132 30
0.88619155 -1.600804 0.094073877 36
0.49489418 -1.4613361 -0.079027295 30
0.85632128 -1.5484167 -0.030279925 40
0.49992415 -1.478786 -0.18710777 28
0.85472178 -1.544933 -0.15113099 36
0.44846413 -1.3282257 -0.26546293 6
0.82547909 -1.4906219 -0.26408291 8
0.31146383 -0.92325938 -0.25137359 20
0.54261166 -0.98109996 -0.2506308 14
0.60157603 -1.7878091 0.42708388 43
1.1930096 -2.1423552 0.64685088 84
0.63112414 -1.8748865 0.30744565 37
1.1932156 -2.1505382 0.47087502 87
0.49539566 -1.4704293 0.13269462 29
0.95150113 -1.7223668 0.23700316 55
0.49477375 -1.4685951 0.026440395 31
0.88339633 -1.6023483 0.094073877 35
0.49234292 -1.4621975 -0.079027295 30
0.84877151 -1.5411631 -0.030105399 41
0.50522017 -1.5031868 -0.19015017 27
0.84960914 -1.542066 -0.15069608 36
0.44770098 -1.3336616 -0.26641613 6
0.82167798 -1.4899015 -0.26369226 8
0.30985203 -0.9238016 -0.25137359 18
0.54089856 -0.98204553 -0.2506308 14
0.59341836 -1.7956654 0.42820778 51
1.1782721 -2.1422305 0.64491218 84
0.62593842 -1.8922358 0.30978957 30
1.1772054 -2.1481564 0.46896866 85
0.48846969 -1.4753683 0.1329125 29
0.92814744 -1.701219 0.23335227 50
0.49255693 -1.4877827 0.026745811 29
0.87019712 -1.598193 0.093550518 36
0.48780584 -1.4742399 -0.079550654 29
0.83829045 -1.5412008 -0.030018136 42
nan nan nan 0
0.84152341 -1.5464933 -0.15069608 36
0.43994617 -1.3336558 -0.26593953 6
0.81650102 -1.4983715 -0.26447359 8
0.30425927 -0.92311615 -0.25072739 20
0.52988505 -0.97418863 -0.24782103 16
0.58983856 -1.7942803 0.4276458 63
1.1722032 -2.1400521 0.64361984 84
0.61680847 -1.8744464 0.30666435 29
1.1734543 -2.1502078 0.46896866 84
0.49054879 -1.4904181 0.13421984 29
0.90881234 -1.6721913 0.22909291 44
0.49307412 -1.4981412 0.026920335 28
0.86768568 -1.599558 0.093550518 36
0.49067307 -1.4916966 -0.080466531 29
0.83440316 -1.5404665 -0.029974507 41
nan nan nan 0
0.83405417 -1.5392132 -0.14982627 36
0.4345713 -1.3250898 -0.26403317 5
0.80796695 -1.4889584 -0.26252028 8
0.30115268 -0.9190529 -0.24943499 19
0.53186262 -0.98143071 -0.24950691 19
0.58267462 -1.8043008 0.42933169 35
1.1613564 -2.1459579 0.64361984 83
0.61001474 -1.8870515 0.30822694 29
1.157881 -2.1474876 0.46706229 82
0.48529029 -1.4999932 0.13487351 29
0.88943613 -1.6572745 0.22635476 45
0.49085137 -1.5172718 0.027225751 29
0.85811418 -1.6018815 0.093419679 36
0.48744497 -1.5085045 -0.081251569 29
0.82067031 -1.5336659 -0.02975635 31
0.55314773 -1.7146878 -0.21661907 22
0.82598352 -1.5435592 -0.14982627 37
0.42860869 -1.3296092 -0.26450974 5
0.80484837 -1.5018617 -0.26408291 8
0.29796883 -0.92516583 -0.25072739 19
0.52555823 -0.98205888 -0.24894494 16
0.57507116 -1.7913939 0.42595997 30
1.1530102 -2.1394863 0.64103502 84
0.60596704 -1.8857615 0.30783629 31
1.1537561 -2.1497066 0.46706229 81
0.48419094 -1.5055816 0.13530929 29
0.87714314 -1.6413391 0.22392082 43
0.49098563 -1.5277338 0.027400276 29
0.84941441 -1.5923775 0.092765473 36
0.48785424 -1.5188644 -0.081774928 29
0.81444871 -1.5284871 -0.029625459 43
0.55770677 -1.7392875 -0.21966147 22
0.81975746 -1.5384135 -0.1491739 37
0.42703319 -1.3326933 -0.26498634 6
0.80222601 -1.5032642 -0.26408291 8
0.29472917 -0.92113286 -0.24943499 19
0.52615249 -0.98726481 -0.25006884 18
0.5646407 -1.7921549 0.42539802 32
1.1402792 -2.1435633 0.64038879 84
nan nan nan 0
1.1390246 -2.149219 0.46563247 81
0.48051888 -1.5224345 0.13661663 29
0.84266293 -1.5978372 0.21722755 33
0.48597807 -1.5398221 0.0275748 28
0.83961785 -1.5947438 0.092634641 36
0.48213947 -1.5285432 -0.082167447 29
0.80850542 -1.5372899 -0.02971272 43
0.5497731 -1.7470149 -0.22026995 21
0.81052577 -1.5404838 -0.14895645 37
0.42274874 -1.3443527 -0.26689273 6
0.79870719 -1.5163093 -0.26564553 8
0.28918278 -0.92035812 -0.24878879 19
0.51737452 -0.98364335 -0.248383 15
0.5727154 -1.8279192 0.43382731 26
1.1365364 -2.14555 0.64038879 83
0.6462118 -2.0621061 0.33635414 94
1.1318233 -2.1446991 0.4642027 82
0.48008898 -1.5304022 0.13727029 29
0.83407676 -1.5883354 0.21570633 25
0.48627144 -1.5502114 0.027749324 28
0.83566839 -1.5939986 0.092503794 36
0.48244727 -1.5389149 -0.082690805 28
0.80465561 -1.5364873 -0.029669089 42
0.54672313 -1.7479718 -0.22026995 21
0.80551285 -1.5374899 -0.14852154 37
0.4182148 -1.3380584 -0.26546293 6
0.79260117 -1.51115 -0.26447359 8
0.29115278 -0.93239474 -0.25201979 20
0.52249175 -0.99746442 -0.2517547 17
0.56638438 -1.8426374 0.43663707 33
1.11967 -2.1407824 0.63715774 84
0.6354059 -2.0654614 0.33635414 94
1.1171638 -2.144073 0.46277294 81
0.47499019 -1.5424191 0.13814184 29
0.82919216 -1.5992811 0.21661907 37
0.47961372 -1.5575157 0.027836585 28
0.821545 -1.587281 0.091849603 34
0.48023573 -1.5605156 -0.083737522 28
0.79198444 -1.5318098 -0.029494565 42
0.53828931 -1.7531834 -0.2205742 21
0.79285157 -1.53285 -0.14765172 37
0.4155032 -1.3543128 -0.2683225 5
0.78239536 -1.5108999 -0.26369226 9
0.2834537 -0.92466486 -0.24943499 21
0.51500624 -0.99586803 -0.2506308 17
0.56987721 -1.8644974 0.44169462 46
1.1148123 -2.1405933 0.63651156 83
0.63036019 -2.0618432 0.33557284 94
1.1100168 -2.1394906 0.46134311 82
0.47883207 -1.5646865 0.14010285 29
0.82296789 -1.5941197 0.21570633 37
0.47835207 -1.5631325 0.027923848 28
0.81762409 -1.586496 0.091718756 34
0.48187593 -1.575681 -0.084522568 28
0.79045969 -1.5354092 -0.029538197 42
0.53522861 -1.7541202 -0.2205742 21
0.79017502 -1.5342314 -0.14765172 37
0.40957588 -1.3432939 -0.26593953 5
0.78544468 -1.5232215 -0.26564553 9
0.28323793 -0.92978144 -0.25072739 21
0.51439142 -0.99892664 -0.25119275 18
0.55490088 -1.8512148 0.43776098 42
1.0991553 -2.1378186 0.63392675 83
0.62026334 -2.067481 0.33596346 94
1.0931847 -2.1343625 0.45896018 82
0.47277367 -1.5743304 0.14075653 30
0.81234521 -1.5939908 0.21509786 36
0.47302589 -1.5751951 0.028098373 28
0.80475533 -1.5818661 0.091195397 39
0.47576386 -1.5853586 -0.084915087 27
0.77899456 -1.5328507 -0.029407302 42
0.52745545 -1.7616544 -0.22118267 20
0.77986199 -1.5339136 -0.14721681 37
0.40463769 -1.3524762 -0.2673693 4
0.77408034 -1.5207205 -0.26447359 9
0.27630439 -0.92430604 -0.24878879 21
0.51026678 -1.0037733 -0.2517547 19
0.5540728 -1.8590896 0.43944681 47
1.0876898 -2.1247005 0.62940329 80
0.6145438 -2.0614595 0.33479151 94
1.0883389 -2.1340833 0.45848358 82
0.47215346 -1.582315 0.14141019 29
0.80504811 -1.5865663 0.2138809 36
0.47454804 -1.5903946 0.02836016 27
0.80199319 -1.5832683 0.091195397 37
0.47512838 -1.5933664 -0.085307606 27
0.77404922 -1.5297533 -0.029320041 42
0.52155924 -1.7530558 -0.21996571 21
0.77605283 -1.5330532 -0.14699936 37
0.40227658 -1.3531804 -0.2673693 5
0.77030271 -1.5198696 -0.26408291 9
0.27469072 -0.92478681 -0.24878879 20
0.50629616 -1.0003244 -0.2506308 16
0.54196358 -1.8550435 0.43776098 44
1.0699896 -2.1174462 0.62552607 80
0.60235971 -2.0599077 0.33401021 95
1.0705041 -2.1266127 0.45562398 81
0.46874043 -1.6015027 0.14293543 29
0.79672986 -1.5907599 0.2138809 36
0.47111055 -1.6096559 0.028665574 28
0.79593652 -1.5919062 0.091457076 37
0.47236463 -1.6150079 -0.086354323 27
0.76378345 -1.5293186 -0.02923278 42
0.5109877 -1.7509972 -0.21935724 21
0.76353908 -1.5281957 -0.14612953 38
0.39245042 -1.3458403 -0.26546293 5
0.76566619 -1.5304983 -0.26525488 8
0.27051574 -0.92853236 -0.24943499 21
0.50214911 -1.0051364 -0.25119275 17
0.53769469 -1.8512126 0.43663707 37
1.0652028 -2.1171556 0.6248799 79
0.60013717 -2.0656996 0.33479151 94
1.0656868 -2.126286 0.45514742 80
0.46940818 -1.6142792 0.14402486 30
0.79172623 -1.5877123 0.21327242 36
0.47038627 -1.6176785 0.02879647 28
0.78644741 -1.5799001 0.090672038 37
0.47023919 -1.618228 -0.086485162 28
0.75887543 -1.526179 -0.029145516 42
0.50999647 -1.7590382 -0.22026995 20
0.75864041 -1.5250722 -0.14569463 37
0.39281985 -1.3559557 -0.2673693 5
0.76078022 -1.5274175 -0.26447359 8
0.26956165 -0.93132424 -0.25008118 21
0.49930027 -1.0038346 -0.2506308 17
0.52102572 -1.8306582 0.43101752 27
1.0454761 -2.1054163 0.61971027 61
0.58661544 -2.0593121 0.33322889 94
nan nan nan 0
0.4623099 -1.6215065 0.14446063 30
0.78009796 -1.5851654 0.21235971 35
0.46737131 -1.6393561 0.029145516 27
0.78037751 -1.5884722 0.090933718 37
0.4644855 -1.630275 -0.087008521 27
0.75087404 -1.5301315 -0.029145516 34
0.4987511 -1.7545218 -0.21935724 21
0.7473343 -1.5223253 -0.14504227 38
0.37970823 -1.3367392 -0.26307997 5
0.75824839 -1.5424454 -0.26642683 8
0.26599103 -0.93737209 -0.25137359 23
0.49187267 -1.0020705 -0.24950691 16
0.51088047 -1.805683 0.42483607 26
nan nan nan 0
0.58302039 -2.0603325 0.33322889 94
nan nan nan 0
0.46488729 -1.6414868 0.14620376 28
0.77623266 -1.5842988 0.21205546 35
0.46790186 -1.6521981 0.029363673 27
0.77539855 -1.5853519 0.090672038 36
0.46299401 -1.6358893 -0.087270208 28
0.74378943 -1.5224676 -0.028970992 28
0.49501622 -1.753001 -0.21905299 21
0.74687535 -1.5280966 -0.14547718 37
0.37737459 -1.3373998 -0.26307997 4
0.75228107 -1.5371215 -0.26525488 8
0.26240253 -0.93085766 -0.24943499 21
0.49120149 -1.0051116 -0.25006884 16
0.49915895 -1.801376 0.42315021 27
nan nan nan 0
0.57090902 -2.0585971 0.33244759 94
nan nan nan 0
0.45761311 -1.6486994 0.14663954 29
0.76358336 -1.5794165 0.2108385 36
0.46523762 -1.676309 0.02975635 27
0.76599628 -1.5871447 0.090541206 37
0.45774546 -1.6503234 -0.087924398 29
0.73580766 -1.5263412 -0.028970992 45
0.48780891 -1.7627454 -0.21996571 20
0.73668832 -1.5275055 -0.14504227 38
0.37297037 -1.3488225 -0.26498634 3
0.7453022 -1.5432601 -0.26564553 8
0.25944048 -0.93920618 -0.25137359 21
0.48486495 -1.0054799 -0.24950691 20
0.49246204 -1.7880625 0.4197785 26
0.83848268 -1.7281544 0.50468582 16
0.56666142 -2.057209 0.33205694 94
nan nan nan 0
0.45934969 -1.666307 0.14816476 28
0.75974369 -1.5785137 0.21053427 36
0.46429625 -1.6843498 0.029887244 29
0.75779009 -1.5772417 0.089887001 36
0.45882714 -1.6655655 -0.088709444 30
0.727705 -1.5163698 -0.028752837 43
0.48211083 -1.7540207 -0.21874875 19
0.73076934 -1.5220622 -0.1443899 39
0.36479485 -1.3281648 -0.26069701 2
0.74368346 -1.5467812 -0.26603618 8
0.25589761 -0.9326669 -0.24943499 18
0.48310935 -1.0063246 -0.24950691 18
0.48278055 -1.7907007 0.4197785 27
0.835711 -1.7455755 0.50856304 23
0.55588222 -2.0601478 0.33205694 95
nan nan nan 0
0.45385212 -1.6807146 0.1492542 31
0.7536087 -1.5869476 0.21114275 35
0.45871595 -1.698827 0.030105399 45
0.75059646 -1.5834408 0.09001784 36
0.45657846 -1.6920556 -0.09001784 35
0.72190678 -1.5246719 -0.028840099 43
0.47356287 -1.7589177 -0.21905299 20
0.72278988 -1.5258676 -0.1443899 38
nan nan nan 0
0.7323817 -1.5439692 -0.26486424 8
0.2503885 -0.93166047 -0.24878879 20
0.47573 -1.0044459 -0.248383 22
0.47682697 -1.7796885 0.4169687 32
0.83370733 -1.749209 0.50920922 29
0.55037475 -2.0539579 0.33088496 89
0.82524925 -1.7384501 0.36697748 23
0.45284551 -1.6887227 0.14990787 32
0.74763882 -1.5815387 0.21023002 36
0.45832968 -1.7092853 0.030279925 87
0.74461788 -1.5779834 0.089625321 37
0.45491183 -1.6976744 -0.09027952 95
0.72031641 -1.5281878 -0.028883731 43
0.46857682 -1.7525479 -0.21814027 21
0.71692079 -1.5203774 -0.14373754 40
nan nan nan 0
0.73498756 -1.5563954 -0.26681751 8
0.24999833 -0.93676531 -0.25008118 20
0.47502413 -1.0074737 -0.24894494 16
0.46965221 -1.7916706 0.41921654 35
0.82143861 -1.7470013 0.50727063 33
0.53961271 -2.0568116 0.33088496 89
0.82136589 -1.7538475 0.36936048 23
0.45092583 -1.7175753 0.15230466 32
0.74040228 -1.5876777 0.21053427 36
0.45569548 -1.7358452 0.030716235 94
0.73740488 -1.5841211 0.089756161 36
0.45106465 -1.7193571 -0.091326244 62
0.70806527 -1.5228834 -0.028709207 43
0.46002004 -1.7573785 -0.21844451 21
0.70895034 -1.5241103 -0.14373754 38
nan nan nan 0
0.72368228 -1.5535157 -0.26564553 8
0.24448413 -0.93572354 -0.24943499 19
0.47285184 -1.0165607 -0.2506308 17
0.45827514 -1.7593938 0.41134921 27
0.81735921 -1.7462473 0.5066244 37
0.53416103 -2.0505795 0.32971299 94
0.82038808 -1.7597221 0.37031367 28
0.45230713 -1.735234 0.15382989 24
0.73447818 -1.5822235 0.20962153 36
0.45517707 -1.7463156 0.030890757 78
0.73358345 -1.5831432 0.089625321 36
0.4518238 -1.7346413 -0.092111282 42
0.7064622 -1.5263823 -0.028752837 43
0.45384356 -1.7461673 -0.2169233 22
0.70418411 -1.520831 -0.14330262 38
0.2768738 -1.0646185 -0.20684186 5
0.72410405 -1.5614886 -0.26681751 9
0.24044335 -0.92679352 -0.24685018 21
0.46901175 -1.0129719 -0.24950691 17
0.45533618 -1.7878218 0.41753069 38
0.81227505 -1.7592639 0.50920922 35
0.52463263 -2.0581353 0.33049431 95
0.81631577 -1.7751298 0.37269661 29
0.45118487 -1.7689587 0.15666245 15
0.7272225 -1.5883009 0.20992577 35
0.44910359 -1.7607884 0.031108912 29
0.72215325 -1.5801586 0.089232802 36
0.4451915 -1.7466629 -0.092634641 3
0.69323993 -1.518705 -0.028534682 43
0.44408536 -1.7461143 -0.21661907 23
0.69517076 -1.5222347 -0.14308518 39
0.27550402 -1.0827093 -0.21017802 5
0.71385217 -1.5607729 -0.26603618 8
0.23794565 -0.93740761 -0.24943499 20
0.46370143 -1.0154136 -0.24950691 16
0.44657627 -1.7649126 0.41191116 35
0.81021714 -1.7628709 0.50985545 35
0.51862514 -2.0494702 0.32893169 83
0.81424302 -1.7787809 0.37317321 31
0.45235851 -1.7866478 0.15818767 14
0.71927458 -1.5782913 0.20840459 36
0.44786295 -1.7688409 0.031239806 12
0.71627522 -1.5746073 0.088840283 37
0.44397202 -1.7546999 -0.09302716 3
0.69058824 -1.5199126 -0.028534682 44
0.43922228 -1.7396669 -0.21570633 23
0.68940264 -1.5166522 -0.14243281 39
0.26883763 -1.0641452 -0.20636527 5
0.71215606 -1.564261 -0.26642683 8
0.23572373 -0.93547851 -0.24878879 20
0.46091127 -1.0140078 -0.24894494 16
0.44051456 -1.7814953 0.41528288 19
0.79496211 -1.7539055 0.50597823 33
nan nan nan 0
0.80796319 -1.7897232 0.374603 33
0.45015159 -1.8180089 0.16080233 14
0.71100086 -1.5820358 0.20840459 36
0.43919358 -1.7735887 0.031283438 12
0.70699304 -1.5760608 0.088709444 36
0.43776444 -1.7691209 -0.093681358 12
0.68159229 -1.5212293 -0.028491052 44
0.43188447 -1.749172 -0.21661907 22
0.68042713 -1.5179713 -0.14221536 39
0.26033929 -1.0536206 -0.20398229 5
0.70090395 -1.5612185 -0.26525488 8
0.23254198 -0.94373804 -0.25072739 21
0.45358458 -1.0119697 -0.24782103 15
0.43597987 -1.775086 0.41359702 19
0.78590912 -1.7420964 0.502101 35
0.46204668 -1.8803473 0.3008045 5
nan nan nan 0
0.4511216 -1.8357257 0.16232757 14
0.7082386 -1.5832744 0.20840459 36
0.44144449 -1.7962043 0.031676114 11
0.70321745 -1.5750154 0.088578604 36
nan nan nan 0
0.677912 -1.5201365 -0.028447421 42
0.4258903 -1.7378695 -0.21509786 22
0.67879766 -1.5214281 -0.14243281 39
0.26082161 -1.0636115 -0.20588866 4
0.70020485 -1.5669429 -0.26603618 8
0.23089449 -0.94414246 -0.25072739 22
0.45382103 -1.0172009 -0.24894494 16
0.4263694 -1.777419 0.41359702 32
nan nan nan 0
0.43496445 -1.8106936 0.28908485 6
0.82542998 -1.8625638 0.38890082 22
0.44613785 -1.85744 0.16407068 14
0.69590974 -1.5778899 0.20718762 36
0.43028939 -1.791198 0.031545222 10
0.69394922 -1.5763935 0.088447765 36
nan nan nan 0
0.66994333 -1.5236652 -0.028447421 42
0.41678503 -1.7400756 -0.21509786 23
0.66779524 -1.5181305 -0.14178045 39
0.25240946 -1.053025 -0.20350571 4
0.69599724 -1.5796158 -0.26759881 8
0.22928867 -0.95943826 -0.25460461 23
0.44749874 -1.0173374 -0.248383 18
0.41908044 -1.7591243 0.4091014 29
0.91725403 -2.069603 0.59644687 76
0.43180352 -1.81145 0.28908485 6
nan nan nan 0
0.44807073 -1.8800244 0.16603169 15
0.6911481 -1.5745631 0.20657913 36
0.42947116 -1.8016746 0.031719748 10
0.68817317 -1.57075 0.088055246 37
0.44707885 -1.8773298 -0.09930747 15
0.66627467 -1.5225449 -0.028403789 43
0.41317615 -1.7383856 -0.21479362 23
0.66514456 -1.5192938 -0.14178045 38
0.24775246 -1.0415212 -0.20112273 4
0.69124389 -1.5763106 -0.26681751 9
0.22706108 -0.95748603 -0.2539584 23
0.44670859 -1.0203444 -0.24894494 21
0.40406427 -1.7376329 0.40348187 30
0.91709149 -2.0986986 0.60355514 89
0.41562212 -1.78482 0.28439698 15
nan nan nan 0
0.44103265 -1.8944755 0.16712113 15
0.67892843 -1.5690613 0.20536219 37
0.42059621 -1.8063335 0.031763379 10
0.67794758 -1.5697532 0.087793566 37
0.43780643 -1.8820772 -0.099438317 15
0.65331197 -1.5145502 -0.028185636 44
0.40239251 -1.733272 -0.2138809 23
0.65122193 -1.5090518 -0.14047572 41
0.24284695 -1.0451956 -0.20159933 4
0.6839667 -1.5821723 -0.26720816 9
0.22258499 -0.96101558 -0.25460461 23
0.43941104 -1.0182041 -0.24782103 18
0.40024331 -1.7335172 0.40235797 30
0.90762138 -2.0870197 0.59967792 90
0.40973955 -1.7735103 0.28244373 17
0.77093387 -1.7819426 0.37031367 22
0.44442296 -1.9243683 0.1697358 16
0.67618883 -1.5702438 0.20536219 36
0.42024371 -1.8192451 0.031981532 9
0.67421484 -1.5686427 0.087662719 37
0.44067055 -1.9096034 -0.10087755 15
0.6526522 -1.5202765 -0.028272897 43
0.40102997 -1.7412277 -0.21479362 23
0.64561975 -1.503329 -0.13982335 36
0.24156938 -1.0480102 -0.20207591 4
0.68022239 -1.581098 -0.26681751 9
0.21929853 -0.95433843 -0.252666 23
0.4356921 -1.0145009 -0.24669713 18
0.38446653 -1.7071325 0.39561453 34
0.88903308 -2.0740013 0.59450829 79
0.39720333 -1.7611753 0.28009978 20
0.75578535 -1.7724236 0.36745411 24
0.43761337 -1.941249 0.17104314 19
0.66893333 -1.5760443 0.20566641 37
0.41344947 -1.8336152 0.032199688 9
0.66501242 -1.5698553 0.087531887 37
0.43886057 -1.9484254 -0.10284015 17
0.64272255 -1.5190743 -0.028185636 43
0.38865709 -1.7287743 -0.21296819 23
0.63773954 -1.5066888 -0.13982335 36
0.23768233 -1.0564466 -0.20350571 4
0.67096448 -1.5823669 -0.26642683 9
0.2137747 -0.953116 -0.25201979 20
0.43325087 -1.0234864 -0.248383 21
0.38760248 -1.7338912 0.40179601 36
nan nan nan 0
0.39681166 -1.7739173 0.28205305 24
0.75365466 -1.7759968 0.36793068 27
0.44234201 -1.9784746 0.17431149 23
0.66521007 -1.5749263 0.20536219 36
0.41622317 -1.8611729 0.032679629 9
0.66129559 -1.5687156 0.08740104 37
0.43871158 -1.9638106 -0.10362519 22
0.63714141 -1.5132904 -0.028054742 43
0.3872517 -1.7367175 -0.2138809 23
0.63121641 -1.4986296 -0.13895354 40
0.23583813 -1.0568597 -0.20350571 4
0.67013377 -1.5880806 -0.26720816 9
0.21419017 -0.96292138 -0.25460461 22
0.42764407 -1.0152768 -0.24613519 21
0.37873167 -1.7383437 0.40235797 36
0.70805919 -1.6864436 0.48013005 40
0.38647023 -1.7711445 0.28127176 25
0.73958427 -1.768609 0.36554769 32
0.43567571 -1.9978 0.17583671 32
0.65407592 -1.5715226 0.20444946 36
0.40965465 -1.877983 0.032941416 11
0.65210897 -1.5698538 0.087270208 38
0.43477464 -1.9953586 -0.10519527 30
0.62920916 -1.5166057 -0.028054742 43
0.3765786 -1.7314456 -0.21296819 23
0.6281665 -1.513402 -0.14004081 38
0.23185456 -1.0652767 -0.20493548 4
0.66467172 -1.5984002 -0.26838014 9
0.20813048 -0.95930743 -0.2533122 23
0.42232224 -1.0175021 -0.24613519 17
0.37651291 -1.741318 0.40291992 36
0.70511472 -1.6876768 0.48013005 43
0.38493755 -1.7790582 0.28244373 26
0.73649633 -1.7698972 0.36554769 33
0.4332366 -2.0034268 0.1762725 45
0.64942092 -1.5680816 0.20384097 36
0.41268948 -1.9080185 0.033464987 11
0.6474483 -1.5663799 0.087008521 37
0.43234149 -2.0009956 -0.10545694 39
0.62656116 -1.5177015 -0.028054742 43
0.37407663 -1.7345263 -0.21327242 23
0.62361002 -1.5098975 -0.13960591 40
0.22845416 -1.0584804 -0.20350571 5
0.65808052 -1.5904412 -0.26681751 9
0.20796593 -0.96675527 -0.25525081 23
0.42242429 -1.0227329 -0.2472591 19
0.36808482 -1.7480983 0.40404382 28
0.69441849 -1.6868838 0.47883764 31
0.37511009 -1.7786328 0.28205305 30
0.72441 -1.7669238 0.36411792 28
0.42325214 -2.008105 0.17649037 50
0.63648361 -1.5599854 0.20231977 36
0.40320683 -1.9125996 0.033508617 12
0.63544697 -1.5605097 0.086485162 38
0.42288297 -2.0081191 -0.10571863 52
0.61386549 -1.5093971 -0.027836585 42
0.36397392 -1.7316034 -0.21266393 23
0.61286056 -1.5062292 -0.13895354 42
0.2239109 -1.064467 -0.20445889 5
0.65255851 -1.6007174 -0.26798946 9
0.20388313 -0.97256017 -0.25654325 23
0.4170635 -1.0249306 -0.2472591 20
0.36335585 -1.739134 0.40179601 29
0.69147319 -1.6880932 0.47883764 27
0.37351379 -1.7865374 0.28322503 36
0.72225738 -1.7704555 0.36459452 23
0.4197467 -2.0088406 0.17649037 38
0.63188082 -1.5565007 0.20171128 37
0.39935905 -1.9108531 0.033464987 12
0.63083506 -1.5569937 0.086223483 38
0.42191738 -2.021076 -0.10637283 41
0.60839814 -1.503523 -0.027705694 43
0.35994387 -1.7273765 -0.21205546 22
0.61211282 -1.5119084 -0.13938844 41
0.22105905 -1.0600495 -0.20350571 5
0.64696115 -1.5949968 -0.26681751 9
0.20121168 -0.96818358 -0.25525081 23
0.41250327 -1.0188944 -0.24557322 20
0.36118212 -1.77689 0.4102253 34
nan nan nan 0
0.36268386 -1.7812082 0.28205305 32
0.71665961 -1.7833129 0.36650091 27
0.40872839 -2.0085702 0.1762725 38
0.62093973 -1.5528831 0.20079857 37
0.38934845 -1.912918 0.033464987 12
0.62081081 -1.555643 0.085961804 37
0.40835825 -2.0085754 -0.10558779 39
0.59958535 -1.5043684 -0.027662061 43
0.35089445 -1.7292374 -0.21205546 22
0.59954333 -1.5035385 -0.13830116 41
0.21695836 -1.0684102 -0.20493548 5
0.64044541 -1.6029437 -0.26759881 9
0.19708847 -0.9739598 -0.25654325 26
0.40716273 -1.0210403 -0.24557322 21
0.35551658 -1.7631245 0.40685359 36
nan nan nan 0
0.35908857 -1.7794174 0.2816624 30
0.7135461 -1.784561 0.36650091 22
0.40424186 -2.0043969 0.17583671 37
0.61545789 -1.547055 0.19988585 31
0.38354951 -1.901341 0.033246834 12
0.6153121 -1.5497705 0.085569285 33
0.40534294 -2.0117331 -0.10571863 38
0.59510314 -1.5007706 -0.0275748 38
0.34690255 -1.7249808 -0.21144699 22
0.59229386 -1.4930207 -0.1372139 39
0.21413322 -1.0639735 -0.20398229 5
0.63581038 -1.5994744 -0.26681751 9
0.19397731 -0.96719587 -0.25460461 25
0.40810353 -1.0285311 -0.2472591 20
0.34317562 -1.750676 0.40348187 27
nan nan nan 0
0.35023999 -1.7836967 0.28205305 29
0.7005738 -1.7791471 0.36459452 23
0.39469609 -2.0113747 0.1762725 38
0.53078675 -1.3563877 0.17432967 19
nan nan nan 0
0.52480286 -1.3439283 0.073793694 25
0.39384782 -2.0089269 -0.10545694 37
nan nan nan 0
0.33881363 -1.731645 -0.21205546 23
nan nan nan 0
0.21042909 -1.0747172 -0.20588866 5
0.62470824 -1.5958906 -0.26564553 9
0.19028419 -0.97531199 -0.25654325 26
0.39733678 -1.0170622 -0.24388736 20
0.33487752 -1.722512 0.39673844 30
nan nan nan 0
0.3475953 -1.7867297 0.28244373 28
0.7001695 -1.7872159 0.36602432 26
0.39071187 -2.0096154 0.1760546 38
0.51934427 -1.3342165 0.17128725 27
nan nan nan 0
0.52063382 -1.3401936 0.073532015 32
0.39081478 -2.0120625 -0.10558779 37
nan nan nan 0
0.33344263 -1.7200508 -0.21053427 23
0.52006227 -1.3394396 -0.12242697 32
0.20623693 -1.0630327 -0.20350571 6
0.6219219 -1.5969784 -0.26564553 9
0.18631278 -0.96378249 -0.2533122 27
0.3973451 -1.0222878 -0.24501128 23
0.32240742 -1.707539 0.39280477 30
nan nan nan 0
0.33869165 -1.7909517 0.28283435 26
0.68635869 -1.7794195 0.36364132 24
0.379724 -2.0091858 0.17583671 38
0.51145589 -1.3346033 0.17098303 28
0.33026534 -1.7462084 0.030410817 8
0.51181114 -1.3382432 0.073270336 31
0.37843046 -2.0042665 -0.10506443 37
0.51556134 -1.3493404 -0.024607891 32
0.32534567 -1.7266512 -0.21114275 23
0.51214528 -1.3398207 -0.12220953 32
0.2006681 -1.064098 -0.20350571 6
0.61444181 -1.6025162 -0.26603618 9
0.18170525 -0.96711916 -0.2539584 29
0.39110687 -1.0220828 -0.24444932 23
0.32061604 -1.7128332 0.39392868 29
nan nan nan 0
0.33466113 -1.7866852 0.28205305 24
0.68148261 -1.7760365 0.36268812 24
0.37393671 -1.9976035 0.17474726 39
0.51090837 -1.3401256 0.17159151 26
0.32813242 -1.7516969 0.030498078 9
0.50947469 -1.3391346 0.073270336 31
0.37584519 -2.0098331 -0.10532611 38
0.51141477 -1.3455707 -0.02452063 32
0.31961581 -1.7125776 -0.2093173 23
0.50980604 -1.3407125 -0.12220953 32
0.19925696 -1.0668597 -0.20398229 6
0.60721332 -1.592062 -0.26408291 9
0.17826821 -0.95793426 -0.25137359 30
0.38669387 -1.0159447 -0.24276346 22
0.31307459 -1.7241319 0.39617649 28
nan nan nan 0
0.33013487 -1.8151417 0.28635028 19
0.67042869 -1.7749929 0.36173496 26
0.36391541 -2.0019848 0.17496516 37
0.51003861 -1.3590255 0.17372119 25
0.31539777 -1.7337132 0.03014903 9
0.50422174 -1.3464541 0.073532015 30
0.36487278 -2.0093164 -0.10519527 37
0.50612873 -1.3529067 -0.024607891 30
0.31020463 -1.7117856 -0.20901306 23
0.50365955 -1.3456933 -0.12242697 31
0.19280067 -1.0630573 -0.2030291 6
0.60149115 -1.6021478 -0.26525488 9
0.17409959 -0.9636094 -0.252666 34
0.38309765 -1.0225108 -0.24388736 21
nan nan nan 0
nan nan nan 0
0.32914206 -1.8278683 0.28830352 14
0.66993576 -1.783046 0.36316475 27
0.35954297 -1.997714 0.17452939 37
0.50941604 -1.3645576 0.17432967 26
0.3123714 -1.734261 0.03014903 9
0.50802267 -1.3636898 0.0744479 29
0.36004674 -2.0025775 -0.10480275 37
0.51079917 -1.3725076 -0.02495694 30
0.30721653 -1.7123244 -0.20901306 23
0.50656772 -1.360558 -0.12373171 30
0.19266315 -1.0730573 -0.20493548 4
0.5943439 -1.5916405 -0.26330161 9
0.17241752 -0.96391177 -0.252666 36
0.37787127 -1.0140615 -0.24163955 20
nan nan nan 0
nan nan nan 0
nan nan nan 0
0.65802068 -1.7796301 0.36173496 26
0.34950411 -2.0020227 0.17474726 38
0.50399011 -1.3718593 0.17493816 26
0.30114856 -1.7235589 0.029930875 10
0.50347513 -1.373355 0.074840412 30
0.34912974 -2.0019755 -0.10467191 37
0.50707293 -1.3845413 -0.025131464 29
0.2990922 -1.7187997 -0.20962153 23
0.500301 -1.3655275 -0.12394916 30
0.1853745 -1.0643774 -0.2030291 4
0.57913882 -1.5762068 -0.26017636 10
0.16859259 -0.97194219 -0.25460461 35
0.37425321 -1.0205932 -0.24276346 23
nan nan nan 0
nan nan nan 0
0.34982705 -2.0248113 0.31955594 24
0.6497978 -1.7669681 0.35887539 26
0.34558767 -2.0001755 0.17452939 37
0.50846589 -1.3913611 0.17737207 25
0.29771662 -1.7216184 0.029887244 10
0.50625229 -1.388289 0.075625449 30
0.34563506 -2.0025818 -0.10467191 38
0.50896925 -1.3971543 -0.025349619 30
0.29567337 -1.7168732 -0.2093173 23
0.50135678 -1.3757479 -0.12481898 30
0.18557982 -1.0767955 -0.20541207 4
nan nan nan 0
0.16608799 -0.96747291 -0.2533122 31
0.37247136 -1.0212449 -0.24276346 20
nan nan nan 0
0.66221482 -1.8210634 0.50920922 30
0.34084216 -2.0363586 0.32111859 95
0.64389938 -1.779569 0.36078176 22
0.33347446 -1.9921306 0.17365782 38
0.50032711 -1.3916719 0.17706783 25
0.28910863 -1.7256193 0.029930875 10
0.50067663 -1.3956152 0.075887129 29
0.33514491 -2.004364 -0.10467191 38
0.49994603 -1.3950992 -0.025262358 31
0.28586838 -1.7135017 -0.20870881 23
0.49838516 -1.3900633 -0.12590626 31
0.17953922 -1.075331 -0.20493548 4
nan nan nan 0
0.16062854 -0.96594626 -0.252666 29
0.36545432 -1.0186023 -0.24163955 22
0.30088413 -1.8177248 0.4169687 32
nan nan nan 0
0.33728749 -2.0369503 0.32111859 95
0.60482079 -1.6814818 0.34028822 29
0.32959238 -1.9902523 0.17343993 37
0.50379556 -1.4088808 0.17919752 26
0.28487808 -1.7187221 0.029799983 11
0.50247055 -1.4082311 0.076541334 30
0.33043057 -1.9975555 -0.10427939 39
0.50343436 -1.4124335 -0.025567774 30
0.2836802 -1.7188956 -0.2093173 21
0.49933288 -1.4003042 -0.12677607 31
0.17845367 -1.0804868 -0.20588866 5
nan nan nan 0
0.16010448 -0.97337639 -0.25460461 27
0.36367595 -1.0192385 -0.24163955 23
0.29486832 -1.8433845 0.42258826 36
nan nan nan 0
0.32506382 -2.028934 0.31955594 94
0.60507739 -1.7100524 0.34553078 29
0.31916699 -1.9919508 0.17343993 37
0.49973321 -1.4208529 0.18041447 26
0.27744776 -1.7300642 0.029974507 10
0.50092673 -1.4273154 0.077457212 29
0.31957465 -1.9967927 -0.10414855 39
0.49770004 -1.4197628 -0.025655035 31
0.2731218 -1.710554 -0.20810033 22
0.49365678 -1.4075948 -0.12721099 31
0.17355993 -1.0862544 -0.20684186 5
nan nan nan 0
0.15538062 -0.97658712 -0.25525081 25
0.35915068 -1.023424 -0.24220152 23
0.29083669 -1.8366262 0.4209024 36
0.71279377 -2.0133083 0.56219804 74
0.3207539 -2.0246201 0.31877464 94
0.59388763 -1.6879761 0.34076479 32
0.314915 -1.9875845 0.17300415 37
0.49807891 -1.4240628 0.18071872 26
0.27365005 -1.7256074 0.029887244 10
0.49926448 -1.4305421 0.077588052 30
0.31570113 -1.9948812 -0.10401771 38
0.49605119 -1.4229873 -0.025698667 30
0.27128893 -1.7183827 -0.20901306 22
0.49450833 -1.4178507 -0.1280808 31
0.17014846 -1.0768569 -0.20493548 4
nan nan nan 0
0.15182233 -0.96492475 -0.25201979 24
0.35655156 -1.0217526 -0.24163955 20
0.28089541 -1.8381729 0.4209024 28
0.69105637 -1.9851063 0.55315113 64
0.30977729 -2.0238304 0.31838399 94
nan nan nan 0
0.30412918 -1.9867439 0.17278627 37
0.49305773 -1.4336834 0.18163143 26
0.26573887 -1.7344301 0.030018136 9
0.49503672 -1.4425726 0.07811141 30
0.30487666 -1.9940386 -0.10388687 38
0.49349874 -1.439738 -0.025960453 31
0.26005891 -1.7050588 -0.20718762 21
0.49115252 -1.4321877 -0.12916808 30
0.16999979 -1.1141332 -0.2120844 5
nan nan nan 0
0.14712617 -0.96809483 -0.252666 22
0.34959617 -1.019004 -0.24051565 19
0.28126338 -1.8602928 0.42595997 29
nan nan nan 0
0.30477607 -2.0146005 0.31682137 95
nan nan nan 0
0.29992068 -1.9823459 0.17235048 37
0.4970341 -1.453306 0.18406536 27
0.26308298 -1.7373631 0.030061768 9
0.49577108 -1.4528762 0.078634769 30
0.30102515 -1.9920987 -0.10375603 38
0.49586549 -1.4547786 -0.026222238 31
0.25781703 -1.7104183 -0.2077961 21
0.49351713 -1.4471717 -0.13047281 31
0.16805501 -1.1144283 -0.2120844 5
nan nan nan 0
0.14579034 -0.97073901 -0.2533122 18
0.34702083 -1.0173104 -0.23995371 21
0.2687532 -1.8449109 0.42202631 34
nan nan nan 0
0.29457784 -2.0186124 0.31721202 94
0.62153971 -1.836797 0.36983705 25
0.28953707 -1.9838892 0.17235048 38
0.49260834 -1.4652874 0.18528232 27
0.25505865 -1.7461381 0.030192662 9
0.49216133 -1.4672753 0.079288974 31
0.2909483 -1.9961184 -0.10388687 38
0.49224651 -1.4691941 -0.026440395 31
0.24850345 -1.7092887 -0.20749186 20
0.48912698 -1.4591721 -0.13134262 31
0.16431269 -1.1298679 -0.21494396 4
0.54996806 -1.6361948 -0.26759881 9
0.14036405 -0.96909839 -0.252666 20
0.34168947 -1.0191134 -0.23995371 22
0.26619983 -1.8477422 0.42258826 23
nan nan nan 0
0.29210442 -2.0264566 0.31838399 79
0.62148511 -1.8471756 0.37174344 28
0.28713328 -1.9917877 0.17300415 36
0.49243075 -1.4731983 0.18619505 27
0.25130191 -1.7416317 0.030105399 9
0.49278659 -1.4775962 0.079812333 30
0.28675699 -1.9916803 -0.10362519 37
0.49207211 -1.4771584 -0.026571287 31
0.24551977 -1.7097199 -0.20749186 20
0.489757 -1.4694653 -0.13221245 30
0.16372024 -1.1398722 -0.21685033 4
0.540012 -1.6160929 -0.26408291 9
0.13968453 -0.97651583 -0.25460461 16
0.34147072 -1.0243237 -0.24107762 23
0.25520313 -1.8419156 0.4209024 23
0.57122028 -1.7197649 0.47560659 33
0.28317627 -2.040189 0.32033727 3
0.61258078 -1.8527328 0.37222004 27
nan nan nan 0
0.48939759 -1.489888 0.18802048 26
nan nan nan 0
0.49053344 -1.4967475 0.080728211 29
nan nan nan 0
0.48825324 -1.4915814 -0.026789442 32
0.23622718 -1.7085236 -0.20718762 17
0.48362026 -1.4767386 -0.13264735 31
nan nan nan 0
0.53697884 -1.6353065 -0.26681751 9
0.13359511 -0.97005469 -0.252666 12
0.33379835 -1.0191622 -0.23939174 23
0.25165337 -1.8374865 0.4197785 37
0.56211299 -1.7024288 0.47043696 35
nan nan nan 0
nan nan nan 0
nan nan nan 0
0.48912781 -1.4978096 0.18893321 27
nan nan nan 0
0.4894807 -1.5023443 0.08098989 29
nan nan nan 0
0.49033099 -1.5066795 -0.027051229 31
nan nan nan 0
0.48570937 -1.491776 -0.13395208 30
nan nan nan 0
0.53721374 -1.6456224 -0.26838014 8
0.13286379 -0.97746724 -0.25460461 8
0.33278313 -1.0220563 -0.23995371 22
0.24107794 -1.8339901 0.41865459 34
0.55694693 -1.716825 0.47366801 36
nan nan nan 0
0.57076669 -1.7682859 0.35410944 30
nan nan nan 0
0.48663175 -1.5168746 0.19106288 27
nan nan nan 0
0.48391101 -1.5120134 0.081382409 30
nan nan nan 0
0.48473898 -1.5163625 -0.027182123 32
nan nan nan 0
0.4832502 -1.5108886 -0.13547426 30
nan nan nan 0
0.52706963 -1.6437141 -0.26759881 9
0.127744 -0.97814953 -0.25460461 7
0.3259232 -1.0191507 -0.23882981 22
nan nan nan 0
0.55245554 -1.7132014 0.4723756 31
nan nan nan 0
0.57296824 -1.785624 0.35744563 30
nan nan nan 0
0.48626542 -1.5248076 0.19197561 28
nan nan nan 0
0.48508933 -1.5247402 0.082036607 30
nan nan nan 0
0.48361909 -1.5219665 -0.027269384 32
nan nan nan 0
0.48137376 -1.5141009 -0.13569172 31
nan nan nan 0
0.52495605 -1.6469821 -0.26798946 8
0.12573268 -0.97597516 -0.2539584 7
0.32489184 -1.0220363 -0.23939174 23
0.21455397 -1.7244136 0.39280477 24
0.54421264 -1.7183709 0.47302178 25
nan nan nan 0
nan nan nan 0
nan nan nan 0
0.48201615 -1.5391623 0.19349679 27
nan nan nan 0
0.48010379 -1.5367829 0.082559966 30
nan nan nan 0
0.47714603 -1.5292461 -0.027356645 31
nan nan nan 0
0.4786818 -1.5332274 -0.1372139 30
nan nan nan 0
0.51335031 -1.6402897 -0.26642683 9
0.12091217 -0.9790175 -0.25460461 8
0.31880033 -1.0214013 -0.23882981 23
nan nan nan 0
0.54486799 -1.7308269 0.47625282 34
nan nan nan 0
nan nan nan 0
nan nan nan 0
0.48304966 -1.5518373 0.19501801 27
nan nan nan 0
0.48115584 -1.5495294 0.083214164 29
nan nan nan 0
0.47970566 -1.5467739 -0.027662061 32
nan nan nan 0
0.47749466 -1.5388137 -0.13764881 30
0.16774108 -1.3745165 -0.26212677 6
0.51196599 -1.645895 -0.26720816 9
0.11949048 -0.98162496 -0.25525081 9
0.31994399 -1.0312502 -0.24107762 22
0.22613572 -1.9291272 0.44000879 49
0.54154974 -1.7521003 0.48142245 35
nan nan nan 0
nan nan nan 0
0.23172347 -1.9714103 0.17060737 3
0.47491768 -1.5543454 0.19501801 27
nan nan nan 0
0.47597399 -1.5615718 0.083737522 30
nan nan nan 0
0.473804 -1.5564322 -0.027792955 32
0.18554161 -1.58492 -0.19136713 2
0.4738248 -1.5555754 -0.13895354 30
0.16279164 -1.3948798 -0.26593953 6
0.50115919 -1.6414739 -0.26603618 9
0.11379981 -0.97743845 -0.2539584 10
0.31094229 -1.0212746 -0.23826784 23
0.22005315 -1.902858 0.43382731 49
0.53706104 -1.7484293 0.48013005 37
nan nan nan 0
nan nan nan 0
0.22686191 -1.9594406 0.16951792 9
0.47656947 -1.5694059 0.19684345 28
0.2136949 -1.8448184 0.031807009 6
0.47470856 -1.5671749 0.083999209 30
0.22961245 -1.986509 -0.10297099 8
0.4761996 -1.5739905 -0.028098373 31
0.18277512 -1.5852414 -0.19136713 8
0.47693431 -1.5754534 -0.14069317 30
0.15897202 -1.3829694 -0.26355657 7
0.49901667 -1.644707 -0.26642683 8
0.11155277 -0.9728359 -0.252666 12
0.31273678 -1.0334587 -0.24107762 24
0.21160503 -1.9209722 0.43776098 49
0.53141326 -1.7627699 0.48336107 37
nan nan nan 0
0.61248136 -2.0405943 0.40701142 59
0.21985282 -1.9903096 0.17213258 9
0.46906075 -1.5742559 0.1971477 28
0.20267195 -1.8334881 0.031588852 6
0.46936768 -1.5792036 0.084522568 30
0.21893662 -1.985202 -0.10284015 9
0.4693875 -1.5812509 -0.028185636 32
0.16454074 -1.494903 -0.18011025 9
0.47011015 -1.5827001 -0.14112808 30
0.15252125 -1.3911024 -0.26498634 6
0.49110907 -1.6496621 -0.26681751 8
0.10619961 -0.97100538 -0.25201979 17
0.30943114 -1.0420789 -0.24276346 27
nan nan nan 0
0.5269382 -1.7590711 0.48206866 38
nan nan nan 0
0.56017333 -1.8794912 0.3741264 32
0.21637873 -1.9906902 0.17213258 9
0.47057837 -1.5893364 0.19897313 28
0.20000716 -1.8388095 0.031676114 5
0.47089273 -1.5943749 0.085307606 29
0.21600555 -1.9905457 -0.10310183 9
0.47305018 -1.6036277 -0.028578313 32
0.16378021 -1.512459 -0.18223992 9
0.47303921 -1.6026119 -0.14286771 29
0.15061298 -1.3962473 -0.26593953 6
0.48893574 -1.6528827 -0.26720816 8
0.10425102 -0.96878755 -0.25137359 16
0.30761191 -1.0426173 -0.24276346 31
nan nan nan 0
0.5204674 -1.7710676 0.48465347 41
0.1946879 -1.8817918 0.29377273 2
0.54685396 -1.8706288 0.37174344 39
0.20595258 -1.991796 0.17213258 9
0.46783841 -1.6108271 0.20140706 27
0.19037648 -1.8398316 0.031676114 5
0.4667449 -1.6111951 0.086092643 29
0.2060882 -1.9966166 -0.10336351 9
0.46745172 -1.6156796 -0.028752837 31
0.15384921 -1.4935465 -0.17980599 9
0.46603954 -1.6098477 -0.14330262 29
0.14181729 -1.3823668 -0.26307997 6
0.48096898 -1.6577899 -0.26759881 8
0.099177055 -0.96932012 -0.25137359 19
0.30146161 -1.0418766 -0.24220152 32
nan nan nan 0
nan nan nan 0
0.1889293 -1.8575599 0.28986615 2
0.54151827 -1.8645151 0.37031367 38
0.2032245 -1.9995863 0.17278627 9
0.46710944 -1.618788 0.20231977 28
0.18516162 -1.8202647 0.031327069 5
0.46393213 -1.6120073 0.086092643 30
0.20160435 -1.9870371 -0.10284015 8
0.46672198 -1.6236947 -0.028883731 31
0.14976098 -1.4789982 -0.17798056 9
0.4667033 -1.6226169 -0.1443899 29
0.13794702 -1.3679595 -0.26022041 3
0.47531417 -1.6491432 -0.26603618 9
0.097485133 -0.96949178 -0.25137359 19
0.29964277 -1.0424012 -0.24220152 38
0.17692576 -1.8412863 0.41865459 45
0.58989584 -2.0577085 0.56349045 94
0.1782625 -1.8486912 0.28830352 3
0.53107053 -1.8649662 0.36983705 34
0.19204231 -1.9931853 0.17213258 9
0.46408224 -1.6402988 0.2047537 28
0.17515342 -1.8162326 0.031239806 5
0.4595916 -1.6288199 0.086877681 29
0.19119756 -1.9880654 -0.10284015 9
0.46095151 -1.6357325 -0.029058255 31
0.13967538 -1.4550583 -0.17493816 6
0.46297705 -1.6418049 -0.14591208 29
0.13078254 -1.368663 -0.26022041 2
0.46599513 -1.6492349 -0.26564553 9
0.093080573 -0.97720271 -0.2533122 16
0.29350996 -1.0416138 -0.24163955 41
0.1751668 -1.8536892 0.42146435 45
0.57897216 -2.033201 0.55638218 94
0.17250308 -1.8219558 0.28400633 6
0.52579409 -1.8588104 0.36840728 28
0.18833107 -1.9910378 0.1719147 9
0.46257412 -1.6458805 0.20536219 28
0.16988567 -1.794137 0.030847127 4
0.46150944 -1.6464347 0.087793566 29
0.18749508 -1.9859103 -0.10270931 8
0.46217695 -1.6509663 -0.029320041 31
0.13897274 -1.4750661 -0.17737207 6
0.46282333 -1.652196 -0.14678191 29
0.12771605 -1.361558 -0.25879061 3
0.46513668 -1.6571727 -0.26681751 9
0.091154762 -0.97495872 -0.252666 17
0.29102507 -1.0397816 -0.24107762 47
0.1636398 -1.8376235 0.41753069 48
0.57486171 -2.0594518 0.56284428 94
0.17404634 -1.9482789 0.30392975 5
0.51407051 -1.8544478 0.36697748 27
0.1781227 -1.9944774 0.17213258 9
0.45661089 -1.6578423 0.20657913 27
0.16026928 -1.7925119 0.030803496 4
0.45755559 -1.6656679 0.088709444 29
0.17775235 -1.9943256 -0.10310183 8
0.45619649 -1.662999 -0.029494565 30
0.13168086 -1.4807174 -0.17798056 3
0.45483172 -1.6569967 -0.14699936 29
0.12165045 -1.3744324 -0.26117361 7
0.45513114 -1.654827 -0.26603618 9
0.085841119 -0.9730165 -0.25201979 20
0.28819391 -1.0506771 -0.24332541 52
0.16075306 -1.8378782 0.41753069 45
0.57061619 -2.0581262 0.56219804 94
0.16894117 -1.928899 0.3008045 7
0.50754774 -1.8435193 0.36459452 30
0.17442651 -1.9923041 0.1719147 9
0.46032712 -1.6825541 0.20962153 28
0.15649346 -1.785318 0.030672602 4
0.45862818 -1.680905 0.089494482 28
0.17362638 -1.9871709 -0.10270931 8
0.45661014 -1.6758425 -0.02971272 31
nan nan nan 0
0.45656869 -1.6745958 -0.14852154 29
0.11946019 -1.3770878 -0.26165017 8
0.45158526 -1.6532387 -0.26564553 9
0.084752783 -0.98038429 -0.2539584 16
0.28700989 -1.0535262 -0.24388736 45
0.14923377 -1.8192965 0.41303506 36
0.5598321 -2.0610855 0.56219804 94
0.1588392 -1.9297572 0.3008045 9
0.49917755 -1.8508875 0.36554769 30
0.16358869 -1.9882255 0.17147893 9
0.45280802 -1.6897316 0.21023002 30
0.14694081 -1.7836217 0.030628972 4
0.45177311 -1.6905141 0.089887001 29
0.16382511 -1.995518 -0.10310183 9
0.45173374 -1.692691 -0.029974507 30
nan nan nan 0
0.45168704 -1.6913906 -0.14982627 29
0.113228 -1.3899261 -0.26403317 8
0.44227824 -1.6531967 -0.26525488 9
0.079618372 -0.98081458 -0.2539584 19
0.27957606 -1.0479615 -0.24220152 42
0.14560455 -1.809815 0.41078725 34
0.55559993 -2.0597293 0.56155181 93
0.15821332 -1.9644924 0.30627367 11
0.48890027 -1.8256961 0.36030519 26
0.16031592 -1.9909905 0.17169681 9
0.45565718 -1.7120862 0.21296819 32
0.14323272 -1.7764001 0.030498078 4
0.45076168 -1.6985341 0.09027952 23
0.15955158 -1.9858458 -0.10257847 9
0.45071828 -1.7007204 -0.030105399 30
0.13533965 -1.6920775 -0.20384097 3
0.44937888 -1.694582 -0.15004371 29
0.11080196 -1.3901216 -0.26403317 8
0.43747112 -1.6468116 -0.26408291 10
0.07809294 -0.98335981 -0.25460461 16
0.27774662 -1.0484477 -0.24220152 37
0.13473234 -1.7960001 0.40741554 31
nan nan nan 0
0.1455462 -1.9332817 0.30119517 11
nan nan nan 0
0.1495198 -1.9868354 0.17126103 9
0.44795009 -1.7192478 0.21357667 34
0.13374434 -1.774633 0.030454447 4
0.4469336 -1.7201891 0.091326244 21
0.14915156 -1.9866542 -0.10257847 9
0.44561049 -1.7175646 -0.030367186 30
0.1272068 -1.702662 -0.20505793 4
0.4455559 -1.7161838 -0.15178336 28
0.10441622 -1.4029207 -0.26641613 8
0.42947042 -1.6514679 -0.26447359 10
0.072595179 -0.97893769 -0.2533122 17
0.27038884 -1.0428214 -0.24051565 14
0.13138342 -1.7889204 0.40572968 43
0.46460879 -1.7740548 0.48142245 25
0.14395873 -1.9581608 0.30510172 9
0.46615863 -1.7910888 0.35267967 23
0.14587167 -1.9846094 0.17104314 9
0.44996941 -1.7392329 0.21601059 32
0.12956147 -1.7599053 0.030192662 5
0.44959819 -1.742709 0.092503794 24
0.14532349 -1.9819312 -0.10231679 8
0.44953829 -1.7449489 -0.030847127 26
0.12441276 -1.7053565 -0.20536219 4
0.44946551 -1.74347 -0.15417536 27
0.10161829 -1.398205 -0.26546293 7
0.42908213 -1.6617718 -0.26603618 9
0.071395673 -0.9862901 -0.25525081 16
0.26795101 -1.0409352 -0.23995371 8
0.1212144 -1.7823133 0.40404382 68
0.4492586 -1.7530842 0.47496042 29
nan nan nan 0
0.43536931 -1.7103195 0.33599886 27
0.13564554 -1.9878308 0.17126103 9
0.44516173 -1.758393 0.21814027 12
0.11984138 -1.7530777 0.030061768 6
0.44787216 -1.7740687 0.094073877 15
0.13427539 -1.972701 -0.10179343 8
0.44656545 -1.7715015 -0.031283438 16
0.11482232 -1.6960808 -0.20414522 5
0.44771251 -1.7747598 -0.15678482 19
0.093972363 -1.3938204 -0.26450974 6
0.41854176 -1.6568183 -0.26486424 9
0.066387631 -0.9890604 -0.25589702 16
0.26068202 -1.0352447 -0.23826784 8
0.11809681 -1.77764 0.40291992 84
0.4522123 -1.7772552 0.48142245 27
0.1267318 -1.9049101 0.2965073 12
0.44088745 -1.7443659 0.34267122 27
0.13168727 -1.9806092 0.17060737 9
0.44148126 -1.7567621 0.21783602 10
0.11563712 -1.7358242 0.02975635 5
0.45029077 -1.7966291 0.095251434 15
0.13018078 -1.9629674 -0.10127007 9
0.44960043 -1.7965118 -0.031719748 17
0.11234361 -1.7037072 -0.20505793 5
0.45011279 -1.7972683 -0.15874191 20
0.092169598 -1.4037786 -0.26641613 6
0.41686341 -1.6623334 -0.26564553 9
0.064967103 -0.99399519 -0.25718945 14
0.2588748 -1.0356982 -0.23826784 8
0.10949737 -1.7952744 0.40685359 34
0.4452571 -1.7889668 0.48400727 25
0.1176476 -1.9203364 0.29885122 9
0.43055806 -1.7418886 0.34171802 27
0.12026598 -1.9638697 0.16908213 9
0.43347326 -1.7638663 0.21844451 10
0.10639641 -1.7339109 0.02971272 5
0.44807956 -1.8280425 0.096821509 15
0.11900216 -1.9486697 -0.10048503 9
0.44678837 -1.8255329 -0.032199688 16
0.10283114 -1.694364 -0.20384097 6
0.44667912 -1.8237762 -0.16091645 21
0.084962904 -1.4066919 -0.26689273 7
0.40755934 -1.6620966 -0.26525488 9
0.059621409 -0.9919107 -0.25654325 15
0.25285989 -1.0346757 -0.2377059 7
0.10341296 -1.7395109 0.39392868 45
0.43452817 -1.7592808 0.47560659 23
0.11545016 -1.9402593 0.30197647 9
0.42988044 -1.7521654 0.34362438 19
0.1155284 -1.9417003 0.16712113 9
0.42980009 -1.7622108 0.21814027 10
0.10278574 -1.7241125 0.029538197 5
0.4490599 -1.8457927 0.097737394 13
0.11618271 -1.9588438 -0.10100839 9
0.44896394 -1.8481581 -0.032592367 16
0.10016032 -1.6994954 -0.20444946 7
0.44884202 -1.846321 -0.16287355 21
0.082648046 -1.409288 -0.2673693 6
0.40347728 -1.65801 -0.26447359 9
0.057481878 -0.9847796 -0.25460461 14
0.2504693 -1.0327505 -0.23714393 7
0.094128586 -1.7424775 0.39449063 35
0.42359233 -1.7544935 0.47366801 29
0.10581499 -1.9507004 0.3035391 12
0.41780865 -1.7424669 0.34124142 25
0.10602271 -1.9547136 0.16821058 9
0.41940457 -1.7596123 0.21753179 11
0.093091942 -1.7121468 0.029320041 6
0.44347194 -1.8651111 0.098653272 14
0.10565988 -1.954439 -0.10074671 9
0.4410302 -1.8577757 -0.032723259 16
0.090739243 -1.6900846 -0.2032325 9
0.44323841 -1.8655976 -0.16439573 22
0.075140357 -1.4072508 -0.26689273 6
0.39536813 -1.6625005 -0.26486424 9
0.052201383 -0.98265523 -0.2539584 15
0.24334247 -1.026944 -0.23545809 7
0.091141514 -1.7377577 0.39336672 34
0.42052951 -1.7552302 0.47366801 30
0.10380809 -1.9780082 0.30783629 10
0.41419268 -1.7408074 0.34076479 28
nan nan nan 0
0.41690999 -1.762755 0.21783602 10
0.089074403 -1.692336 0.028970992 16
0.44369003 -1.8804533 0.099438317 13
nan nan nan 0
0.4441545 -1.8852907 -0.0332032 17
0.087789357 -1.6902404 -0.2032325 17
0.44171315 -1.8736366 -0.16504809 21
0.07256081 -1.4049286 -0.26641613 6
0.39361298 -1.6679916 -0.26564553 9
0.050605476 -0.98515689 -0.25460461 16
0.24154975 -1.0273672 -0.23545809 7
0.08207339 -1.7455256 0.39505258 31
0.40743861 -1.7409575 0.46914455 32
nan nan nan 0
0.40394887 -1.7381742 0.33981162 28
0.080283329 -1.6941847 0.1453322 7
0.40654549 -1.7600812 0.21722755 10
0.078825355 -1.6628159 0.028447421 115
0.43780184 -1.8997711 0.10035419 15
0.078673653 -1.665834 -0.085569285 100
0.43710771 -1.8997639 -0.033421356 17
0.078599118 -1.6832403 -0.20231977 19
0.43584818 -1.8929036 -0.16657028 21
0.064761773 -1.3954827 -0.26450974 6
0.38431311 -1.667625 -0.26525488 9
0.045339935 -0.98299569 -0.2539584 15
0.23338996 -1.0167586 -0.23264831 6
0.080626905 -1.774856 0.40179601 50
0.40274256 -1.7346128 0.46720597 38
0.08779934 -1.929348 0.3000232 13
0.39756963 -1.7245367 0.33695206 39
0.07677228 -1.6818821 0.14424275 15
0.40403324 -1.7632052 0.21753179 10
0.076479122 -1.6754367 0.028665574 114
0.4384197 -1.9175597 0.10127007 16
0.074880987 -1.6460158 -0.084522568 101
0.43997186 -1.927316 -0.033901297 18
0.075443849 -1.678417 -0.20171128 20
0.43422455 -1.9009416 -0.16722265 21
0.062432297 -1.3980454 -0.26498634 6
0.38251543 -1.6731046 -0.26603618 9
0.043419424 -0.97824764 -0.252666 15
0.2338202 -1.0266556 -0.23489612 6
0.071496814 -1.7874371 0.40460578 50
0.39149478 -1.7272823 0.46462116 43
0.079150304 -1.966792 0.30588302 16
0.38635471 -1.7170231 0.33504567 39
0.067867175 -1.6797724 0.14402486 10
0.39370033 -1.7604562 0.2169233 10
0.067509279 -1.6708187 0.028578313 21
0.43386632 -1.9441831 0.10257847 18
0.067139693 -1.6688372 -0.085700125 15
0.43371823 -1.9466631 -0.034206714 19
0.066367611 -1.6713501 -0.20079857 23
0.42919311 -1.9250555 -0.16917974 19
0.055204678 -1.4008056 -0.26546293 6
0.37320575 -1.6726758 -0.26564553 9
0.038745556 -0.9905284 -0.25589702 16
0.22574717 -1.0159875 -0.23208638 5
0.069598675 -1.8118904 0.4102253 36
0.38580015 -1.7161888 0.46139011 33
0.075532205 -1.961992 0.30510172 22
0.37849027 -1.6961504 0.33075634 32
0.064841881 -1.6773995 0.14380698 31
0.3928009 -1.7708254 0.21814027 10
0.064874381 -1.6784277 0.028709207 8
0.43646783 -1.9717373 0.10401771 23
0.064786278 -1.6839209 -0.086485162 9
0.43576851 -1.9718125 -0.034643024 23
0.063724548 -1.6789027 -0.20171128 26
0.42909232 -1.9403849 -0.17048445 18
0.052759729 -1.4008998 -0.26546293 6
0.37136561 -1.6781437 -0.26642683 9
0.036845606 -0.98576742 -0.25460461 16
0.22397359 -1.01638 -0.23208638 6
nan nan nan 0
0.37314424 -1.701682 0.45686668 34
0.065816261 -1.9796364 0.30783629 43
0.37066057 -1.7029022 0.33170953 30
0.057505395 -1.7225215 0.14772898 3
0.38086987 -1.7607378 0.21661907 10
0.056085303 -1.6787443 0.028709207 25
0.4277347 -1.9813131 0.10441023 29
0.056048602 -1.6867323 -0.086616002 12
0.42863062 -1.988721 -0.034904812 31
0.05485462 -1.6767331 -0.20140706 25
0.42210999 -1.9572051 -0.17178918 16
0.045119021 -1.3913449 -0.26355657 6
0.36046466 -1.6704159 -0.26486424 9
0.031756569 -0.98836082 -0.25525081 12
0.21551515 -1.0032624 -0.22871464 6
0.061311781 -1.9559913 0.4433805 51
0.36913481 -1.6976135 0.45557427 35
0.062738091 -1.9920892 0.30978957 96
0.36663979 -1.6987514 0.33075634 38
0.055259496 -1.7475125 0.14990787 3
0.37884921 -1.7662497 0.21722755 11
0.053384256 -1.686335 0.028840099 23
0.42533201 -1.9869369 0.10467191 35
nan nan nan 0
0.42463115 -1.9870228 -0.034861181 37
0.05185404 -1.674346 -0.20110281 25
0.41869339 -1.9579389 -0.17178918 16
0.042402804 -1.3816091 -0.26165017 6
0.35650253 -1.6662159 -0.26408291 10
0.029962812 -0.98600066 -0.25460461 17
0.21531814 -1.0107778 -0.23040052 7
0.050849594 -1.961165 0.44450441 51
0.35669172 -1.6829947 0.45105085 31
0.052119266 -1.9849848 0.30861759 95
0.36029768 -1.7126491 0.3331393 33
nan nan nan 0
0.37165117 -1.7779198 0.21844451 10
0.044553936 -1.6865914 0.028840099 12
0.41646832 -1.996465 0.10506443 45
0.049165368 -1.8817537 -0.096821509 20
0.41782638 -2.0063407 -0.035166595 52
0.043391809 -1.6869979 -0.20262401 26
0.40843597 -1.9601042 -0.17178918 15
0.034990858 -1.374452 -0.26022041 6
0.34981516 -1.6777236 -0.26564553 10
0.024799734 -0.98614401 -0.25460461 15
0.20698893 -0.99759364 -0.2270288 19
0.047484107 -1.9490656 0.44169462 46
0.35375378 -1.6836146 0.45105085 25
0.048712917 -1.9875414 0.30900827 96
0.35730797 -1.7132753 0.3331393 29
0.047341604 -1.9296107 0.1658138 17
0.36599973 -1.7664229 0.2169233 11
0.041904666 -1.6991612 0.029058255 10
0.41196132 -1.9923016 0.10480275 43
0.047048684 -1.9317546 -0.099438317 31
0.41177037 -1.9948328 -0.034948442 44
0.040390652 -1.6845902 -0.20231977 26
0.40246782 -1.9486247 -0.17070192 14
nan nan nan 0
0.34587395 -1.6734979 -0.26486424 10
0.022974871 -0.98135686 -0.2533122 13
0.20574896 -1.0003371 -0.22759074 8
0.037463482 -1.9785215 0.44843808 95
0.33708453 -1.6476086 0.44071156 25
0.038215056 -1.9828315 0.30822694 95
0.35179558 -1.7319491 0.33647546 38
0.037511412 -1.9447725 0.16712113 41
0.35873315 -1.7780398 0.21814027 12
0.033007346 -1.6993574 0.029058255 11
0.40052772 -1.9895384 0.10454107 40
0.037160009 -1.9444551 -0.10009251 46
0.40032399 -1.9920622 -0.034861181 46
0.031569645 -1.6847787 -0.20231977 26
0.39424551 -1.9604673 -0.17157173 14
nan nan nan 0
0.33760041 -1.6777054 -0.26525488 10
0.017953802 -0.98870784 -0.25525081 7
0.20148641 -1.0061736 -0.22871464 6
0.034035873 -1.9590924 0.44394243 96
0.33469486 -1.65056 0.44135776 35
0.034672424 -1.9779572 0.30744565 95
0.3487722 -1.7325605 0.33647546 46
0.034034505 -1.9398547 0.16668536 60
0.35513678 -1.7762312 0.21783602 12
0.02995847 -1.6944138 0.028970992 10
0.3980425 -1.995129 0.10480275 36
0.033889115 -1.9520059 -0.10048503 69
0.39684659 -1.9927579 -0.034861181 41
0.028629102 -1.6848313 -0.20231977 26
0.38885415 -1.9513869 -0.17070192 15
nan nan nan 0
0.33418244 -1.6758717 -0.26486424 10
0.016088221 -0.97907859 -0.252666 3
0.19924518 -1.0041366 -0.22815271 6
0.023542855 -1.9689914 0.44619027 96
0.32462585 -1.6451856 0.43941915 31
0.024315435 -1.9781116 0.30744565 96
0.34208551 -1.7463987 0.33885843 44
0.023848778 -1.9375161 0.16646747 60
0.34535176 -1.7756317 0.21753179 12
0.021114524 -1.6970468 0.029014623 12
0.38566631 -1.9873866 0.10427939 38
0.023668015 -1.9521564 -0.10048503 68
0.38496476 -1.9874496 -0.034730289 43
0.01975416 -1.6799954 -0.20171128 26
0.37959036 -1.958284 -0.17113683 15
0.014554963 -1.2521054 -0.23639071 10
0.32492641 -1.6751758 -0.26447359 11
0.011140295 -0.99846888 -0.25783566 2
0.19351248 -1.0027761 -0.22759074 6
0.020541778 -1.9787695 0.44843808 98
0.32128406 -1.6433809 0.43877295 30
0.020934053 -1.9855585 0.30861759 96
0.33761573 -1.7397692 0.33742866 37
0.020419326 -1.932574 0.16603169 57
0.34130096 -1.7713609 0.2169233 12
0.018104602 -1.6920822 0.028927362 12
0.38076669 -1.9807048 0.10388687 37
0.020237295 -1.9496982 -0.10035419 69
0.38101885 -1.9856648 -0.034686655 43
0.016821986 -1.6800274 -0.20171128 26
0.37522152 -1.954054 -0.17070192 15
0.012184568 -1.2300421 -0.23210135 14
0.3224746 -1.6781639 -0.26486424 11
0.0092888763 -0.98399699 -0.2539584 2
0.18942125 -0.99115932 -0.22478099 6
0.0098157981 -1.9739798 0.44731417 96
0.31450495 -1.6545259 0.44135776 32
0.010483582 -1.9732946 0.30666435 95
0.33080736 -1.7535652 0.33981162 38
0.010332759 -1.9401258 0.16668536 63
0.3320215 -1.7731237 0.2169233 12
0.0092228595 -1.6871545 0.028840099 12
0.37224641 -1.9924836 0.10441023 37
0.010018011 -1.947281 -0.10022335 63
0.37108046 -1.9900889 -0.034730289 43
0.0079979077 -1.6726482 -0.20079857 25
0.36637226 -1.9633335 -0.17135428 16
nan nan nan 0
0.31368336 -1.6798294 -0.26486424 12
0.0041530146 -0.99127722 -0.25589702 3
0.1846846 -0.99453056 -0.22534293 6
0.0067329234 -1.9813008 0.44900003 98
0.31977731 -1.6977701 0.45298943 51
0.0070395195 -1.97331 0.30666435 95
0.32637557 -1.7469063 0.33838186 35
0.0069465865 -1.940141 0.16668536 60
0.33030209 -1.7810165 0.21783602 14
0.006284751 -1.6896678 0.028883731 12
0.36646992 -1.9808608 0.10375603 43
0.0066132499 -1.9447989 -0.10009251 62
0.3662284 -1.9833622 -0.034599394 43
0.0050833384 -1.675141 -0.20110281 26
0.3624869 -1.961522 -0.17113683 16
0.0034428281 -1.1196606 -0.21065462 5
0.31166205 -1.6852281 -0.26564553 12
0.0024203749 -0.98645282 -0.25460461 6
0.18023984 -0.98048842 -0.22197121 6
-0.0039725364 -1.9764361 0.44787613 96
0.31529281 -1.7231656 0.4594515 51
-0.0032798273 -1.9683813 0.30588302 95
0.3190015 -1.7582455 0.34028822 37
-0.0032054964 -1.9376603 0.16646747 62
0.32097223 -1.7827215 0.21783602 14
-0.0025296537 -1.6771795 0.028665574 14
0.35743365 -1.9901214 0.10414855 39
-0.0035836808 -1.9498 -0.10035419 57
0.35628504 -1.987712 -0.034643024 44
-0.0036465658 -1.6627378 -0.19958161 27
0.35221148 -1.9633931 -0.17113683 16
-0.0025328002 -1.1491128 -0.21637374 25
0.3023912 -1.6844076 -0.26525488 14
-0.0027333093 -0.98403704 -0.2539584 8
0.17554246 -0.98381484 -0.22253317 6
-0.0070881629 -1.9788635 0.44843808 98
0.31839991 -1.7569664 0.46849838 58
-0.0067799394 -1.983188 0.30822694 96
0.31461206 -1.7515565 0.33885843 38
-0.0065982109 -1.940142 0.16668536 60
0.31874341 -1.7881627 0.21844451 14
-0.0054568788 -1.6771724 0.028665574 14
0.35174704 -1.9784571 0.10349435 37
-0.0069867158 -1.9497907 -0.10035419 58
0.35104644 -1.9784901 -0.034468498 44
-0.0065862616 -1.6701729 -0.20049432 26
0.34834313 -1.9615536 -0.17091937 17
-0.0044424296 -1.1319277 -0.21303758 32
0.30076653 -1.6922228 -0.26642683 14
-0.0044975593 -0.99127567 -0.25589702 10
0.17208621 -0.97453213 -0.22028536 6
-0.017697753 -1.9690527 0.44619027 96
0.30877179 -1.7562318 0.46785215 45
-0.017116342 -1.9781871 0.30744565 96
0.3058641 -1.7555964 0.33933502 54
-0.016708823 -1.9351003 0.16624957 63
0.30809 -1.7824748 0.21753179 12
-0.014190428 -1.6721218 0.028578313 15
0.34224239 -1.9851902 0.10375603 40
-0.017098052 -1.9397417 -0.099830829 59
0.34154099 -1.9852259 -0.034555763 44
-0.015254483 -1.6626718 -0.19958161 27
0.33892414 -1.9682575 -0.17135428 18
-0.010236323 -1.119619 -0.21065462 36
0.29232779 -1.6962068 -0.26681751 14
-0.0096595408 -0.98882365 -0.25525081 12
0.16655906 -0.97302055 -0.2197234 6
-0.020790711 -1.9690224 0.44619027 96
0.30318493 -1.7424989 0.46397492 32
-0.020512875 -1.9732158 0.30666435 95
0.30195314 -1.7512928 0.33838186 47
-0.020114435 -1.9375584 0.16646747 61
0.30412951 -1.7781202 0.2169233 12
-0.017165523 -1.6770934 0.028665574 16
0.33750093 -1.9784043 0.10336351 42
-0.020454755 -1.9372126 -0.099699996 61
0.33680052 -1.9784293 -0.034424871 42
-0.018156368 -1.6626426 -0.19958161 27
0.33464053 -1.9639376 -0.17091937 18
-0.012067055 -1.1097836 -0.20874825 37
0.28978845 -1.6991475 -0.26720816 14
-0.011385349 -0.98880529 -0.25525081 13
0.16527855 -0.97570974 -0.22028536 6
-0.031402551 -1.9664454 0.44562832 96
0.29364938 -1.7416822 0.46332875 25
-0.03072146 -1.9656745 0.30549237 95
0.29360035 -1.7576889 0.33933502 36
-0.030383019 -1.9448969 0.16712113 59
0.29605022 -1.7870293 0.21783602 12
-0.025905047 -1.6744814 0.028621946 16
0.32631248 -1.9752197 0.10310183 38
-0.03059765 -1.9370788 -0.099699996 59
0.32643694 -1.9801658 -0.034424871 43
-0.026775906 -1.6575626 -0.19897313 26
0.32353073 -1.9607502 -0.17048445 19
-0.017921364 -1.112159 -0.20922484 38
0.28007016 -1.695771 -0.26642683 14
-0.016427247 -0.98148829 -0.2533122 13
0.15814044 -0.96455151 -0.21747561 6
-0.034581523 -1.9712647 0.44675222 96
0.29464498 -1.7660029 0.46979079 28
-0.034106918 -1.9631492 0.30510172 96
0.29175112 -1.7654595 0.34076479 37
-0.033777457 -1.9448409 0.16712113 58
0.29130119 -1.7777524 0.21661907 12
-0.029010747 -1.6844304 0.02879647 16
0.32204822 -1.9708602 0.10284015 41
-0.034024622 -1.9395186 -0.099830829 59
0.32338819 -1.9831985 -0.034468498 43
-0.029668858 -1.6575134 -0.19897313 12
0.32173517 -1.9711401 -0.17135428 19
-0.020006329 -1.1194872 -0.21065462 38
0.2787284 -1.7060009 -0.26798946 15
-0.018288178 -0.9887017 -0.25525081 16
0.15645675 -0.96482605 -0.21747561 6
-0.045188293 -1.9686136 0.44619027 96
0.28422087 -1.7603718 0.46785215 28
-0.044385422 -1.9629437 0.30510172 95
0.28329057 -1.7718078 0.34171802 35
-0.043842763 -1.9396579 0.16668536 59
0.28198895 -1.7792532 0.21661907 12
-0.037653293 -1.6767585 0.028665574 17
0.31251502 -1.9774497 0.10310183 42
-0.04400165 -1.9318264 -0.099438317 61
0.3114202 -1.9749918 -0.034293976 44
-0.038286936 -1.6548545 -0.19866888 25
0.30944043 -1.9605019 -0.17026702 19
-0.025928466 -1.1218204 -0.2111312 35
0.26861656 -1.7001231 -0.26681751 16
-0.02340278 -0.98617816 -0.25460461 16
0.15023689 -0.95841759 -0.21578975 6
-0.048280533 -1.9685402 0.44619027 98
0.28076103 -1.7584814 0.46720597 30
-0.047623884 -1.9554577 0.30392975 9
0.28487068 -1.8013761 0.34743714 34
-0.047291055 -1.9420682 0.16690324 59
0.27966377 -1.7846437 0.21722755 12
-0.040706232 -1.681688 0.028752837 18
0.30906329 -1.9779921 0.10310183 42
-0.047500476 -1.936738 -0.099699996 64
0.3091445 -1.982939 -0.034424871 43
-0.04111062 -1.6523046 -0.19836466 25
0.30757666 -1.9708785 -0.17113683 19
nan nan nan 0
0.26564887 -1.7005893 -0.26681751 15
-0.025123948 -0.98613584 -0.25460461 17
0.14856392 -0.95867831 -0.21578975 6
-0.058930598 -1.9682502 0.44619027 98
0.27154985 -1.7599273 0.46720597 30
-0.057711117 -1.9502453 0.30314845 2
nan nan nan 0
-0.057230838 -1.9343259 0.16624957 62
0.26993811 -1.783631 0.2169233 12
-0.049358264 -1.6764549 0.028665574 20
0.29794618 -1.9746476 0.10284015 39
-0.057410475 -1.9289765 -0.09930747 68
0.29724702 -1.9746468 -0.034250345 44
-0.04952893 -1.6446261 -0.19745193 30
0.29536939 -1.9601525 -0.17004955 19
nan nan nan 0
0.25599143 -1.6970755 -0.26603618 17
-0.030050555 -0.97874951 -0.252666 15
0.14168307 -0.94740564 -0.21297999 6
-0.061547838 -1.9535465 0.44281852 95
0.26588568 -1.7436931 0.46268252 36
-0.060237974 -1.9229934 0.29885122 2
0.30283177 -2.0022299 0.38651785 61
-0.06084799 -1.9416907 0.16690324 58
0.26645148 -1.7816463 0.21661907 12
-0.052122764 -1.6713694 0.028578313 22
0.29449934 -1.9751647 0.10284015 39
-0.060696058 -1.9263783 -0.099176638 72
0.29305345 -1.9702195 -0.034163084 45
-0.052808464 -1.6569375 -0.19897313 28
0.29232025 -1.9631276 -0.17026702 18
-0.03834825 -1.2000401 -0.22638223 62
0.25339961 -1.6999611 -0.26642683 17
-0.032007806 -0.98593634 -0.25460461 16
0.14002933 -0.94765145 -0.21297999 6
-0.066028818 -1.7925229 0.40572968 50
0.25567871 -1.7378962 0.4607439 65
-0.069935322 -1.9127814 0.2972886 2
0.29486251 -2.0207815 0.38985398 96
-0.070546612 -1.9289017 0.1658138 58
0.25820023 -1.7903821 0.21753179 12
-0.060967058 -1.6735716 0.028621946 21
0.28198844 -1.9618574 0.10205511 35
-0.071158051 -1.9360132 -0.099699996 65
0.28237301 -1.9692532 -0.034119453 38
-0.061483406 -1.6566383 -0.19897313 29
0.28059933 -1.9547735 -0.16939719 15
-0.045771878 -1.2292507 -0.23210135 9
0.24342199 -1.6939349 -0.26525488 17
-0.036882728 -0.97851586 -0.252666 17
0.13471052 -0.94596171 -0.21241803 7
-0.067883797 -1.7680757 0.40011016 82
0.2522915 -1.7359508 0.4600977 62
-0.072304219 -1.8879827 0.29338205 8
0.29204622 -2.0261497 0.39080721 96
-0.073913075 -1.9287757 0.1658138 60
0.25222653 -1.7711842 0.21509786 8
-0.063789755 -1.6709648 0.028578313 22
0.28070301 -1.9771725 0.10284015 8
-0.074536927 -1.9358861 -0.099699996 64
0.27929169 -1.9722173 -0.034163084 9
-0.064870439 -1.6689256 -0.20049432 28
0.27718717 -1.9552604 -0.16939719 7
-0.047718566 -1.2242645 -0.23114817 9
0.23905127 -1.6845816 -0.26369226 18
-0.038290896 -0.97121108 -0.25072739 17
0.13200688 -0.93896347 -0.21073218 6
-0.078759737 -1.7968853 0.40685359 77
0.24456313 -1.7468114 0.46268252 46
nan nan nan 0
0.27971923 -2.0155003 0.38842422 96
-0.083789453 -1.9233862 0.16537802 61
nan nan nan 0
-0.072426781 -1.6681108 0.028534682 23
nan nan nan 0
-0.084560625 -1.9329752 -0.099569149 67
nan nan nan 0
-0.073607996 -1.6685631 -0.20049432 28
nan nan nan 0
-0.053567193 -1.2117399 -0.22876517 15
0.22988692 -1.6833645 -0.26330161 19
-0.043713104 -0.97823459 -0.252666 17
0.12810324 -0.94687909 -0.21241803 5
nan nan nan 0
0.2421879 -1.7520183 0.46397492 36
-0.080345444 -1.7764328 0.27580258 30
0.27653968 -2.0184164 0.38890082 96
-0.086800821 -1.9157735 0.16472435 58
nan nan nan 0
-0.075569212 -1.6729758 0.028621946 23
nan nan nan 0
-0.087934174 -1.9328247 -0.099569149 67
nan nan nan 0
-0.07652007 -1.6684321 -0.20049432 28
nan nan nan 0
-0.056380771 -1.2263529 -0.23162474 10
0.22728497 -1.6862096 -0.26369226 20
-0.045186955 -0.97333229 -0.25137359 16
nan nan nan 0
-0.093448058 -1.8376485 0.41640678 46
0.23333548 -1.7556556 0.46462116 35
nan nan nan 0
0.26596752 -2.0198367 0.38890082 96
-0.096830554 -1.9152929 0.16472435 63
nan nan nan 0
-0.084199175 -1.6700609 0.028578313 24
nan nan nan 0
-0.098053165 -1.9323378 -0.099569149 73
nan nan nan 0
-0.084089957 -1.6457063 -0.19775617 29
nan nan nan 0
-0.063706212 -1.2431962 -0.23496091 15
0.21748215 -1.6800325 -0.26252028 20
-0.050929364 -0.9851402 -0.25460461 15
nan nan nan 0
-0.09477403 -1.8083088 0.40966335 39
nan nan nan 0
nan nan nan 0
0.26147705 -2.0129988 0.38747105 96
-0.10030574 -1.9176079 0.16494223 61
nan nan nan 0
-0.086847857 -1.6649191 0.028491052 26
nan nan nan 0
-0.10129231 -1.9296708 -0.099438317 67
nan nan nan 0
-0.086962126 -1.6455569 -0.19775617 30
nan nan nan 0
-0.06454017 -1.2185781 -0.23019497 17
0.21423025 -1.677961 -0.26212963 22
-0.052648678 -0.98504978 -0.25460461 16
0.12364085 -0.97694445 -0.21916147 2
-0.10527248 -1.8199286 0.41247311 56
0.23061191 -1.8314979 0.48465347 34
nan nan nan 0
0.24938917 -2.002167 0.38508809 96
-0.11019935 -1.9145702 0.16472435 57
nan nan nan 0
-0.095564127 -1.6644416 0.028491052 28
nan nan nan 0
-0.11124828 -1.9266216 -0.09930747 68
nan nan nan 0
-0.095577016 -1.6450791 -0.19775617 32
nan nan nan 0
-0.070773311 -1.2157735 -0.22971837 10
0.20636106 -1.6864101 -0.26330161 22
-0.057659473 -0.98235005 -0.2539584 15
0.11974179 -0.9872461 -0.22140926 3
-0.10783705 -1.8148978 0.41134921 53
0.23561004 -1.8965868 0.502101 33
nan nan nan 0
0.24558972 -2.000164 0.38461146 92
-0.11309113 -1.9069171 0.16407068 67
nan nan nan 0
-0.098318562 -1.6617774 0.028447421 30
nan nan nan 0
-0.11446004 -1.9239324 -0.099176638 71
nan nan nan 0
-0.097692795 -1.6325257 -0.19623497 31
nan nan nan 0
-0.072744451 -1.2131988 -0.22924179 19
0.20311521 -1.6843171 -0.26291096 23
-0.059524287 -0.98465824 -0.25460461 14
0.1183188 -0.98987103 -0.22197121 4
-0.1168541 -1.8021342 0.40853944 44
0.22567636 -1.8977944 0.502101 41
nan nan nan 0
0.23307057 -1.9843655 0.38127533 67
-0.12372566 -1.9162394 0.16494223 69
0.20577589 -1.7771797 0.21509786 6
-0.10652775 -1.6537569 0.028316528 32
0.22651678 -1.9640071 0.10179343 9
-0.12469582 -1.9257979 -0.09930747 78
0.22640458 -1.9689221 -0.033988561 9
-0.10689538 -1.6418958 -0.19745193 31
0.22532828 -1.9568993 -0.16896228 7
-0.079095721 -1.2128012 -0.22924179 9
0.19429339 -1.6853575 -0.26291096 23
-0.06419012 -0.97710454 -0.252666 14
0.11313424 -0.99047697 -0.22197121 4
-0.12083268 -1.8189617 0.41247311 44
nan nan nan 0
nan nan nan 0
0.23190768 -2.0042672 0.38508809 96
-0.12690271 -1.9135356 0.16472435 69
0.20526004 -1.7997187 0.21783602 6
-0.10958178 -1.6560625 0.02836016 31
0.22481292 -1.9792794 0.10257847 9
-0.12856098 -1.9330502 -0.099699996 75
0.22497587 -1.986696 -0.034293976 8
-0.1102659 -1.6491338 -0.19836466 29
0.2219125 -1.9572895 -0.16896228 8
nan nan nan 0
0.1919218 -1.6905997 -0.26369226 24
-0.066062585 -0.97940022 -0.2533122 15
0.1119721 -0.99551195 -0.22309513 5
-0.12907815 -1.7964152 0.40741554 34
0.21982601 -1.964108 0.51954854 95
-0.13968568 -1.9510435 0.30392975 3
0.22168508 -2.0078928 0.38556468 96
-0.13655972 -1.9078771 0.16428858 69
0.19638288 -1.8057013 0.21844451 6
-0.11825137 -1.655466 0.02836016 36
0.21417202 -1.9779481 0.10244763 9
-0.13849948 -1.9298605 -0.099569149 78
0.21484438 -1.9903314 -0.034337606 9
-0.11744878 -1.6287357 -0.19593073 25
0.21330094 -1.9732774 -0.17026702 8
nan nan nan 0
0.18170598 -1.6793101 -0.26173899 27
-0.071549416 -0.98385757 -0.25460461 15
0.10621671 -0.99124265 -0.22197121 3
-0.13226169 -1.8010689 0.40853944 34
0.21342723 -1.9380897 0.51244026 95
-0.14126073 -1.9261718 0.3000232 3
0.217098 -1.9985199 0.38365832 98
-0.13970482 -1.9051522 0.16407068 63
0.19539218 -1.8257747 0.22087842 6
-0.12188148 -1.665228 0.028534682 46
0.2093692 -1.9659091 0.10179343 9
-0.14205296 -1.9321055 -0.099699996 78
0.21056169 -1.983248 -0.034206714 9
nan nan nan 0
0.20958762 -1.9711707 -0.17004955 7
nan nan nan 0
0.17931069 -1.6845341 -0.26252028 27
-0.072346367 -0.97169113 -0.25137359 16
0.10422003 -0.98900509 -0.22140926 2
-0.14122806 -1.7906138 0.40629163 47
0.20662363 -1.9703972 0.52084094 55
-0.15310714 -1.9475592 0.3035391 4
0.20663084 -1.9996291 0.38365832 96
-0.14948066 -1.901912 0.1638528 65
0.18505813 -1.8193685 0.21996571 6
-0.1305989 -1.664567 0.028534682 52
0.19958703 -1.971945 0.10205511 9
-0.15196897 -1.9288466 -0.099569149 79
0.20017457 -1.9843234 -0.034206714 9
nan nan nan 0
0.19926378 -1.9722412 -0.17004955 8
-0.096021369 -1.2115786 -0.22924179 4
0.16972277 -1.6780818 -0.26134834 28
-0.078022994 -0.97852004 -0.2533122 15
0.10030915 -1.0016512 -0.22421904 2
-0.14542593 -1.8073854 0.4102253 47
nan nan nan 0
-0.15850785 -1.9719007 0.30744565 6
nan nan nan 0
-0.15360749 -1.9115772 0.16472435 62
0.18314704 -1.8320312 0.22148691 6
-0.13350391 -1.6643366 0.028534682 52
0.19639777 -1.9747741 0.10218595 9
-0.15492955 -1.9236016 -0.09930747 79
0.19696316 -1.9871566 -0.034250345 9
-0.11197699 -1.3877569 -0.16641942 37
0.19556957 -1.9701082 -0.1698321 7
-0.097933866 -1.2089633 -0.22876517 9
0.16729532 -1.6832885 -0.26212963 28
-0.079931542 -0.98078912 -0.2539584 16
0.098311231 -0.99940151 -0.22365709 2
-0.1564689 -1.8211334 0.41359702 29
nan nan nan 0
-0.16819128 -1.9636633 0.30627367 85
0.17822012 -1.8544842 0.35506263 54
-0.16296963 -1.9033031 0.16407068 67
0.17259212 -1.8230858 0.22026995 6
-0.14178513 -1.6586342 0.028447421 54
0.18605524 -1.9757754 0.10218595 9
-0.16478349 -1.9202769 -0.099176638 81
0.18655577 -1.9881606 -0.034250345 8
nan nan nan 0
0.18596759 -1.9785423 -0.17048445 7
-0.10683958 -1.2377708 -0.23448433 3
0.15752758 -1.6743102 -0.26056704 30
-0.083998695 -0.96832919 -0.25072739 17
0.093313918 -1.002327 -0.22421904 2
nan nan nan 0
0.17239264 -1.7990783 0.47431418 38
-0.17096621 -1.9559878 0.30510172 96
0.17403717 -1.8450215 0.35315627 54
-0.16694896 -1.9104583 0.16472435 64
0.16988134 -1.8283248 0.22087842 5
-0.14555988 -1.6683438 0.028621946 65
0.18237117 -1.9736116 0.10205511 9
-0.16791455 -1.9174995 -0.099045791 81
0.18285069 -1.9859946 -0.034206714 9
-0.1432375 -1.6291614 -0.19623497 32
0.18204536 -1.973905 -0.17004955 7
nan nan nan 0
0.15530612 -1.681957 -0.26173899 31
-0.085906237 -0.9705863 -0.25137359 16
0.093658112 -1.0243123 -0.22927661 2
nan nan nan 0
0.16274643 -1.7975515 0.47366801 37
-0.18143556 -1.9575243 0.30549237 95
0.16236098 -1.8239119 0.34886691 54
-0.17741419 -1.9145174 0.16516013 67
0.15963775 -1.821775 0.21996571 5
-0.15359408 -1.6600926 0.028491052 83
0.17203493 -1.9745395 0.10205511 9
-0.177719 -1.9141085 -0.098914951 83
0.1717843 -1.9794556 -0.034075823 9
-0.15223193 -1.6333299 -0.19684345 32
0.1710434 -1.9673891 -0.16939719 7
-0.12034616 -1.2883016 -0.24449281 3
0.14671811 -1.6852067 -0.26212963 31
-0.091217235 -0.97252727 -0.25201979 17
0.087193877 -1.0126582 -0.22646683 2
-0.18084554 -1.9118776 0.43495122 84
0.15960886 -1.7978328 0.47366801 32
-0.18438274 -1.9522884 0.30471104 98
0.15808021 -1.8119711 0.34648395 54
-0.18004574 -1.906767 0.16450647 70
0.15689476 -1.8269943 0.2205742 5
-0.15625386 -1.6573337 0.028447421 91
0.16858844 -1.9748367 0.10205511 9
-0.18153459 -1.9187659 -0.099176638 83
0.1681118 -1.9772623 -0.034032188 9
-0.15579462 -1.6404719 -0.19775617 32
0.16826057 -1.9751278 -0.17004955 7
-0.13038488 -1.368701 -0.26022041 9
0.14356016 -1.6830003 -0.26173899 31
-0.09291447 -0.97236657 -0.25201979 15
0.085857719 -1.0176618 -0.22759074 2
-0.18555424 -1.8551264 0.42202631 70
nan nan nan 0
-0.19484973 -1.9537532 0.30510172 98
0.14693752 -1.7932105 0.34267122 8
-0.1905261 -1.9107541 0.16494223 67
0.14650461 -1.8178993 0.21935724 4
-0.16492946 -1.6564929 0.028447421 95
0.15783596 -1.9707161 0.10179343 9
-0.19132811 -1.915305 -0.099045791 83
0.15755226 -1.9756241 -0.033988561 9
-0.16488262 -1.6445712 -0.19836466 32
0.15730435 -1.9685353 -0.16939719 7
-0.13680299 -1.360675 -0.25879061 9
0.13515329 -1.6886507 -0.26252028 31
-0.097510494 -0.967062 -0.25072739 19
0.080731109 -1.020525 -0.22815271 3
-0.18797062 -1.8499862 0.4209024 47
nan nan nan 0
-0.19800769 -1.9509536 0.30471104 96
0.14320044 -1.7861267 0.34124142 8
-0.193353 -1.9054636 0.16450647 70
0.14393505 -1.8255719 0.22026995 4
-0.16705599 -1.6487427 0.028316528 96
0.15479749 -1.9759655 0.10205511 9
-0.19390598 -1.9075177 -0.098653272 85
0.15430392 -1.9783876 -0.034032188 9
-0.16724339 -1.6393445 -0.19775617 32
0.15386838 -1.9688069 -0.16939719 8
-0.1427213 -1.3946091 -0.26546293 8
0.13200651 -1.6864228 -0.26212963 31
-0.099449374 -0.96929228 -0.25137359 16
0.082527451 -1.0643666 -0.23826784 4
-0.19954813 -1.8634734 0.42427412 47
0.13877477 -1.8140938 0.47754523 31
-0.20822009 -1.94989 0.30471104 96
0.13157165 -1.7574902 0.33552229 35
-0.20386092 -1.9093773 0.16494223 71
0.13380982 -1.8188777 0.21935724 4
-0.17648984 -1.6553011 0.028447421 95
0.14407404 -1.9717699 0.10179343 9
-0.2041589 -1.9089583 -0.098784111 84
0.14356908 -1.9741832 -0.033944927 9
-0.17609221 -1.640913 -0.19806041 33
0.14374439 -1.9720689 -0.16961464 8
-0.14975557 -1.391403 -0.26498634 8
0.12280178 -1.6821665 -0.26134834 30
-0.10531446 -0.97596002 -0.2533122 16
0.078069575 -1.0793575 -0.24163955 5
-0.20114692 -1.8510504 0.42146435 44
0.13411942 -1.7950705 0.4723756 34
-0.21216063 -1.954433 0.30549237 96
0.12702173 -1.73814 0.33170953 43
-0.20637971 -1.9015917 0.16428858 69
0.13063507 -1.8191086 0.21935724 4
-0.17937863 -1.6549906 0.028447421 98
0.14026587 -1.9670388 0.10153175 9
-0.2077626 -1.911081 -0.098914951 84
0.14012326 -1.9744308 -0.033944927 9
-0.17732467 -1.6258044 -0.19623497 34
0.13957268 -1.9623815 -0.16874482 8
-0.15191363 -1.3887002 -0.26450974 8
0.11968353 -1.6799155 -0.26095769 30
-0.10648178 -0.9709745 -0.25201979 17
0.077276453 -1.0940676 -0.24501128 6
-0.21366757 -1.8717151 0.42652193 93
0.12437163 -1.7909305 0.47108319 58
-0.22210941 -1.9508423 0.30510172 98
0.11791915 -1.7387812 0.33170953 43
-0.21718583 -1.9079077 0.16494223 73
0.1221341 -1.8346207 0.22118267 4
-0.18775649 -1.6515453 0.028403789 96
0.12979437 -1.9652555 0.10140091 9
-0.21748085 -1.9074866 -0.098784111 82
0.12927456 -1.967656 -0.033814035 9
-0.18640444 -1.6297836 -0.19684345 32
0.12980399 -1.9705397 -0.16939719 8
-0.15918273 -1.3878857 -0.26450974 7
0.11122439 -1.6854461 -0.26173899 31
-0.11184482 -0.97280234 -0.252666 16
0.073406771 -1.1211888 -0.25119275 6
-0.21547727 -1.8616987 0.42427412 93
0.11972193 -1.7694629 0.46526733 51
-0.22522795 -1.9479988 0.30471104 96
0.11757545 -1.7781584 0.33933502 65
-0.22022699 -1.9050519 0.16472435 69
0.11743237 -1.8125488 0.21844451 5
-0.19034924 -1.6487323 0.02836016 100
0.12553467 -1.9530237 0.10074671 9
-0.21965155 -1.8971851 -0.098260753 81
0.12517926 -1.957902 -0.033639513 9
-0.18895958 -1.6269914 -0.19653921 33
0.12636454 -1.9707632 -0.16939719 8
-0.1630407 -1.3997923 -0.26689273 6
0.10828257 -1.6856377 -0.26173899 32
-0.1132578 -0.97020745 -0.25201979 16
0.073098198 -1.1456195 -0.25681227 8
-0.22879855 -1.8871039 0.4304556 41
0.11186564 -1.7917551 0.47108319 33
-0.23482694 -1.9418906 0.30392975 98
0.10702043 -1.7591559 0.33552229 44
-0.22959605 -1.8989284 0.16428858 71
0.10824762 -1.8180921 0.21905299 4
-0.19897933 -1.6477131 0.02836016 101
0.11500131 -1.9486705 0.10048503 9
-0.22958212 -1.8960091 -0.098260753 74
0.11386091 -1.9410657 -0.033334095 9
-0.19807982 -1.6309057 -0.1971477 33
0.1154358 -1.9614543 -0.16852738 8
-0.17006779 -1.3964835 -0.26641613 6
0.099303111 -1.6837171 -0.26134834 32
-0.11833622 -0.96960115 -0.25201979 14
0.066490337 -1.1362616 -0.25456446 9
-0.22188205 -1.806963 0.41191116 25
0.10812835 -1.7823068 0.46849838 33
-0.23912504 -1.9488298 0.30510172 96
0.10440328 -1.7666886 0.33695206 49
-0.2332156 -1.9009964 0.16450647 80
0.10432766 -1.8058935 0.21753179 4
-0.20124123 -1.6424018 0.028272897 100
0.11160006 -1.9488682 0.10048503 9
-0.23350464 -1.9005609 -0.098522432 87
0.11017732 -1.9362708 -0.033246834 9
-0.19694439 -1.5985457 -0.19319257 33
0.11186454 -1.9591666 -0.16830991 8
-0.17220066 -1.3937495 -0.26593953 6
0.096216574 -1.6814228 -0.26095769 33
-0.12032975 -0.9717893 -0.252666 16
0.064507082 -1.1363759 -0.25456446 9
-0.23353027 -1.8202313 0.41528288 25
0.098934621 -1.7852594 0.46914455 30
-0.24932575 -1.9475509 0.30510172 98
0.094736695 -1.7598603 0.33552229 44
-0.24284737 -1.8972793 0.16428858 76
nan nan nan 0
-0.20951825 -1.6388465 0.028229265 101
nan nan nan 0
-0.24281305 -1.8943601 -0.098260753 83
nan nan nan 0
-0.20882244 -1.6245614 -0.19653921 30
0.10012335 -1.9323697 -0.1659179 8
-0.1801298 -1.397696 -0.26689273 6
0.087546222 -1.6843693 -0.26134834 32
-0.1260443 -0.97593498 -0.2539584 15
0.059366979 -1.1512916 -0.25793618 9
-0.23354267 -1.7981236 0.4102253 36
0.095682964 -1.7830181 0.46849838 20
-0.2527245 -1.9471128 0.30510172 96
0.091933019 -1.7649238 0.33647546 41
-0.24680421 -1.9017913 0.16472435 71
0.08472012 -1.675249 0.20140706 8
-0.21237826 -1.6384783 0.028229265 100
0.08278469 -1.6603969 0.085307606 44
-0.2480638 -1.9087861 -0.099045791 82
0.082184367 -1.6599128 -0.028403789 98
nan nan nan 0
0.083064459 -1.6713949 -0.14308518 14
-0.18256895 -1.3973794 -0.26689273 6
0.084345259 -1.6795878 -0.26056704 33
-0.12679297 -0.96853155 -0.25201979 15
0.057750169 -1.158691 -0.25962204 9
-0.24195065 -1.7871791 0.40797749 56
nan nan nan 0
-0.2622501 -1.9408693 0.30432039 96
0.082811847 -1.7678322 0.33695206 24
-0.25709438 -1.9029409 0.16494223 69
0.075590253 -1.6682339 0.20049432 8
-0.22129145 -1.6398206 0.028272897 100
0.073853686 -1.65582 0.085045926 94
-0.25704345 -1.9000399 -0.098653272 82
0.074078567 -1.6728047 -0.028621946 113
nan nan nan 0
0.073490717 -1.6543926 -0.14156298 69
-0.18854742 -1.3866791 -0.26498634 6
0.075667448 -1.6824728 -0.26095769 33
-0.13153175 -0.96546203 -0.25137359 16
0.050382864 -1.1322128 -0.25344056 9
-0.2434251 -1.7771444 0.40572968 37
nan nan nan 0
-0.26361358 -1.9257318 0.30197647 11
0.082180962 -1.8194526 0.34696054 7
-0.26041523 -1.9024892 0.16494223 79
0.072334349 -1.6609271 0.19958161 22
-0.22381173 -1.6369557 0.028229265 100
0.071191005 -1.6609343 0.085307606 19
-0.26070067 -1.9020615 -0.098784111 83
0.070594087 -1.6604462 -0.028403789 64
nan nan nan 0
0.07071612 -1.6570064 -0.14178045 24
-0.19062918 -1.3839171 -0.26450974 6
0.072617568 -1.6801357 -0.26056704 34
-0.13321659 -0.96523106 -0.25137359 16
0.04783719 -1.1201322 -0.2506308 38
-0.25095966 -1.7613335 0.40235797 34
0.082175098 -1.972245 0.5189023 87
-0.24813871 -1.7458876 0.27345866 5
0.074318096 -1.8590891 0.35458606 8
-0.26896077 -1.8912383 0.16407068 74
0.06373854 -1.6637623 0.19988585 5
-0.23273407 -1.6382358 0.028272897 101
0.062694691 -1.6662734 0.085569285 19
-0.27065623 -1.9006704 -0.098784111 83
0.061399687 -1.6483049 -0.028185636 9
nan nan nan 0
0.062638819 -1.672285 -0.14308518 4
-0.19962713 -1.3950447 -0.26689273 6
0.063518271 -1.6730911 -0.25939506 34
-0.13861607 -0.96691024 -0.25201979 15
0.041465759 -1.1081978 -0.24782103 43
-0.25092626 -1.7416512 0.39786234 64
0.078222886 -1.9603209 0.51567131 65
-0.25153983 -1.7478956 0.27384931 7
0.071971223 -1.8812851 0.35887539 8
-0.27333331 -1.8981601 0.16472435 82
0.060542375 -1.6564325 0.19897313 6
-0.23559298 -1.637827 0.028272897 102
0.059978947 -1.6713697 0.085830964 7
-0.27469045 -1.9051366 -0.099045791 80
0.059477955 -1.6733875 -0.028621946 10
-0.23467194 -1.6235363 -0.19684345 35
0.059433222 -1.6649257 -0.14243281 6
-0.20135139 -1.3898375 -0.26593953 6
0.060886331 -1.6806017 -0.26056704 33
-0.1392488 -0.95949888 -0.25008118 16
0.038853142 -1.0912298 -0.24388736 10
-0.26070881 -1.7426769 0.3984243 40
0.067510955 -1.9486369 0.51244026 56
-0.25848559 -1.7319033 0.27150536 8
0.06298922 -1.9061623 0.36364132 27
-0.28289798 -1.89424 0.16450647 80
0.056343634 -1.7881658 0.21509786 7
-0.2449086 -1.6415148 0.02836016 102
nan nan nan 0
-0.2831755 -1.8937972 -0.098522432 80
nan nan nan 0
-0.24576394 -1.6394606 -0.19897313 35
nan nan nan 0
-0.20936142 -1.3936172 -0.26689273 6
0.051919598 -1.6759616 -0.25978571 33
-0.14427079 -0.95875663 -0.25008118 16
0.033138968 -1.0914183 -0.24388736 31
-0.26307908 -1.7398568 0.39786234 34
0.062832937 -1.9125484 0.50274718 34
-0.26150793 -1.7314496 0.27150536 9
0.059992854 -1.9160804 0.36554769 27
-0.28807643 -1.9060544 0.16559592 80
0.052661862 -1.7709006 0.21296819 7
-0.2477732 -1.6410849 0.02836016 101
0.053907908 -1.8489159 0.095120601 13
-0.28798401 -1.9031724 -0.099045791 83
nan nan nan 0
-0.24787515 -1.6341232 -0.19836466 35
0.053362772 -1.8420399 -0.1578721 15
-0.2110493 -1.3883981 -0.26593953 6
0.048994415 -1.6760496 -0.25978571 33
-0.14778499 -0.97043741 -0.2533122 16
0.030754535 -1.0768661 -0.24051565 45
-0.27134922 -1.7311894 0.39617649 72
0.051658243 -1.8742281 0.49240795 30
-0.26941773 -1.7227391 0.27033341 10
0.051006634 -1.9531655 0.37269661 35
-0.29727763 -1.8995996 0.16516013 80
0.044664059 -1.8182819 0.21874875 16
-0.25558472 -1.6348267 0.028272897 100
0.045278922 -1.8891041 0.097214036 13
-0.2963897 -1.8917741 -0.098522432 87
0.045009393 -1.9038764 -0.032635998 23
-0.2552647 -1.6254501 -0.19745193 35
0.045086268 -1.8945774 -0.16243863 22
-0.218316 -1.3872739 -0.26593953 6
0.040349878 -1.6812202 -0.26056704 33
-0.15248345 -0.96726549 -0.252666 16
0.025048515 -1.0745773 -0.23995371 58
-0.27406824 -1.7307609 0.39617649 70
0.047636002 -1.8477606 0.48529968 33
-0.27281246 -1.7247047 0.27072406 11
0.047532119 -1.9507985 0.37222004 41
-0.3013761 -1.9039967 0.16559592 79
0.041616075 -1.8233184 0.21935724 14
-0.25922403 -1.6393151 0.02836016 101
0.042718932 -1.9191301 0.098784111 27
-0.29969099 -1.8912538 -0.098522432 84
0.042353418 -1.9314398 -0.033115938 31
-0.25810125 -1.6250023 -0.19745193 35
0.042327184 -1.9170611 -0.16439573 27
-0.21956995 -1.3796213 -0.26450974 6
0.037292283 -1.6763508 -0.25978571 33
-0.15494113 -0.97176623 -0.2539584 15
0.022984229 -1.0673137 -0.23826784 53
-0.2826353 -1.7244458 0.39505258 44
0.038127445 -1.8552279 0.48723832 36
-0.28183919 -1.7232527 0.27072406 15
0.038107362 -1.9878243 0.37936896 95
-0.30850887 -1.8851908 0.16407068 74
0.032118477 -1.8259921 0.21966147 14
-0.26820993 -1.6404017 0.028403789 100
0.033105131 -1.9417926 0.099961676 40
-0.30796531 -1.8798053 -0.097999074 78
0.03238254 -1.9391326 -0.033246834 46
-0.26701102 -1.6260767 -0.19775617 35
0.032241125 -1.9147664 -0.16417827 33
-0.22598724 -1.3736106 -0.26355657 6
0.028465765 -1.6740544 -0.25939506 33
-0.15843776 -0.96141309 -0.25137359 15
0.017646331 -1.079597 -0.24107762 64
-0.28214064 -1.7047765 0.39055696 65
0.03494082 -1.8577061 0.48788449 36
-0.28565726 -1.7276297 0.27150536 13
0.034637894 -1.9878877 0.37936896 95
-0.31179869 -1.8846495 0.16407068 75
0.028931476 -1.8260453 0.21966147 14
-0.26984137 -1.632534 0.028272897 96
0.029716013 -1.9418473 0.099961676 63
-0.31001469 -1.8718772 -0.097606555 90
0.029257197 -1.9541817 -0.033508617 72
-0.26821217 -1.6158184 -0.19653921 34
0.029203439 -1.9322507 -0.16570047 43
-0.2283843 -1.3732141 -0.26355657 6
0.025455173 -1.6691637 -0.25861374 33
-0.16132002 -0.96827936 -0.2533122 16
0.015670223 -1.0747551 -0.23995371 76
-0.29590735 -1.7296327 0.39673844 43
0.025368566 -1.8675224 0.49046931 35
-0.29595366 -1.7334112 0.27267733 10
0.024193363 -1.9855881 0.37889233 95
-0.32081887 -1.878082 0.16363491 76
0.01940245 -1.8286531 0.21996571 14
-0.27880883 -1.6335622 0.028316528 96
0.019486289 -1.9369835 0.099699996 60
-0.32108119 -1.8776096 -0.097999074 83
0.018934466 -1.9468096 -0.033377726 70
-0.27793464 -1.6217277 -0.19745193 32
0.019024992 -1.9273965 -0.16526555 43
-0.23682696 -1.3792541 -0.26498634 6
0.016620763 -1.6618668 -0.25744176 32
-0.16431782 -0.95552498 -0.25008118 15
0.009976306 -1.0699508 -0.23882981 68
-0.2977896 -1.7243657 0.39561453 31
0.022039965 -1.8627343 0.4891769 34
-0.3006683 -1.7426236 0.27423996 9
0.020790357 -1.990535 0.37984553 95
-0.32494834 -1.8824269 0.16407068 75
0.016154522 -1.8237215 0.21935724 15
-0.28080434 -1.6281476 0.028229265 100
0.016185323 -1.9445038 0.10009251 63
-0.32478529 -1.8795061 -0.098129913 81
0.015485137 -1.9418408 -0.033290461 69
-0.27991226 -1.6163509 -0.19684345 31
0.015687104 -1.9299171 -0.165483 44
-0.23838827 -1.3740036 -0.26403317 6
0.013693082 -1.6594242 -0.25705114 32
-0.16682152 -0.9599939 -0.25137359 15
0.0080510527 -1.0650948 -0.2377059 65
-0.30883539 -1.7323202 0.39786234 33
0.012439879 -1.8797288 0.49370036 32
-0.31326967 -1.7604705 0.27736521 9
0.010349285 -1.9881626 0.37936896 95
-0.33304465 -1.8708936 0.16319913 76
0.0065902015 -1.8212998 0.21905299 15
-0.28976586 -1.6291156 0.028272897 98
0.0060037514 -1.9445618 0.10009251 62
-0.3363834 -1.8876094 -0.098653272 34
0.0053301696 -1.9443948 -0.033334095 65
-0.28924957 -1.6197479 -0.19745193 32
0.0055688727 -1.9274824 -0.16526555 45
-0.24601468 -1.3751519 -0.26450974 5
0.0050042095 -1.6594732 -0.25705114 32
-0.1722763 -0.9614836 -0.25201979 16
0.0024903005 -1.0675583 -0.23826784 67
-0.3150273 -1.7510096 0.40235797 32
0.0092122247 -1.8869925 0.49563894 34
-0.32029635 -1.78179 0.28088111 12
0.006851004 -1.9832696 0.37841576 95
-0.33232096 -1.8482527 0.16123812 10
0.0034222524 -1.82379 0.21935724 15
-0.29394317 -1.6359864 0.028403789 96
0.0025915415 -1.9395763 0.099830829 63
nan nan nan 0
0.0019033974 -1.9344028 -0.033159569 64
-0.29251939 -1.621682 -0.19775617 32
0.0022047739 -1.9274892 -0.16526555 44
-0.24797477 -1.372306 -0.26403317 5
0.0020682276 -1.6496023 -0.25548851 33
-0.17308471 -0.95643032 -0.25072739 16
0.00057943928 -1.0578171 -0.23602003 63
-0.3218154 -1.7349113 0.39898625 34
-0.00065295218 -1.89426 0.49757758 38
nan nan nan 0
-0.0035321326 -1.9857323 0.37889233 95
nan nan nan 0
-0.0061249267 -1.8213015 0.21905299 15
-0.3038781 -1.6417971 0.028534682 84
-0.0075562019 -1.9345701 0.099569149 62
nan nan nan 0
-0.0082298908 -1.9368858 -0.0332032 64
-0.30146244 -1.6225673 -0.19806041 32
-0.0078831734 -1.9249836 -0.16504809 42
-0.25289524 -1.3589281 -0.26165017 5
-0.0065660425 -1.6471212 -0.25509784 36
-0.17719588 -0.9507643 -0.24943499 17
-0.004959261 -1.0578055 -0.23602003 62
-0.32228708 -1.7224337 0.39617649 28
-0.0039590569 -1.894256 0.49757758 58
-0.36056486 -1.9275424 0.30471104 96
-0.0069918851 -1.9808147 0.37793916 96
nan nan nan 0
-0.0093166791 -1.8262508 0.21966147 15
-0.30489531 -1.631438 0.02836016 95
-0.01094093 -1.9370507 0.099699996 64
-0.30342838 -1.6220788 -0.084653407 32
-0.011619541 -1.9393681 -0.033246834 62
-0.30383363 -1.6196004 -0.19775617 27
-0.011251583 -1.9274576 -0.16526555 43
-0.25617963 -1.3633074 -0.26260337 5
-0.0094408002 -1.6471072 -0.25509784 32
-0.18066017 -0.95994359 -0.25201979 16
-0.0068003694 -1.0553594 -0.23545809 62
-0.33299229 -1.7278394 0.39786234 31
-0.013936268 -1.9062845 0.5008086 58
-0.36877626 -1.9159309 0.30314845 82
-0.017347416 -1.9782969 0.37746257 96
-0.31277269 -1.6264372 0.14184597 23
-0.018820269 -1.818733 0.21874875 15
-0.31343326 -1.6298193 0.02836016 98
-0.021061756 -1.9344702 0.099569149 61
-0.31429067 -1.6327231 -0.085307606 54
-0.021773843 -1.9392806 -0.033246834 62
-0.31230965 -1.6179874 -0.19775617 21
-0.021343527 -1.9273722 -0.16526555 46
-0.26331437 -1.3619473 -0.26260337 5
-0.018004097 -1.6396277 -0.25392589 15
-0.18382908 -0.94950408 -0.24943499 16
-0.012308243 -1.0528733 -0.23489612 74
-0.344585 -1.7727389 0.40853944 31
-0.017231306 -1.9014273 0.49951619 58
-0.36880669 -1.8983197 0.30041385 92
-0.020780036 -1.9758096 0.37698597 96
-0.31561092 -1.6258887 0.14184597 23
-0.022065982 -1.8261411 0.21966147 15
-0.31867281 -1.641536 0.028578313 74
-0.024412302 -1.9319342 0.099438317 54
-0.31666088 -1.6297218 -0.085176766 28
-0.02510527 -1.9342408 -0.033159569 63
-0.31513309 -1.6174397 -0.19775617 21
-0.024655232 -1.9223512 -0.16483064 47
-0.26474437 -1.3566695 -0.26165017 5
-0.020841194 -1.6371245 -0.25353521 22
-0.18501817 -0.94681257 -0.24878879 17
-0.014212159 -1.060158 -0.236582 88
-0.36185533 -1.8090601 0.41753069 35
-0.026871596 -1.8747473 0.49240795 45
nan nan nan 0
-0.031157998 -1.9781275 0.37746257 96
-0.32608017 -1.633981 0.14271753 6
-0.031516857 -1.8185573 0.21874875 16
nan nan nan 0
-0.034527507 -1.9317799 0.099438317 52
nan nan nan 0
-0.035153143 -1.9290843 -0.033072308 62
nan nan nan 0
-0.034759376 -1.924686 -0.16504809 45
-0.27281606 -1.360076 -0.26260337 5
nan nan nan 0
-0.19045335 -0.9481976 -0.24943499 16
-0.019693188 -1.0551976 -0.23545809 83
-0.36808452 -1.8252017 0.42146435 37
-0.030505246 -1.9012606 0.49951619 57
-0.36342332 -1.8037332 0.28556895 21
-0.034610432 -1.9780701 0.37746257 96
-0.32893154 -1.6334094 0.14271753 19
-0.03477307 -1.8234617 0.21935724 16
nan nan nan 0
-0.037899043 -1.9317168 0.099438317 53
nan nan nan 0
-0.038564034 -1.9315192 -0.033115938 62
nan nan nan 0
-0.03811853 -1.9246224 -0.16504809 44
-0.27322894 -1.3499789 -0.26069701 2
nan nan nan 0
-0.19065487 -0.94076592 -0.24749638 17
-0.021613048 -1.0600328 -0.236582 62
-0.39683688 -1.913806 0.44281852 98
-0.040414236 -1.8986601 0.49886999 54
-0.35375434 -1.7099389 0.27072406 26
-0.044967063 -1.9778618 0.37746257 96
-0.34508699 -1.6682392 0.14598587 13
-0.044211913 -1.8182929 0.21874875 16
nan nan nan 0
-0.047956716 -1.9289957 0.09930747 55
nan nan nan 0
-0.04873402 -1.9337898 -0.033159569 61
-0.34196806 -1.6474761 -0.20201553 8
-0.04802575 -1.9169269 -0.16439573 49
nan nan nan 0
-0.041387681 -1.6614345 -0.25744176 35
-0.19806184 -0.9515717 -0.25072739 15
-0.027163049 -1.0599052 -0.236582 41
-0.40184519 -1.9227163 0.44506633 95
-0.043678228 -1.8961722 0.49822378 58
-0.35673818 -1.7093189 0.27072406 30
-0.048201434 -1.9679661 0.37555617 95
-0.34237245 -1.6408229 0.14358908 25
-0.047268435 -1.8132514 0.21814027 16
nan nan nan 0
-0.051202253 -1.9239174 0.099045791 56
nan nan nan 0
-0.051863011 -1.9237064 -0.032985047 58
-0.34791043 -1.6614456 -0.20384097 8
-0.051432196 -1.9193299 -0.16461319 49
nan nan nan 0
-0.044346407 -1.6638284 -0.25783244 35
-0.19771881 -0.94177443 -0.24814259 16
-0.028900659 -1.0549855 -0.23545809 37
-0.41172865 -1.9181328 0.44450441 96
-0.052670285 -1.859704 0.48853073 58
-0.36776209 -1.7170833 0.27228668 31
-0.058236018 -1.9578739 0.37364981 37
-0.35515252 -1.6584854 0.1453322 22
-0.05704771 -1.8229008 0.21935724 15
-0.35117957 -1.6400031 0.028665574 39
-0.06134874 -1.9261185 0.099176638 56
-0.34841493 -1.6257831 -0.085307606 34
-0.062009346 -1.9259069 -0.033028677 61
-0.35084137 -1.6329211 -0.20049432 11
-0.0616288 -1.9240131 -0.16504809 51
-0.25178066 -1.1714462 -0.22590563 4
-0.053129505 -1.6660416 -0.25822309 35
-0.20418693 -0.94780594 -0.25008118 16
-0.034699596 -1.0645598 -0.2377059 41
-0.41525838 -1.9198639 0.44506633 96
-0.056115761 -1.8668514 0.49046931 74
-0.37075841 -1.7164389 0.27228668 31
-0.056646589 -1.7860516 0.34028822 6
-0.40401959 -1.869602 0.16428858 68
-0.060153402 -1.8203181 0.21905299 15
-0.35457179 -1.6418304 0.028709207 21
-0.064710356 -1.9260085 0.099176638 55
nan nan nan 0
-0.065291643 -1.9232974 -0.032985047 63
-0.35263443 -1.6274571 -0.19988585 23
-0.064908512 -1.9214133 -0.16483064 48
-0.29990566 -1.381997 -0.2678459 8
-0.056113482 -1.6684145 -0.25861374 36
-0.20325404 -0.93565321 -0.24685018 17
-0.036484431 -1.0620627 -0.23714393 38
-0.42457944 -1.9128339 0.44394243 98
-0.062958308 -1.7772237 0.46655974 53
-0.38081363 -1.7192948 0.27306798 31
-0.065069512 -1.7587508 0.33504567 36
-0.4154267 -1.8747538 0.16494223 75
-0.069594935 -1.8174983 0.21874875 16
-0.361534 -1.6326315 0.028578313 37
-0.075340271 -1.9406128 0.099961676 62
-0.41676193 -1.8791778 -0.099045791 77
-0.075361066 -1.9229293 -0.032985047 64
-0.3579056 -1.611058 -0.19806041 31
-0.074876808 -1.9185582 -0.16461319 50
-0.30660141 -1.3780128 -0.2673693 9
-0.064759277 -1.6656301 -0.25822309 35
-0.20920973 -0.93928862 -0.24814259 16
-0.04247418 -1.0740297 -0.23995371 37
-0.42918527 -1.9192951 0.44562832 98
-0.065893166 -1.772284 0.46526733 59
-0.38219154 -1.7113994 0.27189603 32
-0.067961715 -1.7537295 0.3340925 47
-0.41815272 -1.8715959 0.16472435 72
-0.073139332 -1.8272927 0.21996571 15
-0.36711997 -1.6441928 0.02879647 23
-0.07901337 -1.9479624 0.10035419 99
-0.4211354 -1.8833194 -0.09930747 76
-0.079006255 -1.930288 -0.033115938 63
-0.36126202 -1.6128517 -0.19836466 31
-0.078416422 -1.9234021 -0.16504809 51
-0.30576381 -1.3631121 -0.26450974 9
-0.06747926 -1.6605796 -0.25744176 36
-0.21084876 -0.93892205 -0.24814259 18
-0.044438772 -1.0763884 -0.24051565 41
-0.43956333 -1.9169449 0.44562832 96
-0.075460106 -1.7791541 0.46720597 30
-0.39059368 -1.7069683 0.27150536 34
-0.077447705 -1.7607057 0.33552229 23
-0.43129528 -1.8839436 0.16603169 77
-0.082812041 -1.8293638 0.22026995 17
-0.37572387 -1.642248 0.02879647 22
-0.090513319 -1.9774528 0.10192427 99
-0.43155056 -1.8835216 -0.099438317 73
-0.088783696 -1.9223562 -0.032985047 64
-0.37025964 -1.6133559 -0.19866888 31
-0.088051669 -1.9130125 -0.16417827 56
-0.31510842 -1.3710566 -0.26641613 8
-0.0763859 -1.6651374 -0.25822309 35
-0.21630819 -0.94015765 -0.24878879 16
-0.05038267 -1.0834424 -0.24220152 42
-0.44147295 -1.9115061 0.44450441 96
-0.082877636 -1.8827769 0.49499276 58
-0.39078447 -1.6942563 0.26955208 35
-0.0805206 -1.7605679 0.33552229 21
-0.43289569 -1.8759094 0.16537802 67
-0.086004749 -1.8292166 0.22026995 16
-0.37858957 -1.6415898 0.02879647 23
-0.09362603 -1.9698098 0.10153175 99
-0.43427306 -1.8803333 -0.09930747 76
-0.092138708 -1.9221984 -0.032985047 65
-0.37363693 -1.6151242 -0.19897313 31
-0.091390371 -1.9128559 -0.16417827 57
-0.31415847 -1.356164 -0.26355657 8
-0.079070553 -1.6600679 -0.25744176 36
-0.21794875 -0.93977869 -0.24878879 15
-0.052487768 -1.0882201 -0.24332541 43
-0.45349863 -1.9161996 0.44619027 96
-0.091944188 -1.8654301 0.49046931 58
-0.39965016 -1.692187 0.26955208 76
-0.089856364 -1.7625735 0.33599886 24
-0.44386202 -1.8784635 0.1658138 71
-0.095211156 -1.8213062 0.21935724 16
-0.38775679 -1.6420171 0.028840099 23
-0.10431622 -1.9767727 0.10192427 99
-0.44526625 -1.8828918 -0.099569149 76
-0.1023289 -1.9241858 -0.033028677 65
-0.38381246 -1.6203876 -0.19988585 30
-0.10178278 -1.919813 -0.16483064 57
-0.3235333 -1.3640491 -0.26546293 7
-0.087514251 -1.6546988 -0.25666046 36
-0.22117876 -0.93157887 -0.24685018 17
-0.058424629 -1.0927966 -0.24444932 43
-0.457075 -1.9178537 0.44675222 96
-0.095785514 -1.8773279 0.49370036 58
-0.40317738 -1.6938885 0.26994276 45
-0.0929325 -1.762414 0.33599886 32
-0.44887775 -1.8849527 0.16646747 69
-0.098134376 -1.8161809 0.21874875 16
-0.39062208 -1.6413379 0.028840099 21
-0.10750572 -1.9716012 0.10166259 98
-0.44855183 -1.8821118 -0.099569149 72
-0.10542458 -1.9190121 -0.032941416 68
-0.38490343 -1.6124765 -0.19897313 31
-0.10474229 -1.9121712 -0.16417827 57
-0.32533976 -1.3610963 -0.26498634 7
-0.090657987 -1.6594754 -0.25744176 36
-0.22393762 -0.93588662 -0.24814259 15
-0.060455926 -1.0951258 -0.24501128 46
-0.46628517 -1.9106208 0.44562832 95
-0.10522453 -1.869566 0.49176171 58
-0.41028023 -1.6845587 0.26877078 65
-0.10243058 -1.766804 0.33695206 31
-0.45814919 -1.8801574 0.16624957 64
-0.10778316 -1.8181196 0.21905299 16
-0.39980486 -1.6416981 0.028883731 19
-0.11696781 -1.9560566 0.10087755 96
-0.45840037 -1.8797374 -0.099569149 72
-0.11575964 -1.9234245 -0.033028677 69
-0.39393252 -1.6128489 -0.19927737 29
-0.11475291 -1.9115965 -0.16417827 55
-0.33304819 -1.3617573 -0.26546293 7
-0.098923147 -1.6515824 -0.25626981 37
-0.22709802 -0.92766738 -0.24620397 17
-0.06687329 -1.1069551 -0.24782103 47
-0.4681187 -1.9051558 0.44450441 96
-0.10875532 -1.8742021 0.49305412 70
-0.41203749 -1.6790451 0.26798946 79
-0.10509411 -1.7592721 0.33552229 31
-0.46321851 -1.8866091 0.16690324 67
-0.11081122 -1.8154516 0.21874875 17
-0.40326792 -1.6434247 0.028927362 18
-0.11905295 -1.9334196 0.099699996 70
-0.46168041 -1.8789345 -0.099569149 70
-0.11867045 -1.9157341 -0.032897785 67
-0.39912957 -1.6217942 -0.20049432 28
-0.1182368 -1.9138795 -0.16439573 58
-0.33601481 -1.3635559 -0.26593953 7
-0.10195071 -1.653872 -0.25666046 36
-0.22813374 -0.92492604 -0.24555777 16
-0.069228418 -1.1141325 -0.24950691 48
-0.48140138 -1.9144047 0.44731417 98
-0.11783412 -1.8615541 0.48982313 34
-0.4220306 -1.6816534 0.26877078 84
-0.11399853 -1.753799 0.3345691 22
-0.47187275 -1.879328 0.16646747 68
-0.12015737 -1.8123701 0.21844451 17
-0.41003415 -1.6340194 0.02879647 20
-0.12821059 -1.9178214 0.098914951 70
-0.47151214 -1.8764913 -0.099569149 71
-0.12869953 -1.9150865 -0.032897785 67
-0.40700752 -1.6172765 -0.2001901 28
-0.12793475 -1.9082636 -0.16396083 59
-0.34314972 -1.3617779 -0.26593953 7
-0.11032034 -1.6533349 -0.25666046 36
-0.23237818 -0.92137831 -0.24491157 16
-0.074753411 -1.1088924 -0.248383 45
-0.48320785 -1.9089242 0.44619027 95
-0.11987656 -1.8420631 0.48465347 31
-0.42467159 -1.6809884 0.26877078 87
-0.11831603 -1.7731903 0.33838186 15
-0.47699115 -1.885743 0.16712113 67
-0.12348966 -1.8196076 0.21935724 16
-0.41411597 -1.6381466 0.028883731 20
-0.13122293 -1.9176177 0.098914951 69
-0.47417155 -1.873246 -0.099438317 71
-0.13237399 -1.9198471 -0.032985047 67
-0.40893531 -1.6142305 -0.19988585 29
-0.13143015 -1.9105225 -0.16417827 60
-0.34431192 -1.3564211 -0.26498634 6
-0.11352967 -1.6580678 -0.25744176 36
-0.23578405 -0.92798978 -0.24685018 16
-0.077440925 -1.1233592 -0.2517547 51
-0.49503347 -1.9134413 0.44787613 96
-0.12740552 -1.8149277 0.47754523 33
-0.43408731 -1.681132 0.26916143 89
-0.12847579 -1.7897067 0.34171802 10
-0.48527908 -1.8784832 0.16668536 67
-0.13353983 -1.8263617 0.22026995 17
-0.42365712 -1.6408687 0.028970992 18
-0.14161697 -1.9218847 0.099176638 67
-0.48522854 -1.8755703 -0.099699996 72
-0.14173204 -1.9141661 -0.032897785 68
-0.41863105 -1.6168702 -0.20049432 28
-0.14107566 -1.9048398 -0.16374336 61
-0.352411 -1.3594105 -0.26593953 6
-0.12186002 -1.6525244 -0.25666046 37
-0.24108922 -0.9291209 -0.24749638 15
-0.083151378 -1.1205082 -0.25119275 48
-0.49590623 -1.9031476 0.44562832 96
-0.13023858 -1.8098842 0.47625282 37
-0.43577257 -1.6755935 0.26838014 89
-0.13435011 -1.8237282 0.34839034 9
-0.48855695 -1.8776333 0.16668536 64
-0.13601066 -1.8162261 0.21905299 17
-0.42743874 -1.6424706 0.029014623 19
-0.14497107 -1.9216346 0.099176638 73
-0.48976499 -1.8795512 -0.099961676 69
-0.14562185 -1.9213943 -0.033028677 73
-0.42019472 -1.6113362 -0.19988585 29
-0.1449472 -1.9120421 -0.16439573 60
-0.35353675 -1.354046 -0.26498634 6
-0.12456492 -1.6498466 -0.25626981 36
-0.24287257 -0.9286564 -0.24749638 14
-0.085630685 -1.1276507 -0.25287861 46
-0.50808376 -1.9074967 0.44731417 96
-0.14002903 -1.809153 0.47625282 43
-0.444832 -1.6732112 0.26838014 87
-0.14389725 -1.8229998 0.34839034 20
-0.49870872 -1.8749624 0.16668536 65
-0.14641295 -1.8228855 0.21996571 16
-0.435388 -1.6377951 0.028970992 20
-0.15497506 -1.9158443 0.098914951 77
-0.49959955 -1.8769611 -0.099961676 69
-0.15562233 -1.9155947 -0.032941416 73
-0.43083215 -1.6162301 -0.20079857 29
-0.1545658 -1.9062912 -0.16396083 62
-0.36212966 -1.3568541 -0.26593953 6
-0.13348959 -1.6491483 -0.25626981 37
-0.24710372 -0.92503995 -0.24685018 17
-0.091355108 -1.1223134 -0.2517547 37
-0.51107943 -1.9066962 0.44731417 96
-0.14244862 -1.7992738 0.47366801 32
-0.44967511 -1.6795861 0.26955208 79
-0.14899145 -1.8472127 0.35315627 20
-0.50392044 -1.8813046 0.16733903 64
-0.14920056 -1.81768 0.21935724 17
-0.43954393 -1.6418606 0.029058255 17
-0.15891795 -1.9230365 0.09930747 72
-0.50352335 -1.878497 -0.10009251 68
-0.15936723 -1.9203031 -0.033028677 69
-0.43300635 -1.6130798 -0.20049432 30
-0.15769292 -1.9035362 -0.16374336 68
-0.36385712 -1.3538507 -0.26546293 6
-0.13676117 -1.6538358 -0.25705114 36
-0.25061375 -0.93159992 -0.24878879 17
-0.094273649 -1.1342944 -0.25456446 35
-0.52397072 -1.9132986 0.44956198 96
-0.15206465 -1.8009104 0.47431418 37
-0.45846322 -1.6772085 0.26955208 73
-0.15927358 -1.8537443 0.35458606 50
-0.51244539 -1.873837 0.16690324 50
-0.15913542 -1.8218188 0.21996571 18
-0.44747293 -1.6371261 0.029014623 14
-0.16855909 -1.9172031 0.099045791 67
-0.51136833 -1.8686126 -0.099699996 65
-0.16877785 -1.9119712 -0.032897785 69
-0.44144639 -1.6107905 -0.20049432 29
-0.16808307 -1.9076471 -0.16417827 70
-0.37094083 -1.351927 -0.26546293 7
-0.14499946 -1.6481763 -0.25626981 36
-0.25419983 -0.9256199 -0.24749638 17
-0.10082555 -1.1410675 -0.25625032 31
-0.52567679 -1.9077774 0.44843808 98
-0.15420137 -1.788609 0.47108319 78
-0.45875856 -1.6668857 0.26798946 47
-0.17125924 -1.9561657 0.374603 95
-0.51571512 -1.8729397 0.16690324 36
-0.16188662 -1.8165941 0.21935724 19
-0.45166138 -1.6411613 0.029101888 13
-0.17147066 -1.9119318 0.098784111 69
-0.51462883 -1.8677173 -0.099699996 64
-0.17276949 -1.9191438 -0.033028677 71
-0.44425708 -1.6100177 -0.20049432 28
-0.17119524 -1.9048699 -0.16396083 71
-0.37329981 -1.3512775 -0.26546293 6
-0.14787585 -1.6479207 -0.25626981 36
-0.2571114 -0.92982763 -0.24878879 17
-0.1034437 -1.1481708 -0.25793618 27
-0.53599113 -1.9049054 0.44843808 96
-0.16441971 -1.7973993 0.47366801 45
-0.46144766 -1.6430717 0.26447359 44
-0.18149932 -1.9552422 0.374603 95
-0.5261907 -1.8726106 0.16712113 35
-0.17230423 -1.8256055 0.2205742 18
-0.45821273 -1.6315565 0.028970992 14
-0.18170932 -1.9134939 0.098914951 67
-0.52507913 -1.8673997 -0.099830829 69
-0.18281566 -1.9182129 -0.033028677 76
-0.45268101 -1.6076694 -0.20049432 28
-0.18139677 -1.9064273 -0.16417827 71
-0.37702477 -1.3374985 -0.26307997 6
-0.15650228 -1.6471238 -0.25626981 37
-0.26395765 -0.93543762 -0.25072739 17
-0.10989733 -1.1524653 -0.25906011 24
-0.5403142 -1.9087478 0.44956198 96
-0.16559415 -1.775463 0.46785215 22
-0.46364021 -1.6398883 0.26408291 51
-0.18558782 -1.9622537 0.37603277 95
-0.52809787 -1.8668979 0.16668536 37
-0.17502752 -1.8203609 0.21996571 19
-0.46174231 -1.6331589 0.029014623 12
-0.18457969 -1.9082025 0.098653272 70
-0.52697307 -1.8616775 -0.099569149 67
-0.18569197 -1.9129139 -0.032941416 75
-0.45480689 -1.6044904 -0.2001901 30
-0.18472384 -1.9061078 -0.16417827 70
-0.3820512 -1.3462784 -0.26498634 6
-0.1591457 -1.6443896 -0.25587916 38
-0.2635965 -0.92800999 -0.24878879 17
-0.11281206 -1.161974 -0.2613079 23
-0.54791987 -1.8964378 0.44731417 96
-0.1739656 -1.7649556 0.46526733 31
-0.46741238 -1.6208354 0.26134834 47
-0.19514495 -1.9539274 0.374603 95
-0.53925097 -1.8688915 0.16712113 37
-0.18480076 -1.8218888 0.22026995 18
-0.47028711 -1.6307188 0.029014623 15
-0.19456843 -1.90721 0.098653272 70
-0.54018778 -1.8708824 -0.10022335 68
-0.1954567 -1.9094282 -0.032897785 73
-0.46527728 -1.6092359 -0.20110281 28
-0.19494897 -1.9075927 -0.16439573 69
-0.38772398 -1.3395467 -0.26403317 6
-0.16824143 -1.6484482 -0.25666046 37
-0.26980513 -0.93125373 -0.25008118 15
-0.11913311 -1.1637917 -0.26186985 20
-0.55158025 -1.8979133 0.44787613 96
-0.17681095 -1.7622458 0.46462116 33
-0.47231352 -1.6271291 0.26252028 43
-0.19831245 -1.9511416 0.3741264 95
-0.54111826 -1.8631656 0.16668536 36
-0.18822888 -1.8240324 0.2205742 18
-0.47173366 -1.6250961 0.028927362 15
-0.19739312 -1.9018999 0.098391593 71
-0.54415125 -1.8723334 -0.10035419 68
-0.1982829 -1.9041107 -0.032810524 74
-0.46669316 -1.6036578 -0.20049432 29
-0.19777469 -1.902294 -0.16396083 70
-0.39213023 -1.3459338 -0.26546293 6
-0.17062174 -1.6432385 -0.25587916 37
-0.27143008 -0.93078142 -0.25008118 16
-0.12043577 -1.1563103 -0.26018399 17
-0.56323028 -1.8995709 0.44900003 96
-0.1845511 -1.7468817 0.4607439 28
-0.47941986 -1.6198996 0.26173899 36
-0.20903634 -1.9549583 0.3750796 95
-0.55299461 -1.8674687 0.16733903 36
-0.19646922 -1.8106838 0.21905299 19
-0.48379627 -1.6345841 0.029145516 18
-0.20761356 -1.9033227 0.098522432 70
-0.55323565 -1.8670655 -0.10022335 62
-0.20984635 -1.9179589 -0.033072308 72
-0.47791743 -1.6107048 -0.20171128 28
-0.20799696 -1.9037087 -0.16417827 71
-0.3977682 -1.3391589 -0.26450974 6
-0.17896223 -1.6398673 -0.25548851 36
-0.27837825 -0.93628812 -0.25201979 18
-0.12699947 -1.160509 -0.2613079 12
-0.56551498 -1.8963501 0.44843808 96
-0.18558691 -1.7273419 0.45557427 18
-0.50205672 -1.6853017 0.27267733 55
-0.21270755 -1.9570308 0.37555617 95
-0.55339879 -1.8569565 0.16646747 35
-0.19989501 -1.8128054 0.21935724 19
-0.48664841 -1.6337373 0.029145516 12
-0.21147355 -1.9079213 0.098784111 69
-0.555062 -1.8613137 -0.099961676 63
-0.21265271 -1.9126199 -0.032985047 74
-0.47859004 -1.6027375 -0.20079857 28
-0.21078129 -1.8983909 -0.16374336 72
-0.40081093 -1.340813 -0.26498634 6
-0.18262026 -1.6469173 -0.25666046 36
-0.27861831 -0.93117619 -0.25072739 16
-0.12928444 -1.1627077 -0.26186985 9
-0.57647794 -1.8955927 0.44900003 96
-0.19357195 -1.7167442 0.45298943 18
-0.50655466 -1.6684778 0.27033341 52
-0.2226793 -1.9534513 0.3750796 95
-0.56674445 -1.865945 0.16755693 40
-0.21022028 -1.819131 0.22026995 19
-0.4944672 -1.6287758 0.029101888 11
-0.22174264 -1.9092687 0.098914951 69
-0.56552839 -1.8607697 -0.10009251 61
-0.22181401 -1.9040296 -0.032854151 76
-0.48987567 -1.6097022 -0.20201553 27
-0.22043638 -1.8947868 -0.16352591 72
-0.40638921 -1.3340026 -0.26403317 6
-0.1915192 -1.6483921 -0.25705114 37
-0.28065443 -0.92046994 -0.24814259 15
-0.13400865 -1.149911 -0.25906011 9
-0.57945478 -1.8946848 0.44900003 96
-0.19495776 -1.7020034 0.44911221 19
-0.514534 -1.6841165 0.27306798 43
-0.22608837 -1.9530597 0.3750796 95
-0.56707937 -1.8554288 0.16668536 53
-0.21226273 -1.8089005 0.21905299 19
-0.5002408 -1.6374694 0.02927641 10
-0.22421506 -1.9014385 0.098522432 71
-0.56950766 -1.8621666 -0.10022335 62
-0.22600004 -1.9110887 -0.032985047 75
-0.4919551 -1.606473 -0.20171128 26
-0.22431557 -1.8993471 -0.16396083 72
-0.41088414 -1.3403276 -0.26546293 6
-0.19467843 -1.6505084 -0.25744176 36
-0.28511229 -0.92920834 -0.25072739 16
-0.13601542 -1.1496755 -0.25906011 9
-0.59333372 -1.9031465 0.45180979 96
-0.20190021 -1.6841687 0.44458878 24
-0.52334493 -1.6813992 0.27306798 39
-0.2354435 -1.944538 0.37364981 95
-0.57678652 -1.852434 0.16668536 49
-0.22321095 -1.8200828 0.2205742 18
-0.50880772 -1.6348276 0.02927641 10
-0.23446736 -1.902717 0.098653272 74
-0.58073992 -1.863925 -0.10048503 60
-0.23510112 -1.9024346 -0.032854151 73
-0.50110143 -1.6062431 -0.20201553 26
-0.23485583 -1.9030915 -0.16439573 71
-0.41863117 -1.3404994 -0.26593953 6
-0.20302238 -1.6470149 -0.25705114 36
-0.28707364 -0.9184882 -0.24814259 16
-0.14232248 -1.1513664 -0.25962204 8
-0.59559155 -1.8998883 0.45124781 96
-0.20597981 -1.6934063 0.44717363 27
-0.53072155 -1.6946172 0.2754119 36
-0.2367821 -1.9270684 0.37031367 67
-0.57628465 -1.8395454 0.16559592 20
-0.22608699 -1.8172271 0.22026995 18
-0.51016104 -1.6291679 0.029189149 10
-0.23718022 -1.897349 0.098391593 72
-0.58249408 -1.8581454 -0.10022335 59
-0.23842114 -1.9020214 -0.032854151 74
-0.50315833 -1.6029993 -0.20171128 25
-0.23756994 -1.8977349 -0.16396083 75
-0.42244771 -1.3444474 -0.26689273 6
-0.20589666 -1.6466579 -0.25705114 36
-0.29086336 -0.9248929 -0.25008118 19
-0.14315777 -1.141443 -0.25737423 8
-0.60363179 -1.8896788 0.44956198 95
-0.21543895 -1.6970979 0.44846603 29
-0.54410398 -1.7059255 0.27775586 31
-0.22512077 -1.75292 0.33647546 26
-0.58742702 -1.8412465 0.16603169 20
-0.23685144 -1.8258648 0.22148691 17
-0.51944631 -1.628855 0.02923278 10
-0.24869539 -1.9084629 0.099045791 70
-0.59297675 -1.8574475 -0.10035419 56
-0.24837679 -1.9007471 -0.032854151 78
-0.5115447 -1.6003428 -0.20171128 25
-0.24687026 -1.8915243 -0.16352591 75
-0.4272283 -1.3352077 -0.26546293 6
-0.21451567 -1.6455574 -0.25705114 35
-0.29421994 -0.91876024 -0.24878879 17
-0.14974467 -1.1455113 -0.25849813 8
-0.60809356 -1.8933655 0.45068586 95
-0.21960798 -1.7063037 0.45105085 32
-0.54405302 -1.6955717 0.27619323 24
-0.22507423 -1.7281802 0.33170953 28
-0.59445667 -1.8520714 0.16712113 20
-0.24035527 -1.8279098 0.22179115 17
-0.52458709 -1.6350839 0.029363673 10
-0.25138366 -1.9030741 0.098784111 71
-0.60004616 -1.8682913 -0.10100839 58
-0.25266096 -1.907747 -0.032985047 78
-0.51509935 -1.601809 -0.20201553 25
-0.2511335 -1.8984998 -0.16417827 73
-0.42955804 -1.3344601 -0.26546293 6
-0.21707064 -1.6427315 -0.25666046 35
-0.29582304 -0.91824532 -0.24878879 19
-0.15174375 -1.1452482 -0.25849813 8
-0.61832869 -1.8900477 0.45068586 96
-0.22822471 -1.7027359 0.45040461 35
nan nan nan 0
-0.23282664 -1.7172471 0.32980317 23
-0.60492182 -1.8513001 0.16733903 60
-0.24827118 -1.8143295 0.22026995 19
-0.53703439 -1.6441909 0.029581826 9
-0.26201278 -1.9066801 0.099045791 76
-0.60904211 -1.8627516 -0.10087755 56
-0.26264644 -1.9063979 -0.032985047 82
-0.52425385 -1.6014475 -0.20231977 24
-0.26040316 -1.8922228 -0.16374336 73
-0.43500465 -1.3275304 -0.26450974 6
-0.22599852 -1.6440197 -0.25705114 35
-0.29986978 -0.91439044 -0.24814259 16
-0.15838419 -1.149267 -0.25962204 8
-0.62129676 -1.8890741 0.45068586 96
-0.23119619 -1.702335 0.45040461 45
nan nan nan 0
-0.23484078 -1.7095414 0.32837337 31
-0.61283153 -1.8644328 0.16864637 57
-0.25177205 -1.8163521 0.2205742 18
-0.53912044 -1.6408772 0.029538197 9
-0.26466337 -1.9012729 0.098784111 76
-0.61385679 -1.8664274 -0.10113923 55
-0.26427492 -1.8935542 -0.03276689 78
-0.52704817 -1.6005299 -0.20231977 24
-0.26438129 -1.8967004 -0.16417827 74
-0.43809235 -1.3290988 -0.26498634 6
-0.22819985 -1.6387296 -0.25626981 36
-0.30450964 -0.9230336 -0.25072739 17
-0.15908085 -1.139333 -0.25737423 8
-0.6330601 -1.8903033 0.45180979 96
-0.23878202 -1.6915321 0.4478198 45
-0.63149983 -1.8877834 0.30939892 95
-0.24310811 -1.7034276 0.32742018 24
-0.62258524 -1.8611984 0.16864637 55
-0.26093146 -1.812552 0.22026995 19
-0.54770458 -1.638032 0.029538197 10
-0.27461475 -1.899861 0.098784111 78
-0.62123692 -1.8560874 -0.10074671 57
-0.27489117 -1.8970939 -0.032854151 78
-0.53700334 -1.6024524 -0.20292826 25
-0.27430874 -1.8952901 -0.16417827 72
-0.44426188 -1.3244611 -0.26450974 6
-0.23643039 -1.6350673 -0.25587916 36
-0.30933845 -0.92142659 -0.25072739 18
-0.1660638 -1.1457211 -0.25906011 7
-0.63758743 -1.8939224 0.45293367 96
-0.24039285 -1.6815462 0.44523498 32
-0.63716263 -1.8936971 0.3105709 95
-0.24711433 -1.7102901 0.32884994 9
-0.62503636 -1.8577493 0.16842848 55
-0.26374274 -1.8096375 0.21996571 18
-0.54896396 -1.6323367 0.029450934 9
-0.27864155 -1.9043211 0.099045791 80
-0.62607306 -1.8597312 -0.10100839 54
-0.27784485 -1.8941373 -0.032810524 78
-0.54218483 -1.6085643 -0.20384097 25
-0.27690578 -1.8898784 -0.16374336 74
-0.44736049 -1.3260081 -0.26498634 7
-0.2399856 -1.6395407 -0.25666046 36
-0.31016907 -0.91859865 -0.25008118 16
-0.16703096 -1.1381947 -0.25737423 6
-0.64703327 -1.8881415 0.45237175 96
-0.24954182 -1.6826543 0.44588119 27
-0.64626735 -1.8879998 0.31018025 96
-0.25678048 -1.7138289 0.32980317 9
-0.6371811 -1.8615177 0.16908213 51
-0.27394363 -1.8131407 0.2205742 19
-0.55831504 -1.6318041 0.029494565 9
-0.28860864 -1.9028361 0.099045791 79
-0.63742429 -1.8611498 -0.10127007 56
-0.28590918 -1.880296 -0.032592367 79
-0.55140728 -1.6080499 -0.20414522 24
-0.2864292 -1.8859395 -0.16352591 68
-0.45349744 -1.3213274 -0.26450974 6
-0.24820317 -1.6358194 -0.25626981 36
-0.31497455 -0.91696203 -0.25008118 19
-0.17334491 -1.1397142 -0.25793618 5
-0.64920282 -1.8848202 0.45180979 96
-0.25423804 -1.6941625 0.44911221 42
-0.64956158 -1.886869 0.31018025 96
-0.25940979 -1.7109506 0.32932657 10
-0.63880336 -1.8556947 0.16864637 58
-0.2763699 -1.8077521 0.21996571 19
-0.55953044 -1.6261017 0.029407302 9
-0.29043773 -1.8924552 0.098522432 79
-0.64148688 -1.8623942 -0.10140091 56
-0.2899389 -1.884737 -0.032679629 55
-0.55421305 -1.607085 -0.20414522 25
-0.29046521 -1.8903615 -0.16396083 70
-0.45419523 -1.3158963 -0.26355657 6
-0.24995396 -1.6280586 -0.25509784 34
-0.32053962 -0.92781651 -0.2533122 15
-0.17425111 -1.1321826 -0.25625032 3
-0.66100699 -1.8858763 0.45293367 96
-0.26419854 -1.6999704 0.45105085 38
-0.66188669 -1.8904313 0.31135219 95
-0.2687389 -1.7119945 0.32980317 12
-0.65098655 -1.8593738 0.16930003 55
-0.28659496 -1.811184 0.2205742 19
-0.57052171 -1.6302251 0.029538197 9
-0.30072838 -1.8933752 0.098653272 79
-0.64957428 -1.8542991 -0.10113923 56
-0.2978676 -1.8708459 -0.032461476 36
-0.56179619 -1.6018203 -0.20384097 25
-0.29958844 -1.8838938 -0.16352591 67
-0.46271092 -1.3181292 -0.26450974 6
-0.25885573 -1.6291672 -0.25548851 36
-0.32217342 -0.9170177 -0.25072739 14
-0.18129733 -1.1384763 -0.25793618 2
-0.66559172 -1.8894296 0.4540576 96
-0.26900831 -1.7114402 0.45428187 42
-0.66600734 -1.8916016 0.31174287 95
-0.2698344 -1.6993989 0.32742018 71
-0.65257221 -1.8535382 0.16886425 57
-0.28859752 -1.8033276 0.21966147 20
-0.57586306 -1.6362977 0.029669089 11
-0.30481273 -1.8977792 0.098914951 78
-0.65364134 -1.8555164 -0.10127007 51
-0.30191532 -1.8752606 -0.032548737 36
-0.5637632 -1.5984982 -0.20353673 25
-0.30209678 -1.8784484 -0.163091 73
-0.46255079 -1.3103803 -0.26307997 6
-0.26285374 -1.6360302 -0.25666046 35
-0.32458231 -0.91872954 -0.25137359 14
-0.18252861 -1.133345 -0.25681227 2
-0.67415673 -1.8812157 0.45293367 95
-0.27910906 -1.7171626 0.45622048 40
-0.67506814 -1.8857645 0.31135219 94
-0.27951086 -1.7028081 0.32837337 99
-0.66226828 -1.8500959 0.16886425 55
-0.2992323 -1.8091391 0.2205742 19
-0.58104414 -1.6238497 0.029494565 10
-0.31393921 -1.8912295 0.098653272 77
-0.66334784 -1.8520685 -0.10127007 53
-0.30930367 -1.8588539 -0.032286949 77
-0.57380545 -1.6001943 -0.20414522 25
-0.31192815 -1.8768408 -0.163091 76
-0.47023761 -1.3102492 -0.26355657 6
-0.27022305 -1.6273204 -0.25548851 36
-0.3285675 -0.91474622 -0.25072739 18
-0.1888506 -1.1347783 -0.25737423 2
-0.67876607 -1.8847369 0.4540576 96
-0.28056449 -1.7071365 0.45363566 37
-0.67835838 -1.8845834 0.31135219 94
-0.28248242 -1.7023177 0.32837337 14
-0.66887897 -1.8583072 0.1697358 57
-0.30077681 -1.7988204 0.21935724 19
-0.58557492 -1.6275355 0.029581826 10
-0.31764686 -1.8931417 0.098784111 76
-0.66573113 -1.8485599 -0.10113923 54
-0.31867778 -1.895301 -0.032941416 82
-0.57490897 -1.5945234 -0.20353673 26
-0.31398308 -1.8689222 -0.16243863 76
-0.47586831 -1.3186558 -0.26546293 7
-0.27386689 -1.631719 -0.25626981 34
-0.32851392 -0.90963161 -0.24943499 14
-0.19201441 -1.1416585 -0.25906011 2
-0.68979347 -1.8833234 0.45461956 96
-0.29109022 -1.7151723 0.45622048 37
-0.68991798 -1.8856421 0.31213349 95
-0.29220787 -1.7056553 0.32932657 10
-0.67774194 -1.8524415 0.16951792 53
-0.31227103 -1.8094524 0.22087842 18
-0.59322762 -1.6221006 0.029538197 9
-0.32755491 -1.8914526 0.098784111 77
-0.67884272 -1.8544233 -0.10166259 54
-0.32775396 -1.8886788 -0.032854151 89
-0.58667564 -1.6008073 -0.2047537 25
-0.3225055 -1.859888 -0.16178627 35
-0.47852519 -1.3046316 -0.26307997 6
-0.28116244 -1.62296 -0.25509784 35
-0.33327219 -0.90789908 -0.24943499 16
-0.19839655 -1.1430393 -0.25962204 2
-0.6935944 -1.8845227 0.45518148 98
-0.29207367 -1.7027547 0.45298943 37
-0.69149864 -1.8798016 0.31135219 95
-0.29559657 -1.7075622 0.32980317 9
-0.68269795 -1.8559289 0.16995369 55
-0.31458822 -1.8040134 0.22026995 18
-0.5986532 -1.6280979 0.029669089 9
-0.3295821 -1.8834975 0.098391593 79
-0.68034923 -1.8485515 -0.10140091 53
-0.33019805 -1.8831778 -0.03276689 89
-0.58688718 -1.5927985 -0.20384097 25
nan nan nan 0
-0.48335811 -1.3106986 -0.26450974 7
-0.28483263 -1.6273336 -0.25587916 33
-0.33569691 -0.90958005 -0.25008118 16
-0.20121378 -1.1474934 -0.26074594 4
-0.70463634 -1.8830234 0.45574343 96
-0.30181399 -1.7059605 0.45428187 36
-0.70219857 -1.8784673 0.31174287 95
-0.30750749 -1.7229105 0.3331393 9
-0.69065779 -1.8476648 0.16951792 53
-0.32186455 -1.7901249 0.21874875 18
-0.60541487 -1.62026 0.029581826 9
-0.33856472 -1.8768301 0.098129913 50
-0.69264913 -1.8519764 -0.10179343 50
-0.33829865 -1.8715798 -0.032592367 59
-0.60045493 -1.6036412 -0.20566641 24
-0.29486379 -1.6295617 -0.14156298 82
-0.49107856 -1.3104467 -0.26498634 7
-0.29334939 -1.62582 -0.25587916 35
-0.34386471 -0.9168483 -0.252666 16
-0.20764312 -1.148823 -0.2613079 6
-0.70759338 -1.8819141 0.45574343 96
-0.31023201 -1.7363516 0.46268252 31
-0.70808852 -1.884171 0.31291485 95
-0.31051406 -1.7223712 0.3331393 23
-0.69739461 -1.8557785 0.17038947 49
-0.32236463 -1.7749048 0.2169233 9
-0.61000484 -1.623879 0.029669089 9
nan nan nan 0
-0.69764215 -1.8554368 -0.10205511 50
nan nan nan 0
-0.60237622 -1.6002693 -0.20536219 24
-0.30167678 -1.651105 -0.14352009 82
-0.49510151 -1.3141786 -0.26593953 7
-0.29662254 -1.6277362 -0.25626981 36
-0.34289518 -0.90947247 -0.25072739 17
-0.21136001 -1.1580514 -0.26355571 8
-0.71776509 -1.8780581 0.45574343 98
-0.32018119 -1.7394561 0.46397492 37
-0.71617836 -1.8758254 0.31213349 95
-0.32306215 -1.7400343 0.33695206 10
-0.70799243 -1.8544273 0.17060737 51
nan nan nan 0
-0.62207401 -1.6300001 0.029843612 9
nan nan nan 0
-0.70913368 -1.8564211 -0.10231679 48
-0.3080413 -1.6356926 -0.028447421 42
-0.61163574 -1.5994102 -0.20566641 24
-0.30804843 -1.6372586 -0.14243281 12
-0.50109541 -1.3092773 -0.26546293 7
-0.30514124 -1.6261607 -0.25626981 35
-0.3467842 -0.90541095 -0.25008118 17
-0.21521771 -1.1449496 -0.26074594 8
-0.72334039 -1.8837483 0.45742929 96
-0.32321662 -1.7388946 0.46397492 38
-0.72033811 -1.8768772 0.31252417 95
-0.32966635 -1.7587742 0.34076479 10
-0.70943874 -1.8485403 0.17017159 48
nan nan nan 0
-0.62222451 -1.6219137 0.02971272 9
nan nan nan 0
-0.71147555 -1.852851 -0.10218595 48
-0.30813423 -1.6204112 -0.028185636 98
-0.61710507 -1.6052859 -0.20657913 24
-0.30861485 -1.6244786 -0.14134555 43
-0.50337976 -1.3084008 -0.26546293 7
-0.30843192 -1.6280529 -0.25666046 20
-0.35010821 -0.90930843 -0.25137359 16
-0.22255288 -1.173313 -0.26748937 8
-0.73352182 -1.8798071 0.45742929 95
nan nan nan 0
-0.73195344 -1.8776793 0.31330547 95
-0.33566052 -1.7401475 0.33742866 35
-0.71910799 -1.8448004 0.17017159 52
nan nan nan 0
-0.63252836 -1.6232897 0.029799983 9
nan nan nan 0
-0.72298592 -1.8537505 -0.10244763 52
-0.31614134 -1.616321 -0.028142003 95
-0.62459677 -1.5997221 -0.2062749 24
-0.32323861 -1.6546328 -0.14417244 34
-0.50932741 -1.3034625 -0.26498634 6
-0.31881475 -1.6361157 -0.25822309 19
-0.35309663 -0.90296793 -0.25008118 16
-0.22594944 -1.1577754 -0.26411766 8
-0.73558247 -1.8763855 0.45686737 96
nan nan nan 0
-0.73342359 -1.8718024 0.31252417 95
-0.33684587 -1.7299184 0.33552229 36
-0.72141594 -1.8412244 0.16995369 53
nan nan nan 0
-0.63627458 -1.6245095 0.029843612 10
nan nan nan 0
-0.72622019 -1.8524858 -0.10244763 53
nan nan nan 0
-0.62738782 -1.5986295 -0.2062749 24
-0.32660124 -1.6565111 -0.1443899 34
-0.5107013 -1.3002884 -0.26450974 6
-0.32026017 -1.6282842 -0.25705114 17
-0.35733566 -0.90908802 -0.25201979 16
-0.22750832 -1.1549875 -0.26355571 7
-0.74843425 -1.8791648 0.45855322 96
-0.37970978 -1.9149379 0.5130865 95
-0.74595916 -1.874817 0.31369612 95
nan nan nan 0
-0.73289227 -1.8420482 0.17038947 54
nan nan nan 0
-0.64847672 -1.6304425 0.030018136 9
nan nan nan 0
-0.7331332 -1.8417019 -0.10205511 59
-0.35241872 -1.7390796 -0.030367186 9
-0.63759184 -1.5999309 -0.20688337 23
-0.33575815 -1.6572205 -0.14460735 13
-0.51567817 -1.2930399 -0.26355657 6
-0.33119428 -1.6386933 -0.25900438 10
-0.35669306 -0.89375716 -0.24814259 18
-0.23355269 -1.1537803 -0.26355571 5
-0.75047809 -1.8757261 0.45799124 96
-0.38351965 -1.9166414 0.51373267 89
-0.74647325 -1.8666366 0.31252417 94
-0.38728437 -1.9200709 0.37364981 95
-0.73703313 -1.843078 0.17060737 60
nan nan nan 0
-0.65039116 -1.6269882 0.029974507 9
nan nan nan 0
-0.73727602 -1.8427366 -0.10218595 63
nan nan nan 0
-0.63945818 -1.5965133 -0.20657913 24
-0.34406504 -1.6834872 -0.14699936 9
-0.52159888 -1.301245 -0.26546293 6
-0.33648789 -1.6502169 -0.26095769 10
-0.36096299 -0.89985222 -0.25008118 19
-0.23556606 -1.153371 -0.26355571 2
-0.76245427 -1.8761501 0.45911518 95
-0.38778204 -1.8862064 0.50597823 77
-0.7580986 -1.8672767 0.31330547 95
-0.39831698 -1.9228255 0.374603 95
-0.74291736 -1.8299669 0.1697358 64
nan nan nan 0
-0.65890104 -1.6235605 0.029974507 9
nan nan nan 0
-0.75162286 -1.8504118 -0.10284015 68
nan nan nan 0
-0.64406002 -1.5839527 -0.20536219 25
nan nan nan 0
-0.52376461 -1.2871366 -0.26307997 6
-0.34162745 -1.6315049 -0.25822309 18
-0.3675001 -0.90241975 -0.25137359 16
nan nan nan 0
-0.76632309 -1.8772044 0.4596771 96
-0.38961911 -1.8784291 0.50403959 75
-0.76416153 -1.872807 0.31447744 95
-0.40216872 -1.9245307 0.3750796 95
-0.74799609 -1.8332775 0.17017159 63
-0.34147799 -1.6194464 0.19866888 12
-0.66078717 -1.6200944 0.029930875 9
-0.34563345 -1.6337891 0.085700125 32
-0.75201416 -1.8421657 -0.10244763 69
nan nan nan 0
-0.65058827 -1.5920101 -0.20657913 24
-0.34613276 -1.6347243 -0.14286771 27
-0.52973849 -1.2953016 -0.26498634 6
-0.34296334 -1.623654 -0.25705114 24
-0.36447892 -0.89061046 -0.24814259 17
nan nan nan 0
-0.77553362 -1.8707814 0.45911518 96
-0.40143782 -1.8858165 0.5066244 81
-0.77395695 -1.8687804 0.31447744 95
-0.41325796 -1.9272002 0.37603277 95
-0.75853992 -1.831636 0.17038947 33
nan nan nan 0
-0.66926086 -1.6166124 0.029930875 9
nan nan nan 0
-0.76260716 -1.8405083 -0.10257847 49
nan nan nan 0
-0.65510225 -1.5794177 -0.20536219 25
nan nan nan 0
-0.53556943 -1.2902447 -0.26450974 6
-0.35300907 -1.6290802 -0.25822309 23
-0.37006792 -0.89091831 -0.24878879 17
-0.24760999 -1.1408767 -0.2613079 8
-0.78034818 -1.8740568 0.46023905 96
-0.40974149 -1.9087374 0.5130865 90
-0.77816826 -1.8697053 0.31486809 95
-0.41662094 -1.926476 0.37603277 95
-0.75502199 -1.8142204 0.16886425 24
-0.39090106 -1.7941091 0.22087842 14
-0.66630578 -1.6016008 0.029669089 9
-0.41185582 -1.8851258 0.09930747 74
-0.75523812 -1.8138322 -0.10113923 25
-0.41088232 -1.877471 -0.032941416 64
-0.66168666 -1.5874295 -0.20657913 25
-0.40858883 -1.8683931 -0.16396083 48
-0.53782052 -1.289308 -0.26450974 6
-0.35689294 -1.6332891 -0.25900438 37
-0.36975291 -0.88581741 -0.24749638 16
-0.24908932 -1.1380608 -0.26074594 9
-0.79237777 -1.8742932 0.46136299 96
-0.41921631 -1.904206 0.51244026 94
-0.78602171 -1.8610578 0.31408679 95
-0.4245992 -1.9146794 0.3741264 94
-0.75382859 -1.7850155 0.16646747 23
-0.4002896 -1.7920378 0.22087842 14
-0.67468256 -1.5980902 0.029669089 9
-0.4211807 -1.880506 0.099176638 70
-0.75888157 -1.7960601 -0.10035419 25
-0.42178991 -1.8801743 -0.033028677 63
-0.66902006 -1.5816587 -0.2062749 25
-0.41782701 -1.8637966 -0.16374336 49
-0.5436042 -1.2842156 -0.26403317 6
-0.36437351 -1.6265759 -0.25822309 38
-0.37817132 -0.89275682 -0.25008118 16
-0.25714049 -1.1462572 -0.26299375 9
-0.79341245 -1.8685634 0.46023905 95
-0.42564574 -1.9176248 0.51631749 94
-0.79313588 -1.8687716 0.31564942 95
-0.4226411 -1.8899728 0.36936048 56
-0.74426639 -1.7539054 0.16363491 24
-0.40287745 -1.7889142 0.2205742 15
-0.67649204 -1.5946101 0.029625459 9
-0.42446214 -1.8797681 0.099176638 64
-0.74832463 -1.7625737 -0.098522432 25
-0.42452517 -1.876996 -0.032985047 65
-0.6698333 -1.5759233 -0.20566641 26
-0.42216587 -1.8679255 -0.16417827 49
-0.54391748 -1.2787508 -0.26307997 6
-0.36828664 -1.6307576 -0.25900438 37
-0.37972891 -0.89209545 -0.25008118 18
-0.25966877 -1.1481847 -0.26355571 8
-0.80447704 -1.8664794 0.46080104 96
-0.43568054 -1.9153699 0.51631749 94
-0.80290979 -1.864593 0.31564942 95
nan nan nan 0
-0.73962027 -1.7179732 0.16058445 23
-0.41334239 -1.7916188 0.22118267 14
-0.68879497 -1.6002258 0.029799983 10
-0.43596953 -1.8848208 0.099569149 63
-0.74863398 -1.7380041 -0.097344875 23
-0.43490565 -1.8771839 -0.033028677 67
-0.67807555 -1.5723945 -0.20566641 26
-0.43305254 -1.8705448 -0.16461319 46
-0.55060548 -1.2758855 -0.26307997 6
-0.37462014 -1.6191781 -0.25744176 40
-0.38631836 -0.89452547 -0.25137359 18
-0.26675811 -1.1515599 -0.26467961 9
-0.80546826 -1.8607441 0.4596771 96
-0.44062549 -1.9216721 0.51825607 95
-0.80518025 -1.8609235 0.31525874 95
nan nan nan 0
nan nan nan 0
-0.4159126 -1.7884763 0.22087842 14
-0.68959737 -1.5944349 0.02971272 9
-0.43925852 -1.8840569 0.099569149 65
-0.74172711 -1.7137927 -0.096036471 23
-0.43986946 -1.8837284 -0.033159569 65
-0.68081892 -1.5712086 -0.20566641 26
-0.43687683 -1.8722128 -0.16483064 47
-0.5547902 -1.2794229 -0.26403317 6
-0.37966239 -1.6281468 -0.25900438 38
-0.38594761 -0.88942271 -0.25008118 18
-0.2665889 -1.1415952 -0.2624318 9
-0.81945157 -1.8652766 0.46192494 96
-0.4490416 -1.9122816 0.51631749 94
-0.81690198 -1.8612025 0.31604007 95
-0.40376264 -1.7054483 0.3336159 5
-0.72652 -1.6557786 0.15513723 7
-0.42470255 -1.7838588 0.2205742 14
-0.69793636 -1.5908022 0.02971272 10
-0.44854346 -1.8793017 0.099438317 65
-0.74063146 -1.6870358 -0.094728075 23
-0.44857565 -1.8765345 -0.033072308 64
-0.69003737 -1.5698929 -0.20597066 26
-0.44552776 -1.8650522 -0.16439573 45
-0.55751711 -1.2675202 -0.26212677 5
-0.38704854 -1.62133 -0.25822309 39
-0.38766745 -0.88076431 -0.24814259 16
-0.2714484 -1.1354408 -0.2613079 8
-0.82040977 -1.8595313 0.46080104 95
-0.45403045 -1.9185492 0.51825607 95
-0.81915075 -1.8575155 0.31564942 95
-0.40223199 -1.685632 0.32980317 5
-0.69416338 -1.5747845 0.14751109 3
-0.42781532 -1.7831148 0.2205742 14
-0.69970107 -1.5872955 0.029669089 24
-0.45297906 -1.8833733 0.099699996 65
-0.73751551 -1.6720414 -0.093943037 24
-0.45358923 -1.8830431 -0.0332032 64
-0.696796 -1.5777615 -0.20718762 24
-0.44935942 -1.8666946 -0.16461319 43
-0.56171864 -1.2710319 -0.26307997 5
-0.38987768 -1.620652 -0.25822309 39
-0.39214748 -0.88670665 -0.25008118 16
-0.27286845 -1.1325947 -0.26074594 6
-0.83345103 -1.8617327 0.46248686 96
-0.46350673 -1.9137971 0.51760995 94
-0.83290637 -1.8622136 0.31721202 35
-0.40702158 -1.6668032 0.32646701 9
-0.70036149 -1.5665833 0.14707533 17
-0.438317 -1.7856731 0.22118267 13
-0.70902514 -1.585891 0.02971272 49
-0.46283412 -1.8809757 0.099699996 63
-0.73706377 -1.6476557 -0.092765473 23
-0.46225771 -1.8757856 -0.033115938 64
-0.70708114 -1.5786185 -0.2077961 24
-0.45853734 -1.8618964 -0.16439573 47
-0.57138634 -1.2747877 -0.26450974 5
-0.40069225 -1.6281857 -0.25978571 37
-0.39777756 -0.88684279 -0.25072739 18
-0.27994221 -1.1358856 -0.26186985 6
-0.83737516 -1.862642 0.46304882 96
-0.46684623 -1.9129853 0.51760995 95
-0.83514112 -1.8585057 0.31682137 95
-0.40877011 -1.661321 0.32551381 23
-0.70207167 -1.5630878 0.14685743 3
-0.43966347 -1.7776743 0.22026995 14
-0.70973873 -1.580093 0.029625459 8
-0.4667114 -1.8825896 0.099830829 60
nan nan nan 0
-0.46672422 -1.8798306 -0.0332032 63
-0.71289748 -1.5841672 -0.20870881 23
-0.4629744 -1.8659307 -0.16483064 45
-0.56956756 -1.264843 -0.26260337 5
-0.40118238 -1.6178907 -0.25822309 37
-0.40131781 -0.89054692 -0.25201979 13
-0.27903545 -1.1235627 -0.25906011 6
-0.84845376 -1.8602997 0.4636108 96
-0.47627681 -1.9081701 0.51696372 95
-0.84691262 -1.8585997 0.31760269 95
-0.42042544 -1.6710657 0.32789677 34
-0.71335065 -1.5661864 0.14751109 34
-0.44956771 -1.7777551 0.2205742 13
-0.71592516 -1.571808 0.029538197 81
-0.4747389 -1.8728558 0.099438317 62
-0.7091164 -1.5561836 -0.087793566 43
-0.47716987 -1.8797853 -0.033246834 64
-0.72014982 -1.5781565 -0.20840459 23
-0.47091782 -1.8562344 -0.16417827 39
-0.57822728 -1.2663056 -0.26355657 5
-0.4126496 -1.6277438 -0.26017636 37
-0.40395916 -0.88404423 -0.25072739 15
-0.28668496 -1.1291766 -0.26074594 7
-0.85035843 -1.8567507 0.46304882 96
-0.47960648 -1.907336 0.51696372 94
-0.85221493 -1.8616071 0.31838399 94
-0.42214811 -1.6655684 0.32694358 38
-0.70777333 -1.5468307 0.14576799 28
-0.45327643 -1.7793739 0.22087842 13
-0.71866739 -1.570556 0.029538197 112
-0.47739488 -1.8696038 0.09930747 60
-0.71183133 -1.5549436 -0.087793566 109
-0.47799563 -1.869257 -0.033072308 67
-0.72601265 -1.583661 -0.2093173 23
-0.47476777 -1.8578241 -0.16439573 39
-0.57633132 -1.2563773 -0.26165017 5
-0.41307199 -1.6174446 -0.25861374 37
-0.40448961 -0.88114494 -0.25008118 16
-0.28865534 -1.1286745 -0.26074594 6
-0.86039191 -1.8521227 0.46304882 98
-0.49137372 -1.9118198 0.5189023 95
-0.86195058 -1.8571194 0.31838399 94
-0.429645 -1.6585803 0.32599038 43
-0.72321665 -1.55891 0.14729321 3
-0.46196771 -1.7745732 0.2205742 14
-0.72371763 -1.5599724 0.029407302 32
-0.48842686 -1.871913 0.099569149 55
-0.73365891 -1.5806192 -0.089494482 109
-0.49090785 -1.878828 -0.033290461 63
-0.73324639 -1.5775888 -0.20901306 23
-0.48448879 -1.8553128 -0.16439573 43
-0.58290178 -1.2533425 -0.26165017 5
-0.42215222 -1.6176505 -0.25900438 38
-0.41421431 -0.8899526 -0.2533122 16
-0.29456109 -1.1271477 -0.26074594 6
-0.86123657 -1.8463556 0.46192494 95
-0.49410993 -1.9086199 0.51825607 95
-0.86519057 -1.8556122 0.31838399 94
-0.43192592 -1.6554518 0.32551381 44
-0.73542678 -1.5779514 0.1492542 5
-0.46506426 -1.7737643 0.2205742 13
-0.72643924 -1.5587069 0.029407302 9
-0.49106434 -1.8686417 0.099438317 55
-0.72478437 -1.5544592 -0.088055246 8
-0.49229473 -1.870712 -0.033159569 63
-0.73705089 -1.5785538 -0.2093173 23
-0.48772615 -1.8544644 -0.16439573 38
-0.58925569 -1.2612114 -0.26355657 5
-0.42497489 -1.6169113 -0.25900438 37
-0.41268551 -0.88267112 -0.25137359 15
-0.29836014 -1.1337066 -0.2624318 6
-0.87538868 -1.8504733 0.46417275 96
-0.50532067 -1.9106791 0.51954854 95
-0.87595183 -1.8532883 0.31877464 94
-0.44058788 -1.6531676 0.32551381 45
-0.85244077 -1.8036481 0.17147893 7
-0.47625312 -1.7785006 0.22148691 14
-0.73566079 -1.5571409 0.029450934 9
-0.50212479 -1.8708702 0.099699996 54
nan nan nan 0
-0.50336927 -1.8729397 -0.033246834 65
-0.74743396 -1.5791565 -0.20992577 23
-0.49806979 -1.854292 -0.16461319 37
-0.59163743 -1.2492424 -0.26165017 5
-0.43406886 -1.6170506 -0.25939506 36
-0.41626295 -0.87831789 -0.25072739 15
-0.30117667 -1.1203538 -0.25962204 6
-0.88038862 -1.8534948 0.46529663 95
-0.50742251 -1.9051239 0.51825607 95
-0.87918508 -1.8517566 0.31877464 94
-0.44473213 -1.65714 0.32646701 43
-0.86843014 -1.8291434 0.17409359 9
-0.47871634 -1.7752692 0.22118267 12
-0.75019306 -1.5806823 0.029930875 2
-0.50345206 -1.8627561 0.09930747 54
-0.86225981 -1.8153477 -0.10349435 9
-0.50663745 -1.8720583 -0.033246834 63
-0.74484956 -1.5666503 -0.20840459 23
-0.50001615 -1.8486085 -0.16417827 36
-0.59381688 -1.248208 -0.26165017 5
-0.43625259 -1.613905 -0.25900438 36
-0.41779527 -0.87759006 -0.25072739 15
-0.30313155 -1.1198264 -0.25962204 6
-0.89146322 -1.8508981 0.46585861 95
-0.51801896 -1.9047728 0.5189023 95
-0.89101422 -1.8515759 0.31955594 94
-0.45468721 -1.659526 0.32742018 43
-0.87799549 -1.8245713 0.17409359 9
-0.48735231 -1.7703443 0.22087842 12
-0.76606083 -1.5924925 0.030236293 3
-0.51451522 -1.864911 0.099569149 55
-0.87934822 -1.8265473 -0.10441023 9
-0.51643246 -1.8693799 -0.033246834 63
-0.75628108 -1.5694315 -0.2093173 23
-0.5116601 -1.8531719 -0.16483064 37
-0.60034436 -1.2450817 -0.26165017 4
-0.44534737 -1.6139809 -0.25939506 36
-0.41816956 -0.86669832 -0.24814259 14
-0.30771172 -1.1135228 -0.25849813 6
-0.89330691 -1.8473034 0.46529663 95
-0.52197504 -1.9061966 0.51954854 95
-0.89639789 -1.8544625 0.32033727 95
-0.45822924 -1.6610973 0.32789677 42
-0.88117868 -1.8230361 0.17409359 9
-0.48715708 -1.7575265 0.21935724 12
-0.77428842 -1.6024005 0.030454447 2
-0.51776934 -1.8640101 0.099569149 54
-0.87926805 -1.8182701 -0.10401771 8
-0.51903021 -1.866066 -0.0332032 62
-0.75901908 -1.5681092 -0.2093173 23
-0.51357096 -1.8474739 -0.16439573 35
-0.60037106 -1.2396175 -0.26069701 5
-0.44881806 -1.615582 -0.25978571 36
-0.42496932 -0.87682307 -0.25137359 15
-0.31158558 -1.1200324 -0.26018399 6
-0.90651172 -1.8490019 0.46698248 96
-0.5306595 -1.8987825 0.51825607 95
-0.90500718 -1.847527 0.31994662 94
-0.46823791 -1.6634035 0.32884994 39
-0.89290714 -1.8228685 0.17452939 9
-0.49702206 -1.757341 0.21966147 12
-0.79258263 -1.6185182 0.030847127 2
-0.52752209 -1.8612735 0.099569149 53
-0.88987708 -1.8158822 -0.10414855 9
-0.53014731 -1.8681352 -0.033290461 60
-0.76831442 -1.5663402 -0.20962153 23
-0.52525902 -1.8519523 -0.16504809 35
-0.60902202 -1.2408602 -0.26165017 4
-0.45927185 -1.6203424 -0.26095769 36
-0.42634779 -0.86808914 -0.24943499 18
-0.31547806 -1.1113474 -0.25849813 6
-0.90941507 -1.8475757 0.46698248 95
-0.5346213 -1.9001797 0.5189023 95
-0.91150683 -1.8525887 0.32111859 94
-0.47114033 -1.6625836 0.32884994 38
-0.89718872 -1.8235407 0.17474726 9
-0.50143558 -1.7612473 0.22026995 11
-0.80093408 -1.6283417 0.031065281 3
-0.53280795 -1.8675572 0.099961676 53
-0.89746344 -1.8232819 -0.10467191 8
-0.53204507 -1.8623971 -0.0332032 61
-0.76994801 -1.562772 -0.2093173 22
-0.52645618 -1.8438435 -0.16439573 34
-0.61227494 -1.2419952 -0.26212677 4
-0.46209922 -1.6195384 -0.26095769 35
-0.42786223 -0.86734366 -0.24943499 15
-0.31939721 -1.1178299 -0.26018399 6
-0.91830844 -1.8404496 0.46642056 95
-0.54522413 -1.8996774 0.51954854 95
-0.92450559 -1.8544173 0.32229054 46
-0.47916391 -1.6577345 0.32837337 37
-0.90783775 -1.8210461 0.17496516 9
-0.51202267 -1.7633672 0.22087842 11
-0.81280082 -1.6308337 0.031196173 3
-0.54327101 -1.8671405 0.10009251 53
-0.90364879 -1.8118585 -0.10427939 8
-0.54456359 -1.8691915 -0.033377726 62
-0.78256279 -1.5675951 -0.21053427 20
-0.53610325 -1.8410617 -0.16439573 33
-0.62096882 -1.2431604 -0.26307997 4
-0.46920565 -1.6123511 -0.26017636 35
-0.43239775 -0.8650915 -0.24943499 16
-0.32390121 -1.1114594 -0.25906011 6
-0.92666346 -1.84989 0.46923029 95
-0.5485388 -1.8987229 0.51954854 95
-0.92331046 -1.843973 0.32072794 94
-0.4861325 -1.6710453 0.33123294 35
-0.91101468 -1.8194587 0.17496516 9
-0.51233864 -1.7529368 0.21966147 11
-0.81228244 -1.6227105 0.031065281 3
-0.5527938 -1.8877676 0.10127007 55
-0.91129053 -1.8192033 -0.10480275 8
-0.54503393 -1.8586372 -0.0332032 59
-0.78418303 -1.5640098 -0.21023002 12
-0.54140019 -1.8472981 -0.16504809 34
-0.62203413 -1.2398825 -0.26260337 4
-0.47133136 -1.609158 -0.25978571 34
-0.43064374 -0.85786694 -0.24749638 17
-0.32786962 -1.117913 -0.26074594 6
-0.93665868 -1.8448492 0.46923029 95
-0.55982697 -1.900461 0.52084094 95
-0.93742919 -1.8479179 0.32229054 95
-0.49833378 -1.6802504 0.3336159 34
-0.92165744 -1.8168837 0.17518304 9
-0.5229153 -1.7549899 0.22026995 11
-0.82190055 -1.6206633 0.031108912 3
-0.56550515 -1.8944228 0.10179343 95
-0.92080331 -1.8144069 -0.10480275 8
-0.55617887 -1.8605511 -0.033290461 59
-0.796866 -1.5687271 -0.21144699 6
-0.55106515 -1.8444381 -0.16504809 33
-0.63297731 -1.2453537 -0.26450974 4
-0.47835025 -1.6019322 -0.25900438 34
-0.43732762 -0.85990131 -0.24878879 13
-0.33234134 -1.1115077 -0.25962204 6
-0.93955541 -1.8433757 0.46923029 95
-0.56246203 -1.8971642 0.52019477 95
-0.93728411 -1.8396814 0.32111859 94
-0.50196135 -1.6817315 0.3340925 33
-0.92369461 -1.8130543 0.17496516 9
-0.52527076 -1.751696 0.21996571 11
-0.82700133 -1.6236786 0.031196173 3
-0.57308757 -1.9077889 0.10257847 98
-0.92851168 -1.8216902 -0.10532611 8
-0.56013983 -1.8619729 -0.033334095 55
-0.79056263 -1.5496604 -0.20901306 2
-0.5571295 -1.8530203 -0.1659179 34
-0.6306749 -1.2355096 -0.26260337 4
-0.48184967 -1.6034617 -0.25939506 33
-0.44103333 -0.86343378 -0.25008118 14
-0.33566609 -1.1155969 -0.26074594 6
-0.95063514 -1.8404285 0.46979225 95
-0.57238781 -1.8941933 0.52019477 95
-0.94690377 -1.8347486 0.32111859 65
-0.51571661 -1.6955286 0.33742866 33
-0.938896 -1.8192537 0.1760546 9
-0.53587389 -1.7536714 0.2205742 11
-0.83893675 -1.6259869 0.031327069 3
-0.58451957 -1.9095397 0.10284015 98
-0.93803734 -1.8168035 -0.10532611 8
-0.56915432 -1.8566229 -0.033290461 55
nan nan nan 0
-0.56754822 -1.8524607 -0.16613537 34
-0.64165604 -1.2409043 -0.26450974 4
-0.4902387 -1.6009169 -0.25939506 31
-0.44777623 -0.86539823 -0.25137359 10
-0.33938804 -1.1068286 -0.25906011 6
-0.95577163 -1.8432562 0.47091618 95
-0.57639003 -1.8955034 0.52084094 95
-0.95238113 -1.8374758 0.32189989 65
nan nan nan 0
-0.94092166 -1.815402 0.17583671 9
-0.53821033 -1.7503598 0.22026995 10
-0.83601201 -1.6134292 0.031108912 3
-0.58639246 -1.9037415 0.10257847 98
-0.93775296 -1.8085175 -0.10493358 8
-0.57312518 -1.8580171 -0.033334095 59
nan nan nan 0
-0.57078046 -1.8514674 -0.16613537 34
-0.63815099 -1.2289003 -0.26212677 4
-0.49086994 -1.5929734 -0.25822309 31
-0.44928592 -0.86461538 -0.25137359 14
-0.34131929 -1.1062347 -0.25906011 6
-0.96573055 -1.8380581 0.47091618 95
-0.58559769 -1.8901511 0.52019477 95
-0.96198905 -1.832464 0.32189989 23
nan nan nan 0
-0.9527334 -1.8148587 0.1762725 8
-0.54589611 -1.7427782 0.21966147 11
-0.84910393 -1.6178784 0.031283438 3
-0.59635228 -1.9006451 0.10257847 96
-0.95069796 -1.8102106 -0.10532611 8
-0.58358955 -1.8573771 -0.033377726 57
nan nan nan 0
-0.58120757 -1.8508313 -0.16635282 33
-0.64572209 -1.2277125 -0.26260337 3
-0.49993703 -1.5927393 -0.25861374 28
-0.45493585 -0.86438602 -0.25201979 14
-0.34927031 -1.1114128 -0.26074594 6
-0.96975487 -1.8386923 0.4714781 95
-0.59032238 -1.8937405 0.52148712 94
-0.97095352 -1.8416984 0.32385316 37
-0.59023631 -1.8831313 0.37650937 84
-0.95822632 -1.817597 0.17670827 8
-0.54893708 -1.7418227 0.21966147 11
-0.85075861 -1.6141838 0.031239806 3
-0.5981763 -1.8948364 0.10231679 95
-0.95385599 -1.8085486 -0.10532611 8
-0.58608252 -1.8539706 -0.033334095 55
nan nan nan 0
-0.58443689 -1.8498141 -0.16635282 34
-0.65016204 -1.2309207 -0.26355657 3
-0.50124174 -1.5871509 -0.25783244 27
-0.45531112 -0.86145777 -0.25137359 15
-0.34830868 -1.1014992 -0.25849813 6
-0.98428899 -1.8420084 0.47372591 95
-0.59950441 -1.8883201 0.52084094 95
-0.9782533 -1.8322347 0.32307184 31
-0.60453326 -1.8940531 0.37936896 95
-0.96890497 -1.8147508 0.17692617 8
-0.55880207 -1.7412894 0.21996571 11
-0.86745369 -1.6251348 0.031545222 3
-0.60429627 -1.8797858 0.10166259 41
-0.96566874 -1.8079314 -0.10558779 8
-0.59730256 -1.8556389 -0.033421356 52
nan nan nan 0
-0.59638613 -1.8538464 -0.16700518 33
-0.65311688 -1.2210122 -0.26212677 4
-0.51179367 -1.591563 -0.25900438 26
-0.45867163 -0.85693496 -0.25072739 14
-0.35775828 -1.1112691 -0.2613079 6
-0.98602784 -1.8383145 0.47316399 94
-0.60279924 -1.8872709 0.52084094 95
nan nan nan 0
-0.60783809 -1.8929951 0.37936896 95
-0.97089207 -1.810863 0.17670827 8
-0.55957079 -1.7332215 0.21905299 11
-0.86910564 -1.6214164 0.031501591 3
-0.60681343 -1.876351 0.10153175 52
-0.97236884 -1.8128401 -0.1059803 8
-0.59977573 -1.8522136 -0.033377726 53
nan nan nan 0
-0.59962076 -1.8528028 -0.16700518 31
-0.65757537 -1.2241913 -0.26307997 3
-0.51230985 -1.583613 -0.25783244 24
-0.46360916 -0.86250806 -0.252666 10
-0.35895577 -1.1083225 -0.26074594 7
-0.99595964 -1.8329527 0.47316399 94
-0.61415559 -1.8886857 0.52213335 94
nan nan nan 0
-0.61925572 -1.8944554 0.38032213 95
-0.98512131 -1.8145052 0.17757982 8
-0.57017595 -1.7349864 0.21966147 10
-0.87997264 -1.621235 0.031588852 3
-0.61197829 -1.858909 0.10074671 44
-0.98662168 -1.8164949 -0.10650366 7
-0.61024272 -1.8514237 -0.033421356 55
nan nan nan 0
-0.61008751 -1.8520052 -0.16722265 30
-0.66044956 -1.2142686 -0.26165017 3
-0.5228923 -1.5879513 -0.25900438 24
-0.46927753 -0.86218774 -0.2533122 9
-0.36550766 -1.1087445 -0.2613079 6
-1.0011743 -1.8356612 0.47428787 95
-0.61596012 -1.8830166 0.52084094 95
nan nan nan 0
-0.62256122 -1.8933717 0.38032213 95
-0.98470455 -1.8062265 0.17692617 8
nan nan nan 0
-0.88160247 -1.6175032 0.031545222 3
-0.61366308 -1.8530946 0.10048503 48
-0.99098802 -1.8169612 -0.10663451 6
-0.61425424 -1.85273 -0.033464987 53
nan nan nan 0
-0.61254108 -1.8485715 -0.16700518 29
-0.66138858 -1.2109618 -0.26117361 3
-0.52643305 -1.5893825 -0.25939506 23
-0.46845692 -0.85713351 -0.25201979 8
-0.36592695 -1.1034744 -0.26018399 6
-1.0110915 -1.8302175 0.47428787 94
-0.62732607 -1.884352 0.52213335 94
nan nan nan 0
-0.63323975 -1.8924152 0.38079873 95
-0.99173737 -1.7966872 0.17649037 8
-0.53515577 -1.5897311 0.20140706 12
-0.88280004 -1.5997412 0.031283438 3
-0.62494099 -1.8545915 0.10074671 51
-1.0004879 -1.8117474 -0.10663451 5
-0.62394661 -1.8494885 -0.033464987 53
nan nan nan 0
-0.62221175 -1.8453389 -0.16700518 29
-0.66414845 -1.2010442 -0.25974381 4
-0.53709465 -1.5936307 -0.26056704 22
-0.47176498 -0.8525582 -0.25137359 9
-0.37169969 -1.1015433 -0.26018399 6
-1.0210646 -1.8414031 0.47765961 95
-0.62985241 -1.8809624 0.52148712 94
nan nan nan 0
-0.63654166 -1.8913071 0.38079873 95
-0.99970889 -1.8036622 0.17736192 8
-0.58529466 -1.7299447 0.21966147 11
-0.89408696 -1.6134942 0.031588852 3
-0.62738103 -1.8511317 0.10061587 52
-1.008499 -1.8187275 -0.10715786 5
-0.62717366 -1.8483967 -0.033464987 52
-0.71386975 -1.2869384 -0.17615512 3
-0.62543148 -1.8442501 -0.16700518 28
-0.66743797 -1.2020271 -0.26022041 3
-0.53672975 -1.5833278 -0.25900438 22
-0.47207519 -0.84962475 -0.25072739 8
-0.37362167 -1.1008929 -0.26018399 6
-1.028623 -1.8316057 0.47653568 94
-0.64123946 -1.8822145 0.52277958 94
nan nan nan 0
-0.64801508 -1.8925955 0.38175192 95
-1.0164634 -1.8114281 0.17866927 7
-0.59193945 -1.7198116 0.21874875 11
-0.90619838 -1.6153269 0.031719748 2
-0.63787311 -1.8501834 0.10074671 48
-1.0180081 -1.8134222 -0.10715786 4
-0.63765329 -1.8474524 -0.033508617 53
-0.71450943 -1.2723726 -0.17463391 3
-0.63749951 -1.848019 -0.16765755 28
-0.67372257 -1.1985159 -0.26022041 3
-0.54501265 -1.5804958 -0.25900438 23
-0.48245794 -0.85765415 -0.2539584 7
-0.37780908 -1.0943099 -0.25906011 6
-1.0303007 -1.827867 0.47597376 95
-0.64374602 -1.8788059 0.52213335 94
-0.70027226 -1.2440615 0.22032954 2
-0.6505236 -1.8891394 0.38127533 95
-1.0208478 -1.8118199 0.17888717 7
-0.59735763 -1.7258165 0.21966147 11
-0.90778726 -1.6115661 0.031676114 2
-0.6411013 -1.8490672 0.10074671 51
-1.0187159 -1.8072953 -0.10689619 3
-0.64169097 -1.8486999 -0.033552252 53
nan nan nan 0
-0.63829148 -1.8398389 -0.16700518 28
-0.67218566 -1.1909316 -0.25879061 3
-0.54937565 -1.5842125 -0.25978571 23
-0.48276228 -0.85471028 -0.2533122 6
-0.37971842 -1.0936488 -0.25906011 6
-1.0413848 -1.8243799 0.47653568 94
-0.65673238 -1.884539 0.52471817 94
-0.71902955 -1.2618161 0.22423609 3
-0.66121197 -1.8880254 0.38175192 95
nan nan nan 0
-0.60720378 -1.7250078 0.21996571 10
nan nan nan 0
-0.65159893 -1.8480415 0.10087755 50
nan nan nan 0
-0.64970863 -1.8405966 -0.033464987 54
nan nan nan 0
-0.64956236 -1.8411728 -0.1674401 26
-0.68573445 -1.2001709 -0.26165017 3
-0.55847794 -1.5836452 -0.26017636 22
-0.48843366 -0.85426509 -0.2539584 4
-0.38704339 -1.0962461 -0.26018399 6
-1.0478879 -1.82908 0.47822157 95
-0.65684682 -1.8742659 0.52213335 94
-0.71508557 -1.249851 0.22228281 3
-0.66369635 -1.8845519 0.38127533 95
nan nan nan 0
-0.61103576 -1.7262865 0.22026995 10
nan nan nan 0
-0.65399456 -1.8445466 0.10074671 51
nan nan nan 0
-0.65292013 -1.8394598 -0.033464987 52
nan nan nan 0
-0.65277475 -1.8400363 -0.1674401 25
-0.68293172 -1.190464 -0.25974381 3
-0.56042206 -1.5803386 -0.25978571 22
-0.47785965 -0.83249021 -0.24749638 3
-0.38573232 -1.0863736 -0.25793618 6
-1.058993 -1.8254895 0.47878349 92
-0.66987288 -1.8799083 0.52471817 94
nan nan nan 0
-0.67519873 -1.8856757 0.38222849 95
nan nan nan 0
-0.62173504 -1.7277374 0.22087842 10
nan nan nan 0
-0.66700816 -1.8504993 0.10127007 52
nan nan nan 0
-0.66338557 -1.8383691 -0.033508617 51
nan nan nan 0
-0.66156071 -1.8342485 -0.16722265 25
nan nan nan 0
-0.56952018 -1.5797077 -0.26017636 22
nan nan nan 0
-0.39141521 -1.084339 -0.25793618 6
-1.0630869 -1.825928 0.47934544 95
-0.67153412 -1.8741854 0.52342576 94
nan nan nan 0
-0.67848879 -1.8844943 0.38222849 95
nan nan nan 0
-0.62139559 -1.7173078 0.21966147 10
nan nan nan 0
-0.66770113 -1.842285 0.10087755 51
nan nan nan 0
-0.6691345 -1.8442638 -0.033639513 51
nan nan nan 0
-0.66813558 -1.8424642 -0.16809246 24
nan nan nan 0
-0.57394689 -1.5833589 -0.26095769 21
nan nan nan 0
-0.39412913 -1.0859474 -0.25849813 6
-1.0741892 -1.8222469 0.47990742 93
-0.68380183 -1.877457 0.5253644 94
nan nan nan 0
-0.68918484 -1.8832225 0.38270509 95
nan nan nan 0
-0.6320802 -1.7186928 0.22026995 10
nan nan nan 0
-0.6816259 -1.850487 0.10153175 50
nan nan nan 0
-0.67964125 -1.8430821 -0.033683144 52
nan nan nan 0
-0.6786294 -1.8412794 -0.16830991 23
nan nan nan 0
-0.58138204 -1.5780128 -0.26056704 21
nan nan nan 0
-0.39980972 -1.0838689 -0.25849813 6
-1.0770504 -1.8205574 0.47990742 92
-0.68790281 -1.8785303 0.52601057 95
nan nan nan 0
-0.69247061 -1.8820168 0.38270509 95
nan nan nan 0
-0.63336933 -1.7129278 0.21966147 10
nan nan nan 0
-0.68485463 -1.8492945 0.10153175 49
nan nan nan 0
-0.68285704 -1.8418931 -0.033683144 50
nan nan nan 0
-0.68012202 -1.8354175 -0.16787501 23
nan nan nan 0
-0.58413535 -1.5769956 -0.26056704 20
nan nan nan 0
-0.40253878 -1.0854568 -0.25906011 6
-1.0956595 -1.8293244 0.48384106 95
-0.69772929 -1.8749026 0.52601057 93
-1.0729394 -1.7928485 0.32502511 8
-0.70316958 -1.880666 0.38318169 95
nan nan nan 0
-0.64146256 -1.7072631 0.21935724 10
nan nan nan 0
-0.69365418 -1.8433448 0.10140091 46
nan nan nan 0
-0.69336754 -1.8406336 -0.033726774 49
nan nan nan 0
-0.6888507 -1.8294985 -0.16765755 22
nan nan nan 0
-0.59497505 -1.5808556 -0.26173899 19
nan nan nan 0
-0.40736672 -1.0810512 -0.25849813 6
-1.0997887 -1.829688 0.48440304 94
-0.70268261 -1.8782099 0.52730298 95
-1.0696986 -1.7803957 0.32307184 82
-0.70730913 -1.8817351 0.38365832 95
nan nan nan 0
-0.64618337 -1.7107879 0.21996571 10
-0.99239814 -1.6519765 0.033028677 5
-0.69687039 -1.8421313 0.10140091 47
nan nan nan 0
-0.69569904 -1.837081 -0.033683144 48
nan nan nan 0
-0.69291902 -1.8306247 -0.16787501 22
nan nan nan 0
-0.5977332 -1.5798148 -0.26173899 19
nan nan nan 0
-0.40925294 -1.0803386 -0.25849813 6
-1.1109401 -1.8257906 0.484965 95
-0.71080142 -1.8699859 0.52601057 95
-1.1072692 -1.8211637 0.33166626 94
-0.71541154 -1.8734164 0.38270509 95
-1.0907235 -1.7939926 0.18063028 27
-0.6568985 -1.7120188 0.2205742 10
-1.011438 -1.6638352 0.033377726 5
-0.70650613 -1.8384573 0.10140091 47
nan nan nan 0
-0.70530844 -1.833413 -0.033683144 46
nan nan nan 0
-0.70160609 -1.8246448 -0.16765755 21
nan nan nan 0
-0.60863596 -1.5835853 -0.26291096 18
nan nan nan 0
-0.41490391 -1.078181 -0.25849813 6
-1.1112639 -1.8198875 0.48384106 93
-0.71492094 -1.8710006 0.52665675 95
-1.1052926 -1.8108022 0.33010364 89
-0.71955448 -1.8744582 0.38318169 95
-1.0951525 -1.7942109 0.18084818 27
-0.65633661 -1.7016003 0.21935724 10
-1.0195572 -1.6705971 0.033552252 5
-0.7123965 -1.844214 0.10179343 46
nan nan nan 0
-0.70850724 -1.8321793 -0.033683144 47
nan nan nan 0
-0.7030046 -1.8187673 -0.16722265 21
nan nan nan 0
-0.61493379 -1.5917435 -0.26447359 16
nan nan nan 0
-0.41852471 -1.0820061 -0.25962204 6
-1.1275071 -1.8242034 0.48665082 95
-0.7264449 -1.8717386 0.52794921 95
-1.1212556 -1.8154889 0.33205694 88
-0.73024553 -1.8729534 0.38365832 96
-1.1110843 -1.7990408 0.18193761 27
-0.66703582 -1.7027658 0.21996571 10
-1.0296059 -1.6673613 0.033595879 5
-0.7202301 -1.8358063 0.10153175 44
nan nan nan 0
-0.72081602 -1.8354307 -0.033814035 47
nan nan nan 0
-0.71432739 -1.8197023 -0.16765755 19
nan nan nan 0
-0.6232596 -1.588502 -0.26447359 16
nan nan nan 0
-0.42153913 -1.0729873 -0.25793618 6
-1.1290853 -1.8203611 0.48608887 91
-0.72796547 -1.8659639 0.52665675 95
-1.1205134 -1.8072369 0.33088496 87
-0.73529387 -1.87625 0.38461146 94
-1.1115942 -1.792868 0.18150184 26
-0.66910326 -1.6992879 0.21966147 10
-1.0430666 -1.6825478 0.033944927 5
-0.7261647 -1.8415203 0.10192427 48
nan nan nan 0
-0.72493082 -1.8364969 -0.033857666 49
nan nan nan 0
-0.71568477 -1.8138152 -0.16722265 19
nan nan nan 0
-0.62513131 -1.5851122 -0.26408291 16
nan nan nan 0
-0.42429692 -1.0745193 -0.25849813 6
-1.145403 -1.8245357 0.48889863 95
-0.73949432 -1.8666214 0.52794921 95
-1.1339027 -1.8076169 0.33205694 85
-0.74240106 -1.8655275 0.38318169 95
-1.1236168 -1.7912402 0.18193761 29
-0.68165344 -1.7049867 0.22087842 10
-1.0625032 -1.6939938 0.034293976 5
-0.73671961 -1.8400126 0.10205511 49
nan nan nan 0
-0.73361206 -1.8303539 -0.033814035 50
nan nan nan 0
-0.72701377 -1.814671 -0.16765755 20
nan nan nan 0
-0.63041204 -1.5750431 -0.26291096 15
nan nan nan 0
-0.4308148 -1.0745475 -0.25906011 6
-1.145667 -1.8186144 0.48777473 89
-0.74363917 -1.8675736 0.52859539 94
-1.1406925 -1.8120993 0.33322889 84
-0.74837452 -1.871071 0.38461146 94
-1.1280706 -1.7913828 0.1821555 31
-0.68065441 -1.694694 0.21966147 10
-1.0801303 -1.7153908 0.034773916 5
-0.73960894 -1.8388531 0.10205511 54
nan nan nan 0
-0.7377342 -1.8313913 -0.033857666 55
nan nan nan 0
-0.72833008 -1.8087745 -0.16722265 20
nan nan nan 0
-0.63132924 -1.5693537 -0.26212963 14
nan nan nan 0
-0.43430439 -1.0783961 -0.26018399 6
-1.1577954 -1.816697 0.48889863 89
-0.75398189 -1.8660271 0.52924156 94
-1.1554779 -1.8144286 0.33479151 80
-0.75691748 -1.864983 0.38413486 95
-1.1424813 -1.7940483 0.18302706 34
-0.69138074 -1.6957071 0.22026995 10
-1.0807317 -1.6972586 0.034512132 5
-0.75298083 -1.8442092 0.10257847 58
nan nan nan 0
-0.7498154 -1.8345817 -0.033988561 57
nan nan nan 0
-0.73934883 -1.8096803 -0.16765755 21
nan nan nan 0
-0.63953763 -1.5660266 -0.26212963 14
nan nan nan 0
-0.43811899 -1.0715903 -0.25906011 6
-1.1659046 -1.8230803 0.49114645 94
-0.75994825 -1.8714273 0.53118026 94
-1.1599746 -1.8144884 0.33518216 76
-0.75924963 -1.8613847 0.38365832 96
-1.1402378 -1.7836629 0.1821555 29
-0.69433928 -1.6944979 0.22026995 11
-1.0715586 -1.6764258 0.034119453 5
-0.75337094 -1.8359568 0.10218595 58
nan nan nan 0
-0.75207174 -1.8309559 -0.033944927 56
nan nan nan 0
-0.73968434 -1.801469 -0.16700518 22
nan nan nan 0
-0.64040709 -1.5603343 -0.26134834 13
nan nan nan 0
-0.44182238 -1.0753378 -0.26018399 6
-1.1797272 -1.8228773 0.4928323 94
-0.76699078 -1.8607179 0.52924156 94
-1.1721447 -1.8125343 0.33596346 75
-0.77365345 -1.8687319 0.38604125 95
-1.1468529 -1.7734878 0.18171974 10
-0.70320207 -1.6908391 0.22026995 11
-1.0653706 -1.6477168 0.033639513 3
-0.75724608 -1.8181459 0.10140091 27
nan nan nan 0
-0.7616483 -1.8269929 -0.033944927 29
nan nan nan 0
-0.75037342 -1.7997415 -0.16722265 20
nan nan nan 0
-0.64951152 -1.5592417 -0.26173899 13
nan nan nan 0
-0.44744673 -1.0730096 -0.26018399 6
-1.1789203 -1.8146907 0.49114645 94
-0.77299464 -1.8660764 0.53118026 94
-1.1739602 -1.8084161 0.33557284 67
-0.7753638 -1.8627075 0.38508809 94
-1.1485887 -1.7693958 0.18150184 9
-0.70424968 -1.6850255 0.21966147 12
-1.063079 -1.6372875 0.033464987 3
-0.7498734 -1.7914642 0.099961676 24
nan nan nan 0
-0.75330871 -1.7979689 -0.033421356 26
nan nan nan 0
-0.75064218 -1.7915312 -0.16657028 21
nan nan nan 0
-0.65128464 -1.5558254 -0.26134834 12
nan nan nan 0
-0.4502514 -1.0744774 -0.26074594 6
-1.1927413 -1.8143888 0.4928323 92
-0.78494203 -1.8663232 0.53247261 94
-1.1891574 -1.8102885 0.33713546 63
-0.7860561 -1.8608851 0.38556468 95
-1.1376078 -1.7319498 0.17823349 9
-0.71721053 -1.6903373 0.22087842 13
-1.0592697 -1.6129069 0.033072308 3
-0.75178653 -1.7689811 0.098914951 24
nan nan nan 0
-0.753295 -1.7708424 -0.032985047 26
nan nan nan 0
-0.75225925 -1.7692225 -0.16483064 22
nan nan nan 0
-0.65873319 -1.5500035 -0.26095769 11
nan nan nan 0
-0.45227915 -1.0630442 -0.25849813 6
-1.1955899 -1.812513 0.4928323 88
-0.78632808 -1.8604972 0.53118026 94
-1.1882317 -1.8020293 0.33596346 62
-0.79311788 -1.8685553 0.38747105 95
-1.1392562 -1.7278838 0.1780156 9
-0.71822447 -1.6845129 0.22026995 14
-1.0648388 -1.6152269 0.033159569 3
-0.74219668 -1.7377886 0.097214036 25
nan nan nan 0
-0.75052208 -1.7557204 -0.032723259 26
nan nan nan 0
-0.74756098 -1.7495666 -0.163091 23
nan nan nan 0
-0.66240108 -1.551125 -0.26134834 11
nan nan nan 0
-0.45697996 -1.0689844 -0.26018399 6
-1.2080872 -1.8100679 0.49395624 94
-0.79700553 -1.8585761 0.53182638 94
-1.2045101 -1.8060488 0.33791673 58
-0.80289072 -1.864377 0.38747105 95
-1.1386021 -1.7073995 0.17649037 9
-0.72899377 -1.6852891 0.22087842 15
-1.0663378 -1.5992374 0.032941416 3
-0.74536288 -1.7201197 0.096428998 24
nan nan nan 0
-0.74882442 -1.7265152 -0.032243319 26
nan nan nan 0
-0.75178587 -1.7341913 -0.16200373 23
nan nan nan 0
-0.67148918 -1.5499039 -0.26173899 10
nan nan nan 0
-0.45968953 -1.0598608 -0.25849813 6
-1.2136434 -1.8122137 0.49508011 93
-0.80214936 -1.8616225 0.53311884 94
-1.206285 -1.801893 0.33752608 56
-0.80614346 -1.8629727 0.38747105 95
-1.1290952 -1.6867948 0.17452939 9
-0.73291749 -1.6862923 0.22118267 17
-1.0691274 -1.597374 0.032941416 3
-0.73845279 -1.6959021 0.095120601 24
nan nan nan 0
-0.73892599 -1.6953852 -0.031676114 25
nan nan nan 0
-0.74393129 -1.707734 -0.15961173 23
nan nan nan 0
-0.67517269 -1.5509962 -0.26212963 10
nan nan nan 0
-0.46443167 -1.065768 -0.26018399 5
-1.226167 -1.8096517 0.49620405 92
-0.81092346 -1.8551817 0.53247261 94
-1.2184753 -1.7996393 0.33830741 56
-0.81588686 -1.8587263 0.38747105 95
-1.1281252 -1.6664324 0.17300415 9
-0.73277807 -1.6619745 0.21844451 20
-1.0760734 -1.5896856 0.032897785 2
-0.73628831 -1.6668642 0.093681358 24
nan nan nan 0
-0.74075717 -1.6754727 -0.031370699 27
nan nan nan 0
-0.74185097 -1.67873 -0.15721974 23
nan nan nan 0
-0.68229306 -1.5451782 -0.26173899 10
nan nan nan 0
-0.46805355 -1.0588578 -0.25906011 5
-1.2262653 -1.8036968 0.49508011 89
-0.81802446 -1.8626173 0.53505743 94
-1.2243941 -1.8015921 0.33908871 52
-0.81912971 -1.8572994 0.38747105 95
-1.1282287 -1.6603435 0.17256837 8
-0.72368503 -1.6334379 0.21479362 22
-1.0718123 -1.5774742 0.032679629 2
-0.733154 -1.6518699 0.09289632 24
nan nan nan 0
-0.73157084 -1.6467347 -0.030847127 26
nan nan nan 0
-0.73372442 -1.6523668 -0.15482773 23
nan nan nan 0
-0.68498886 -1.543985 -0.26173899 9
nan nan nan 0
-0.46990085 -1.0580392 -0.25906011 5
-1.2387708 -1.8010474 0.49620405 93
-0.82581061 -1.8538921 0.53376508 94
-1.239412 -1.8032919 0.34065136 53
-0.83283126 -1.861955 0.38937744 95
-1.1284322 -1.6421059 0.17126103 8
-0.72514886 -1.6137643 0.21266393 10
-1.0800573 -1.5718406 0.032679629 2
-0.73160279 -1.6252172 0.091587923 9
nan nan nan 0
-0.73916203 -1.6406001 -0.030803496 9
nan nan nan 0
-0.74033219 -1.6439555 -0.15439282 9
nan nan nan 0
-0.69709212 -1.5493956 -0.26330161 8
nan nan nan 0
-0.47741747 -1.0600146 -0.26018399 5
-1.2415985 -1.7990994 0.49620405 84
-0.83100796 -1.8568611 0.53505743 94
-1.2411534 -1.7990944 0.34026068 55
-0.83607978 -1.8604987 0.38937744 95
-1.1242164 -1.6298902 0.17017159 8
-0.70664483 -1.564947 0.2062749 5
-1.082799 -1.5699532 0.032679629 2
nan nan nan 0
nan nan nan 0
-0.70409745 -1.554956 -0.029189149 18
nan nan nan 0
-0.70746797 -1.5631527 -0.14678191 5
nan nan nan 0
-0.69474018 -1.5369126 -0.26134834 8
nan nan nan 0
-0.47727588 -1.0547329 -0.25906011 5
-1.2596914 -1.8043324 0.49957573 90
-0.84071904 -1.8524845 0.53505743 93
-1.2576293 -1.802691 0.34221399 54
-0.84479707 -1.8538599 0.38890082 95
-1.128455 -1.6178575 0.16951792 7
-0.71277505 -1.5567079 0.20566641 37
-1.0795488 -1.5478715 0.03233058 2
-0.72223264 -1.5746307 0.088971123 9
nan nan nan 0
-0.71845138 -1.5648942 -0.029450934 103
nan nan nan 0
-0.71151167 -1.550362 -0.14591208 22
nan nan nan 0
-0.70455509 -1.5378717 -0.26212963 8
nan nan nan 0
-0.48682031 -1.0610919 -0.2613079 5
-1.2653228 -1.8063397 0.50069964 91
-0.84494781 -1.8532139 0.53570366 95
-1.2604593 -1.8007132 0.34221399 54
-0.84904796 -1.8546165 0.38937744 95
-1.1226954 -1.6036524 0.16821058 6
-0.71315819 -1.5510719 0.20505793 22
-1.0822487 -1.545985 0.03233058 2
-0.72366673 -1.5712241 0.088840283 9
nan nan nan 0
-0.7149359 -1.5500025 -0.029189149 96
nan nan nan 0
-0.71110624 -1.5423244 -0.14525972 19
nan nan nan 0
-0.70723808 -1.5366398 -0.26212963 8
nan nan nan 0
-0.48646531 -1.0558928 -0.26018399 4
-1.2747635 -1.7996899 0.50069964 87
-0.85834903 -1.8576921 0.53828847 92
-1.2727271 -1.7981174 0.34299526 52
-0.86047971 -1.8547522 0.39033058 95
-1.1221544 -1.5857599 0.16690324 6
-0.72543937 -1.5563238 0.2062749 4
-1.0828305 -1.5302924 0.032112423 6
-0.729783 -1.5628836 0.088578604 4
nan nan nan 0
-0.72592926 -1.5531658 -0.029320041 8
nan nan nan 0
-0.72860944 -1.5589111 -0.14721681 3
nan nan nan 0
-0.71631223 -1.5351561 -0.26252028 8
nan nan nan 0
-0.49403161 -1.0577537 -0.2613079 4
-1.2835554 -1.8053988 0.50294745 91
-0.85956633 -1.8518053 0.53699601 93
-1.2815906 -1.8039404 0.34455788 50
-0.86713547 -1.8597766 0.39176041 94
-1.1176997 -1.5736537 0.1658138 5
-0.73129368 -1.5618055 0.20718762 4
-1.082867 -1.5241382 0.032025162 8
nan nan nan 0
nan nan nan 0
nan nan nan 0
nan nan nan 0
-0.74290699 -1.582466 -0.14960881 3
nan nan nan 0
-0.71690655 -1.5294262 -0.26173899 8
nan nan nan 0
-0.49279884 -1.0502616 -0.25962204 4
-1.2918807 -1.7964513 0.5023855 88
-0.87264407 -1.8536898 0.53893471 92
-1.2927749 -1.7989842 0.34494856 51
-0.87686127 -1.8552109 0.39176041 94
-1.1131023 -1.5493926 0.1638528 5
-0.79159933 -1.6677982 0.22209539 3
-1.0922929 -1.5204761 0.032068796 7
-0.86999881 -1.830754 0.10441023 9
nan nan nan 0
-0.86846584 -1.8258716 -0.034686655 8
nan nan nan 0
-0.83952326 -1.7654406 -0.16765755 4
nan nan nan 0
-0.72727919 -1.529991 -0.26252028 7
nan nan nan 0
-0.49951202 -1.0497837 -0.26018399 4
-1.2975552 -1.7983683 0.5035094 83
-0.87485039 -1.8499782 0.53828847 92
-1.2973589 -1.7987266 0.34533921 50
-0.87905031 -1.8514584 0.39128381 94
-1.1055944 -1.5333166 0.16232757 5
-0.7806977 -1.6372619 0.21814027 3
-1.0949448 -1.5185673 0.032068796 7
-0.87533373 -1.8337438 0.10467191 9
nan nan nan 0
-0.86950612 -1.8198373 -0.034599394 8
nan nan nan 0
-0.84367156 -1.7662224 -0.16787501 3
nan nan nan 0
-0.73100638 -1.5309505 -0.26291096 7
nan nan nan 0
-0.49925986 -1.0445063 -0.25906011 4
-1.3058285 -1.789355 0.50294745 85
-0.88556391 -1.8475525 0.53893471 92
-1.311129 -1.7978904 0.34651116 50
-0.88979167 -1.8490441 0.39176041 94
-1.1003854 -1.5094076 0.16036656 7
-0.80000103 -1.6555206 0.22118267 3
-1.1058301 -1.5168502 0.032156058 2
-0.88708764 -1.8336349 0.10493358 9
nan nan nan 0
-0.88336033 -1.8242685 -0.034773916 8
nan nan nan 0
-0.84642762 -1.7483158 -0.16657028 3
nan nan nan 0
-0.73553801 -1.5205536 -0.26173899 7
nan nan nan 0
-0.504722 -1.041878 -0.25906011 3
-1.3129598 -1.7931944 0.50463331 84
-0.88982975 -1.8481821 0.53958082 91
-1.3139515 -1.7958288 0.34651116 48
-0.89408046 -1.8497001 0.39223698 94
-1.1015457 -1.5054765 0.16014868 7
-0.80475581 -1.6587323 0.22179115 3
-1.0996076 -1.502823 0.03189427 2
-0.8910526 -1.8344872 0.10506443 9
nan nan nan 0
-0.88545465 -1.8204737 -0.034730289 7
nan nan nan 0
-0.85164559 -1.7513202 -0.16700518 3
nan nan nan 0
-0.73711765 -1.5170438 -0.26134834 7
nan nan nan 0
-0.50635797 -1.0410838 -0.25906011 3
-1.3237821 -1.788252 0.50519526 75
-0.90233415 -1.8501737 0.54151952 90
-1.3248068 -1.7909085 0.34690183 49
-0.90772837 -1.8539772 0.39414334 94
-1.095806 -1.481873 0.15818767 7
-0.82214451 -1.672332 0.22422507 4
-1.1191057 -1.5133046 0.032243319 2
-0.90064573 -1.8297966 0.10506443 8
nan nan nan 0
-0.89685678 -1.8204582 -0.03481755 7
nan nan nan 0
-0.86409086 -1.753547 -0.16765755 3
nan nan nan 0
-0.74722028 -1.5175999 -0.26212963 6
nan nan nan 0
-0.51287037 -1.0406076 -0.25962204 3
-1.3341734 -1.7957096 0.50800502 87
-0.90661943 -1.8507673 0.54216564 88
-1.3338249 -1.7965189 0.34846446 49
-0.91236466 -1.8544357 0.39461994 94
-1.0924456 -1.471965 0.15731612 7
-0.82068914 -1.6619841 0.22300811 4
-1.0966437 -1.4770609 0.031501591 2
-0.90493947 -1.8304625 0.10519527 8
nan nan nan 0
-0.90223998 -1.8233756 -0.034904812 7
nan nan nan 0
-0.86605048 -1.7498014 -0.1674401 2
nan nan nan 0
-0.7476905 -1.5118608 -0.26134834 6
nan nan nan 0
-0.50932533 -1.0287737 -0.25681227 2
-1.3424047 -1.7865186 0.50744307 84
-0.91875827 -1.8501657 0.5434581 88
-1.3450097 -1.7912492 0.34885508 51
-0.92206192 -1.8496332 0.39461994 94
-1.0959026 -1.4600618 0.15666245 7
-0.83077455 -1.6597412 0.22331235 4
-1.1118752 -1.4812865 0.031719748 2
-0.91817063 -1.8322428 0.10558779 8
nan nan nan 0
-0.91320783 -1.8207042 -0.034948442 6
nan nan nan 0
-0.87186664 -1.7385563 -0.16678773 3
nan nan nan 0
-0.75806075 -1.5122141 -0.26212963 6
nan nan nan 0
-0.52138752 -1.0390925 -0.26018399 2
-1.3525496 -1.7941276 0.51025283 84
-0.91983992 -1.8442322 0.54216564 92
-1.3466463 -1.7869282 0.34846446 16
-0.92528874 -1.848021 0.39461994 95
-1.0909464 -1.4482083 0.155573 6
-0.83034265 -1.6516294 0.22239964 4
-1.1114469 -1.4753538 0.031632487 2
-0.91689718 -1.8217075 0.10506443 7
nan nan nan 0
-0.919743 -1.8258121 -0.035079334 6
nan nan nan 0
-0.87824523 -1.7437128 -0.1674401 2
nan nan nan 0
-0.75959438 -1.5086802 -0.26173899 5
nan nan nan 0
-0.52102482 -1.0338216 -0.25906011 2
-1.3607582 -1.7848471 0.50969088 75
-0.93165237 -1.8437065 0.5434581 91
-1.352988 -1.7759268 0.34768313 8
-0.937163 -1.8475332 0.39557317 95
-1.0924705 -1.4345572 0.15470144 6
-0.84009987 -1.649473 0.22270387 3
-1.0979257 -1.4416952 0.031021649 2
-0.9298104 -1.8235614 0.10545694 7
nan nan nan 0
-0.93268412 -1.8276582 -0.035210226 5
nan nan nan 0
-0.8873632 -1.7390904 -0.1674401 2
nan nan nan 0
-0.76190317 -1.4936688 -0.25978571 5
nan nan nan 0
-0.52643073 -1.0310793 -0.25906011 2
-1.3709683 -1.7923759 0.51250064 82
-0.93813318 -1.8485457 0.54539669 91
-1.3560855 -1.7735628 0.34768313 9
-0.94260436 -1.8502729 0.39652634 95
-1.0843719 -1.4188082 0.15317622 6
-0.8396036 -1.6413684 0.22179115 3
nan nan nan 0
-0.92959261 -1.815262 0.10506443 7
nan nan nan 0
-0.93927819 -1.8327085 -0.035341118 5
nan nan nan 0
-0.88700503 -1.7308817 -0.16678773 2
nan nan nan 0
-0.76226914 -1.4879353 -0.25900438 5
nan nan nan 0
-0.53043532 -1.0345031 -0.26018399 2
-1.3806459 -1.7849323 0.51250064 78
-0.94779932 -1.8436083 0.54539669 90
-1.3744236 -1.7781527 0.35002708 9
-0.95003825 -1.8409456 0.39557317 95
-1.0917859 -1.413111 0.15317622 6
-0.84591395 -1.6325378 0.22118267 4
nan nan nan 0
-0.941374 -1.8148074 0.10532611 7
nan nan nan 0
-0.94771451 -1.8255444 -0.035297491 4
nan nan nan 0
-0.90062487 -1.7350662 -0.16765755 2
nan nan nan 0
-0.77231228 -1.4883133 -0.25978571 4
nan nan nan 0
-0.53027332 -1.0208802 -0.25737423 3
-1.386438 -1.7866076 0.51362455 77
-0.95101553 -1.8419514 0.54539669 90
-1.3760098 -1.7738014 0.34963641 9
-0.95549864 -1.8436472 0.39652634 95
-1.0835534 -1.3974376 0.151651 5
-0.85104203 -1.6354671 0.22179115 3
nan nan nan 0
-0.94109428 -1.8065114 0.10493358 7
nan nan nan 0
-0.94974858 -1.8216686 -0.03525386 3
nan nan nan 0
-0.90250558 -1.7312804 -0.1674401 2
nan nan nan 0
-0.77717918 -1.491349 -0.26056704 3
nan nan nan 0
-0.53652644 -1.0286105 -0.25962204 3
-1.3990951 -1.7829105 0.51474845 79
-0.9617613 -1.8390893 0.54604292 91
-1.39138 -1.7743398 0.35119903 9
-0.96741062 -1.8429703 0.39747953 94
-1.0847019 -1.383911 0.15077944 5
-0.85959363 -1.6309885 0.22179115 4
nan nan nan 0
-0.95634079 -1.8126123 0.10558779 7
nan nan nan 0
-0.96392292 -1.8255224 -0.035428382 2
nan nan nan 0
-0.91387355 -1.7309415 -0.16787501 1
nan nan nan 0
-0.78612381 -1.489446 -0.26095769 3
nan nan nan 0
-0.53399938 -1.0106781 -0.25568837 3
-1.4034024 -1.7826235 0.51531041 77
-0.96944231 -1.8459703 0.54862773 90
-1.3791873 -1.7525169 0.34729245 8
-0.97062576 -1.8412788 0.39747953 95
-1.0778644 -1.3702806 0.14947209 5
-0.86359423 -1.6316818 0.22209539 3
nan nan nan 0
-0.95833898 -1.8087317 0.10545694 7
nan nan nan 0
-0.9636091 -1.8172046 -0.035297491 2
nan nan nan 0
nan nan nan 0
nan nan nan 0
-0.79102319 -1.4924415 -0.26173899 2
nan nan nan 0
-0.53802878 -1.0140574 -0.25681227 3
-1.4160643 -1.7788134 0.51643431 79
-0.97909439 -1.8408691 0.54862773 89
-1.3698783 -1.7220978 0.34260461 8
-0.98370636 -1.8426739 0.3989093 93
-1.0819203 -1.3607228 0.14903632 5
-0.8674584 -1.6183778 0.22087842 3
nan nan nan 0
-0.97132295 -1.8102968 0.10584947 7
nan nan nan 0
-0.9801771 -1.825363 -0.035559274 2
nan nan nan 0
nan nan nan 0
nan nan nan 0
nan nan nan 0
nan nan nan 0
-0.54905301 -1.021979 -0.25962204 3
-1.4203786 -1.7784892 0.51699626 73
-0.98457193 -1.843423 0.5499202 90
-1.3682551 -1.7139189 0.34143266 8
-0.98807567 -1.8431196 0.3993859 93
-1.0811827 -1.3549424 0.14860053 5
-0.87496442 -1.625613 0.22209539 3
nan nan nan 0
-0.97448105 -1.8085988 0.10584947 7
nan nan nan 0
-0.98454303 -1.825852 -0.035602909 1
nan nan nan 0
nan nan nan 0
nan nan nan 0
nan nan nan 0
nan nan nan 0
-0.55198395 -1.0231676 -0.26018399 2
nan nan nan 0
-0.99535459 -1.840369 0.55056632 90
-1.3772104 -1.7067311 0.34143266 9
-1.0000448 -1.8422396 0.40033907 92
-1.0835654 -1.3434523 0.14794688 5
-0.8799178 -1.6144643 0.22118267 3
nan nan nan 0
-0.98631912 -1.8078599 0.10611115 6
nan nan nan 0
-0.99647588 -1.825065 -0.035690166 2
nan nan nan 0
nan nan nan 0
nan nan nan 0
nan nan nan 0
nan nan nan 0
-0.55269611 -1.0116936 -0.25793618 2
-1.2746528 -1.5737013 0.45911518 33
-0.99856508 -1.838629 0.55056632 90
-1.3521855 -1.6698074 0.33440083 14
-1.000919 -1.8361766 0.3993859 92
-1.0764945 -1.3299545 0.14663954 5
-0.88629192 -1.619465 0.22209539 3
nan nan nan 0
-0.98708361 -1.8017515 0.10584947 6
nan nan nan 0
-1.011629 -1.8452673 -0.03612648 2
nan nan nan 0
nan nan nan 0
nan nan nan 0
nan nan nan 0
nan nan nan 0
nan nan nan 0
-1.2831488 -1.5667816 0.45911518 37
-1.0093375 -1.8354942 0.55121255 90
-1.3170712 -1.6092392 0.32346252 59
-1.0140629 -1.8373644 0.40081567 92
-1.0787059 -1.3185221 0.14598587 5
-0.89116728 -1.6082821 0.22118267 3
nan nan nan 0
-1.0025347 -1.8074876 0.10650366 6
nan nan nan 0
-1.0128181 -1.8246284 -0.035821062 2
nan nan nan 0
nan nan nan 0
nan nan nan 0
nan nan nan 0
nan nan nan 0
nan nan nan 0
-1.2856082 -1.5647641 0.45911518 33
-1.0171905 -1.8421967 0.55379736 89
-1.324585 -1.6126583 0.32463446 34
-1.0196379 -1.8398899 0.40176883 91
-1.0730932 -1.3070219 0.14489642 5
-0.89517403 -1.6088954 0.22148691 3
nan nan nan 0
-1.0056878 -1.8057351 0.10650366 6
nan nan nan 0
-1.0208499 -1.831602 -0.035995588 2
nan nan nan 0
nan nan nan 0
nan nan nan 0
nan nan nan 0
nan nan nan 0
nan nan nan 0
-1.3127557 -1.5802541 0.46585861 28
-1.0291697 -1.8410668 0.55508983 89
-1.3124839 -1.5810201 0.31955594 84
-1.0292575 -1.8345259 0.40176883 94
-1.0703669 -1.2898965 0.14358908 5
-0.90601075 -1.6085163 0.22209539 3
nan nan nan 0
-1.0175718 -1.8047997 0.10676534 6
nan nan nan 0
-1.0304261 -1.8262316 -0.035995588 2
nan nan nan 0
nan nan nan 0
nan nan nan 0
nan nan nan 0
nan nan nan 0
nan nan nan 0
-1.4666808 -1.7595725 0.52036798 60
-1.0300266 -1.8350505 0.55379736 89
nan nan nan 0
-1.0336579 -1.8348677 0.40224546 91
-1.0710208 -1.2861146 0.14337119 4
-0.90881681 -1.6069326 0.22209539 3
nan nan nan 0
-1.0341972 -1.8269486 0.10820458 4
nan nan nan 0
nan nan nan 0
nan nan nan 0
nan nan nan 0
nan nan nan 0
nan nan nan 0
nan nan nan 0
nan nan nan 0
-1.4918931 -1.7702258 0.52598751 71
-1.0408092 -1.8317344 0.5544436 90
-1.4890759 -1.7681111 0.3601841 12
-1.0432509 -1.8294302 0.40224546 91
-1.069711 -1.2709709 0.14228174 4
nan nan nan 0
nan nan nan 0
nan nan nan 0
nan nan nan 0
nan nan nan 0
nan nan nan 0
nan nan nan 0
nan nan nan 0
nan nan nan 0
nan nan nan 0
nan nan nan 0
-1.4978204 -1.7715981 0.52711141 68
-1.0487732 -1.8383163 0.55702841 88
-1.4905642 -1.7636249 0.35979345 12
-1.0525163 -1.8382685 0.40462843 89
-1.0671002 -1.2633995 0.14162809 4
nan nan nan 0
nan nan nan 0
nan nan nan 0
nan nan nan 0
nan nan nan 0
nan nan nan 0
nan nan nan 0
nan nan nan 0
nan nan nan 0
nan nan nan 0
nan nan nan 0
-1.513721 -1.7708699 0.52935922 68
-1.0571809 -1.8307056 0.55638218 89
-1.5094098 -1.7670536 0.36213735 21
-1.0596752 -1.8284807 0.40367526 90
-1.0737005 -1.257795 0.14162809 4
nan nan nan 0
nan nan nan 0
nan nan nan 0
nan nan nan 0
nan nan nan 0
nan nan nan 0
nan nan nan 0
nan nan nan 0
nan nan nan 0
nan nan nan 0
nan nan nan 0
-1.5196754 -1.7721858 0.53048313 65
-1.0639948 -1.8351336 0.55832076 89
-1.5205345 -1.7737838 0.36409065 35
-1.0640944 -1.8287519 0.40415183 90
-1.0677822 -1.2464713 0.14053863 5
nan nan nan 0
nan nan nan 0
nan nan nan 0
nan nan nan 0
nan nan nan 0
nan nan nan 0
nan nan nan 0
nan nan nan 0
nan nan nan 0
nan nan nan 0
nan nan nan 0
-1.5276443 -1.7620982 0.52992117 64
-1.0748068 -1.8316228 0.55896699 87
-1.5265645 -1.7620682 0.36330935 35
-1.0761367 -1.8273902 0.40510502 89
-1.0693972 -1.2352204 0.13988498 5
nan nan nan 0
nan nan nan 0
nan nan nan 0
nan nan nan 0
nan nan nan 0
nan nan nan 0
nan nan nan 0
nan nan nan 0
nan nan nan 0
nan nan nan 0
nan nan nan 0
-1.5368106 -1.7670437 0.53216898 64
-1.081666 -1.8359945 0.56090558 90
-1.5345023 -1.7649876 0.3644813 35
-1.0855469 -1.8360853 0.40748802 87
-1.0699159 -1.2314739 0.13966708 5
nan nan nan 0
nan nan nan 0
nan nan nan 0
nan nan nan 0
nan nan nan 0
nan nan nan 0
nan nan nan 0
nan nan nan 0
nan nan nan 0
nan nan nan 0
nan nan nan 0
-1.5511788 -1.7641876 0.53385484 65
-1.0912642 -1.8303057 0.56090558 89
-1.5486168 -1.7624898 0.36565328 34
-1.0951457 -1.8303763 0.40748802 87
-1.0714132 -1.2202462 0.13901341 5
nan nan nan 0
nan nan nan 0
-1.0701313 -1.7799685 0.10702702 3
nan nan nan 0
nan nan nan 0
nan nan nan 0
nan nan nan 0
nan nan nan 0
nan nan nan 0
nan nan nan 0
nan nan nan 0
-1.5587869 -1.7672255 0.5355407 64
-1.0944571 -1.8283985 0.56090558 90
-1.5565941 -1.7653365 0.36682522 34
-1.0983386 -1.8284621 0.40748802 87
-1.0735412 -1.2183743 0.13901341 5
-0.95333064 -1.5809304 0.22209539 8
nan nan nan 0
-1.0796636 -1.788799 0.10768122 11
nan nan nan 0
-1.078999 -1.7862896 -0.035821062 3
nan nan nan 0
nan nan nan 0
nan nan nan 0
nan nan nan 0
nan nan nan 0
nan nan nan 0
-1.5699482 -1.7605826 0.53610265 62
-1.1052623 -1.8247112 0.56155181 91
-1.5691048 -1.7608467 0.36760655 34
-1.1078973 -1.8226862 0.40748802 84
-1.0699557 -1.2015884 0.13770607 5
-0.94872236 -1.5547032 0.21905299 8
nan nan nan 0
-1.0903115 -1.785255 0.10781206 11
nan nan nan 0
-1.1143166 -1.8233273 -0.036693681 3
nan nan nan 0
nan nan nan 0
nan nan nan 0
nan nan nan 0
nan nan nan 0
nan nan nan 0
-1.5808398 -1.767186 0.53891242 63
-1.1109461 -1.8269118 0.56284428 91
-1.5787654 -1.7654628 0.36916918 34
-1.1136246 -1.8249451 0.40844119 83
-1.0620816 -1.1885881 0.13639873 5
-0.95401633 -1.5572833 0.21966147 8
nan nan nan 0
-1.0986272 -1.7918739 0.10833542 10
nan nan nan 0
nan nan nan 0
nan nan nan 0
nan nan nan 0
nan nan nan 0
nan nan nan 0
nan nan nan 0
nan nan nan 0
-1.5887425 -1.7568015 0.53835046 62
-1.1204964 -1.8210698 0.56284428 91
-1.5879877 -1.7571722 0.36916918 34
-1.1244495 -1.82118 0.40891778 84
-1.0632766 -1.1774716 0.13574508 5
-0.95825094 -1.5459298 0.21874875 8
nan nan nan 0
-1.1066828 -1.7839725 0.10820458 10
nan nan nan 0
nan nan nan 0
nan nan nan 0
nan nan nan 0
nan nan nan 0
nan nan nan 0
nan nan nan 0
nan nan nan 0
-1.5947765 -1.7579093 0.53947437 60
-1.1236731 -1.8191116 0.56284428 91
-1.5960329 -1.7598814 0.37034112 34
-1.1302031 -1.8233922 0.40987095 83
-1.061981 -1.1719271 0.13530929 4
-0.96486491 -1.5505852 0.21966147 8
nan nan nan 0
-1.1137403 -1.7884047 0.10859711 10
nan nan nan 0
nan nan nan 0
nan nan nan 0
nan nan nan 0
nan nan nan 0
nan nan nan 0
nan nan nan 0
nan nan nan 0
-1.6092083 -1.7546372 0.54116023 63
-1.1344582 -1.8152539 0.56349045 92
-1.6102352 -1.7569578 0.37151313 34
-1.1410344 -1.8195312 0.41034755 82
-1.0681026 -1.1663505 0.13530929 4
-0.97428727 -1.5476151 0.21996571 8
nan nan nan 0
-1.127068 -1.7888939 0.10898963 10
nan nan nan 0
nan nan nan 0
nan nan nan 0
nan nan nan 0
nan nan nan 0
nan nan nan 0
nan nan nan 0
nan nan nan 0
-1.6202164 -1.7610644 0.54396999 60
-1.1389035 -1.8153194 0.56413662 91
-1.6183182 -1.7595934 0.37268507 34
-1.1481175 -1.8237761 0.41177732 82
-1.0633873 -1.1571575 0.13443774 5
-0.98094827 -1.5522151 0.22087842 8
nan nan nan 0
-1.1301886 -1.7869242 0.10898963 10
nan nan nan 0
nan nan nan 0
nan nan nan 0
nan nan nan 0
nan nan nan 0
nan nan nan 0
nan nan nan 0
nan nan nan 0
-1.6297208 -1.7522725 0.54396999 64
-1.1522622 -1.8154567 0.56607527 91
-1.6308739 -1.7547103 0.37346637 35
-1.1550231 -1.8135939 0.41082415 82
-1.0677346 -1.1497508 0.13421984 4
-0.98240501 -1.5365877 0.21935724 8
nan nan nan 0
-1.1435524 -1.7872995 0.10938215 10
nan nan nan 0
nan nan nan 0
nan nan nan 0
nan nan nan 0
nan nan nan 0
nan nan nan 0
nan nan nan 0
nan nan nan 0
-1.639124 -1.7568296 0.5462178 91
-1.1554291 -1.8134429 0.56607527 91
-1.6406765 -1.7590791 0.37502897 43
-1.1595043 -1.8136458 0.41130075 81
-1.0646392 -1.1424257 0.13356617 3
-0.99042565 -1.5432373 0.2205742 8
nan nan nan 0
-1.1359125 -1.768473 0.10833542 8
nan nan nan 0
nan nan nan 0
nan nan nan 0
nan nan nan 0
nan nan nan 0
nan nan nan 0
nan nan nan 0
nan nan nan 0
-1.6519512 -1.7514774 0.5473417 94
-1.1636044 -1.8053354 0.56542909 91
-1.6481696 -1.748669 0.37463835 47
-1.1716411 -1.8116769 0.41225392 80
-1.05522 -1.1205364 0.13160518 3
-0.99983853 -1.540115 0.22087842 7
nan nan nan 0
-1.1478679 -1.7666941 0.10859711 6
nan nan nan 0
nan nan nan 0
nan nan nan 0
nan nan nan 0
nan nan nan 0
nan nan nan 0
nan nan nan 0
nan nan nan 0
-1.6563759 -1.7506484 0.54790366 53
-1.1719835 -1.8114237 0.56801391 89
-1.6546154 -1.749375 0.37541965 44
-1.1748013 -1.8096292 0.41225392 80
-1.0674506 -1.1295412 0.1329125 2
-1.002525 -1.5383676 0.22087842 7
nan nan nan 0
-1.1414341 -1.7500297 0.10768122 5
nan nan nan 0
nan nan nan 0
nan nan nan 0
nan nan nan 0
nan nan nan 0
nan nan nan 0
nan nan nan 0
nan nan nan 0
-1.6624533 -1.7381427 0.54677975 31
-1.1840882 -1.8093094 0.56930625 89
-1.6671677 -1.7442551 0.37620097 23
-1.1882886 -1.8096159 0.41368371 78
nan nan nan 0
-1.0064845 -1.5268717 0.21996571 7
nan nan nan 0
-1.139619 -1.727334 0.10663451 5
nan nan nan 0
nan nan nan 0
nan nan nan 0
nan nan nan 0
nan nan nan 0
nan nan nan 0
nan nan nan 0
nan nan nan 0
-1.6618057 -1.7320164 0.54565585 29
-1.1885661 -1.8092613 0.56995249 88
-1.6633667 -1.7342197 0.37463835 20
-1.1914451 -1.8075392 0.41368371 78
-1.3254848 -1.3824857 0.16450647 2
-1.0146046 -1.533404 0.22118267 7
nan nan nan 0
-1.1398844 -1.7211736 0.10637283 5
nan nan nan 0
nan nan nan 0
nan nan nan 0
nan nan nan 0
nan nan nan 0
nan nan nan 0
nan nan nan 0
nan nan nan 0
-1.6626654 -1.7142633 0.54284608 28
-1.203352 -1.8110707 0.5725373 87
-1.6689843 -1.7219431 0.37385702 19
-1.2036071 -1.8053659 0.41463691 76
-1.346583 -1.3898225 0.16624957 2
-1.0253694 -1.5322018 0.22179115 7
nan nan nan 0
-1.1364172 -1.6964859 0.10519527 5
nan nan nan 0
nan nan nan 0
nan nan nan 0
nan nan nan 0
nan nan nan 0
nan nan nan 0
nan nan nan 0
nan nan nan 0
-1.6551552 -1.7011815 0.53947437 28
-1.2065111 -1.8089678 0.5725373 88
-1.6579051 -1.7051667 0.3707318 18
-1.2094774 -1.8073473 0.41559011 76
-1.3559579 -1.3946058 0.16712113 2
-1.0250185 -1.5264623 0.22118267 7
nan nan nan 0
-1.1349162 -1.6884736 0.10480275 5
nan nan nan 0
nan nan nan 0
nan nan nan 0
nan nan nan 0
nan nan nan 0
nan nan nan 0
nan nan nan 0
nan nan nan 0
-1.6520752 -1.6803422 0.5355407 27
-1.2210352 -1.8108586 0.57512212 87
-1.6546868 -1.6841426 0.3679972 16
-1.2213517 -1.8052737 0.41654328 75
-1.3769741 -1.4019258 0.16886425 2
-1.039942 -1.5313554 0.22270387 7
nan nan nan 0
-1.1339487 -1.6680334 0.10388687 4
nan nan nan 0
nan nan nan 0
nan nan nan 0
nan nan nan 0
nan nan nan 0
nan nan nan 0
nan nan nan 0
nan nan nan 0
-1.6478648 -1.6708128 0.53329289 27
-1.2214952 -1.8047192 0.57382971 87
-1.6489483 -1.6724672 0.36604393 17
-1.2245005 -1.8031392 0.41654328 74
-1.377669 -1.3977485 0.16864637 2
-1.0440058 -1.5315919 0.22300811 6
nan nan nan 0
-1.1326505 -1.6598556 0.10349435 4
nan nan nan 0
nan nan nan 0
nan nan nan 0
nan nan nan 0
nan nan nan 0
nan nan nan 0
nan nan nan 0
nan nan nan 0
-1.6465524 -1.6515301 0.52992117 26
-1.2363675 -1.8062819 0.57641453 87
-1.6559385 -1.6620625 0.36565328 16
-1.23531 -1.7987288 0.41701987 75
-1.390246 -1.3958044 0.16930003 2
-1.0520107 -1.5261046 0.22300811 6
nan nan nan 0
-1.1300191 -1.6374385 0.10244763 4
nan nan nan 0
nan nan nan 0
nan nan nan 0
nan nan nan 0
nan nan nan 0
nan nan nan 0
nan nan nan 0
nan nan nan 0
-1.6370765 -1.6368947 0.52598751 26
-1.2381548 -1.8021277 0.57576835 88
-1.6413642 -1.6417216 0.36174673 16
-1.2426133 -1.8026406 0.41844967 71
-1.39268 -1.3933759 0.16930003 2
-1.0518588 -1.5201782 0.22239964 6
nan nan nan 0
-1.1300412 -1.6313527 0.10218595 4
nan nan nan 0
nan nan nan 0
nan nan nan 0
nan nan nan 0
nan nan nan 0
nan nan nan 0
nan nan nan 0
nan nan nan 0
-1.6389757 -1.6211666 0.5237397 26
-1.251695 -1.8015788 0.57770693 85
-1.6429123 -1.6261624 0.3601841 16
-1.2534342 -1.7981259 0.41892627 71
-1.4034997 -1.3895659 0.1697358 2
-1.0640569 -1.5207597 0.22331235 6
nan nan nan 0
-1.1271459 -1.6090289 0.10113923 4
nan nan nan 0
nan nan nan 0
nan nan nan 0
nan nan nan 0
nan nan nan 0
nan nan nan 0
nan nan nan 0
nan nan nan 0
-1.6380483 -1.6151724 0.52261579 26
-1.2548374 -1.7993914 0.57770693 89
-1.6334319 -1.6111642 0.3574495 14
-1.2593758 -1.7999628 0.41987944 71
-1.4130208 -1.3941041 0.17060737 2
-1.0638671 -1.5148318 0.22270387 7
nan nan nan 0
-1.1256588 -1.6009225 0.10074671 4
nan nan nan 0
nan nan nan 0
nan nan nan 0
nan nan nan 0
nan nan nan 0
nan nan nan 0
nan nan nan 0
nan nan nan 0
-1.6380368 -1.5977883 0.51980603 26
-1.2697923 -1.8007029 0.58029175 87
-1.6365402 -1.5974195 0.35627756 14
-1.2758496 -1.8033762 0.4222624 70
-1.4220846 -1.3884246 0.17082526 2
-1.0746478 -1.5132942 0.22331235 9
nan nan nan 0
-1.123932 -1.5807402 0.099830829 3
nan nan nan 0
nan nan nan 0
nan nan nan 0
nan nan nan 0
nan nan nan 0
nan nan nan 0
nan nan nan 0
nan nan nan 0
-1.6373267 -1.591534 0.51868212 26
-1.2729331 -1.798484 0.58029175 84
-1.6269256 -1.5825189 0.35354298 14
-1.2807266 -1.8029271 0.422739 70
-1.4352257 -1.3963506 0.17213258 2
-1.0758519 -1.509392 0.22300811 10
nan nan nan 0
-1.1180162 -1.5665631 0.099045791 2
nan nan nan 0
nan nan nan 0
nan nan nan 0
nan nan nan 0
nan nan nan 0
nan nan nan 0
nan nan nan 0
nan nan nan 0
-1.6406417 -1.5775909 0.51699626 26
-1.2854488 -1.7955037 0.58158422 85
-1.6301216 -1.5685611 0.35237098 14
-1.2887216 -1.7942003 0.4222624 69
-1.4391675 -1.3851142 0.17169681 2
-1.0984653 -1.5237129 0.22605051 8
nan nan nan 0
-1.1177367 -1.5483249 0.098260753 1
nan nan nan 0
nan nan nan 0
nan nan nan 0
nan nan nan 0
nan nan nan 0
nan nan nan 0
nan nan nan 0
nan nan nan 0
-1.6360779 -1.568275 0.51474845 26
-1.2927959 -1.7991499 0.5835228 87
-1.6275057 -1.5605912 0.35119903 14
-1.2990061 -1.8019168 0.42464539 69
-1.44698 -1.387767 0.17235048 2
-1.0938742 -1.511724 0.22452931 8
nan nan nan 0
-1.1116771 -1.5342212 0.097475715 3
nan nan nan 0
nan nan nan 0
nan nan nan 0
nan nan nan 0
nan nan nan 0
nan nan nan 0
nan nan nan 0
nan nan nan 0
-1.6339245 -1.5493518 0.51137674 25
-1.3064448 -1.7982265 0.58546138 83
-1.628484 -1.5452554 0.34963641 14
-1.3069818 -1.7931044 0.4241688 65
-1.4614586 -1.3870226 0.17322204 2
-1.1032348 -1.5079821 0.22483355 8
nan nan nan 0
-1.1079299 -1.5122397 0.096428998 2
nan nan nan 0
nan nan nan 0
nan nan nan 0
nan nan nan 0
nan nan nan 0
nan nan nan 0
nan nan nan 0
nan nan nan 0
-1.6328129 -1.5434396 0.51025283 25
-1.3124191 -1.7998521 0.58675385 83
-1.6275872 -1.5390207 0.34885508 14
-1.3129991 -1.7947881 0.42512199 65
-1.4693102 -1.3895986 0.1738757 2
-1.0897633 -1.4840138 0.22148691 9
nan nan nan 0
-1.1046712 -1.5022441 0.095905639 2
nan nan nan 0
nan nan nan 0
nan nan nan 0
nan nan nan 0
nan nan nan 0
nan nan nan 0
nan nan nan 0
nan nan nan 0
-1.6304554 -1.5246089 0.50688112 25
-1.3218251 -1.7929558 0.58675385 83
-1.6320143 -1.5271064 0.34807378 14
-1.3238339 -1.7898647 0.42559856 64
-1.4893054 -1.3937869 0.17540094 2
-1.088673 -1.4663116 0.21966147 10
nan nan nan 0
-1.1110369 -1.4944322 0.095774792 5
nan nan nan 0
nan nan nan 0
nan nan nan 0
nan nan nan 0
nan nan nan 0
nan nan nan 0
nan nan nan 0
nan nan nan 0
-1.6292816 -1.5187269 0.50575721 25
-1.3292495 -1.7964791 0.58869243 83
-1.6220254 -1.5124785 0.34533921 13
-1.3284144 -1.7895249 0.42607516 64
-1.4972045 -1.3962764 0.1760546 2
-1.0808864 -1.4504552 0.21753179 11
nan nan nan 0
-1.1047146 -1.4804636 0.094989754 4
nan nan nan 0
nan nan nan 0
nan nan nan 0
nan nan nan 0
nan nan nan 0
nan nan nan 0
nan nan nan 0
nan nan nan 0
-1.626721 -1.4999906 0.5023855 25
-1.3415228 -1.7933681 0.58998483 84
-1.62629 -1.5006187 0.34455788 14
-1.3465807 -1.7943403 0.42893475 64
-1.5154854 -1.3985418 0.17736192 2
-1.0825135 -1.4368334 0.21631482 11
nan nan nan 0
-1.1094538 -1.4706655 0.094728075 3
nan nan nan 0
nan nan nan 0
nan nan nan 0
nan nan nan 0
nan nan nan 0
nan nan nan 0
nan nan nan 0
nan nan nan 0
-1.6272802 -1.4957864 0.50182354 25
-1.3460968 -1.7929581 0.59063101 85
-1.6216302 -1.4910989 0.34299526 13
-1.3511828 -1.7939507 0.42941135 65
-1.5234283 -1.4009473 0.1780156 2
-1.0850196 -1.4349418 0.21631482 11
nan nan nan 0
-1.1030061 -1.4567622 0.093943037 3
-0.19187211 -0.17859101 -0.011906429 4
nan nan nan 0
nan nan nan 0
nan nan nan 0
nan nan nan 0
nan nan nan 0
nan nan nan 0
nan nan nan 0
-1.6191156 -1.4722247 0.496766 25
-1.3612906 -1.7935925 0.59321582 84
-1.6184486 -1.4726261 0.34065136 12
-1.3650055 -1.7927179 0.43084112 64
-1.5307428 -1.3929515 0.1780156 2
-1.0835061 -1.4173898 0.21448939 11
nan nan nan 0
-1.0939806 -1.4291186 0.092503794 3
-0.19280457 -0.17758392 -0.011906429 4
nan nan nan 0
nan nan nan 0
nan nan nan 0
nan nan nan 0
nan nan nan 0
nan nan nan 0
nan nan nan 0
-1.6196198 -1.4680451 0.49620405 25
-1.3629596 -1.7892897 0.59256965 84
-1.6155242 -1.4648278 0.33947936 13
-1.3711047 -1.7942388 0.43179429 64
-1.5424038 -1.3986342 0.17910506 2
-1.0799564 -1.407606 0.21327242 10
nan nan nan 0
-1.0919251 -1.4212563 0.092111282 3
-0.18385807 -0.16887183 -0.01125223 4
nan nan nan 0
nan nan nan 0
nan nan nan 0
nan nan nan 0
nan nan nan 0
nan nan nan 0
nan nan nan 0
-1.6184633 -1.4511374 0.49339426 26
-1.376718 -1.7878783 0.59450829 84
-1.6213323 -1.4547013 0.33908871 12
-1.3834732 -1.7909255 0.43274748 62
-1.5478505 -1.3888774 0.17888717 2
-1.0782175 -1.3901441 0.21144699 10
nan nan nan 0
-1.09172 -1.4056416 0.091457076 3
-0.2033395 -0.18456031 -0.012560629 4
nan nan nan 0
-0.18940054 -0.17190833 -0.027077384 5
nan nan nan 0
nan nan nan 0
nan nan nan 0
nan nan nan 0
nan nan nan 0
-1.6116521 -1.4404845 0.49058449 26
-1.3813095 -1.7873868 0.59515446 83
-1.6164999 -1.4452924 0.33752608 12
-1.3895963 -1.7923933 0.43370065 63
-1.5632787 -1.3977824 0.18041238 2
-1.0776037 -1.3843361 0.2108385 10
nan nan nan 0
-1.0849926 -1.3918962 0.090672038 2
-0.17758103 -0.16093577 -0.010728871 4
nan nan nan 0
-0.17673324 -0.16002023 -0.024947701 6
nan nan nan 0
nan nan nan 0
nan nan nan 0
nan nan nan 0
nan nan nan 0
-1.6121166 -1.4252958 0.48833668 25
-1.3950976 -1.7858481 0.59709311 83
-1.6147913 -1.4286358 0.33557284 12
-1.3974525 -1.7831583 0.43322408 62
-1.5743093 -1.3928752 0.18084818 2
-1.0817785 -1.3747667 0.21023002 10
nan nan nan 0
-1.0907255 -1.3842312 0.090541206 3
-0.19152214 -0.17157 -0.01164475 4
nan nan nan 0
-0.18873501 -0.16894057 -0.026773144 5
nan nan nan 0
nan nan nan 0
nan nan nan 0
nan nan nan 0
nan nan nan 0
-1.6088666 -1.4179347 0.48665082 25
-1.4056433 -1.7929286 0.60032409 82
-1.6172823 -1.4258152 0.33557284 12
-1.4005625 -1.7807165 0.43322408 63
-1.5842162 -1.3967067 0.18171974 2
-1.0811106 -1.3689739 0.20962153 10
nan nan nan 0
-1.085422 -1.3725144 0.089887001 2
-0.19557014 -0.17453358 -0.011906429 4
nan nan nan 0
-0.21326047 -0.18990578 -0.030728268 5
nan nan nan 0
nan nan nan 0
nan nan nan 0
nan nan nan 0
nan nan nan 0
-1.6091642 -1.4028127 0.48440304 25
-1.4165078 -1.7874399 0.60097033 83
-1.6135525 -1.4075978 0.33322889 12
-1.4174838 -1.7829791 0.43560702 57
-1.5915077 -1.3883927 0.18171974 2
-1.0774623 -1.349691 0.20749186 10
nan nan nan 0
-1.0925937 -1.3668123 0.089887001 3
-0.19648132 -0.17350718 -0.011906429 4
nan nan nan 0
-0.19927216 -0.17576028 -0.028294345 6
nan nan nan 0
nan nan nan 0
nan nan nan 0
nan nan nan 0
nan nan nan 0
-1.6095256 -1.3986869 0.48384106 25
-1.418126 -1.7830718 0.60032409 81
-1.6029518 -1.3934511 0.33049431 12
nan nan nan 0
-1.5958092 -1.3872451 0.18193761 2
-1.0798165 -1.3478085 0.20749186 10
nan nan nan 0
-1.0871913 -1.3551462 0.089232802 2
-0.20244157 -0.17807177 -0.012298949 3
nan nan nan 0
-0.21458107 -0.18841232 -0.030728268 6
nan nan nan 0
-0.91212732 -0.7920382 -0.22781199 5
nan nan nan 0
nan nan nan 0
nan nan nan 0
-1.6096745 -1.383613 0.48159325 25
-1.4304613 -1.7793925 0.6016165 81
-1.6102258 -1.385039 0.33049431 12
-1.2685351 -1.5721313 0.38556468 13
-1.6162778 -1.3902273 0.18346284 3
-1.0728499 -1.3247436 0.2047537 10
nan nan nan 0
-1.0895697 -1.3436056 0.088840283 2
-0.19958226 -0.17375728 -0.012037269 4
nan nan nan 0
-0.21368085 -0.18567103 -0.030424027 6
nan nan nan 0
-0.93303722 -0.80161941 -0.23210135 5
nan nan nan 0
nan nan nan 0
nan nan nan 0
-1.6007383 -1.3715827 0.47822157 25
-1.4350773 -1.7787759 0.60226274 81
-1.5995067 -1.3709891 0.32775971 12
-1.2712771 -1.5699148 0.38556468 17
-1.6281638 -1.3954998 0.1845523 3
-1.0736003 -1.3209393 0.20444946 10
nan nan nan 0
-1.0809175 -1.3281186 0.087924398 2
-0.20178252 -0.17503142 -0.012168109 4
nan nan nan 0
-0.21023136 -0.18207404 -0.029815545 7
nan nan nan 0
-0.93630171 -0.80158305 -0.23257795 5
nan nan nan 0
nan nan nan 0
nan nan nan 0
-1.6044161 -1.3597552 0.47709763 25
-1.4443712 -1.7712375 0.60226274 82
-1.6066632 -1.3625954 0.32775971 11
-1.2701789 -1.5518209 0.38270509 23
-1.6259441 -1.3789098 0.18346284 2
-1.072652 -1.305692 0.20292826 10
nan nan nan 0
-1.0846947 -1.3185762 0.087662719 3
-0.19316746 -0.16590868 -0.01151391 4
nan nan nan 0
-0.21497186 -0.18417473 -0.030424027 7
nan nan nan 0
-0.96861112 -0.82042044 -0.23972684 4
nan nan nan 0
nan nan nan 0
nan nan nan 0
-1.6009635 -1.3525221 0.4754118 24
-1.4520376 -1.7743301 0.60420132 81
-1.599602 -1.3518283 0.32580644 12
-1.2666718 -1.5420021 0.38079873 35
-1.6245409 -1.3728582 0.18302706 2
-1.0749292 -1.3038179 0.20292826 10
nan nan nan 0
-1.0774885 -1.3051044 0.086877681 2
-0.2049081 -0.1752279 -0.012298949 5
nan nan nan 0
-0.22288421 -0.19019394 -0.031640988 7
nan nan nan 0
-0.97567499 -0.8234691 -0.24115664 5
nan nan nan 0
nan nan nan 0
nan nan nan 0
-1.6026454 -1.3391594 0.47372591 24
-1.4643791 -1.770431 0.60549372 79
-1.600971 -1.3386875 0.32463446 11
-1.2747283 -1.5353487 0.38079873 26
-1.6164109 -1.3515664 0.18128394 2
-1.0754077 -1.2905294 0.20171128 10
nan nan nan 0
-1.0874959 -1.303287 0.087139361 2
-0.19815493 -0.16775492 -0.01177559 4
nan nan nan 0
-0.23340781 -0.1969679 -0.033162192 8
nan nan nan 0
-0.98751736 -0.82463026 -0.24306302 6
nan nan nan 0
nan nan nan 0
nan nan nan 0
-1.5972543 -1.3304108 0.4714781 25
-1.4705441 -1.771595 0.60678613 79
-1.5938125 -1.3279965 0.32268122 12
-1.2915058 -1.5501229 0.38508809 21
-1.6225969 -1.3519282 0.18171974 2
-1.0760716 -1.2867426 0.20140706 10
nan nan nan 0
-1.0753894 -1.2841219 0.085961804 2
-0.20612644 -0.17379312 -0.012298949 4
nan nan nan 0
nan nan nan 0
nan nan nan 0
-0.98517758 -0.81977147 -0.24210984 8
nan nan nan 0
nan nan nan 0
nan nan nan 0
-1.6025475 -1.3202025 0.47091618 24
-1.4828973 -1.7675778 0.60807854 78
-1.5988374 -1.3180642 0.32229054 11
-1.3027575 -1.5471009 0.38604125 17
-1.6219609 -1.3370841 0.18084818 2
-1.0700208 -1.2658948 0.19897313 10
nan nan nan 0
-1.0917447 -1.2899333 0.086746842 2
-0.20896167 -0.17429745 -0.01242979 4
nan nan nan 0
nan nan nan 0
nan nan nan 0
-0.99894106 -0.82238722 -0.24449281 9
nan nan nan 0
nan nan nan 0
nan nan nan 0
-1.5951992 -1.3099622 0.46810642 24
-1.4937385 -1.7742399 0.61130959 77
-1.5954069 -1.3105747 0.32111859 11
nan nan nan 0
-1.6281438 -1.3374093 0.18128394 2
-1.0690286 -1.260232 0.19836466 10
nan nan nan 0
-1.0988277 -1.2937473 0.087139361 2
-0.21119639 -0.17551512 -0.012560629 4
nan nan nan 0
nan nan nan 0
nan nan nan 0
-1.0098733 -0.82841122 -0.24687576 9
nan nan nan 0
nan nan nan 0
nan nan nan 0
-1.6003712 -1.2997782 0.46754444 24
-1.503008 -1.7663943 0.61130959 77
-1.6022472 -1.3022032 0.32111859 11
-1.5042793 -1.7623399 0.44323257 44
-1.6235197 -1.3194523 0.17997661 2
-1.0723927 -1.2508408 0.19775617 10
nan nan nan 0
-1.0893761 -1.2689893 0.085830964 2
-0.221808 -0.18226939 -0.013214828 4
nan nan nan 0
nan nan nan 0
nan nan nan 0
-1.0141969 -0.82311219 -0.24687576 9
nan nan nan 0
nan nan nan 0
nan nan nan 0
-1.5929369 -1.2896073 0.46473467 24
-1.5123469 -1.7711271 0.6138944 76
-1.5949156 -1.2916433 0.31916532 11
-1.5105385 -1.7634456 0.44418573 53
-1.6277566 -1.3181821 0.1801945 2
-1.064895 -1.2376543 0.19593073 9
nan nan nan 0
nan nan nan 0
-0.22406764 -0.1834511 -0.013345668 5
nan nan nan 0
nan nan nan 0
nan nan nan 0
-1.0251843 -0.82904315 -0.24925874 9
nan nan nan 0
nan nan nan 0
nan nan nan 0
-1.592279 -1.2748868 0.46248686 24
-1.5215995 -1.7631842 0.6138944 75
-1.6016568 -1.2832747 0.31916532 10
-1.5229563 -1.7592297 0.44513896 53
-1.6132414 -1.2925313 0.17779772 2
-1.0648686 -1.2245535 0.19471376 9
nan nan nan 0
nan nan nan 0
-0.22892517 -0.18539321 -0.013607348 4
nan nan nan 0
nan nan nan 0
nan nan nan 0
-1.0275927 -0.82213348 -0.24878214 9
nan nan nan 0
nan nan nan 0
nan nan nan 0
-1.5923744 -1.2708663 0.46192494 24
-1.5278295 -1.7641833 0.61518681 74
-1.5961695 -1.2743219 0.31760269 11
-1.5308421 -1.7621363 0.44656873 52
nan nan nan 0
-1.0588725 -1.2133223 0.19319257 9
nan nan nan 0
nan nan nan 0
-0.2253429 -0.18188234 -0.013345668 4
nan nan nan 0
nan nan nan 0
nan nan nan 0
-1.0405529 -0.82950121 -0.25164169 10
nan nan nan 0
nan nan nan 0
nan nan nan 0
-1.5915728 -1.2562022 0.4596771 23
-1.5418068 -1.7616209 0.61712545 74
-1.5911849 -1.2567745 0.31525874 10
-1.5432786 -1.7577915 0.4475219 51
nan nan nan 0
-1.0586665 -1.2002989 0.19197561 9
nan nan nan 0
nan nan nan 0
-0.22825301 -0.18224524 -0.013476508 4
nan nan nan 0
nan nan nan 0
nan nan nan 0
-1.0487401 -0.82707548 -0.25259489 10
nan nan nan 0
nan nan nan 0
nan nan nan 0
-1.5897121 -1.2506919 0.45855322 24
-1.5480591 -1.7625624 0.61841786 73
-1.5933759 -1.2539955 0.31525874 10
-1.5512006 -1.7606292 0.44895169 51
nan nan nan 0
-1.0607598 -1.1984494 0.19197561 9
nan nan nan 0
nan nan nan 0
-0.23249786 -0.18493028 -0.013738188 4
nan nan nan 0
nan nan nan 0
nan nan nan 0
-1.0482504 -0.82373029 -0.25211832 10
nan nan nan 0
nan nan nan 0
nan nan nan 0
-1.5810633 -1.2301199 0.4540576 24
-1.5636652 -1.7616701 0.62100267 72
-1.5901711 -1.2380598 0.31330547 10
-1.5652832 -1.7579911 0.45038146 51
nan nan nan 0
-1.062073 -1.1873163 0.19106288 8
nan nan nan 0
nan nan nan 0
-0.23346296 -0.18371038 -0.013738188 5
nan nan nan 0
-1.0145134 -0.78958446 -0.15333709 7
nan nan nan 0
-1.0603077 -0.82424432 -0.25402468 10
nan nan nan 0
nan nan nan 0
nan nan nan 0
-1.5829936 -1.2276349 0.4540576 23
-1.5747513 -1.7679709 0.62423366 72
-1.5786624 -1.2247003 0.3105709 10
-1.5765071 -1.7644225 0.45276445 48
nan nan nan 0
-1.0525774 -1.1725019 0.18893321 8
nan nan nan 0
nan nan nan 0
-0.23970607 -0.18788694 -0.014130707 5
nan nan nan 0
-1.0394471 -0.8060261 -0.15698798 7
nan nan nan 0
-1.0578601 -0.81939226 -0.25307149 12
nan nan nan 0
nan nan nan 0
nan nan nan 0
-1.5838094 -1.2146105 0.45237175 23
-1.5855991 -1.7614995 0.6248799 71
-1.5811324 -1.2134147 0.30978957 10
-1.5824414 -1.7524946 0.45181125 48
nan nan nan 0
-1.0603641 -1.1688172 0.18923745 8
nan nan nan 0
nan nan nan 0
-0.2347398 -0.18207605 -0.013738188 5
nan nan nan 0
-1.029856 -0.79002005 -0.15485829 7
nan nan nan 0
-1.0621359 -0.81384212 -0.25307149 11
nan nan nan 0
nan nan nan 0
nan nan nan 0
-1.5779681 -1.2062109 0.45012394 23
-1.5902861 -1.7605244 0.62552607 71
-1.573433 -1.2031628 0.30783629 10
-1.5970085 -1.7624826 0.45514742 48
nan nan nan 0
-1.0574068 -1.1614457 0.18832473 8
nan nan nan 0
nan nan nan 0
-0.23902701 -0.18469463 -0.013999867 5
nan nan nan 0
-1.0430752 -0.7972458 -0.15668374 8
nan nan nan 0
-1.0655074 -0.81347358 -0.25354809 11
nan nan nan 0
nan nan nan 0
nan nan nan 0
-1.5766923 -1.1917874 0.44787613 23
-1.6076063 -1.7611078 0.62875712 71
-1.5836529 -1.1978835 0.30861759 10
-1.6095226 -1.7577226 0.45610058 48
nan nan nan 0
-1.0617988 -1.1540623 0.18802048 7
nan nan nan 0
nan nan nan 0
-0.23600519 -0.18043283 -0.013738188 5
nan nan nan 0
-1.0472353 -0.79177338 -0.15668374 8
nan nan nan 0
-1.0697521 -0.8078835 -0.25354809 13
nan nan nan 0
nan nan nan 0
nan nan nan 0
-1.5649332 -1.1790612 0.44394243 24
-1.6155609 -1.7636513 0.63069576 71
-1.5778476 -1.1891804 0.307055 10
-1.6175591 -1.7603415 0.45753035 48
nan nan nan 0
-1.0587772 -1.1467232 0.18710777 7
nan nan nan 0
nan nan nan 0
-0.23631975 -0.18002065 -0.013738188 5
nan nan nan 0
-1.0446473 -0.78696388 -0.15607525 8
nan nan nan 0
-1.0672344 -0.80306947 -0.25259489 12
nan nan nan 0
nan nan nan 0
nan nan nan 0
-1.5751994 -1.1734837 0.44506633 23
-1.6280476 -1.758719 0.63198811 75
-1.5820714 -1.1794286 0.30666435 10
-1.6267538 -1.7518479 0.45753035 50
nan nan nan 0
-1.0597043 -1.1357061 0.18619505 7
nan nan nan 0
nan nan nan 0
-0.23725912 -0.17878082 -0.013738188 5
nan nan nan 0
-1.0587128 -0.78888249 -0.15759645 8
nan nan nan 0
-1.0674831 -0.79454535 -0.25164169 12
nan nan nan 0
nan nan nan 0
nan nan nan 0
-1.5652976 -1.1623057 0.44169462 23
-1.6376755 -1.7629648 0.63457292 84
-1.5781765 -1.1722538 0.30549237 10
-1.6381572 -1.7579994 0.45991334 58
nan nan nan 0
-1.0583034 -1.1302222 0.18558656 6
nan nan nan 0
nan nan nan 0
-0.24358831 -0.1828257 -0.014130707 4
nan nan nan 0
-1.0580937 -0.78555721 -0.15729222 9
nan nan nan 0
-1.066895 -0.79122204 -0.25116512 13
nan nan nan 0
nan nan nan 0
nan nan nan 0
-1.5656683 -1.1495005 0.44000879 24
-1.6551317 -1.7631857 0.63780397 95
-1.5783187 -1.1595943 0.30432039 10
-1.657414 -1.7601373 0.46277294 72
nan nan nan 0
-1.0710076 -1.1318951 0.18680352 5
nan nan nan 0
nan nan nan 0
-0.23648784 -0.1756442 -0.013607348 5
nan nan nan 0
-1.072203 -0.78733575 -0.15881342 9
nan nan nan 0
-1.0730039 -0.78707361 -0.25164169 14
nan nan nan 0
nan nan nan 0
nan nan nan 0
-1.5733737 -1.1513497 0.44169462 26
-1.6565539 -1.7585331 0.63715774 95
-1.5843281 -1.1597511 0.30510172 10
-1.6604836 -1.7572418 0.46277294 71
nan nan nan 0
-1.0763882 -1.133633 0.18741199 5
nan nan nan 0
nan nan nan 0
-0.23276167 -0.17228644 -0.013345668 5
nan nan nan 0
-1.0715709 -0.78400069 -0.15850918 8
nan nan nan 0
-1.0723927 -0.78375447 -0.25116512 12
nan nan nan 0
nan nan nan 0
nan nan nan 0
-1.5815551 -1.1442462 0.4422566 24
-1.655768 -1.7393211 0.63328058 49
-1.5883771 -1.1499934 0.30471104 10
-1.6561296 -1.7342986 0.45896018 29
nan nan nan 0
nan nan nan 0
nan nan nan 0
nan nan nan 0
-0.23973213 -0.17545074 -0.013738188 4
nan nan nan 0
-1.0877352 -0.78709054 -0.16033462 8
nan nan nan 0
-1.0764817 -0.77812874 -0.25116512 12
nan nan nan 0
nan nan nan 0
nan nan nan 0
-1.5833507 -1.1417605 0.4422566 24
-1.6538066 -1.7311801 0.63134193 34
-1.606414 -1.1587609 0.30783629 11
-1.6574595 -1.7296304 0.45848358 26
nan nan nan 0
nan nan nan 0
nan nan nan 0
nan nan nan 0
-0.25017005 -0.18232341 -0.014392388 4
nan nan nan 0
-1.091122 -0.78663927 -0.16063885 8
nan nan nan 0
-1.0798315 -0.7776801 -0.25164169 10
nan nan nan 0
nan nan nan 0
nan nan nan 0
-1.5974448 -1.1388258 0.44450441 22
-1.6528045 -1.7120527 0.62746471 33
-1.6144708 -1.1517662 0.30822694 10
-1.6647891 -1.7191619 0.45800698 25
nan nan nan 0
nan nan nan 0
nan nan nan 0
nan nan nan 0
-0.2551893 -0.1839063 -0.014654067 4
nan nan nan 0
-1.0891588 -0.77660203 -0.15972614 8
nan nan nan 0
-1.0778859 -0.76775265 -0.25021192 10
nan nan nan 0
nan nan nan 0
nan nan nan 0
-1.6071801 -1.1419513 0.44675222 22
-1.6524359 -1.7056898 0.6261723 33
-1.6205065 -1.1518039 0.30900827 10
-1.6592522 -1.7074374 0.45562398 25
nan nan nan 0
-1.508657 -1.5475857 0.2607339 8
nan nan nan 0
nan nan nan 0
-0.26365602 -0.18923697 -0.015177427 4
nan nan nan 0
-1.0925373 -0.77613413 -0.16003038 8
nan nan nan 0
-1.087238 -0.77154005 -0.25211832 9
nan nan nan 0
nan nan nan 0
nan nan nan 0
-1.6272982 -1.1430269 0.45068586 22
-1.6579721 -1.6935563 0.6248799 32
-1.6346011 -1.1489755 0.3105709 9
-1.6578727 -1.6882001 0.45276445 24
nan nan nan 0
-1.5393294 -1.5626931 0.26468903 8
nan nan nan 0
nan nan nan 0
-0.26259917 -0.18642049 -0.015046587 4
nan nan nan 0
-1.1026834 -0.77467394 -0.16094311 9
nan nan nan 0
-1.0872411 -0.76302284 -0.25116512 8
nan nan nan 0
nan nan nan 0
nan nan nan 0
-1.6310887 -1.1418647 0.45124781 21
-1.6524796 -1.6820295 0.62164885 31
-1.6386279 -1.1475354 0.31096154 9
-1.6505013 -1.674796 0.44990486 24
nan nan nan 0
-1.5733889 -1.5918347 0.27016535 8
nan nan nan 0
nan nan nan 0
-0.26497072 -0.18739171 -0.015177427 4
nan nan nan 0
-1.1040338 -0.77274817 -0.16094311 9
nan nan nan 0
-1.0905844 -0.76252747 -0.25164169 8
nan nan nan 0
nan nan nan 0
nan nan nan 0
-1.651274 -1.1427132 0.45518148 21
-1.6510751 -1.6630509 0.61777163 31
-1.6568019 -1.1473635 0.31330547 9
-1.6540626 -1.6609043 0.44847509 23
nan nan nan 0
-1.5922022 -1.5941298 0.27199078 8
nan nan nan 0
nan nan nan 0
-0.26594827 -0.18600176 -0.015177427 4
nan nan nan 0
-1.1223608 -0.77682281 -0.16307278 8
nan nan nan 0
-1.0925416 -0.75541395 -0.25116512 6
nan nan nan 0
nan nan nan 0
nan nan nan 0
-1.6590869 -1.1442615 0.45686737 21
-1.647171 -1.6533098 0.61518681 31
-1.6608356 -1.1458706 0.31369612 9
-1.6483021 -1.6493186 0.44609213 23
nan nan nan 0
-1.6090069 -1.6053977 0.2744247 8
nan nan nan 0
nan nan nan 0
-0.27449849 -0.19119935 -0.015700785 4
nan nan nan 0
-1.1196254 -0.7720511 -0.16246429 8
nan nan nan 0
-1.0938582 -0.75350595 -0.25116512 4
nan nan nan 0
nan nan nan 0
nan nan nan 0
-1.6672677 -1.1366385 0.45742929 21
-1.6455446 -1.6344309 0.61130959 31
-1.6668127 -1.1371588 0.31369612 9
-1.6482126 -1.6320144 0.44370914 23
nan nan nan 0
-1.6297265 -1.6091797 0.27655441 8
nan nan nan 0
nan nan nan 0
-0.27136809 -0.18695001 -0.015439106 4
nan nan nan 0
-1.133913 -0.77315384 -0.16398551 8
nan nan nan 0
-1.0998188 -0.74914688 -0.25164169 4
nan nan nan 0
nan nan nan 0
nan nan nan 0
-1.6771159 -1.1394868 0.4596771 21
-1.6398295 -1.6230448 0.60807854 31
-1.681056 -1.1425649 0.31604007 9
-1.6423413 -1.6204996 0.4413262 23
nan nan nan 0
-1.6448897 -1.6185399 0.27868408 8
nan nan nan 0
nan nan nan 0
-0.28409198 -0.19488283 -0.016224146 4
nan nan nan 0
-1.1414243 -0.77534819 -0.16489823 10
nan nan nan 0
-1.099092 -0.7458511 -0.25116512 3
nan nan nan 0
nan nan nan 0
nan nan nan 0
-1.6873037 -1.1331085 0.46080104 21
-1.6396954 -1.6059697 0.60484755 31
-1.6890661 -1.1351227 0.31643069 9
-1.6437936 -1.6050062 0.43941984 23
nan nan nan 0
-1.6568906 -1.6133745 0.27929255 8
nan nan nan 0
nan nan nan 0
-0.27888754 -0.18922181 -0.015831625 4
nan nan nan 0
nan nan nan 0
nan nan nan 0
-1.1172611 -0.74963772 -0.25450125 2
nan nan nan 0
nan nan nan 0
nan nan nan 0
-1.6931331 -1.1331629 0.46192494 21
-1.6355964 -1.5963442 0.60226274 31
-1.7054166 -1.1417761 0.31916532 9
-1.6378145 -1.5935601 0.43703684 24
nan nan nan 0
-1.6365973 -1.5879706 0.27533746 7
nan nan nan 0
nan nan nan 0
-0.2771413 -0.18734811 -0.015700785 4
nan nan nan 0
nan nan nan 0
nan nan nan 0
-1.0940611 -0.73135501 -0.24878214 2
nan nan nan 0
nan nan nan 0
nan nan nan 0
-1.7114371 -1.1320378 0.46529663 21
-1.6352637 -1.579352 0.59903169 31
-1.7175525 -1.1369143 0.32033727 9
-1.6426069 -1.5815512 0.43608364 23
nan nan nan 0
-1.6359569 -1.5707686 0.27381623 7
nan nan nan 0
nan nan nan 0
-0.28020173 -0.18727021 -0.015831625 4
nan nan nan 0
-1.749437 -1.1562163 -0.25282365 28
nan nan nan 0
-1.1122208 -0.73506838 -0.25211832 2
-1.0238432 -0.98031992 -0.21876691 3
nan nan nan 0
nan nan nan 0
-1.7152486 -1.130687 0.46585861 20
-1.6310712 -1.5697827 0.59644687 31
-1.7213987 -1.1355728 0.32072794 9
-1.6347601 -1.5684661 0.43322408 23
nan nan nan 0
-1.6294762 -1.5596001 0.27229503 7
nan nan nan 0
nan nan nan 0
-0.28469959 -0.18952517 -0.016093306 5
nan nan nan 0
-1.7595451 -1.1589191 -0.2540406 26
nan nan nan 0
nan nan nan 0
-1.0130852 -0.96655905 -0.21603233 3
nan nan nan 0
nan nan nan 0
-1.7374821 -1.1323159 0.47035423 20
-1.6355056 -1.5581684 0.59515446 31
-1.7376685 -1.1332792 0.32268122 9
-1.6337975 -1.5517033 0.43084112 23
nan nan nan 0
-1.6214364 -1.5356569 0.26955688 7
nan nan nan 0
nan nan nan 0
-0.2877478 -0.18944331 -0.016224146 5
nan nan nan 0
-1.7718309 -1.153747 -0.25495335 27
nan nan nan 0
nan nan nan 0
-0.9966526 -0.9408294 -0.21134447 3
nan nan nan 0
nan nan nan 0
-1.7433466 -1.1322351 0.4714781 20
-1.6294822 -1.5469794 0.59192348 32
-1.7458591 -1.1342748 0.32385316 9
-1.6311663 -1.5437779 0.42941135 23
nan nan nan 0
-1.620512 -1.5294111 0.26894841 6
nan nan nan 0
nan nan nan 0
-0.28598303 -0.1875829 -0.016093306 5
nan nan nan 0
-1.7780079 -1.15335 -0.2555618 25
nan nan nan 0
nan nan nan 0
-0.99829316 -0.93908846 -0.21134447 3
-0.20890261 -0.13710107 -0.057512213 5
nan nan nan 0
-1.7556012 -1.1267279 0.47316399 20
-1.6287761 -1.5301403 0.58869243 31
-1.7538533 -1.1264508 0.32424384 9
-1.6356515 -1.5318534 0.42845812 23
nan nan nan 0
-1.6248775 -1.5175104 0.2683399 6
nan nan nan 0
nan nan nan 0
-0.29119837 -0.18872593 -0.016354986 5
nan nan nan 0
-1.7944725 -1.1507127 -0.25708303 23
nan nan nan 0
nan nan nan 0
-0.99598932 -0.92709476 -0.20978184 3
-0.20961761 -0.13600539 -0.057512213 5
nan nan nan 0
-1.7555115 -1.1223519 0.47260204 19
-1.6226462 -1.5190246 0.58546138 32
-1.7683038 -1.1313615 0.32658774 9
-1.626052 -1.5169659 0.42512199 23
nan nan nan 0
-1.6311495 -1.5180607 0.26894841 6
nan nan nan 0
nan nan nan 0
-0.29573661 -0.19090317 -0.016616665 5
nan nan nan 0
-1.8006629 -1.1502471 -0.2576915 19
nan nan nan 0
nan nan nan 0
-0.98858207 -0.91692841 -0.20782857 5
nan nan nan 0
nan nan nan 0
-1.7656795 -1.1154355 0.47372591 18
-1.6255355 -1.5052893 0.5835228 31
-1.7702223 -1.1191422 0.32580644 8
-1.6339726 -1.5084311 0.42512199 23
nan nan nan 0
-1.6320505 -1.5024756 0.26773143 6
-0.27588618 -0.17627193 0.0051048286 3
nan nan nan 0
-0.29250881 -0.18668839 -0.016354986 5
nan nan nan 0
-1.8026607 -1.1378424 -0.25708303 13
nan nan nan 0
nan nan nan 0
-0.99897021 -0.9165929 -0.20900053 5
nan nan nan 0
nan nan nan 0
-1.7777429 -1.1191403 0.47653568 19
-1.6246175 -1.499167 0.58223039 32
-1.7805356 -1.1213069 0.32736906 8
-1.6257865 -1.4955856 0.4222624 23
nan nan nan 0
-1.6310202 -1.4962623 0.26712295 6
-0.2910077 -0.18510115 0.0054102456 3
nan nan nan 0
-0.29494819 -0.18750575 -0.016485825 5
nan nan nan 0
-1.8172549 -1.1426084 -0.25890848 10
nan nan nan 0
nan nan nan 0
-1.0005685 -0.91484797 -0.20900053 5
nan nan nan 0
nan nan nan 0
-1.8044689 -1.1223531 0.48215523 18
-1.6217649 -1.4808469 0.57835317 32
-1.7947721 -1.1171809 0.32893169 8
-1.6245378 -1.4787734 0.41987944 23
nan nan nan 0
-1.6351645 -1.4843588 0.26651448 5
-0.28347984 -0.17829873 0.0052357214 3
nan nan nan 0
-0.2874423 -0.18069059 -0.015962467 5
nan nan nan 0
-1.8274299 -1.1356936 -0.25951695 9
nan nan nan 0
nan nan nan 0
-1.0108213 -0.91458493 -0.2101725 6
nan nan nan 0
-0.80967873 -0.73260647 -0.24388736 6
-1.8145167 -1.1246434 0.48440304 18
-1.6172156 -1.4714977 0.57576835 31
-1.8051184 -1.1192443 0.33049431 8
-1.6253022 -1.4742833 0.41940287 23
nan nan nan 0
-1.624895 -1.4698234 0.26438478 5
-0.27953953 -0.17517303 0.0051484597 3
nan nan nan 0
-0.28775725 -0.18018864 -0.015962467 5
nan nan nan 0
-1.8230764 -1.1285896 -0.25860423 9
nan nan nan 0
nan nan nan 0
-1.012416 -0.91281933 -0.2101725 6
nan nan nan 0
-0.81095618 -0.73119223 -0.24388736 7
-1.8351249 -1.1237013 0.48833668 17
-1.6177328 -1.4565308 0.57318354 31
-1.8172735 -1.1136425 0.33166626 8
-1.6257075 -1.4591807 0.4174965 23
nan nan nan 0
-1.6270323 -1.4563191 0.26347208 5
-0.28898254 -0.17892373 0.005322984 3
nan nan nan 0
-0.28656667 -0.17737722 -0.015831625 5
nan nan nan 0
-1.833196 -1.1216148 -0.2592127 7
nan nan nan 0
nan nan nan 0
-1.0079963 -0.89925563 -0.20821923 6
nan nan nan 0
-0.82563883 -0.7367124 -0.2472591 7
-1.8535324 -1.1309533 0.4928323 16
-1.6130959 -1.4472388 0.57059872 31
-1.8297584 -1.1168923 0.33361953 8
-1.6136451 -1.4432216 0.41368371 23
nan nan nan 0
-1.622178 -1.4468549 0.2622551 4
-0.285025 -0.17581813 0.0052357214 3
nan nan nan 0
-0.28687581 -0.1768768 -0.015831625 5
nan nan nan 0
-1.8457514 -1.1248612 -0.2607339 6
nan nan nan 0
nan nan nan 0
-1.0224439 -0.90902281 -0.21095382 7
nan nan nan 0
-0.84506077 -0.7515325 -0.25287861 6
-1.8784112 -1.13221 0.49788988 16
-1.6134409 -1.432344 0.56801391 31
-1.8419278 -1.1111174 0.33479151 8
-1.6138424 -1.4282316 0.41177732 23
nan nan nan 0
-1.6204463 -1.4301122 0.2607339 4
-0.28380021 -0.17303407 0.0051920903 3
nan nan nan 0
-0.30063251 -0.18309627 -0.016616665 6
nan nan nan 0
-1.8516159 -1.1151816 -0.2607339 4
nan nan nan 0
nan nan nan 0
-1.00131 -0.88073647 -0.20548463 8
nan nan nan 0
-0.8344065 -0.73416382 -0.248383 7
-1.9010814 -1.1417826 0.5035094 16
-1.6087167 -1.4231097 0.56542909 32
-1.8544527 -1.1142507 0.33674479 8
-1.6126583 -1.4221584 0.41082415 23
nan nan nan 0
-1.6210798 -1.4256392 0.26042965 4
-0.29267666 -0.17768063 0.005366615 3
nan nan nan 0
-0.2988103 -0.18128771 -0.016485825 5
nan nan nan 0
-1.8578173 -1.1144977 -0.26134241 3
nan nan nan 0
nan nan nan 0
-1.0102512 -0.88552326 -0.20704725 9
nan nan nan 0
-0.82656127 -0.72463876 -0.24557322 7
-1.9135195 -1.1352035 0.50519526 15
-1.6088911 -1.4082888 0.56284428 32
-1.8730073 -1.1120784 0.33908871 8
-1.6126996 -1.407225 0.40891778 23
nan nan nan 0
-1.6154428 -1.4057016 0.25829998 4
-0.29145253 -0.17487146 0.005322984 3
nan nan nan 0
-0.30619949 -0.18353774 -0.016878346 5
nan nan nan 0
-1.8614917 -1.1034913 -0.26103815 2
nan nan nan 0
nan nan nan 0
-1.0092942 -0.87534887 -0.20587529 15
nan nan nan 0
-0.83584452 -0.7251128 -0.2472591 7
-1.9341832 -1.143337 0.51025283 16
-1.6058967 -1.4007043 0.56090558 32
-1.8834517 -1.1138283 0.34065136 8
-1.6114563 -1.4011798 0.40796459 23
nan nan nan 0
-1.6104087 -1.3963617 0.25708303 3
-0.29390994 -0.17563306 0.005366615 3
nan nan nan 0
-0.30221885 -0.18046582 -0.016616665 5
nan nan nan 0
-1.8762417 -1.1077994 -0.26286358 2
nan nan nan 0
-0.29775444 -0.17743166 -0.060527459 3
-1.0238597 -0.88493276 -0.20860986 14
nan nan nan 0
nan nan nan 0
-1.946655 -1.1365347 0.51193869 16
-1.6077342 -1.3875312 0.55896699 32
-1.9020561 -1.111415 0.34299526 7
-1.6132001 -1.3879094 0.40653479 23
nan nan nan 0
-1.6158179 -1.3862908 0.25677878 3
-0.29266626 -0.17283247 0.005322984 4
nan nan nan 0
-0.30963022 -0.18265294 -0.017009186 6
nan nan nan 0
-1.8905939 -1.1029545 -0.26408052 2
nan nan nan 0
nan nan nan 0
nan nan nan 0
nan nan nan 0
nan nan nan 0
-1.9695048 -1.1457071 0.51755822 17
-1.6010154 -1.3768296 0.55573595 32
-1.9082634 -1.110574 0.34377658 7
-1.6044616 -1.3754839 0.40367526 23
nan nan nan 0
-1.6088215 -1.375386 0.25525758 3
-0.29945183 -0.17608783 0.0054538767 4
nan nan nan 0
-0.3077895 -0.18085869 -0.016878346 6
nan nan nan 0
-1.8710506 -1.0872049 -0.26103815 2
nan nan nan 0
-0.3605715 -0.21101987 -0.074348688 3
-1.2942493 -1.1044817 -0.26369226 6
nan nan nan 0
nan nan nan 0
-1.9777881 -1.1362462 0.51812023 17
-1.6026949 -1.3637208 0.55379736 32
-1.9333273 -1.1116285 0.34729245 7
-1.6079051 -1.3638809 0.40272206 23
nan nan nan 0
-1.6046546 -1.3573039 0.25343215 3
-0.29169768 -0.16954094 0.0052793524 4
nan nan nan 0
-0.31306338 -0.18172912 -0.017140025 5
nan nan nan 0
-1.8896357 -1.0847946 -0.26286358 2
nan nan nan 0
-0.39788237 -0.22985044 -0.082450792 3
-1.3075442 -1.1040822 -0.26525488 6
nan nan nan 0
nan nan nan 0
-1.9964919 -1.1428055 0.52261579 17
-1.6032338 -1.3593554 0.55315113 32
-1.9395522 -1.1107032 0.34807378 7
-1.6084124 -1.3594842 0.40224546 23
nan nan nan 0
-1.5975515 -1.3464848 0.25191092 3
-0.29199314 -0.16903158 0.0052793524 4
nan nan nan 0
-0.31554782 -0.18242091 -0.017270865 6
nan nan nan 0
nan nan nan 0
nan nan nan 0
-0.39188638 -0.22551008 -0.081021003 3
-1.3056989 -1.098609 -0.26447359 7
nan nan nan 0
nan nan nan 0
-2.0047672 -1.1331836 0.52317774 17
-1.599249 -1.3416049 0.54927397 32
-1.9517919 -1.1041747 0.34924576 7
-1.6098711 -1.3463085 0.40081567 23
nan nan nan 0
-1.5950682 -1.3301345 0.25038972 3
-0.3015807 -0.1724163 0.0054538767 4
nan nan nan 0
-0.31215024 -0.17831202 -0.017009186 6
nan nan nan 0
nan nan nan 0
nan nan nan 0
-0.41016984 -0.23308712 -0.084833756 3
-1.2981786 -1.0806628 -0.26173899 6
nan nan nan 0
nan nan nan 0
-2.0129156 -1.1336141 0.5248636 12
-1.601588 -1.3388118 0.54927397 32
-1.9709346 -1.110449 0.35237098 6
-1.6046907 -1.337196 0.3989093 23
nan nan nan 0
-1.5973874 -1.3273486 0.25038972 3
-0.29534486 -0.16821416 0.005322984 4
nan nan nan 0
-0.31246099 -0.17776695 -0.017009186 6
nan nan nan 0
nan nan nan 0
nan nan nan 0
-0.4148573 -0.23477145 -0.085786946 4
-1.3076477 -1.0847218 -0.26330161 5
nan nan nan 0
nan nan nan 0
-2.0317991 -1.1297992 0.52823532 10
-1.5955728 -1.3196045 0.54475045 32
-1.9810395 -1.1025121 0.3531523 7
-1.6041098 -1.3225142 0.39700294 23
nan nan nan 0
-1.6024023 -1.3173866 0.2500855 3
-0.29622158 -0.16666543 0.005322984 4
nan nan nan 0
-0.30683938 -0.1724928 -0.016616665 7
nan nan nan 0
nan nan nan 0
nan nan nan 0
-0.43110892 -0.24091938 -0.089123107 3
-1.2961686 -1.0637152 -0.25978571 5
nan nan nan 0
nan nan nan 0
-2.0293078 -1.1242489 0.52711141 9
-1.5922927 -1.3121976 0.54281187 32
-2.0024071 -1.1098101 0.3566682 6
-1.6007369 -1.3150265 0.39557317 23
nan nan nan 0
-1.5970346 -1.3082809 0.24886853 3
-0.30963567 -0.17340776 0.0055847699 4
nan nan nan 0
-0.31150958 -0.17437316 -0.016878346 6
nan nan nan 0
nan nan nan 0
nan nan nan 0
-0.43797553 -0.24372247 -0.090552889 3
-1.2827648 -1.0489048 -0.25666046 5
nan nan nan 0
nan nan nan 0
-2.0396371 -1.1155872 0.52823532 9
-1.5954049 -1.3007817 0.54151952 31
-2.0125246 -1.1016781 0.3574495 6
-1.6037984 -1.3035228 0.39461994 23
nan nan nan 0
-1.5961655 -1.2936344 0.24765156 3
-0.30615222 -0.16938722 0.0054975078 4
nan nan nan 0
-0.30584499 -0.16914986 -0.016485825 7
nan nan nan 0
nan nan nan 0
nan nan nan 0
-0.43924564 -0.24142592 -0.090552889 3
-1.2633382 -1.0219157 -0.25158197 6
nan nan nan 0
nan nan nan 0
-2.0542271 -1.1193652 0.53160703 9
-1.590189 -1.2918873 0.53893471 32
-2.0296276 -1.1064249 0.3601841 6
-1.598456 -1.2945266 0.39271358 23
nan nan nan 0
-1.5868586 -1.2814671 0.24582614 3
-0.31303439 -0.17243652 0.0056284005 5
nan nan nan 0
-0.30613974 -0.1686158 -0.016485825 7
nan nan nan 0
nan nan nan 0
nan nan nan 0
-0.44398063 -0.24299945 -0.091506079 3
-1.2286744 -0.99016464 -0.2441595 6
nan nan nan 0
nan nan nan 0
-2.0581069 -1.1070821 0.53104508 10
-1.5912944 -1.2789916 0.53699601 32
-2.0375679 -1.0969515 0.36057475 6
-1.6013886 -1.2830617 0.39176041 23
nan nan nan 0
-1.5896759 -1.2700342 0.24521764 3
-0.31393296 -0.17079513 0.0056284005 5
nan nan nan 0
-0.31141725 -0.16937314 -0.016747504 7
nan nan nan 0
nan nan nan 0
nan nan nan 0
-0.4603897 -0.24878414 -0.09484224 3
-1.1933898 -0.95127451 -0.23595574 14
nan nan nan 0
nan nan nan 0
-2.0684359 -1.1084435 0.53329289 11
-1.5878794 -1.2716706 0.53505743 32
-2.0547202 -1.1015484 0.36330935 6
-1.601711 -1.2787294 0.39128381 22
nan nan nan 0
-1.5899526 -1.2657082 0.24491341 2
-0.30982268 -0.1678884 0.0055411388 6
nan nan nan 0
-0.30070502 -0.16294208 -0.016093306 8
nan nan nan 0
nan nan nan 0
nan nan nan 0
-0.46515375 -0.2502906 -0.095795423 3
-1.1776873 -0.93531632 -0.23243985 31
nan nan nan 0
nan nan nan 0
-2.0808654 -1.1006478 0.53497875 12
-1.5964055 -1.264843 0.53570366 32
-2.0713756 -1.0965425 0.3652626 5
-1.6026169 -1.2657491 0.38985398 22
nan nan nan 0
-1.5887738 -1.2512074 0.24369647 3
-0.30848739 -0.16509615 0.0054975078 5
nan nan nan 0
-0.30596927 -0.1636972 -0.016354986 8
nan nan nan 0
nan nan nan 0
nan nan nan 0
-0.47731441 -0.25357077 -0.098178394 4
-1.1728832 -0.92148 -0.23048657 34
-0.35923246 -0.19099215 -0.099515513 3
nan nan nan 0
-2.0847478 -1.0985118 0.5355407 11
-1.585366 -1.2515496 0.53118026 31
nan nan nan 0
-1.5951978 -1.25534 0.38747105 22
nan nan nan 0
-1.5948524 -1.2515049 0.24430493 3
-0.31541145 -0.16804907 0.0056284005 5
nan nan nan 0
-0.30404487 -0.16200088 -0.016224146 8
nan nan nan 0
nan nan nan 0
nan nan nan 0
-0.4668898 -0.24703714 -0.095795423 4
-1.1764295 -0.92095953 -0.23087722 40
-0.36170489 -0.19148488 -0.10016172 3
nan nan nan 0
-2.1144445 -1.0995601 0.54172218 10
-1.5899972 -1.2417407 0.53053403 31
-2.5917401 -1.3484123 0.45667592 7
-1.5998158 -1.2454584 0.38699445 22
nan nan nan 0
-1.5955133 -1.2385591 0.24339221 2
-0.31628701 -0.16639528 0.0056284005 6
nan nan nan 0
-0.30488893 -0.16040669 -0.016224146 8
nan nan nan 0
nan nan nan 0
nan nan nan 0
-0.48343143 -0.2524896 -0.099131584 4
-1.1637063 -0.90112638 -0.22736132 41
-0.36699343 -0.19180593 -0.10145412 5
nan nan nan 0
-2.1356442 -1.1063067 0.54677975 10
-1.5864543 -1.2345012 0.52859539 31
-2.596283 -1.3450212 0.4570666 7
-1.5845654 -1.2290872 0.38270509 22
nan nan nan 0
-1.589835 -1.2296822 0.24217525 2
-0.32101738 -0.16813977 0.0057156626 6
nan nan nan 0
-0.30738613 -0.16102092 -0.016354986 8
nan nan nan 0
nan nan nan 0
nan nan nan 0
nan nan nan 0
-1.1535752 -0.89000714 -0.2250174 36
-0.35873806 -0.18674497 -0.098869309 5
nan nan nan 0
-2.1437688 -1.0958426 0.5473417 9
-1.5833448 -1.2187901 0.5253644 31
-2.592294 -1.325794 0.45511332 7
-1.5870919 -1.217777 0.38175192 22
nan nan nan 0
-1.5962517 -1.2213409 0.24217525 2
-0.31521478 -0.1630464 0.0055847699 6
nan nan nan 0
-0.31711972 -0.16394915 -0.016878346 10
nan nan nan 0
nan nan nan 0
nan nan nan 0
nan nan nan 0
-1.1386373 -0.86891258 -0.22111085 15
-0.37262985 -0.19142674 -0.10274653 3
nan nan nan 0
-2.1020539 -1.0704007 0.53610265 8
-1.5835567 -1.2145506 0.52471817 31
-2.5990062 -1.3235058 0.45589465 7
-1.589215 -1.215005 0.38175192 22
nan nan nan 0
-1.5944412 -1.2155355 0.24156678 3
-0.32441154 -0.16702743 0.0057592937 7
nan nan nan 0
-0.31295407 -0.16113323 -0.016616665 10
nan nan nan 0
nan nan nan 0
nan nan nan 0
nan nan nan 0
-1.0852481 -0.82490116 -0.2101725 25
-0.3621881 -0.18532602 -0.099515513 3
nan nan nan 0
-2.0751505 -1.0426335 0.52767336 8
-1.582212 -1.2003858 0.52213335 31
-2.5992794 -1.3065567 0.45472264 7
-1.5857848 -1.1992433 0.37936896 22
nan nan nan 0
-1.5968281 -1.2041732 0.24095827 3
-0.33198383 -0.16869007 0.0058901869 7
nan nan nan 0
-0.31602499 -0.16061182 -0.016747504 9
nan nan nan 0
nan nan nan 0
nan nan nan 0
nan nan nan 0
-1.0993958 -0.82666016 -0.21212578 30
-0.358832 -0.18126963 -0.098223105 5
nan nan nan 0
-2.0615304 -1.0317533 0.5237397 8
-1.5766121 -1.1917793 0.51954854 31
-2.5883029 -1.2953959 0.45237872 6
-1.5800488 -1.1905482 0.37746257 22
nan nan nan 0
-1.5811033 -1.1879288 0.23822013 2
-0.32780573 -0.16587584 0.0058029247 8
nan nan nan 0
-0.31407133 -0.15894449 -0.016616665 12
nan nan nan 0
nan nan nan 0
nan nan nan 0
nan nan nan 0
-1.0830953 -0.81135631 -0.20860986 31
-0.36131045 -0.18171802 -0.098869309 5
nan nan nan 0
-2.0408607 -1.0076643 0.51699626 10
-1.5770383 -1.1791557 0.51760995 30
-2.5928349 -1.2807336 0.45198807 6
-1.5803678 -1.1778455 0.37603277 21
nan nan nan 0
-1.5853133 -1.1781491 0.23791587 3
-0.33763713 -0.16857941 0.005977449 9
nan nan nan 0
-0.31042069 -0.15509021 -0.016354986 14
nan nan nan 0
nan nan nan 0
nan nan nan 0
nan nan nan 0
-1.097224 -0.81305784 -0.21056315 30
-0.37743446 -0.18726896 -0.10339274 4
nan nan nan 0
-2.0577488 -1.0119699 0.52092993 12
-1.5752273 -1.1735069 0.51631749 31
-2.5928497 -1.275118 0.45159739 6
-1.5784874 -1.17215 0.3750796 21
nan nan nan 0
-1.5774132 -1.1679744 0.23639469 2
-0.34017459 -0.16909149 0.0060210801 9
nan nan nan 0
-0.3129321 -0.1556481 -0.016485825 20
nan nan nan 0
nan nan nan 0
nan nan nan 0
nan nan nan 0
-1.100623 -0.81261498 -0.21095382 26
-0.37125054 -0.18343046 -0.10145412 3
nan nan nan 0
-2.0653865 -1.001883 0.52149189 12
-1.5794092 -1.1638056 0.51567131 30
-2.5839355 -1.2539879 0.44886282 5
-1.5806539 -1.1609542 0.3741264 21
nan nan nan 0
-1.5775113 -1.1552868 0.23548196 2
-0.33880579 -0.16621818 0.005977449 11
nan nan nan 0
-0.32048362 -0.15727194 -0.016878346 17
-0.27844661 -0.19886762 -0.005366615 2
nan nan nan 0
nan nan nan 0
nan nan nan 0
-1.1068519 -0.80830377 -0.21134447 18
nan nan nan 0
nan nan nan 0
-2.0713465 -1.0007535 0.52261579 12
-1.5814382 -1.1610473 0.51567131 32
-2.581672 -1.2473307 0.44808149 5
-1.5787234 -1.1552858 0.37317321 22
nan nan nan 0
-1.5835274 -1.1554662 0.23609044 3
-0.34134677 -0.16671254 0.0060210801 13
nan nan nan 0
-0.3140111 -0.15345964 -0.016485825 25
-0.27677593 -0.19690539 -0.005322984 2
nan nan nan 0
nan nan nan 0
nan nan nan 0
-1.1062692 -0.80491138 -0.21095382 8
nan nan nan 0
nan nan nan 0
-2.0899308 -0.99580806 0.52598751 12
-1.5874956 -1.1527511 0.51567131 31
-2.585938 -1.2327349 0.44769087 4
-1.5887203 -1.1498911 0.3741264 21
nan nan nan 0
-1.5955819 -1.1515294 0.23700316 2
-0.34898621 -0.1681454 0.0061519728 18
nan nan nan 0
-0.32382828 -0.15610316 -0.017009186 25
-0.28185323 -0.19838421 -0.0054102456 2
-0.28402427 -0.13699266 -0.034379151 3
nan nan nan 0
-0.31013104 -0.14920866 -0.060050864 3
-1.1064696 -0.79620999 -0.2101725 4
nan nan nan 0
nan nan nan 0
-2.1002986 -0.99669421 0.52823532 12
-1.6129448 -1.1670209 0.52342576 23
-2.5813909 -1.2250481 0.44651887 4
-1.5966865 -1.1514367 0.37555617 23
nan nan nan 0
-1.601612 -1.1516495 0.23761165 3
-0.33572552 -0.16111483 0.0058901869 26
nan nan nan 0
-0.3195875 -0.1534007 -0.016747504 25
-0.28422666 -0.19935378 -0.0054538767 2
-0.2820197 -0.13543589 -0.03407491 4
nan nan nan 0
-0.30595276 -0.14657111 -0.059097677 3
nan nan nan 0
nan nan nan 0
nan nan nan 0
-2.1211114 -0.9925307 0.53216898 12
-1.6229547 -1.1613797 0.52471817 20
-2.5877697 -1.2115152 0.44651887 4
-1.6086776 -1.1473497 0.37698597 21
nan nan nan 0
-1.6156958 -1.1490186 0.23882861 2
-0.33882904 -0.16041315 0.0059338179 33
nan nan nan 0
-0.32038632 -0.15172526 -0.016747504 28
-0.28119612 -0.1949605 -0.005366615 2
-0.28272498 -0.13395739 -0.03407491 5
nan nan nan 0
-0.33341095 -0.15740386 -0.064816803 4
nan nan nan 0
nan nan nan 0
nan nan nan 0
-2.1337121 -0.99433357 0.53497875 12
-1.6387213 -1.168391 0.52924156 23
-2.5829537 -1.2043228 0.44534692 4
-1.6206638 -1.1516712 0.37936896 20
nan nan nan 0
-1.6154773 -1.1450397 0.23852436 2
-0.34364119 -0.16193034 0.0060210801 41
nan nan nan 0
-0.32065064 -0.15116586 -0.016747504 35
-0.29172474 -0.20170754 -0.0055847699 2
-0.29418698 -0.13874088 -0.03559611 5
nan nan nan 0
-0.32700598 -0.15372416 -0.063387021 5
nan nan nan 0
nan nan nan 0
-0.32841748 -0.22853412 -0.084292874 4
-2.1566026 -0.99127275 0.53947437 12
-1.6584063 -1.169858 0.53376508 25
-2.5780034 -1.1856307 0.44339365 3
-1.6324855 -1.1477017 0.38079873 20
nan nan nan 0
-1.6376801 -1.147997 0.24095827 2
-0.33536974 -0.15601724 0.0058465553 67
nan nan nan 0
-0.32597628 -0.15156659 -0.017009186 31
-0.29683205 -0.20310299 -0.0056720315 2
-0.31972358 -0.14856991 -0.038942754 6
nan nan nan 0
-0.31885356 -0.14798218 -0.061480645 6
nan nan nan 0
nan nan nan 0
-0.32164624 -0.22119598 -0.082045056 3
-2.1716256 -0.99357784 0.54284608 12
-1.662418 -1.1683546 0.53441119 26
-2.5778232 -1.1801032 0.44300303 3
-1.6326785 -1.1431533 0.38032213 20
nan nan nan 0
-1.6315564 -1.1394353 0.23974133 2
-0.333395 -0.15433453 0.0058029247 85
nan nan nan 0
-0.3262403 -0.15099743 -0.017009186 30
-0.29513851 -0.20115091 -0.0056284005 2
-0.31095183 -0.14389241 -0.037725795 6
nan nan nan 0
-0.31687799 -0.14640811 -0.06100405 6
nan nan nan 0
nan nan nan 0
-0.33797804 -0.23183727 -0.086540677 4
-2.1858554 -0.98581278 0.54509389 12
-1.6786163 -1.1662552 0.53764224 26
-2.5729134 -1.1610676 0.44104972 3
-1.6466997 -1.1401956 0.38222849 21
nan nan nan 0
-1.6519694 -1.140492 0.24187101 2
-0.33875665 -0.15464006 0.0058901869 90
nan nan nan 0
-0.3224735 -0.14723718 -0.016747504 31
-0.29622254 -0.19955112 -0.0056284005 3
-0.31398901 -0.14322549 -0.038030032 118
nan nan nan 0
-0.310949 -0.14167581 -0.059574269 127
nan nan nan 0
-0.29998761 -0.13646564 -0.07883697 3
-0.35323322 -0.23973227 -0.090474352 4
-2.1985159 -0.98735929 0.54790366 12
-1.6826319 -1.1647029 0.53828847 26
-2.5749359 -1.1565753 0.44104972 3
-1.6587719 -1.1443106 0.38461146 20
nan nan nan 0
-1.6641642 -1.1446612 0.24339221 2
-0.32534096 -0.14791262 0.0056284005 121
nan nan nan 0
-0.32500827 -0.14769517 -0.016878346 32
-0.29039702 -0.19477671 -0.0054975078 3
-0.31423849 -0.14267726 -0.038030032 136
nan nan nan 0
-0.31119579 -0.14113289 -0.059574269 149
-1.3883862 -0.95332271 -0.26095769 2
-0.31566545 -0.14282593 -0.083360396 4
-0.34764135 -0.23495716 -0.088788487 4
-2.221653 -0.98332351 0.55239928 12
-1.6986562 -1.1627197 0.54151952 25
-2.569664 -1.1380849 0.43909645 3
-1.6708134 -1.1397723 0.38604125 19
-0.28403002 -0.12761 0.024185719 3
-1.6803782 -1.1429327 0.24491341 2
-0.32611096 -0.14620711 0.0056284005 123
nan nan nan 0
-0.31892645 -0.14296417 -0.016485825 44
-0.28934771 -0.19184528 -0.0054538767 3
-0.31725144 -0.14203171 -0.038334273 144
nan nan nan 0
-0.30968469 -0.13851197 -0.059097677 150
-1.3627715 -0.92515147 -0.25509784 2
-0.30535471 -0.13631178 -0.080129378 4
-0.36495063 -0.24413829 -0.093284108 5
-2.2298844 -0.98277467 0.55408514 12
-1.702675 -1.1611183 0.54216564 23
-2.5716465 -1.1335982 0.43909645 3
-1.6849599 -1.1451588 0.38890082 20
-0.28881142 -0.12912013 0.024621498 3
-1.6864725 -1.1427912 0.24552189 2
-0.32865354 -0.14664443 0.0056720315 125
nan nan nan 0
-0.31917548 -0.14240733 -0.016485825 52
-0.2938174 -0.19414926 -0.0055411388 3
-0.32431477 -0.14447118 -0.039246995 158
nan nan nan 0
-0.30543092 -0.13599996 -0.058144487 144
-1.3705089 -0.92693853 -0.25626981 2
-0.3277176 -0.1454588 -0.086591415 3
-0.35531181 -0.23664065 -0.090474352 4
-2.246345 -0.97553861 0.5568949 11
-1.706732 -1.1508325 0.54151952 18
-2.56622 -1.1152043 0.43714318 3
-1.6970344 -1.1404409 0.39033058 19
-0.29176831 -0.12859724 0.024839386 3
-1.7068417 -1.1436458 0.24765156 2
-0.32483056 -0.14293216 0.0055847699 130
nan nan nan 0
-0.32907894 -0.14470662 -0.017009186 82
-0.29482993 -0.19260819 -0.0055411388 3
-0.32278961 -0.1417852 -0.038942754 160
nan nan nan 0
-0.30839148 -0.13537273 -0.058621082 146
-1.3732947 -0.91837156 -0.25587916 3
-0.30629891 -0.1341767 -0.080129378 4
-0.36664611 -0.24158449 -0.093284108 5
-2.2590578 -0.97683442 0.55970466 12
-1.6887212 -1.1343403 0.53505743 13
-2.5726967 -1.1126813 0.4379245 3
-1.7051312 -1.1415869 0.39176041 19
-0.29199234 -0.12808782 0.024839386 4
-1.7129569 -1.1434294 0.24826005 2
-0.3250795 -0.14236501 0.0055847699 131
nan nan nan 0
-0.32933101 -0.14413205 -0.017009186 90
-0.28685609 -0.18653266 -0.005366615 3
-0.32303655 -0.14122161 -0.038942754 168
nan nan nan 0
-0.31088161 -0.13580422 -0.059097677 143
-1.3789979 -0.91872281 -0.25666046 3
-0.3154096 -0.1374521 -0.082714193 4
-0.3690896 -0.24230219 -0.09384606 4
-2.2889705 -0.97508067 0.56588614 12
-1.6705326 -1.1093946 0.52730298 10
-2.5648541 -1.0933945 0.43558055 3
-1.7131283 -1.1340023 0.39223698 19
-0.29953393 -0.12948252 0.025493054 4
-1.7271923 -1.1399304 0.24947701 2
-0.32352045 -0.13968228 0.0055411388 148
nan nan nan 0
-0.32089144 -0.13849732 -0.016485825 109
-0.28782886 -0.18502814 -0.005366615 3
-0.32148761 -0.13855833 -0.038638514 173
nan nan nan 0
-0.31158844 -0.1341746 -0.059097677 140
-1.392023 -0.91694576 -0.25822309 3
-0.31167656 -0.13391691 -0.081421785 3
-0.36223534 -0.23497687 -0.091598257 4
-2.2994726 -0.97528177 0.56813395 12
-1.6342559 -1.0810711 0.51502508 10
-2.5667589 -1.0889163 0.43558055 3
-1.7212424 -1.1350776 0.39366677 19
-0.29975948 -0.12895954 0.025493054 5
-1.7312497 -1.1382819 0.24978127 2
-0.33066902 -0.14204141 0.0056720315 156
nan nan nan 0
-0.32573092 -0.13988322 -0.016747504 110
-0.29232541 -0.18727675 -0.0054538767 3
-0.32172894 -0.13799702 -0.038638514 173
nan nan nan 0
-0.30956107 -0.13267639 -0.058621082 134
-1.3874388 -0.91043365 -0.25705114 3
nan nan nan 0
-0.36670852 -0.23703195 -0.092722155 3
-2.3204551 -0.96938753 0.57206756 12
-1.63384 -1.0685196 0.5130865 14
-2.5564735 -1.0688056 0.43284598 3
-1.7353736 -1.1314292 0.39557317 19
-0.31192264 -0.1321837 0.026582502 5
-1.7454964 -1.1346294 0.25099823 2
-0.32910138 -0.1393455 0.0056284005 162
nan nan nan 0
-0.3287631 -0.13913684 -0.016878346 120
-0.29749042 -0.18847294 -0.0055411388 3
-0.32244709 -0.13631056 -0.038638514 174
nan nan nan 0
-0.31931561 -0.13482302 -0.060527459 127
-1.3942548 -0.90450615 -0.25744176 4
nan nan nan 0
-0.37202224 -0.23777495 -0.09384606 4
-2.3287251 -0.96854281 0.57375348 11
-1.6377225 -1.0669894 0.51373267 21
-2.5537739 -1.0624481 0.43206465 2
-1.7435112 -1.1324224 0.39700294 19
-0.31675303 -0.13354924 0.027018281 5
-1.7537137 -1.135641 0.25191092 2
-0.3385781 -0.1426052 0.0058029247 161
nan nan nan 0
-0.32439369 -0.13664879 -0.016616665 130
-0.2978189 -0.18795344 -0.0055411388 3
-0.3226845 -0.13574758 -0.038638514 173
nan nan nan 0
-0.31501511 -0.13238877 -0.059574269 122
-1.3999717 -0.90476328 -0.25822309 4
nan nan nan 0
-0.36018971 -0.22914766 -0.090474352 4
-2.345206 -0.96053714 0.57656324 12
-1.6493686 -1.0623373 0.51567131 24
-2.5501599 -1.0453221 0.43050203 3
-1.755603 -1.1272695 0.3984327 19
-0.31053281 -0.12905984 0.026364611 5
-1.7679836 -1.1318126 0.2531279 2
-0.32775265 -0.13609807 0.0055847699 150
nan nan nan 0
-0.32279387 -0.13400349 -0.016485825 137
-0.30300629 -0.18909153 -0.0056284005 3
-0.33028275 -0.13687009 -0.039551232 169
nan nan nan 0
-0.32024905 -0.13259052 -0.060527459 113
-1.4046898 -0.8974207 -0.25822309 5
nan nan nan 0
-0.36343268 -0.22857746 -0.091036305 4
-2.369276 -0.9660328 0.58218277 11
-1.6573089 -1.0633838 0.51760995 27
-2.5474067 -1.0390077 0.42972073 4
-1.7637612 -1.1281844 0.39986247 18
-0.30845091 -0.12757866 0.026146721 5
-1.7783135 -1.1340801 0.25434485 2
-0.33030483 -0.13646828 0.0056284005 124
nan nan nan 0
-0.32302725 -0.1334399 -0.016485825 150
-0.29491171 -0.18317699 -0.0054538767 3
-0.32592326 -0.13442548 -0.038942754 167
nan nan nan 0
-0.31365752 -0.12926383 -0.059097677 109
-1.4166517 -0.90162498 -0.26017636 5
nan nan nan 0
-0.36383107 -0.22794282 -0.091036305 3
-2.3857746 -0.95772892 0.58499253 11
-1.6689631 -1.0585865 0.51954854 27
-2.5390601 -1.0201411 0.42737678 3
-1.7737871 -1.1215663 0.40081567 18
-0.29986838 -0.12225427 0.025275165 5
-1.7968051 -1.1327201 0.2561703 2
-0.32637477 -0.13287634 0.0055411388 39
nan nan nan 0
-0.33530849 -0.13639054 -0.017140025 156
-0.3064321 -0.18830688 -0.0056720315 4
-0.32892644 -0.13363904 -0.039246995 160
nan nan nan 0
-0.3211669 -0.13035154 -0.060527459 99
-1.4213532 -0.89419508 -0.26017636 5
nan nan nan 0
-0.37119135 -0.2299484 -0.092722155 3
-2.4053779 -0.96119845 0.58948815 11
-1.676924 -1.0595562 0.52148712 27
-2.5408368 -1.0157081 0.42737678 3
-1.7861104 -1.125031 0.40319866 17
-0.28851536 -0.11711637 0.024185719 4
-1.8050749 -1.1335546 0.25708303 2
-0.3219628 -0.13045399 0.0054538767 10
nan nan nan 0
-0.32858896 -0.13303095 -0.016747504 160
-0.30676028 -0.18777175 -0.0056720315 3
-0.3291592 -0.13306476 -0.039246995 155
nan nan nan 0
-0.32139394 -0.1297908 -0.060527459 64
-1.3978462 -0.87591004 -0.25548851 6
nan nan nan 0
-0.36953259 -0.22799921 -0.092160203 3
-2.4264166 -0.9544003 0.59342182 10
-1.6906303 -1.0558976 0.52407193 27
-2.5461202 -1.0023905 0.42737678 3
-1.7961376 -1.1182666 0.40415183 17
-0.28680661 -0.11469337 0.02396783 4
-1.8257239 -1.1332794 0.2592127 2
-0.33194739 -0.13242276 0.0056284005 104
nan nan nan 0
-0.33392864 -0.13313378 -0.017009186 153
-0.30561692 -0.18484248 -0.0056284005 4
-0.32985139 -0.13133948 -0.039246995 151
nan nan nan 0
-0.32435438 -0.12900087 -0.06100405 31
-1.3919348 -0.8620491 -0.25353521 7
nan nan nan 0
-0.37692028 -0.22993174 -0.09384606 3
-2.4415269 -0.95590663 0.59679353 10
-1.7047566 -1.0606284 0.52794921 27
-2.5478659 -0.99794513 0.42737678 3
-1.8126665 -1.124216 0.40748802 17
-0.29628468 -0.11781941 0.024839386 3
-1.8298069 -1.1314007 0.25951695 2
-0.32752189 -0.13002317 0.0055411388 110
nan nan nan 0
-0.32718432 -0.12982523 -0.016616665 139
-0.3016898 -0.18167517 -0.0055411388 3
-0.33701536 -0.13346891 -0.040159713 145
nan nan nan 0
-0.32686588 -0.12932526 -0.061480645 14
-1.3829476 -0.85310692 -0.25158197 7
nan nan nan 0
-0.37318391 -0.22670044 -0.092722155 3
-2.4603057 -0.94792777 0.60016519 10
-1.714395 -1.0542274 0.52924156 28
-2.5461428 -0.98193014 0.42620483 3
-1.8185281 -1.1147095 0.40748802 17
-0.28760037 -0.1126883 0.02396783 3
-1.8378205 -1.1231028 0.25982118 2
-0.330531 -0.1292043 0.0055847699 95
nan nan nan 0
-0.32552943 -0.12721401 -0.016485825 126
-0.30476841 -0.1813987 -0.0055847699 4
-0.32381091 -0.12636448 -0.038334273 140
nan nan nan 0
-0.32753852 -0.12761204 -0.061480645 12
-1.3768717 -0.83939755 -0.24962868 7
nan nan nan 0
-0.37644103 -0.22601905 -0.093284108 2
-2.4822679 -0.9518975 0.60522282 10
-1.7326844 -1.0613627 0.53441119 27
-2.5478528 -0.97748488 0.42620483 3
-1.8267461 -1.1153839 0.40891778 16
nan nan nan 0
-1.8418951 -1.1211884 0.26012543 2
-0.31908411 -0.12415849 0.005366615 8
nan nan nan 0
-0.31875592 -0.12396891 -0.016093306 125
-0.30935207 -0.18347043 -0.0056720315 4
-0.32403097 -0.12579913 -0.038334273 131
nan nan nan 0
-0.33463967 -0.12966423 -0.062910423 13
-1.3783345 -0.83699322 -0.24962868 8
nan nan nan 0
-0.37060246 -0.22154541 -0.091598257 3
-2.5079 -0.94617796 0.61028039 10
-1.7382179 -1.0522759 0.53441119 27
-2.5460038 -0.96151853 0.42503288 2
-1.8472509 -1.1147107 0.41225392 16
nan nan nan 0
-1.8626056 -1.1205139 0.2622551 2
-0.32440788 -0.12424909 0.0054538767 5
nan nan nan 0
-0.31706434 -0.12141819 -0.015962467 125
-0.3038868 -0.17797588 -0.0055411388 4
-0.32700783 -0.12497427 -0.038638514 127
nan nan nan 0
-0.32842144 -0.12532228 -0.061480645 19
-1.376357 -0.82593507 -0.2484567 8
nan nan nan 0
-0.38009387 -0.2246467 -0.09384606 3
-2.5299139 -0.94992971 0.61533797 10
-1.7462479 -1.052996 0.53634989 27
-2.5499902 -0.95794022 0.4254235 2
-1.8575966 -1.11656 0.41416031 15
nan nan nan 0
-1.8730619 -1.1223807 0.26347208 2
nan nan nan 0
nan nan nan 0
-0.32428932 -0.12349248 -0.016354986 123
-0.30419695 -0.17744522 -0.0055411388 4
-0.33187369 -0.12614217 -0.039246995 123
nan nan nan 0
-0.33323774 -0.12646621 -0.062433831 18
-1.3799124 -0.82480454 -0.24884737 8
nan nan nan 0
-0.38257173 -0.22524054 -0.094408013 3
-2.5487309 -0.94128191 0.61870968 2
-1.7620964 -1.0500429 0.53958082 27
-2.5503378 -0.94286609 0.42464221 3
-1.8718469 -1.1118493 0.41606668 15
nan nan nan 0
-1.8895758 -1.118902 0.26499328 2
nan nan nan 0
nan nan nan 0
-0.32024667 -0.12006542 -0.016093306 114
-0.3051219 -0.17585002 -0.0055411388 4
-0.33020097 -0.12354553 -0.038942754 116
nan nan nan 0
nan nan nan 0
-1.3778443 -0.81378263 -0.24767539 7
nan nan nan 0
-0.39630312 -0.23071404 -0.097779728 3
-2.5753639 -0.94650352 0.62489116 1
-1.7660005 -1.0482032 0.54022706 27
-2.558934 -0.94096535 0.42581415 3
-1.8801134 -1.1123428 0.4174965 14
nan nan nan 0
-1.8957952 -1.1181324 0.26560175 2
nan nan nan 0
nan nan nan 0
-0.32983139 -0.12294473 -0.016616665 42
-0.31188357 -0.1791333 -0.0056720315 4
-0.33973661 -0.12638171 -0.040159713 29
nan nan nan 0
nan nan nan 0
-1.3813875 -0.81263477 -0.24806605 8
nan nan nan 0
-0.37994474 -0.2200783 -0.093284108 3
nan nan nan 0
-1.7881081 -1.0487537 0.54539669 26
-2.5498903 -0.9225232 0.42347026 2
-1.9028405 -1.1124272 0.42130923 15
nan nan nan 0
-1.910189 -1.1132059 0.2668187 2
nan nan nan 0
nan nan nan 0
nan nan nan 0
-0.31281725 -0.17749783 -0.0056720315 4
nan nan nan 0
nan nan nan 0
-0.35785142 -0.13069068 -0.067199774 3
-1.3813609 -0.8028968 -0.24728474 6
nan nan nan 0
-0.38739645 -0.22178182 -0.094969966 4
-2.6300595 -0.94577944 0.63669217 1
-1.7920185 -1.0468541 0.54604292 26
-2.5538206 -0.91890579 0.42386088 2
-1.9068973 -1.1103437 0.4217858 13
nan nan nan 0
-1.9164163 -1.1123705 0.26742721 2
nan nan nan 0
nan nan nan 0
nan nan nan 0
-0.31744772 -0.17946556 -0.0057592937 4
nan nan nan 0
nan nan nan 0
-0.35807896 -0.13006592 -0.067199774 9
-1.3806266 -0.79924142 -0.24689408 7
nan nan nan 0
-0.38988662 -0.22233365 -0.095531918 3
-2.5662191 -0.90722495 0.61983359 2
-1.8016531 -1.0398808 0.54733533 26
-2.5492833 -0.90223247 0.42229825 2
-1.9254332 -1.1077132 0.42464539 13
nan nan nan 0
-1.9372644 -1.1109927 0.26955688 2
nan nan nan 0
nan nan nan 0
-0.33366305 -0.11973692 -0.016747504 4
-0.30971453 -0.17281836 -0.0055847699 4
-0.3389149 -0.12139709 -0.039855473 10
nan nan nan 0
-0.37264568 -0.13307543 -0.070059337 11
-1.3954922 -0.79816175 -0.24884737 5
nan nan nan 0
-0.38682526 -0.21785463 -0.094408013 2
-2.5883281 -0.91045356 0.62489116 2
-1.8181028 -1.0451924 0.55185878 26
-2.5438647 -0.89532727 0.42112631 3
-1.9316173 -1.1068 0.42559856 12
nan nan nan 0
-1.9413531 -1.108845 0.2698611 2
-0.28705007 -0.10277744 0.004712149 3
nan nan nan 0
-0.3385829 -0.12080798 -0.017009186 7
-0.31218496 -0.1735194 -0.0056284005 4
-0.33912626 -0.12080538 -0.039855473 14
nan nan nan 0
-0.3775104 -0.1340455 -0.071012527 6
-1.3861725 -0.7895835 -0.24689408 2
nan nan nan 0
nan nan nan 0
-2.5586727 -0.8845216 0.61646181 6
-1.8277451 -1.038053 0.55315113 26
-2.5508521 -0.88280147 0.42151698 2
-1.948052 -1.1027375 0.42798153 12
nan nan nan 0
-1.96656 -1.109679 0.27259928 2
-0.28285885 -0.099641338 0.0046248874 4
nan nan nan 0
-0.33685082 -0.11821907 -0.016878346 9
-0.3087377 -0.16942146 -0.0055411388 4
-0.33975416 -0.11902808 -0.039855473 17
nan nan nan 0
-0.37820706 -0.13206702 -0.071012527 5
nan nan nan 0
nan nan nan 0
-0.33537346 -0.18508594 -0.080359198 2
-2.5439301 -0.87496656 0.6125282 7
-1.8400513 -1.0408295 0.55638218 26
-2.5477178 -0.87674415 0.42073566 2
-1.9499737 -1.0993359 0.42798153 11
nan nan nan 0
-1.9641721 -1.1038049 0.27199078 2
-0.30903792 -0.10807656 0.0051048286 3
nan nan nan 0
-0.34886369 -0.12168263 -0.017532544 6
-0.31338876 -0.17133573 -0.0056284005 4
-0.35639381 -0.1240642 -0.041985158 18
nan nan nan 0
-0.3621822 -0.1258478 -0.067676365 5
nan nan nan 0
nan nan nan 0
-0.35266101 -0.19409084 -0.084854826 4
-2.5647855 -0.86663723 0.61646181 5
-1.8496875 -1.0335462 0.55767465 25
-2.5569527 -0.86497182 0.42151698 2
-1.9728365 -1.0986981 0.43179429 11
nan nan nan 0
-1.9894291 -1.1043838 0.27472895 2
-0.2882843 -0.099262878 0.004712149 3
nan nan nan 0
-0.34003356 -0.1166625 -0.017009186 10
-0.32083449 -0.17333831 -0.0057592937 4
-0.33822516 -0.11586138 -0.039551232 22
nan nan nan 0
-0.36283615 -0.12394971 -0.067676365 4
nan nan nan 0
nan nan nan 0
-0.3472918 -0.18867858 -0.083168969 4
-2.556905 -0.85950911 0.614214 6
-1.8599192 -1.035032 0.56025946 25
-2.5514357 -0.85815102 0.42034501 2
-1.9790385 -1.0976425 0.43274748 11
nan nan nan 0
-2.0021996 -1.1069344 0.27625015 2
-0.2884571 -0.098759577 0.004712149 3
nan nan nan 0
-0.34970468 -0.11924416 -0.017532544 10
-0.31457725 -0.16914371 -0.0056284005 4
-0.34783903 -0.11842199 -0.040768195 20
nan nan nan 0
-0.35374156 -0.12020465 -0.065769993 3
nan nan nan 0
nan nan nan 0
-0.34123376 -0.1845202 -0.081483103 3
-2.5615182 -0.84566236 0.614214 6
-1.8822241 -1.0346223 0.56542909 24
-2.5558939 -0.84478009 0.42034501 2
-2.0041082 -1.0979161 0.43703684 10
nan nan nan 0
-2.0210211 -1.1035969 0.27807558 2
nan nan nan 0
nan nan nan 0
-0.34558198 -0.11584864 -0.017270865 9
-0.31545857 -0.16749428 -0.0056284005 4
-0.34138292 -0.11427277 -0.039855473 17
nan nan nan 0
-0.34737116 -0.11605371 -0.064340211 3
nan nan nan 0
nan nan nan 0
-0.33792499 -0.18038534 -0.080359198 3
-2.5535836 -0.83860409 0.61196619 7
-1.8840269 -1.0313357 0.56542909 25
-2.5503252 -0.83801031 0.41917303 2
-2.0124776 -1.0979556 0.43846661 10
nan nan nan 0
-2.0381877 -1.1083962 0.28020528 2
nan nan nan 0
nan nan nan 0
-0.35290113 -0.11757717 -0.017663386 6
-0.32014003 -0.16933575 -0.0057156626 4
-0.36044979 -0.11984741 -0.042289399 12
nan nan nan 0
-0.33590829 -0.11163909 -0.061957236 3
nan nan nan 0
nan nan nan 0
-0.34037644 -0.18096437 -0.080921151 3
-2.5488074 -0.82179207 0.60971838 7
-1.8978891 -1.0260693 0.56801391 24
-2.5593789 -0.82615918 0.41995436 2
-2.0289898 -1.0932453 0.4408496 10
nan nan nan 0
-2.0417793 -1.0965308 0.27990103 2
nan nan nan 0
nan nan nan 0
-0.34638235 -0.11343322 -0.017270865 7
-0.31882128 -0.16647254 -0.0056720315 4
-0.34453487 -0.11264566 -0.040159713 12
nan nan nan 0
-0.32714054 -0.10688114 -0.060050864 1
nan nan nan 0
-0.21901615 -0.072022162 -0.052342575 8
-0.36060855 -0.18960065 -0.085978724 3
-2.545455 -0.81630296 0.60859454 7
-1.9081732 -1.0273529 0.57059872 25
-2.5537612 -0.8194325 0.41878235 2
-2.0352149 -1.0920315 0.44180277 10
nan nan nan 0
-2.0633628 -1.103536 0.28263921 2
nan nan nan 0
nan nan nan 0
-0.34895763 -0.1135892 -0.017401705 7
-0.31250197 -0.16237342 -0.0055411388 4
-0.35418624 -0.11506356 -0.041376676 12
nan nan nan 0
-0.31797361 -0.1033287 -0.058144487 2
nan nan nan 0
-0.21914153 -0.071639791 -0.052342575 7
-0.35664842 -0.1866627 -0.084854826 3
-2.5382137 -0.79887038 0.60578477 8
-1.9263059 -1.0241772 0.57447588 25
-2.5603731 -0.80679041 0.41917303 2
-2.0669005 -1.0951997 0.4475219 9
nan nan nan 0
-2.0822647 -1.0996954 0.28446463 2
nan nan nan 0
nan nan nan 0
-0.34716579 -0.11101227 -0.017270865 6
-0.31334785 -0.16073494 -0.0055411388 4
-0.35478383 -0.11320747 -0.041376676 12
nan nan nan 0
-0.31851029 -0.10166239 -0.058144487 3
nan nan nan 0
nan nan nan 0
-0.34686446 -0.17907827 -0.082045056 3
-2.5348146 -0.79343027 0.60466087 8
-1.9344864 -1.0242172 0.57641453 24
-2.5594199 -0.80158406 0.41878235 2
-2.0688088 -1.0915905 0.4475219 9
nan nan nan 0
-2.1017325 -1.1053332 0.28689855 2
nan nan nan 0
nan nan nan 0
-0.36404079 -0.11561476 -0.018186744 5
-0.32026184 -0.163684 -0.0056720315 5
-0.36208799 -0.11480305 -0.042289399 8
nan nan nan 0
-0.30931368 -0.098190382 -0.056238107 3
nan nan nan 0
nan nan nan 0
-0.34717646 -0.17847261 -0.082045056 3
-2.5297534 -0.77685034 0.602413 8
-1.948374 -1.0185677 0.57899934 24
-2.5635817 -0.78817207 0.41878235 2
-2.0962389 -1.0921248 0.45228785 7
nan nan nan 0
nan nan nan 0
nan nan nan 0
nan nan nan 0
-0.34315839 -0.10712272 -0.017009186 5
-0.32111451 -0.16200487 -0.0056720315 5
-0.35081977 -0.10927604 -0.040768195 8
nan nan nan 0
-0.30982357 -0.096569479 -0.056238107 3
nan nan nan 0
nan nan nan 0
-0.32651415 -0.16537391 -0.076425537 2
-2.5309706 -0.77287555 0.602413 8
-1.9651277 -1.023003 0.5835228 25
-2.5673158 -0.7844165 0.41917303 2
-2.1133757 -1.0964049 0.45562398 7
nan nan nan 0
-2.6268785 -1.3594431 0.35839504 2
nan nan nan 0
nan nan nan 0
-0.35289779 -0.10943333 -0.017532544 5
-0.32583556 -0.16374406 -0.0057592937 5
-0.35813239 -0.11082889 -0.041680917 7
nan nan nan 0
-0.30529481 -0.094603375 -0.055284921 3
nan nan nan 0
nan nan nan 0
nan nan nan 0
-2.5257788 -0.75638175 0.60016519 8
-1.9747484 -1.0149164 0.5848152 24
-2.5642905 -0.76884085 0.41800106 2
-2.1387269 -1.0954306 0.45991334 8
nan nan nan 0
-2.6273365 -1.3422734 0.35748231 2
nan nan nan 0
nan nan nan 0
nan nan nan 0
-0.3155615 -0.15634425 -0.0055411388 5
-0.35395202 -0.10753355 -0.041072436 9
nan nan nan 0
-0.30343387 -0.092303269 -0.054808326 4
nan nan nan 0
nan nan nan 0
nan nan nan 0
-2.5269635 -0.75241339 0.60016519 8
-1.9872546 -1.0169915 0.58804619 24
-2.5703621 -0.76577085 0.41878235 2
-2.1537404 -1.098411 0.46277294 8
nan nan nan 0
-2.638515 -1.3421996 0.35869926 2
nan nan nan 0
-0.26872736 -0.1319121 0.013869028 2
-0.41348493 -0.12473541 -0.020803541 7
-0.3136065 -0.15465884 -0.0054975078 6
-0.35176003 -0.10621044 -0.040768195 8
-0.27705744 -0.13609104 -0.023920015 3
-0.29418117 -0.088988751 -0.052901953 4
nan nan nan 0
nan nan nan 0
nan nan nan 0
-2.5309975 -0.73873025 0.60016519 7
-2.0033193 -1.0120394 0.59127724 24
-2.5719659 -0.75161111 0.41839173 2
-2.1660318 -1.0904419 0.4642027 8
nan nan nan 0
-2.6388588 -1.3250153 0.35778654 2
nan nan nan 0
-0.2671842 -0.12938109 0.013738188 2
-0.39255974 -0.11628494 -0.019625984 5
-0.33004498 -0.16087385 -0.0058029247 6
-0.34992856 -0.10367448 -0.040463954 7
-0.29779086 -0.14470987 -0.025877105 3
-0.29464307 -0.087447211 -0.052901953 4
nan nan nan 0
nan nan nan 0
nan nan nan 0
-2.5321548 -0.73475367 0.60016519 6
-2.0180142 -1.0150794 0.59515446 24
-2.5922489 -0.75261575 0.42151698 2
-2.183275 -1.0943867 0.46753883 8
nan nan nan 0
-2.6367319 -1.3181816 0.35717806 2
nan nan nan 0
-0.2830345 -0.13674235 0.014654067 3
-0.40475294 -0.11906967 -0.020280182 5
-0.32138431 -0.1558222 -0.0056284005 6
-0.35964489 -0.10581778 -0.041680917 7
-0.30472374 -0.14753538 -0.02652947 7
-0.29951152 -0.088292323 -0.05385514 4
nan nan nan 0
nan nan nan 0
nan nan nan 0
-2.5196877 -0.71639115 0.59623158 4
-2.034106 -1.0098909 0.59838551 23
-2.5819016 -0.73498607 0.41917303 2
-2.2109518 -1.0938638 0.47230479 8
nan nan nan 0
-2.6458216 -1.3054591 0.35748231 2
nan nan nan 0
-0.28150865 -0.13415197 0.014523228 3
-0.40537083 -0.11694877 -0.020280182 8
-0.31995472 -0.1530302 -0.0055847699 6
-0.35303134 -0.10190506 -0.040768195 7
-0.32781923 -0.15697263 -0.028704016 25
-0.28816143 -0.083385915 -0.051472165 4
nan nan nan 0
nan nan nan 0
nan nan nan 0
-2.5325334 -0.71573657 0.59904134 3
-2.0401909 -1.0084882 0.59967792 23
-2.5760505 -0.72846788 0.41800106 1
-2.230454 -1.0987115 0.47611755 8
nan nan nan 0
-2.6525466 -1.3030343 0.35809079 2
nan nan nan 0
-0.29070184 -0.138071 0.015046587 4
-0.40797728 -0.11691834 -0.020411022 129
-0.32246429 -0.15357475 -0.0056284005 6
-0.35559744 -0.10196065 -0.041072436 7
-0.3124502 -0.14870317 -0.027181834 36
-0.29539496 -0.084872663 -0.052901953 4
nan nan nan 0
nan nan nan 0
nan nan nan 0
-2.5128865 -0.69554245 0.59342182 3
-2.054117 -1.0020449 0.60226274 23
nan nan nan 0
-2.244997 -1.0913256 0.47802392 8
nan nan nan 0
-2.6481769 -1.2836986 0.35656956 1
nan nan nan 0
-0.29815769 -0.1398197 0.015439106 4
nan nan nan 0
-0.32101527 -0.15079279 -0.0055847699 6
-0.35134199 -0.098778605 -0.040463954 7
-0.30650344 -0.14380157 -0.02652947 45
-0.28873652 -0.081372157 -0.051472165 4
nan nan nan 0
nan nan nan 0
-0.30691594 -0.14445432 -0.070244059 6
-2.4951823 -0.6864388 0.5889262 2
-2.0645437 -1.002696 0.60484755 23
nan nan nan 0
-2.2711761 -1.0992101 0.48326644 8
nan nan nan 0
-2.6347816 -1.2715011 0.35443991 1
nan nan nan 0
-0.3118864 -0.14582099 0.016224146 4
nan nan nan 0
-0.31452602 -0.14696972 -0.0054538767 6
-0.34433377 -0.096199654 -0.039551232 8
-0.315723 -0.1476022 -0.027399288 77
-0.29124552 -0.08151485 -0.051948763 5
nan nan nan 0
nan nan nan 0
-0.30278414 -0.14179184 -0.069120154 6
nan nan nan 0
-2.0828202 -0.99816084 0.60872477 23
nan nan nan 0
-2.2879639 -1.0926111 0.48564944 7
nan nan nan 0
nan nan nan 0
nan nan nan 0
-0.31264561 -0.14418596 0.016224146 5
nan nan nan 0
-0.31980389 -0.14747231 -0.0055411388 6
-0.35441974 -0.096966043 -0.040768195 7
-0.30525193 -0.14058606 -0.026312014 96
-0.28929758 -0.079354428 -0.051472165 4
-0.32069463 -0.14812322 -0.05039452 9
nan nan nan 0
-0.3013252 -0.13915272 -0.068558201 24
nan nan nan 0
-2.0998023 -1.001834 0.61324817 23
nan nan nan 0
-2.3075836 -1.0970778 0.48946217 7
nan nan nan 0
nan nan nan 0
nan nan nan 0
-0.33093727 -0.15221016 0.017270865 5
nan nan nan 0
-0.32231894 -0.1479857 -0.0055847699 7
-0.35219058 -0.095708847 -0.040463954 8
-0.30099729 -0.13791655 -0.025877105 104
-0.29180747 -0.079479605 -0.051948763 5
-0.31649256 -0.14544262 -0.049613211 7
nan nan nan 0
-0.29497033 -0.1354827 -0.066872343 31
nan nan nan 0
-2.1181176 -0.99702293 0.61712545 23
nan nan nan 0
-2.3288367 -1.092303 0.49279836 7
nan nan nan 0
nan nan nan 0
nan nan nan 0
-0.32720843 -0.14835642 0.017009186 6
-0.31352594 -0.083824821 -0.015177427 5
-0.32308939 -0.14629601 -0.0055847699 7
-0.35508806 -0.094489381 -0.040768195 7
-0.31073669 -0.14056458 -0.026746925 113
-0.28984451 -0.077332832 -0.051472165 5
-0.31501421 -0.14273484 -0.049222555 8
nan nan nan 0
-0.31331196 -0.14222789 -0.071367964 36
nan nan nan 0
-2.1285934 -0.99744064 0.61971027 22
nan nan nan 0
-2.339627 -1.0924057 0.49470475 7
nan nan nan 0
nan nan nan 0
nan nan nan 0
-0.32520437 -0.14672962 0.016878346 6
-0.30400532 -0.080770373 -0.014654067 8
-0.32560983 -0.14678788 -0.0056284005 8
-0.34083882 -0.090139203 -0.038942754 7
-0.30646718 -0.13791692 -0.026312014 123
-0.28997904 -0.076826848 -0.051472165 5
-0.32197502 -0.14531903 -0.05039452 9
nan nan nan 0
-0.29811528 -0.1344527 -0.067434296 38
nan nan nan 0
-2.1469281 -0.99238724 0.62358749 22
nan nan nan 0
-2.3631327 -1.088385 0.49851748 7
nan nan nan 0
nan nan nan 0
nan nan nan 0
-0.31916425 -0.14189395 0.016485825 6
-0.30684394 -0.07979162 -0.014784907 12
-0.31956062 -0.14194866 -0.0054975078 8
-0.36295557 -0.093835518 -0.041680917 6
-0.3139731 -0.1394325 -0.026964379 131
-0.29275674 -0.075908661 -0.051948763 5
-0.31600299 -0.14053217 -0.049222555 12
nan nan nan 0
-0.29881519 -0.13288994 -0.067434296 44
nan nan nan 0
-2.1618087 -0.99472123 0.62746471 22
nan nan nan 0
-2.3761742 -1.0893923 0.50090045 7
nan nan nan 0
nan nan nan 0
nan nan nan 0
-0.32622081 -0.14445572 0.016878346 7
-0.29971996 -0.077426285 -0.014392388 19
-0.31298912 -0.13827027 -0.005366615 8
-0.33905327 -0.087152585 -0.038638514 7
-0.31195149 -0.13784757 -0.026746925 141
-0.29050833 -0.074800551 -0.051472165 5
-0.31400317 -0.13895133 -0.048831902 15
nan nan nan 0
-0.29019269 -0.12829956 -0.065186486 43
nan nan nan 0
-2.1779735 -0.98839974 0.63069576 22
nan nan nan 0
-2.3930175 -1.0820106 0.50328338 7
nan nan nan 0
nan nan nan 0
nan nan nan 0
-0.32014707 -0.13966233 0.016485825 7
-0.32678622 -0.082425185 -0.015831625 15
-0.31143045 -0.13560133 -0.005322984 8
-0.35155335 -0.088337727 -0.040159713 6
-0.32174847 -0.14031185 -0.027616743 152
-0.29327953 -0.073863 -0.051948763 4
-0.31472644 -0.13730532 -0.048831902 23
nan nan nan 0
-0.2842041 -0.12376171 -0.063500628 45
nan nan nan 0
-2.1928892 -0.99058753 0.63457292 21
nan nan nan 0
-2.4016113 -1.0808657 0.50471324 7
nan nan nan 0
nan nan nan 0
nan nan nan 0
-0.32722136 -0.14217475 0.016878346 7
-0.32935473 -0.082447693 -0.015962467 18
-0.32078716 -0.13915458 -0.0054975078 9
-0.33724272 -0.084195323 -0.038334273 9
-0.32199284 -0.13975008 -0.027616743 163
-0.29102343 -0.072770618 -0.051472165 5
-0.31946909 -0.13878261 -0.049613211 23
nan nan nan 0
-0.29108131 -0.12627053 -0.065186486 40
nan nan nan 0
-2.211271 -0.98501354 0.63845021 21
nan nan nan 0
-2.4274106 -1.0772705 0.50900251 7
nan nan nan 0
nan nan nan 0
nan nan nan 0
-0.32339662 -0.13843575 0.016616665 7
-0.34920752 -0.085364245 -0.017009186 23
-0.32379687 -0.13848536 -0.0055411388 14
-0.3521615 -0.085881285 -0.040159713 8
-0.32499713 -0.13907123 -0.027834198 168
-0.29856309 -0.072949566 -0.052901953 5
-0.31116325 -0.1331016 -0.048050594 28
nan nan nan 0
-0.28728697 -0.12276463 -0.06406258 33
nan nan nan 0
-2.2196045 -0.98410177 0.64038879 21
nan nan nan 0
-2.4405031 -1.0780095 0.5113855 7
nan nan nan 0
nan nan nan 0
nan nan nan 0
-0.32820594 -0.13988687 0.016878346 8
-0.35907283 -0.08705876 -0.017532544 27
-0.33318692 -0.14195324 -0.0057156626 15
-0.33540753 -0.081267633 -0.038030032 9
-0.33207557 -0.14151892 -0.028486561 176
-0.29152438 -0.070737131 -0.051472165 5
-0.31139508 -0.13255832 -0.048050594 32
nan nan nan 0
-0.2830458 -0.12029073 -0.062938675 25
nan nan nan 0
-2.2468371 -0.98218149 0.64685088 20
nan nan nan 0
-2.4551075 -1.069151 0.5132919 6
nan nan nan 0
nan nan nan 0
nan nan nan 0
-0.31977654 -0.13418286 0.016354986 8
-0.35465935 -0.084050864 -0.017270865 27
-0.33392563 -0.14020674 -0.0057156626 15
-0.35275245 -0.083420664 -0.040159713 8
-0.33509594 -0.14077134 -0.028704016 184
-0.2942822 -0.069760986 -0.051948763 4
-0.31208488 -0.13092604 -0.048050594 33
nan nan nan 0
-0.2903696 -0.12173049 -0.064624533 14
nan nan nan 0
-2.2640369 -0.9850319 0.65137428 20
nan nan nan 0
-2.4727206 -1.071723 0.51662809 6
nan nan nan 0
nan nan nan 0
nan nan nan 0
-0.31771916 -0.13263263 0.016224146 7
-0.3669714 -0.086227037 -0.017925065 10
-0.33646405 -0.14061604 -0.0057592937 22
-0.35047886 -0.082250476 -0.039855473 7
-0.33076975 -0.13820805 -0.028269107 197
-0.28722629 -0.067606084 -0.050518978 5
-0.31457859 -0.131363 -0.048441246 33
nan nan nan 0
-0.27494138 -0.11442944 -0.060690865 9
nan nan nan 0
-2.2802522 -0.9779442 0.65460533 19
nan nan nan 0
-2.4985948 -1.0674728 0.52091736 6
nan nan nan 0
nan nan nan 0
nan nan nan 0
-0.3207055 -0.13194714 0.016354986 7
-0.3454932 -0.079387598 -0.016747504 8
-0.34179446 -0.14081298 -0.0058465553 24
-0.35332623 -0.080955975 -0.040159713 8
-0.32919803 -0.13549712 -0.028051652 212
-0.28997159 -0.066635773 -0.050995573 4
-0.31299132 -0.12874411 -0.048050594 34
nan nan nan 0
nan nan nan 0
nan nan nan 0
-2.2886138 -0.9768194 0.65654391 17
nan nan nan 0
-2.5252798 -1.0737149 0.52615994 6
nan nan nan 0
nan nan nan 0
nan nan nan 0
-0.3140415 -0.12845954 0.015962467 6
-0.37487549 -0.085289188 -0.018317584 7
-0.33973864 -0.13923995 -0.0058029247 23
-0.343777 -0.078189179 -0.038942754 8
-0.33172655 -0.13589549 -0.028269107 212
-0.2876913 -0.06559924 -0.050518978 5
-0.31094304 -0.12723161 -0.047659937 35
nan nan nan 0
nan nan nan 0
nan nan nan 0
-2.3092675 -0.97140652 0.66106731 16
nan nan nan 0
-2.5467005 -1.0671433 0.52949607 6
nan nan nan 0
nan nan nan 0
nan nan nan 0
-0.31701282 -0.12777731 0.016093306 5
-0.35091868 -0.07803227 -0.017009186 7
-0.33123839 -0.13360232 -0.0056284005 17
-0.35145757 -0.077962533 -0.039855473 8
-0.33013594 -0.13319561 -0.028051652 199
-0.29522756 -0.065645359 -0.051948763 4
-0.31160498 -0.12560178 -0.047659937 34
nan nan nan 0
nan nan nan 0
nan nan nan 0
-2.3265417 -0.97393119 0.66559082 14
nan nan nan 0
-2.5508227 -1.063645 0.52997267 6
nan nan nan 0
nan nan nan 0
-2.7755063 -0.5994547 0.048953995 3
-0.31262594 -0.12530416 0.015831625 4
-0.36081728 -0.079519808 -0.017532544 7
-0.31993183 -0.12822305 -0.0054102456 9
-0.34188831 -0.075266704 -0.038638514 10
-0.33036792 -0.1326192 -0.028051652 181
-0.2881422 -0.063589193 -0.050518978 4
-0.31410289 -0.12600787 -0.048050594 33
nan nan nan 0
nan nan nan 0
nan nan nan 0
-2.3383019 -0.9645111 0.6675294 14
nan nan nan 0
-2.5563567 -1.0502745 0.52997267 5
nan nan nan 0
nan nan nan 0
-2.7737145 -0.58388752 0.048866734 3
-0.304039 -0.11987458 0.015308267 3
-0.35389835 -0.076092757 -0.017140025 8
-0.32059884 -0.12654614 -0.0054102456 5
-0.34470659 -0.073983423 -0.038942754 8
-0.32644925 -0.12899752 -0.027616743 154
-0.29808113 -0.064083733 -0.052425358 5
-0.31475833 -0.12436152 -0.048050594 29
nan nan nan 0
nan nan nan 0
nan nan nan 0
-2.3578417 -0.9677971 0.67269903 12
nan nan nan 0
-2.5672665 -1.0495409 0.53187907 4
nan nan nan 0
nan nan nan 0
nan nan nan 0
-0.3134931 -0.12311859 0.015831625 2
-0.36380804 -0.0775069 -0.017663386 8
-0.31619021 -0.1240983 -0.005322984 3
-0.33997566 -0.072374433 -0.038334273 9
-0.31514439 -0.12372245 -0.02652947 138
-0.29578918 -0.063066542 -0.051948763 4
-0.32640368 -0.12848294 -0.050003868 23
nan nan nan 0
-0.3336314 -0.13173583 -0.074739672 2
nan nan nan 0
-2.3807747 -0.9627133 0.67786866 11
nan nan nan 0
-2.5727267 -1.0360843 0.53187907 3
nan nan nan 0
nan nan nan 0
nan nan nan 0
-0.30023599 -0.1158859 0.015046587 2
-0.39846647 -0.082533389 -0.019495143 6
-0.31219685 -0.12057718 -0.0052357214 2
-0.33062041 -0.068629764 -0.037117314 9
-0.31347704 -0.12114172 -0.026312014 132
-0.30333304 -0.06296967 -0.053378545 4
-0.3156189 -0.12216108 -0.048050594 25
nan nan nan 0
-0.33883455 -0.13181068 -0.075863585 2
nan nan nan 0
-2.3958848 -0.9639895 0.68174595 10
nan nan nan 0
-2.5881906 -1.0370919 0.5347386 3
nan nan nan 0
nan nan nan 0
nan nan nan 0
-0.29348418 -0.11257906 0.014654067 2
-0.40350559 -0.082819618 -0.019756824 7
-0.3100858 -0.11910424 -0.0051920903 2
-0.34047264 -0.069999218 -0.038334273 9
-0.31368804 -0.12059443 -0.026312014 131
-0.29140875 -0.060039941 -0.050995573 4
-0.31124714 -0.1197736 -0.047269277 30
nan nan nan 0
-0.33228242 -0.12849563 -0.074177727 3
nan nan nan 0
-2.4121172 -0.95590001 0.68497688 10
nan nan nan 0
-2.6163986 -1.0325723 0.53950459 2
nan nan nan 0
nan nan nan 0
nan nan nan 0
-0.2847788 -0.10737922 0.014130707 2
-0.4112848 -0.082139976 -0.020149343 7
-0.32698613 -0.12388896 -0.0054975078 3
-0.33352724 -0.066793852 -0.037421554 10
-0.32126686 -0.12168865 -0.026964379 123
-0.29894683 -0.059915617 -0.052425358 4
-0.31416702 -0.11904848 -0.047659937 21
nan nan nan 0
-0.33974651 -0.12944198 -0.075863585 3
nan nan nan 0
-2.4250076 -0.95613784 0.68820792 10
nan nan nan 0
-2.6387429 -1.03611 0.54379392 3
nan nan nan 0
nan nan nan 0
nan nan nan 0
-0.2826415 -0.10597069 0.013999867 2
-0.42858601 -0.084738649 -0.021065222 7
nan nan nan 0
-0.3433896 -0.06809023 -0.038638514 10
-0.32147878 -0.12112775 -0.026964379 100
-0.29423085 -0.058467306 -0.051472165 5
-0.33506146 -0.12661967 -0.051175829 7
nan nan nan 0
-0.33317137 -0.12617277 -0.074177727 3
nan nan nan 0
-2.4322302 -0.94430554 0.68885416 9
nan nan nan 0
-2.6395564 -1.0205021 0.54284072 3
nan nan nan 0
nan nan nan 0
nan nan nan 0
-0.26921833 -0.099094346 0.013214828 2
-0.44619933 -0.085720144 -0.0219811 19
nan nan nan 0
-0.33398545 -0.064463779 -0.037421554 12
-0.32675564 -0.121236 -0.027399288 35
-0.28970805 -0.056024715 -0.050518978 5
nan nan nan 0
nan nan nan 0
-0.34291336 -0.12794709 -0.076425537 4
nan nan nan 0
-2.4631417 -0.95142263 0.69725484 9
nan nan nan 0
-2.6550684 -1.0212018 0.54570031 2
nan nan nan 0
nan nan nan 0
nan nan nan 0
-0.26706025 -0.097729214 0.013083989 2
-0.44880268 -0.085397929 -0.022111941 19
nan nan nan 0
-0.34385657 -0.065691277 -0.038638514 10
-0.31999144 -0.11798795 -0.026746925 17
-0.29704505 -0.056858175 -0.051948763 5
-1.4353347 -0.54695714 -0.23751837 2
nan nan nan 0
-0.33177111 -0.12296756 -0.073615775 3
nan nan nan 0
-2.4861362 -0.94541126 0.70242447 9
nan nan nan 0
-2.5961545 -0.98285079 0.53235567 2
nan nan nan 0
nan nan nan 0
-4.0310984 -0.73083276 0.070900396 2
-0.25822729 -0.092798024 0.012560629 2
nan nan nan 0
nan nan nan 0
-0.34663793 -0.064329803 -0.038942754 10
-0.32992381 -0.11983223 -0.027616743 7
-0.2997542 -0.05573583 -0.052425358 5
-1.4728202 -0.55254489 -0.24337819 2
nan nan nan 0
-0.32557774 -0.11863597 -0.071929917 3
nan nan nan 0
-2.4945545 -0.94364583 0.70436305 8
nan nan nan 0
-2.6139326 -0.9843989 0.5356918 2
nan nan nan 0
nan nan nan 0
-4.0274467 -0.72291493 0.070813134 2
-0.26539922 -0.094983608 0.012953148 2
-0.40023637 -0.073472008 -0.019495143 6
-0.29379258 -0.10555169 -0.0048430427 2
-0.3418639 -0.062853545 -0.038334273 10
-0.32546991 -0.11750367 -0.027181834 6
-0.28776968 -0.053064905 -0.050042383 5
-1.4737823 -0.54997349 -0.24337819 2
nan nan nan 0
-0.32806337 -0.11892783 -0.072491869 4
nan nan nan 0
nan nan nan 0
nan nan nan 0
-2.6029525 -0.96470243 0.53235567 2
nan nan nan 0
nan nan nan 0
-4.041028 -0.70352799 0.070987664 2
-0.24247934 -0.084927097 0.01164475 2
nan nan nan 0
-0.29434124 -0.10401195 -0.0048430427 2
-0.34463346 -0.061485484 -0.038638514 11
-0.33308816 -0.11839007 -0.027834198 7
-0.29288054 -0.052391175 -0.050995573 5
-1.4558024 -0.5345282 -0.23986229 2
nan nan nan 0
-0.3172639 -0.11296681 -0.069682106 5
nan nan nan 0
-3.5082412 -1.3011672 0.99192411 9
nan nan nan 0
nan nan nan 0
nan nan nan 0
nan nan nan 0
-4.0250049 -0.69351083 0.070682235 2
nan nan nan 0
nan nan nan 0
-0.29452232 -0.10349807 -0.0048430427 2
-0.34963197 -0.061720926 -0.039246995 9
-0.3332943 -0.11780854 -0.027834198 6
-0.28813311 -0.051054619 -0.050042383 5
-1.4358804 -0.52430183 -0.23634639 3
nan nan nan 0
-0.3174606 -0.11241292 -0.069682106 5
nan nan nan 0
-3.5399501 -1.2919185 0.99903238 8
nan nan nan 0
-2.805609 -1.017956 0.57286614 2
nan nan nan 0
nan nan nan 0
-4.021184 -0.67119533 0.070551351 2
nan nan nan 0
-0.34199774 -0.058749441 -0.016354986 4
-0.30211169 -0.10450578 -0.0049739354 2
-0.34505433 -0.059078008 -0.038638514 12
-0.33156478 -0.11521408 -0.027616743 5
-0.29566053 -0.050745208 -0.051472165 5
nan nan nan 0
nan nan nan 0
-0.3203342 -0.11158153 -0.070244059 5
nan nan nan 0
-3.5376613 -1.2840846 0.99773997 8
nan nan nan 0
-2.8119957 -1.0147308 0.57381934 2
nan nan nan 0
nan nan nan 0
-4.0223494 -0.66417599 0.070551351 2
nan nan nan 0
-0.34209976 -0.058152448 -0.016354986 4
-0.3069976 -0.10567093 -0.0050611976 2
-0.34760562 -0.058877114 -0.038942754 12
-0.32707879 -0.11294796 -0.027181834 4
-0.29574862 -0.050229106 -0.051472165 5
nan nan nan 0
nan nan nan 0
-0.31136504 -0.10770877 -0.067996249 5
nan nan nan 0
-3.5375161 -1.2630992 0.99580133 8
nan nan nan 0
-2.8195817 -1.0008178 0.574296 2
nan nan nan 0
nan nan nan 0
-4.0282402 -0.6434992 0.070594981 2
nan nan nan 0
nan nan nan 0
-0.29812112 -0.10072614 -0.0048866738 3
-0.34300753 -0.056279048 -0.038334273 12
-0.32766569 -0.11123383 -0.027181834 5
-0.29358348 -0.04829682 -0.050995573 5
nan nan nan 0
nan nan nan 0
-0.32569566 -0.1109752 -0.071367964 4
nan nan nan 0
-3.5237913 -1.2512467 0.99127787 7
nan nan nan 0
-2.8236372 -0.99671561 0.57477254 2
nan nan nan 0
nan nan nan 0
-4.0244188 -0.63568991 0.07050772 2
nan nan nan 0
nan nan nan 0
-0.30537 -0.10269526 -0.0050175665 2
-0.34555674 -0.056064632 -0.038638514 11
-0.33255756 -0.11231628 -0.027616743 5
-0.28639311 -0.046647836 -0.049565792 5
nan nan nan 0
nan nan nan 0
nan nan nan 0
nan nan nan 0
-3.5394111 -1.2359753 0.99386275 7
nan nan nan 0
-2.8380861 -0.98515069 0.57667893 2
nan nan nan 0
nan nan nan 0
-4.0202785 -0.61348158 0.070376821 2
nan nan nan 0
nan nan nan 0
-0.3011792 -0.099459931 -0.0049303048 3
-0.33603173 -0.052768588 -0.037421554 13
-0.33314109 -0.11057349 -0.027616743 4
-0.29391351 -0.046246056 -0.050995573 4
-0.33520716 -0.11145262 -0.05039452 3
nan nan nan 0
nan nan nan 0
nan nan nan 0
-3.5324407 -1.2266158 0.99127787 6
nan nan nan 0
-2.8421199 -0.98100007 0.57715553 2
nan nan nan 0
nan nan nan 0
-4.0163994 -0.6057207 0.07028956 2
nan nan nan 0
-0.40460068 -0.062638842 -0.019625984 8
-0.30844307 -0.10137428 -0.0050611976 3
-0.34103152 -0.052916434 -0.038030032 13
-0.34510773 -0.11404606 -0.028704016 4
-0.28671178 -0.044647314 -0.049565792 4
-0.35641021 -0.1181137 -0.053910419 4
nan nan nan 0
nan nan nan 0
nan nan nan 0
-3.5273921 -1.204188 0.98804688 5
nan nan nan 0
-2.8588316 -0.97006601 0.57953846 2
nan nan nan 0
nan nan nan 0
-4.034358 -0.58683479 0.070551351 2
nan nan nan 0
-0.38515672 -0.057657041 -0.018579263 6
-0.30896965 -0.099757887 -0.0050611976 3
-0.35112783 -0.052547481 -0.039246995 12
-0.34805921 -0.11303601 -0.02892147 5
-0.28694165 -0.043145489 -0.049565792 4
-0.3593623 -0.11703885 -0.054301076 3
nan nan nan 0
nan nan nan 0
nan nan nan 0
-3.5294888 -1.1980296 0.98804688 5
nan nan nan 0
-2.8605206 -0.9650749 0.57953846 2
nan nan nan 0
nan nan nan 0
nan nan nan 0
nan nan nan 0
-0.37537107 -0.055570748 -0.018055905 6
-0.31625089 -0.10160907 -0.0051920903 3
-0.34876242 -0.051584497 -0.038942754 12
-0.35061643 -0.11322273 -0.029138925 5
-0.29430586 -0.04367945 -0.050995573 4
-0.3689256 -0.11956677 -0.055863693 3
nan nan nan 0
nan nan nan 0
nan nan nan 0
-3.5288429 -1.1772316 0.98610824 4
nan nan nan 0
-2.8585496 -0.94775653 0.57810873 1
nan nan nan 0
nan nan nan 0
nan nan nan 0
nan nan nan 0
-0.35339776 -0.050539602 -0.016878346 5
-0.30965856 -0.097598456 -0.0050611976 3
-0.34411091 -0.049083292 -0.038334273 13
-0.353569 -0.11216739 -0.029356381 4
-0.28723586 -0.041141227 -0.049565792 4
-0.37892261 -0.12073971 -0.057426311 2
nan nan nan 0
nan nan nan 0
nan nan nan 0
-3.5217268 -1.1680183 0.98352343 3
nan nan nan 0
-2.8881547 -0.95202762 0.58382785 1
nan nan nan 0
nan nan nan 0
nan nan nan 0
nan nan nan 0
-0.35101157 -0.04958649 -0.016747504 5
-0.31932727 -0.10017907 -0.0052357214 3
-0.34665507 -0.048815541 -0.038638514 12
-0.34430051 -0.10843861 -0.028486561 3
-0.28244296 -0.039983895 -0.048612602 3
nan nan nan 0
nan nan nan 0
nan nan nan 0
nan nan nan 0
-3.5275934 -1.1501783 0.98352343 2
nan nan nan 0
-2.9162712 -0.94499713 0.58859378 1
nan nan nan 0
nan nan nan 0
nan nan nan 0
nan nan nan 0
-0.33888865 -0.046131551 -0.016093306 6
-0.31983021 -0.098561533 -0.0052357214 4
-0.33951578 -0.046098977 -0.037725795 17
-0.34486359 -0.10663438 -0.028486561 4
-0.27290666 -0.03729118 -0.046706226 3
nan nan nan 0
nan nan nan 0
nan nan nan 0
nan nan nan 0
-3.5364852 -1.1462623 0.98546207 2
nan nan nan 0
-2.9577746 -0.95224047 0.59669584 1
nan nan nan 0
nan nan nan 0
nan nan nan 0
nan nan nan 0
-0.34144476 -0.045858964 -0.016224146 5
-0.31048188 -0.094946682 -0.0050611976 2
-0.33713454 -0.045190185 -0.037421554 15
-0.34979177 -0.10755499 -0.02892147 5
-0.27783996 -0.037437636 -0.047659416 4
nan nan nan 0
nan nan nan 0
nan nan nan 0
nan nan nan 0
-3.5150299 -1.1182908 0.97770762 1
nan nan nan 0
nan nan nan 0
nan nan nan 0
nan nan nan 0
nan nan nan 0
nan nan nan 0
-0.33920246 -0.043764558 -0.016093306 4
-0.30860701 -0.092514209 -0.0050175665 3
-0.34722555 -0.044576813 -0.038638514 12
-0.35035011 -0.10572202 -0.02892147 5
-0.27803844 -0.035933834 -0.047659416 4
nan nan nan 0
nan nan nan 0
nan nan nan 0
nan nan nan 0
-3.5330882 -1.1172715 0.98223108 1
nan nan nan 0
nan nan nan 0
nan nan nan 0
nan nan nan 0
-4.0416713 -0.49454999 0.07046409 2
nan nan nan 0
-0.33680004 -0.042870808 -0.015962467 5
-0.31115335 -0.092722513 -0.0050611976 3
-0.34730285 -0.043970719 -0.038638514 18
-0.34815755 -0.10436562 -0.028704016 10
-0.27566427 -0.035154525 -0.047182821 4
nan nan nan 0
nan nan nan 0
nan nan nan 0
nan nan nan 0
nan nan nan 0
nan nan nan 0
nan nan nan 0
nan nan nan 0
nan nan nan 0
-4.011929 -0.46961811 0.069896884 2
nan nan nan 0
-0.34197953 -0.041684106 -0.016224146 5
-0.29729915 -0.086684629 -0.0047994116 3
-0.34999323 -0.042437289 -0.038942754 15
-0.35346007 -0.10400587 -0.029138925 21
-0.27828255 -0.033991899 -0.047659416 3
-0.31057563 -0.090958491 -0.04570666 3
nan nan nan 0
nan nan nan 0
nan nan nan 0
nan nan nan 0
nan nan nan 0
nan nan nan 0
nan nan nan 0
nan nan nan 0
-4.0052924 -0.46175987 0.069765992 2
nan nan nan 0
-0.32468948 -0.039096717 -0.015308267 6
-0.30462152 -0.088356808 -0.0049303048 3
-0.3426705 -0.040982369 -0.038030032 18
-0.35602278 -0.10411697 -0.029356381 21
-0.26858753 -0.032398287 -0.045753039 3
-0.30365086 -0.08824674 -0.044534694 3
nan nan nan 0
nan nan nan 0
nan nan nan 0
nan nan nan 0
nan nan nan 0
nan nan nan 0
nan nan nan 0
nan nan nan 0
nan nan nan 0
nan nan nan 0
-0.33978042 -0.039024282 -0.016093306 4
-0.30268565 -0.086042747 -0.0048866738 3
-0.34781411 -0.039724439 -0.038638514 18
-0.37803236 -0.10869252 -0.031313471 15
nan nan nan 0
-0.30647352 -0.087366439 -0.044925347 4
nan nan nan 0
nan nan nan 0
nan nan nan 0
nan nan nan 0
nan nan nan 0
nan nan nan 0
nan nan nan 0
nan nan nan 0
nan nan nan 0
nan nan nan 0
-0.31502551 -0.035760906 -0.014784907 4
-0.31241766 -0.088369094 -0.0050611976 3
-0.33801365 -0.038060866 -0.037421554 13
-0.3853817 -0.11016712 -0.031965837 15
nan nan nan 0
-0.29716155 -0.084004663 -0.043362729 4
nan nan nan 0
nan nan nan 0
nan nan nan 0
nan nan nan 0
nan nan nan 0
nan nan nan 0
nan nan nan 0
nan nan nan 0
nan nan nan 0
nan nan nan 0
-0.32514289 -0.035127066 -0.015308267 4
-0.29608119 -0.081824102 -0.0047557806 3
-0.33573961 -0.036039323 -0.037117314 18
-0.37878197 -0.10605073 -0.031313471 12
nan nan nan 0
-0.31653932 -0.088057138 -0.046487968 4
nan nan nan 0
nan nan nan 0
nan nan nan 0
nan nan nan 0
nan nan nan 0
nan nan nan 0
nan nan nan 0
nan nan nan 0
-4.0710382 -0.41180259 0.070813134 1
nan nan nan 0
-0.32271966 -0.034309838 -0.015177427 5
-0.30102453 -0.082701117 -0.0048430427 2
-0.34567204 -0.036501162 -0.038334273 23
-0.36461669 -0.10122047 -0.030008744 12
nan nan nan 0
-0.31432173 -0.086813964 -0.046097312 4
nan nan nan 0
nan nan nan 0
nan nan nan 0
nan nan nan 0
nan nan nan 0
nan nan nan 0
nan nan nan 0
nan nan nan 0
-4.0531645 -0.38928932 0.07046409 1
nan nan nan 0
-0.32538021 -0.032856304 -0.015308267 4
-0.3062472 -0.082546026 -0.0049303048 3
-0.34338811 -0.03445635 -0.038030032 17
-0.35556069 -0.096580751 -0.029138925 10
nan nan nan 0
-0.31002331 -0.083810717 -0.045316003 4
nan nan nan 0
nan nan nan 0
nan nan nan 0
nan nan nan 0
nan nan nan 0
nan nan nan 0
nan nan nan 0
nan nan nan 0
nan nan nan 0
nan nan nan 0
-0.30555114 -0.030429594 -0.014261548 2
-0.30639079 -0.082011394 -0.0049303048 3
-0.34097698 -0.033626899 -0.037725795 19
-0.35812518 -0.096638165 -0.029356381 8
nan nan nan 0
-0.31967121 -0.085965484 -0.046878621 4
nan nan nan 0
nan nan nan 0
nan nan nan 0
nan nan nan 0
nan nan nan 0
nan nan nan 0
nan nan nan 0
nan nan nan 0
nan nan nan 0
nan nan nan 0
-0.32311472 -0.030364612 -0.015177427 3
-0.31405655 -0.082355186 -0.0050611976 3
-0.35351363 -0.032865062 -0.039246995 18
-0.35382634 -0.093430579 -0.02892147 8
nan nan nan 0
-0.31537336 -0.082912378 -0.046097312 4
nan nan nan 0
nan nan nan 0
nan nan nan 0
nan nan nan 0
nan nan nan 0
nan nan nan 0
nan nan nan 0
nan nan nan 0
-4.1162353 -0.35837278 0.071511231 1
nan nan nan 0
-0.30575615 -0.028295724 -0.014261548 4
-0.30937982 -0.080480196 -0.0049739354 3
-0.34615353 -0.031610854 -0.038334273 16
-0.35398889 -0.092812896 -0.02892147 5
nan nan nan 0
-0.3155176 -0.082361825 -0.046097312 4
nan nan nan 0
nan nan nan 0
nan nan nan 0
nan nan nan 0
nan nan nan 0
nan nan nan 0
nan nan nan 0
nan nan nan 0
-4.0981245 -0.33519432 0.071162179 2
nan nan nan 0
-0.31087688 -0.027098326 -0.014523228 6
-0.31703725 -0.080811419 -0.0051048286 3
-0.35373446 -0.030396288 -0.039246995 19
-0.35687453 -0.091606937 -0.029138925 6
nan nan nan 0
-0.31356084 -0.080064148 -0.04570666 4
nan nan nan 0
nan nan nan 0
nan nan nan 0
nan nan nan 0
nan nan nan 0
nan nan nan 0
nan nan nan 0
nan nan nan 0
-4.1061783 -0.32863611 0.071293078 2
nan nan nan 0
-0.30843496 -0.026358087 -0.014392388 7
-0.30510503 -0.077025324 -0.0048866738 3
-0.35873443 -0.030169103 -0.039855473 15
-0.35703388 -0.090983935 -0.029138925 6
nan nan nan 0
-0.30893046 -0.078236066 -0.044925347 4
nan nan nan 0
nan nan nan 0
nan nan nan 0
nan nan nan 0
nan nan nan 0
nan nan nan 0
nan nan nan 0
nan nan nan 0
nan nan nan 0
nan nan nan 0
-0.30607903 -0.024558188 -0.014261548 9
-0.30066833 -0.074158996 -0.0047994116 3
-0.35393804 -0.027926037 -0.039246995 16
-0.35509634 -0.088481285 -0.02892147 6
nan nan nan 0
-0.31411216 -0.077873155 -0.04570666 4
nan nan nan 0
nan nan nan 0
nan nan nan 0
nan nan nan 0
nan nan nan 0
nan nan nan 0
nan nan nan 0
nan nan nan 0
-0.28650376 -0.022654256 0.0044067325 4
nan nan nan 0
-0.30861145 -0.024204178 -0.014392388 10
-0.28144518 -0.068596877 -0.0044503636 2
-0.35893631 -0.02766395 -0.039855473 19
-0.35284016 -0.087233603 -0.028704016 5
nan nan nan 0
-0.31424758 -0.0773248 -0.04570666 4
nan nan nan 0
nan nan nan 0
nan nan nan 0
nan nan nan 0
nan nan nan 0
nan nan nan 0
nan nan nan 0
nan nan nan 0
-0.31904018 -0.02333569 0.0049739354 3
nan nan nan 0
-0.31122494 -0.022755165 -0.014523228 10
-0.29148957 -0.069590218 -0.0046248874 3
-0.33926877 -0.02446511 -0.037421554 18
-0.34846532 -0.084154628 -0.028269107 4
nan nan nan 0
-0.3218255 -0.07751184 -0.046878621 4
nan nan nan 0
nan nan nan 0
nan nan nan 0
nan nan nan 0
nan nan nan 0
nan nan nan 0
nan nan nan 0
nan nan nan 0
-0.32905748 -0.023432754 0.0051484597 4
nan nan nan 0
-0.29382539 -0.021071997 -0.013607348 12
-0.31099743 -0.073983394 -0.0049739354 3
-0.34921584 -0.024515193 -0.038638514 16
-0.34619725 -0.082935371 -0.028051652 5
nan nan nan 0
-0.31477976 -0.075129069 -0.04570666 4
nan nan nan 0
nan nan nan 0
nan nan nan 0
nan nan nan 0
nan nan nan 0
nan nan nan 0
nan nan nan 0
nan nan nan 0
-0.31420514 -0.020806976 0.0048866738 4
nan nan nan 0
-0.28894752 -0.019233646 -0.013345668 10
-0.30167443 -0.069953784 -0.0047994116 3
-0.33200017 -0.0216532 -0.036508828 22
-0.35146195 -0.08231815 -0.028486561 5
nan nan nan 0
-0.31756547 -0.074074313 -0.046097312 4
nan nan nan 0
nan nan nan 0
nan nan nan 0
nan nan nan 0
nan nan nan 0
nan nan nan 0
nan nan nan 0
nan nan nan 0
-0.31923166 -0.020550687 0.0049739354 4
nan nan nan 0
-0.28898066 -0.018729309 -0.013345668 6
-0.31393391 -0.072406255 -0.0050175665 3
-0.35928756 -0.02264972 -0.039855473 18
-0.34193057 -0.079328313 -0.027616743 4
nan nan nan 0
-0.32248968 -0.074700467 -0.046878621 4
nan nan nan 0
nan nan nan 0
nan nan nan 0
nan nan nan 0
nan nan nan 0
nan nan nan 0
nan nan nan 0
nan nan nan 0
nan nan nan 0
nan nan nan 0
-0.2791025 -0.016686352 -0.012822309 3
-0.31673938 -0.071344607 -0.0050611976 3
-0.35444525 -0.020507593 -0.039246995 21
-0.34718463 -0.078699686 -0.028051652 4
nan nan nan 0
-0.31327334 -0.070700094 -0.045316003 3
nan nan nan 0
nan nan nan 0
nan nan nan 0
nan nan nan 0
nan nan nan 0
nan nan nan 0
nan nan nan 0
nan nan nan 0
nan nan nan 0
nan nan nan 0
nan nan nan 0
-0.31200007 -0.069633976 -0.0049739354 3
-0.34952408 -0.019636989 -0.038638514 19
-0.34732145 -0.078093618 -0.028051652 5
nan nan nan 0
-0.31819978 -0.071300246 -0.046097312 3
nan nan nan 0
nan nan nan 0
nan nan nan 0
nan nan nan 0
nan nan nan 0
nan nan nan 0
nan nan nan 0
nan nan nan 0
nan nan nan 0
nan nan nan 0
nan nan nan 0
-0.31479508 -0.068565518 -0.0050175665 3
-0.35953745 -0.018258613 -0.039855473 7
-0.34772557 -0.076273985 -0.028051652 5
nan nan nan 0
-0.31135458 -0.067950405 -0.044925347 3
nan nan nan 0
nan nan nan 0
nan nan nan 0
nan nan nan 0
nan nan nan 0
nan nan nan 0
nan nan nan 0
nan nan nan 0
nan nan nan 0
nan nan nan 0
nan nan nan 0
-0.31491426 -0.068015993 -0.0050175665 3
nan nan nan 0
-0.35513827 -0.077347718 -0.028704016 5
nan nan nan 0
-0.31868979 -0.069077067 -0.046097312 3
nan nan nan 0
nan nan nan 0
nan nan nan 0
nan nan nan 0
nan nan nan 0
nan nan nan 0
nan nan nan 0
nan nan nan 0
nan nan nan 0
nan nan nan 0
nan nan nan 0
-0.30795038 -0.064718857 -0.0048866738 3
nan nan nan 0
-0.34824961 -0.073844567 -0.028051652 5
nan nan nan 0
-0.31904709 -0.067407474 -0.046097312 4
nan nan nan 0
nan nan nan 0
nan nan nan 0
nan nan nan 0
nan nan nan 0
nan nan nan 0
nan nan nan 0
nan nan nan 0
nan nan nan 0
nan nan nan 0
-0.33671132 -0.014444528 -0.015831625 3
-0.30318385 -0.063091591 -0.0047994116 3
nan nan nan 0
-0.3508085 -0.073779933 -0.028269107 5
nan nan nan 0
-0.30952615 -0.064690851 -0.044534694 3
nan nan nan 0
nan nan nan 0
nan nan nan 0
nan nan nan 0
nan nan nan 0
nan nan nan 0
nan nan nan 0
nan nan nan 0
nan nan nan 0
nan nan nan 0
-0.35424933 -0.013242451 -0.016747504 5
-0.29374066 -0.059374988 -0.0046248874 3
nan nan nan 0
-0.34632331 -0.070880987 -0.027834198 5
nan nan nan 0
-0.3170976 -0.064651191 -0.04570666 3
nan nan nan 0
nan nan nan 0
nan nan nan 0
nan nan nan 0
nan nan nan 0
nan nan nan 0
nan nan nan 0
nan nan nan 0
nan nan nan 0
nan nan nan 0
-0.34179482 -0.01224512 -0.016093306 3
-0.29628712 -0.059390027 -0.0046685184 3
nan nan nan 0
-0.34644648 -0.070276432 -0.027834198 5
nan nan nan 0
-0.31479672 -0.063574567 -0.045316003 3
nan nan nan 0
nan nan nan 0
nan nan nan 0
nan nan nan 0
nan nan nan 0
nan nan nan 0
nan nan nan 0
nan nan nan 0
nan nan nan 0
nan nan nan 0
-0.31939217 -0.0098906737 -0.014915747 3
-0.29414803 -0.05732286 -0.0046248874 2
-0.27797899 -0.0087100621 -0.029815545 36
-0.33949873 -0.066920817 -0.027181834 5
nan nan nan 0
-0.31512529 -0.06192543 -0.045316003 3
nan nan nan 0
nan nan nan 0
nan nan nan 0
nan nan nan 0
nan nan nan 0
nan nan nan 0
nan nan nan 0
nan nan nan 0
nan nan nan 0
nan nan nan 0
-0.31940892 -0.0093332147 -0.014915747 3
-0.29669452 -0.057320122 -0.0046685184 2
-0.27551299 -0.0081681553 -0.029511305 82
-0.34936658 -0.068365388 -0.028051652 5
nan nan nan 0
-0.31764972 -0.061881561 -0.04570666 3
nan nan nan 0
nan nan nan 0
nan nan nan 0
nan nan nan 0
nan nan nan 0
nan nan nan 0
nan nan nan 0
nan nan nan 0
-0.4522568 -0.010150474 0.0072863791 4
nan nan nan 0
nan nan nan 0
-0.29209152 -0.054770026 -0.0045812563 3
-0.27803299 -0.0067692068 -0.029815545 72
-0.33751708 -0.06405253 -0.026964379 5
nan nan nan 0
-0.32038882 -0.060711071 -0.046097312 4
nan nan nan 0
nan nan nan 0
nan nan nan 0
nan nan nan 0
nan nan nan 0
nan nan nan 0
nan nan nan 0
nan nan nan 0
-0.44977453 -0.0093196779 0.007242748 3
nan nan nan 0
nan nan nan 0
-0.30198827 -0.056234714 -0.0047557806 3
-0.33014762 -0.0071115363 -0.036204591 26
-0.34251115 -0.064447895 -0.027399288 4
nan nan nan 0
-0.31323338 -0.058683783 -0.044925347 3
nan nan nan 0
nan nan nan 0
nan nan nan 0
nan nan nan 0
nan nan nan 0
nan nan nan 0
nan nan nan 0
nan nan nan 0
-0.46981284 -0.007191401 0.0075917966 2
nan nan nan 0
-0.32199556 -0.0054581854 -0.015046587 3
-0.29982558 -0.054171931 -0.004712149 2
-0.31777394 -0.0052507077 -0.034683391 26
-0.34039998 -0.062174153 -0.027181834 4
nan nan nan 0
-0.31353635 -0.057042897 -0.044925347 3
nan nan nan 0
nan nan nan 0
nan nan nan 0
nan nan nan 0
nan nan nan 0
nan nan nan 0
nan nan nan 0
nan nan nan 0
-0.46232614 -0.0062994291 0.0074609029 3
nan nan nan 0
-0.32200459 -0.0048961891 -0.015046587 3
-0.2901046 -0.051742464 -0.0045376252 3
-0.33515185 -0.0048506907 -0.036813069 4
-0.33561844 -0.060629521 -0.026746925 4
nan nan nan 0
-0.31848276 -0.057440449 -0.04570666 3
nan nan nan 0
nan nan nan 0
nan nan nan 0
nan nan nan 0
nan nan nan 0
nan nan nan 0
nan nan nan 0
nan nan nan 0
-0.44485566 -0.0038022741 0.0071554864 3
nan nan nan 0
-0.30205339 -0.0031264569 -0.013999867 3
-0.30510899 -0.053004786 -0.0047994116 2
-0.33020985 -0.0030775918 -0.036204591 5
-0.33837852 -0.059333812 -0.026964379 5
nan nan nan 0
-0.31150079 -0.054392889 -0.044534694 3
nan nan nan 0
nan nan nan 0
nan nan nan 0
nan nan nan 0
nan nan nan 0
nan nan nan 0
nan nan nan 0
nan nan nan 0
-0.46235886 -0.0030716567 0.0074609029 4
nan nan nan 0
nan nan nan 0
-0.29782987 -0.051094048 -0.0046685184 2
-0.3426218 -0.0025250823 -0.037725795 6
-0.33848158 -0.058743138 -0.026964379 4
nan nan nan 0
-0.31644908 -0.054760136 -0.045316003 3
nan nan nan 0
nan nan nan 0
nan nan nan 0
nan nan nan 0
nan nan nan 0
nan nan nan 0
nan nan nan 0
nan nan nan 0
-0.46986747 -0.00063108839 0.0075917966 4
-0.25354296 -0.041530766 0.01164475 2
nan nan nan 0
-0.30055273 -0.049980428 -0.004712149 2
-0.33518612 -0.0007557784 -0.036813069 6
-0.34368527 -0.05786068 -0.027399288 5
nan nan nan 0
-0.30944368 -0.051774114 -0.044144038 4
nan nan nan 0
nan nan nan 0
nan nan nan 0
nan nan nan 0
nan nan nan 0
nan nan nan 0
nan nan nan 0
nan nan nan 0
-0.47736663 0.00022170544 0.0077226893 4
-0.25115803 -0.040645655 0.01151391 2
nan nan nan 0
-0.30063951 -0.049455792 -0.004712149 2
-0.33766833 -0.0001582079 -0.037117314 6
-0.34623688 -0.057701781 -0.027616743 4
nan nan nan 0
-0.31682363 -0.052549589 -0.045316003 3
nan nan nan 0
nan nan nan 0
nan nan nan 0
nan nan nan 0
nan nan nan 0
nan nan nan 0
nan nan nan 0
nan nan nan 0
-0.47985843 0.0027451708 0.0077663204 4
-0.24398944 -0.038041055 0.01112139 2
-0.3195428 0.0012619769 -0.014915747 3
-0.30089432 -0.047880974 -0.004712149 2
-0.34510842 0.0016864688 -0.038030032 4
-0.35144114 -0.056744494 -0.028051652 4
nan nan nan 0
-0.30492449 -0.048814133 -0.043362729 3
nan nan nan 0
nan nan nan 0
nan nan nan 0
nan nan nan 0
nan nan nan 0
nan nan nan 0
nan nan nan 0
nan nan nan 0
-0.47735342 0.0035543207 0.0077226893 4
-0.26126882 -0.040638342 0.012037269 2
-0.31954008 0.001819682 -0.014915747 3
-0.30344072 -0.047780778 -0.0047557806 2
-0.34510532 0.0022285616 -0.038030032 5
-0.34908545 -0.055707112 -0.027834198 4
nan nan nan 0
-0.30500922 -0.048281867 -0.043362729 4
nan nan nan 0
nan nan nan 0
nan nan nan 0
nan nan nan 0
nan nan nan 0
nan nan nan 0
nan nan nan 0
nan nan nan 0
-0.47233078 0.0058883536 0.0076354276 4
-0.28117558 -0.042573098 0.013083989 2
-0.31203753 0.0033672722 -0.014523228 3
-0.29628259 -0.045006648 -0.0046248874 2
-0.35253206 0.0041628117 -0.038942754 4
-0.34691599 -0.053467494 -0.027616743 4
nan nan nan 0
-0.31256321 -0.047911935 -0.044534694 3
nan nan nan 0
nan nan nan 0
nan nan nan 0
nan nan nan 0
nan nan nan 0
nan nan nan 0
nan nan nan 0
nan nan nan 0
-0.48731381 0.0070699845 0.0078972131 8
-0.26893494 -0.040039215 0.01242979 2
nan nan nan 0
-0.30622494 -0.046122484 -0.0047994116 2
-0.35500523 0.0048248605 -0.039246995 6
-0.3420946 -0.0520484 -0.027181834 4
nan nan nan 0
-0.31508222 -0.047771338 -0.044925347 3
nan nan nan 0
nan nan nan 0
nan nan nan 0
nan nan nan 0
nan nan nan 0
nan nan nan 0
nan nan nan 0
nan nan nan 0
-0.49476683 0.0097981151 0.0080281058 8
-0.26421744 -0.037792992 0.012168109 3
nan nan nan 0
-0.31387466 -0.045649689 -0.0049303048 2
-0.36241597 0.0069261235 -0.040159713 6
-0.34482163 -0.050650384 -0.027399288 5
nan nan nan 0
-0.32265007 -0.04724133 -0.046097312 4
nan nan nan 0
nan nan nan 0
nan nan nan 0
nan nan nan 0
nan nan nan 0
nan nan nan 0
nan nan nan 0
nan nan nan 0
-0.49974668 0.010788135 0.0081153689 60
-0.27168033 -0.038504731 0.012560629 3
nan nan nan 0
-0.30654714 -0.043930024 -0.0047994116 3
-0.35992277 0.007494125 -0.039855473 5
-0.34244964 -0.04965888 -0.027181834 5
nan nan nan 0
-0.3202934 -0.046290569 -0.04570666 5
nan nan nan 0
nan nan nan 0
nan nan nan 0
nan nan nan 0
nan nan nan 0
nan nan nan 0
nan nan nan 0
nan nan nan 0
-0.51717246 0.013938985 0.0084207859 2
-0.26941043 -0.036703631 0.01242979 3
-0.36685881 0.0094105657 -0.017401705 3
-0.30677295 -0.042324353 -0.0047994116 3
-0.36483902 0.009533586 -0.040463954 6
-0.33285749 -0.046358269 -0.026312014 5
nan nan nan 0
-0.3302941 -0.046112027 -0.047269277 5
nan nan nan 0
nan nan nan 0
nan nan nan 0
nan nan nan 0
nan nan nan 0
nan nan nan 0
nan nan nan 0
nan nan nan 0
-0.51215076 0.014680211 0.0083335238 2
-0.26947406 -0.036233362 0.01242979 3
-0.38680387 0.010699099 -0.018448424 3
-0.29943159 -0.040668812 -0.0046685184 2
-0.37474209 0.010497692 -0.041680917 7
-0.33293787 -0.04577725 -0.026312014 5
nan nan nan 0
-0.32549143 -0.04479444 -0.046487968 3
nan nan nan 0
nan nan nan 0
nan nan nan 0
nan nan nan 0
nan nan nan 0
nan nan nan 0
nan nan nan 0
nan nan nan 0
-0.50707114 0.017174061 0.0082462616 4
-0.25977862 -0.033378601 0.011906429 3
-0.36678413 0.011971473 -0.017401705 3
-0.30458748 -0.039821252 -0.0047557806 3
-0.36972281 0.012270038 -0.041072436 14
-0.33563748 -0.044392902 -0.02652947 4
nan nan nan 0
-0.32816473 -0.043447293 -0.046878621 3
nan nan nan 0
nan nan nan 0
nan nan nan 0
nan nan nan 0
nan nan nan 0
nan nan nan 0
nan nan nan 0
nan nan nan 0
-0.51952887 0.018549714 0.0084644165 85
-0.27219144 -0.034707729 0.012560629 3
-0.391709 0.013596117 -0.018710103 4
-0.3071306 -0.039645676 -0.0047994116 3
-0.37465969 0.013113609 -0.041680917 16
-0.34064457 -0.044517476 -0.026964379 4
nan nan nan 0
-0.32335231 -0.042167533 -0.046097312 3
nan nan nan 0
nan nan nan 0
nan nan nan 0
nan nan nan 0
nan nan nan 0
nan nan nan 0
-0.29622075 0.01132314 0.022878382 3
nan nan nan 0
-0.51193321 0.020936061 0.0083335238 128
-0.26742381 -0.032594923 0.012298949 3
-0.37916204 0.015089352 -0.018055905 4
-0.31723782 -0.039409515 -0.0049739354 3
-0.37458593 0.015075134 -0.041680917 7
-0.33100542 -0.041364022 -0.02609456 5
nan nan nan 0
-0.31867734 -0.039792553 -0.045316003 3
nan nan nan 0
nan nan nan 0
nan nan nan 0
nan nan nan 0
nan nan nan 0
nan nan nan 0
-0.30117622 0.01207042 0.023314159 3
nan nan nan 0
-0.51439279 0.021945089 0.0083771544 143
-0.27242711 -0.032806639 0.012560629 3
-0.37664127 0.015635228 -0.017925065 2
-0.31235301 -0.038178153 -0.0048866738 3
-0.3770377 0.015845343 -0.041985158 7
-0.33847958 -0.041800261 -0.026746925 4
nan nan nan 0
-0.32119256 -0.039572701 -0.04570666 4
nan nan nan 0
nan nan nan 0
nan nan nan 0
nan nan nan 0
nan nan nan 0
nan nan nan 0
-0.30359605 0.013775372 0.02353205 4
nan nan nan 0
-0.51177454 0.02450949 0.0083335238 144
-0.28002062 -0.032358672 0.012953148 3
-0.37655425 0.017607093 -0.017925065 2
-0.32246178 -0.037845496 -0.0050611976 3
-0.37447152 0.017689846 -0.041680917 5
-0.34116301 -0.040352494 -0.026964379 4
nan nan nan 0
-0.31894737 -0.037566815 -0.045316003 4
nan nan nan 0
nan nan nan 0
nan nan nan 0
nan nan nan 0
nan nan nan 0
nan nan nan 0
-0.30108461 0.014172715 0.023314159 4
nan nan nan 0
-0.52670741 0.026200654 0.0085953092 121
-0.27512524 -0.031225935 0.012691469 3
nan nan nan 0
-0.32004848 -0.036961131 -0.0050175665 3
-0.37939569 0.018610915 -0.042289399 13
-0.34617248 -0.040398531 -0.027399288 5
nan nan nan 0
-0.32390958 -0.037648719 -0.046097312 3
nan nan nan 0
nan nan nan 0
nan nan nan 0
nan nan nan 0
nan nan nan 0
nan nan nan 0
-0.2811164 0.014584731 0.021571046 4
nan nan nan 0
-0.51408631 0.028227789 0.0083771544 89
-0.28767186 -0.031330027 0.013345668 3
nan nan nan 0
-0.32519865 -0.035901908 -0.0051048286 3
-0.38177013 0.020743893 -0.042593636 17
-0.34143642 -0.037969764 -0.026964379 4
nan nan nan 0
-0.31920186 -0.035339244 -0.045316003 4
nan nan nan 0
nan nan nan 0
nan nan nan 0
nan nan nan 0
nan nan nan 0
nan nan nan 0
-0.28357652 0.015225221 0.021788936 3
nan nan nan 0
nan nan nan 0
-0.28524819 -0.030523209 0.013214828 3
nan nan nan 0
-0.32277974 -0.035030082 -0.0050611976 3
-0.37925652 0.021259122 -0.042289399 25
-0.34397411 -0.037677307 -0.027181834 4
nan nan nan 0
-0.31926304 -0.034782078 -0.045316003 4
nan nan nan 0
nan nan nan 0
nan nan nan 0
nan nan nan 0
nan nan nan 0
nan nan nan 0
nan nan nan 0
nan nan nan 0
nan nan nan 0
-0.29036304 -0.02961266 0.013476508 3
nan nan nan 0
-0.33040655 -0.034213137 -0.0051920903 3
-0.39647195 0.024392748 -0.044419076 21
-0.33674616 -0.035004042 -0.02652947 4
nan nan nan 0
-0.32434532 -0.033688705 -0.046097312 3
nan nan nan 0
nan nan nan 0
nan nan nan 0
nan nan nan 0
nan nan nan 0
nan nan nan 0
nan nan nan 0
nan nan nan 0
nan nan nan 0
-0.28545433 -0.028531073 0.013214828 3
nan nan nan 0
-0.32301646 -0.032775819 -0.0050611976 3
-0.37167177 0.023401264 -0.041376676 26
-0.33928072 -0.03470251 -0.026746925 4
nan nan nan 0
-0.32440364 -0.033122566 -0.046097312 3
nan nan nan 0
nan nan nan 0
nan nan nan 0
nan nan nan 0
nan nan nan 0
nan nan nan 0
nan nan nan 0
nan nan nan 0
nan nan nan 0
-0.29056269 -0.02758484 0.013476508 3
nan nan nan 0
-0.32815281 -0.03163179 -0.0051484597 3
-0.38144329 0.026072215 -0.042593636 26
-0.34440875 -0.033472165 -0.027181834 5
nan nan nan 0
-0.3294811 -0.031968046 -0.046878621 3
nan nan nan 0
nan nan nan 0
nan nan nan 0
nan nan nan 0
nan nan nan 0
nan nan nan 0
nan nan nan 0
nan nan nan 0
nan nan nan 0
-0.30550194 -0.028698038 0.014261548 3
nan nan nan 0
-0.33814767 -0.0321371 -0.005322984 3
-0.37644827 0.026366675 -0.041985158 10
-0.34199068 -0.032602031 -0.026964379 5
nan nan nan 0
-0.32462698 -0.030857012 -0.046097312 3
nan nan nan 0
nan nan nan 0
nan nan nan 0
nan nan nan 0
nan nan nan 0
nan nan nan 0
nan nan nan 0
nan nan nan 0
-0.24676605 0.017770523 0.0037086362 122
-0.305648 -0.02709805 0.014261548 3
nan nan nan 0
-0.34328416 -0.030879147 -0.0054102456 3
nan nan nan 0
-0.34958869 -0.031578954 -0.027616743 5
nan nan nan 0
-0.32232806 -0.028901746 -0.04570666 4
nan nan nan 0
nan nan nan 0
nan nan nan 0
nan nan nan 0
nan nan nan 0
nan nan nan 0
nan nan nan 0
nan nan nan 0
-0.24673465 0.018201184 0.0037086362 122
-0.30569485 -0.026564552 0.014261548 4
nan nan nan 0
-0.34085068 -0.03002779 -0.005366615 4
nan nan nan 0
-0.32982108 -0.028955296 -0.025877105 4
nan nan nan 0
-0.31746495 -0.027837487 -0.044925347 4
nan nan nan 0
nan nan nan 0
nan nan nan 0
nan nan nan 0
nan nan nan 0
nan nan nan 0
nan nan nan 0
nan nan nan 0
-0.24663596 0.019492827 0.0037086362 22
-0.29588959 -0.024004702 0.013738188 4
nan nan nan 0
-0.34597951 -0.028720981 -0.0054538767 4
nan nan nan 0
-0.3398844 -0.028182792 -0.026746925 5
nan nan nan 0
-0.32989532 -0.027364656 -0.046878621 4
nan nan nan 0
nan nan nan 0
nan nan nan 0
nan nan nan 0
nan nan nan 0
nan nan nan 0
nan nan nan 0
nan nan nan 0
nan nan nan 0
-0.29841647 -0.023723621 0.013869028 4
nan nan nan 0
-0.35100627 -0.028586691 -0.0055411388 3
nan nan nan 0
-0.344892 -0.028058298 -0.027181834 4
nan nan nan 0
-0.32256797 -0.026087839 -0.04570666 4
nan nan nan 0
nan nan nan 0
nan nan nan 0
nan nan nan 0
nan nan nan 0
nan nan nan 0
nan nan nan 0
nan nan nan 0
nan nan nan 0
-0.29604995 -0.021938434 0.013738188 3
nan nan nan 0
-0.34866136 -0.026526676 -0.0054975078 4
nan nan nan 0
-0.33511153 -0.025366496 -0.026312014 4
nan nan nan 0
-0.33745655 -0.025723288 -0.048050594 4
nan nan nan 0
nan nan nan 0
nan nan nan 0
nan nan nan 0
nan nan nan 0
nan nan nan 0
nan nan nan 0
nan nan nan 0
nan nan nan 0
-0.2886267 -0.020767622 0.013345668 3
nan nan nan 0
-0.35119727 -0.026135528 -0.0055411388 4
nan nan nan 0
nan nan nan 0
nan nan nan 0
-0.32274222 -0.023835272 -0.04570666 3
nan nan nan 0
nan nan nan 0
nan nan nan 0
nan nan nan 0
nan nan nan 0
nan nan nan 0
nan nan nan 0
nan nan nan 0
nan nan nan 0
-0.29619589 -0.019871097 0.013738188 3
nan nan nan 0
-0.37375057 -0.026135739 -0.0059338179 4
nan nan nan 0
nan nan nan 0
nan nan nan 0
-0.34501052 -0.023977643 -0.049222555 2
nan nan nan 0
nan nan nan 0
nan nan nan 0
nan nan nan 0
nan nan nan 0
nan nan nan 0
nan nan nan 0
nan nan nan 0
nan nan nan 0
-0.29374164 -0.01915345 0.013607348 3
nan nan nan 0
-0.3513712 -0.023683092 -0.0055411388 5
nan nan nan 0
nan nan nan 0
nan nan nan 0
-0.32290077 -0.021581544 -0.04570666 2
nan nan nan 0
nan nan nan 0
nan nan nan 0
nan nan nan 0
nan nan nan 0
nan nan nan 0
nan nan nan 0
nan nan nan 0
nan nan nan 0
nan nan nan 0
nan nan nan 0
-0.3614608 -0.022590933 -0.0057156626 3
nan nan nan 0
-0.28576276 -0.01695041 -0.021962922 2
nan nan nan 0
-0.32300934 -0.019890549 -0.04570666 2
nan nan nan 0
nan nan nan 0
nan nan nan 0
nan nan nan 0
nan nan nan 0
nan nan nan 0
nan nan nan 0
nan nan nan 0
nan nan nan 0
nan nan nan 0
nan nan nan 0
nan nan nan 0
nan nan nan 0
-0.27337271 -0.015539624 -0.020875648 5
nan nan nan 0
-0.29841793 -0.017505405 -0.041800104 2
nan nan nan 0
nan nan nan 0
nan nan nan 0
nan nan nan 0
nan nan nan 0
nan nan nan 0
nan nan nan 0
nan nan nan 0
nan nan nan 0
nan nan nan 0
nan nan nan 0
-0.41647467 -0.023797624 -0.0066755451 2
nan nan nan 0
-0.3107217 -0.01664895 -0.024137469 6
nan nan nan 0
-0.31328642 -0.016958097 -0.044144038 2
nan nan nan 0
nan nan nan 0
nan nan nan 0
nan nan nan 0
nan nan nan 0
nan nan nan 0
nan nan nan 0
nan nan nan 0
nan nan nan 0
nan nan nan 0
nan nan nan 0
-0.46390447 -0.026209963 -0.007504534 2
nan nan nan 0
-0.31820542 -0.01660178 -0.024789833 6
nan nan nan 0
nan nan nan 0
nan nan nan 0
nan nan nan 0
nan nan nan 0
nan nan nan 0
nan nan nan 0
nan nan nan 0
nan nan nan 0
nan nan nan 0
nan nan nan 0
nan nan nan 0
nan nan nan 0
-0.4740153 -0.024389271 -0.0076790587 2
nan nan nan 0
nan nan nan 0
nan nan nan 0
nan nan nan 0
nan nan nan 0
nan nan nan 0
nan nan nan 0
nan nan nan 0
nan nan nan 0
nan nan nan 0
nan nan nan 0
nan nan nan 0
nan nan nan 0
nan nan nan 0
nan nan nan 0
-0.46407613 -0.022970688 -0.007504534 3
nan nan nan 0
nan nan nan 0
nan nan nan 0
nan nan nan 0
nan nan nan 0
nan nan nan 0
nan nan nan 0
nan nan nan 0
nan nan nan 0
nan nan nan 0
nan nan nan 0
nan nan nan 0
nan nan nan 0
-0.31408554 -0.012541203 0.014654067 3
nan nan nan 0
nan nan nan 0
nan nan nan 0
-0.33330578 -0.013521136 -0.02609456 2
nan nan nan 0
nan nan nan 0
nan nan nan 0
nan nan nan 0
nan nan nan 0
nan nan nan 0
nan nan nan 0
nan nan nan 0
nan nan nan 0
nan nan nan 0
nan nan nan 0
-0.31660005 -0.012124097 0.014784907 3
nan nan nan 0
nan nan nan 0
nan nan nan 0
-0.36068711 -0.014373171 -0.028486561 3
nan nan nan 0
nan nan nan 0
nan nan nan 0
nan nan nan 0
nan nan nan 0
nan nan nan 0
nan nan nan 0
nan nan nan 0
nan nan nan 0
nan nan nan 0
nan nan nan 0
-0.31167164 -0.010230144 0.014523228 2
nan nan nan 0
nan nan nan 0
nan nan nan 0
-0.37817174 -0.013305668 -0.030008744 5
nan nan nan 0
-0.28150851 -0.0088644596 -0.039065521 2
nan nan nan 0
nan nan nan 0
nan nan nan 0
nan nan nan 0
nan nan nan 0
nan nan nan 0
nan nan nan 0
nan nan nan 0
nan nan nan 0
-0.32415894 -0.010254595 0.015177427 2
nan nan nan 0
nan nan nan 0
nan nan nan 0
-0.37819439 -0.012645613 -0.030008744 5
nan nan nan 0
-0.29385698 -0.0089396508 -0.041018795 4
nan nan nan 0
nan nan nan 0
nan nan nan 0
nan nan nan 0
nan nan nan 0
nan nan nan 0
nan nan nan 0
nan nan nan 0
nan nan nan 0
-0.31423 -0.0081546614 0.014654067 2
nan nan nan 0
-0.52437449 -0.01645446 -0.0085516786 4
nan nan nan 0
-0.36083579 -0.0099655837 -0.028486561 2
nan nan nan 0
-0.29883426 -0.0076016816 -0.041800104 4
nan nan nan 0
nan nan nan 0
nan nan nan 0
nan nan nan 0
nan nan nan 0
nan nan nan 0
nan nan nan 0
nan nan nan 0
nan nan nan 0
-0.32422262 -0.0079913074 0.015177427 2
nan nan nan 0
-0.52440244 -0.015539229 -0.0085516786 6
nan nan nan 0
nan nan nan 0
nan nan nan 0
-0.30871677 -0.0074644363 -0.043362729 4
nan nan nan 0
nan nan nan 0
nan nan nan 0
nan nan nan 0
nan nan nan 0
nan nan nan 0
nan nan nan 0
nan nan nan 0
nan nan nan 0
-0.32176486 -0.0062103695 0.015046587 2
nan nan nan 0
-0.52197838 -0.012710824 -0.0085080471 6
nan nan nan 0
nan nan nan 0
nan nan nan 0
nan nan nan 0
nan nan nan 0
nan nan nan 0
nan nan nan 0
nan nan nan 0
nan nan nan 0
nan nan nan 0
nan nan nan 0
nan nan nan 0
nan nan nan 0
-0.33175647 -0.005964194 0.015569946 2
nan nan nan 0
-0.51450455 -0.011565544 -0.0083771544 5
nan nan nan 0
nan nan nan 0
nan nan nan 0
nan nan nan 0
nan nan nan 0
nan nan nan 0
nan nan nan 0
nan nan nan 0
nan nan nan 0
nan nan nan 0
nan nan nan 0
nan nan nan 0
nan nan nan 0
-0.32679173 -0.004095471 0.015308267 2
nan nan nan 0
-0.51205927 -0.0088064624 -0.0083335238 4
nan nan nan 0
nan nan nan 0
nan nan nan 0
nan nan nan 0
nan nan nan 0
nan nan nan 0
nan nan nan 0
nan nan nan 0
nan nan nan 0
nan nan nan 0
nan nan nan 0
nan nan nan 0
nan nan nan 0
-0.33678168 -0.003770835 0.015831625 2
nan nan nan 0
-0.49458167 -0.0074882917 -0.0080281058 3
nan nan nan 0
nan nan nan 0
nan nan nan 0
nan nan nan 0
nan nan nan 0
nan nan nan 0
nan nan nan 0
nan nan nan 0
nan nan nan 0
nan nan nan 0
nan nan nan 0
nan nan nan 0
nan nan nan 0
-0.33929291 -0.002055771 0.015962467 2
nan nan nan 0
-0.51210827 -0.0052314289 -0.0083335238 3
nan nan nan 0
nan nan nan 0
nan nan nan 0
nan nan nan 0
nan nan nan 0
nan nan nan 0
nan nan nan 0
nan nan nan 0
nan nan nan 0
nan nan nan 0
nan nan nan 0
nan nan nan 0
nan nan nan 0
-0.34928071 -0.0016396176 0.016485825 3
nan nan nan 0
-0.49212265 -0.0039921179 -0.0079844752 3
nan nan nan 0
nan nan nan 0
nan nan nan 0
nan nan nan 0
nan nan nan 0
nan nan nan 0
nan nan nan 0
nan nan nan 0
nan nan nan 0
nan nan nan 0
nan nan nan 0
nan nan nan 0
-2.7692425 0.47395441 0.048430424 4
-0.3368026 0.00034390803 0.015831625 3
nan nan nan 0
-0.50963289 -0.0016260382 -0.0082898922 5
nan nan nan 0
nan nan nan 0
nan nan nan 0
nan nan nan 0
nan nan nan 0
nan nan nan 0
nan nan nan 0
nan nan nan 0
nan nan nan 0
nan nan nan 0
nan nan nan 0
nan nan nan 0
-2.7881134 0.48220783 0.048779473 4
-0.36176583 0.0006659457 0.017140025 3
nan nan nan 0
-0.49213856 -0.00055638416 -0.0079844752 5
nan nan nan 0
nan nan nan 0
nan nan nan 0
nan nan nan 0
nan nan nan 0
nan nan nan 0
nan nan nan 0
nan nan nan 0
nan nan nan 0
nan nan nan 0
nan nan nan 0
nan nan nan 0
-2.763406 0.49283519 0.048386797 4
nan nan nan 0
nan nan nan 0
-0.49713388 0.0019951395 -0.0080717374 5
nan nan nan 0
nan nan nan 0
nan nan nan 0
nan nan nan 0
nan nan nan 0
nan nan nan 0
nan nan nan 0
nan nan nan 0
nan nan nan 0
nan nan nan 0
nan nan nan 0
nan nan nan 0
-2.7502429 0.49543354 0.048168641 4
nan nan nan 0
nan nan nan 0
-0.50712812 0.002829642 -0.0082462616 47
nan nan nan 0
nan nan nan 0
nan nan nan 0
nan nan nan 0
nan nan nan 0
nan nan nan 0
nan nan nan 0
nan nan nan 0
nan nan nan 0
nan nan nan 0
nan nan nan 0
nan nan nan 0
nan nan nan 0
-0.45660037 0.0052346103 0.022111941 6
nan nan nan 0
-0.52710319 0.0055232989 -0.0085953092 162
nan nan nan 0
nan nan nan 0
nan nan nan 0
nan nan nan 0
nan nan nan 0
nan nan nan 0
nan nan nan 0
nan nan nan 0
nan nan nan 0
nan nan nan 0
nan nan nan 0
nan nan nan 0
-2.584584 0.4841328 0.045288995 3
-0.47406647 0.0060894727 0.023027821 7
nan nan nan 0
-0.53209203 0.0064615821 -0.0086825723 146
nan nan nan 0
-0.38583213 0.0058702733 -0.030661108 4
nan nan nan 0
nan nan nan 0
nan nan nan 0
nan nan nan 0
nan nan nan 0
nan nan nan 0
nan nan nan 0
nan nan nan 0
nan nan nan 0
nan nan nan 0
nan nan nan 0
-0.48151749 0.0086356364 0.023420339 7
nan nan nan 0
-0.54454845 0.0093587544 -0.0089007271 140
nan nan nan 0
-0.37832484 0.0078251949 -0.030008744 4
nan nan nan 0
nan nan nan 0
nan nan nan 0
nan nan nan 0
nan nan nan 0
nan nan nan 0
nan nan nan 0
nan nan nan 0
nan nan nan 0
nan nan nan 0
-2.6939919 0.52420282 0.047296021 4
-0.49648038 0.0096302759 0.024205377 6
nan nan nan 0
-0.52953446 0.010149485 -0.0086389408 129
nan nan nan 0
nan nan nan 0
nan nan nan 0
nan nan nan 0
nan nan nan 0
nan nan nan 0
nan nan nan 0
nan nan nan 0
nan nan nan 0
nan nan nan 0
nan nan nan 0
nan nan nan 0
-2.6789567 0.53584164 0.047077864 4
-0.48893431 0.012113362 0.023812858 4
nan nan nan 0
-0.51947683 0.012763176 -0.0084644165 107
nan nan nan 0
nan nan nan 0
nan nan nan 0
nan nan nan 0
nan nan nan 0
nan nan nan 0
nan nan nan 0
nan nan nan 0
nan nan nan 0
nan nan nan 0
nan nan nan 0
nan nan nan 0
-2.7049658 0.54597473 0.047557805 4
-0.47643146 0.012751016 0.02315866 2
nan nan nan 0
nan nan nan 0
nan nan nan 0
nan nan nan 0
nan nan nan 0
-0.29630741 0.0095712254 -0.041409452 3
nan nan nan 0
nan nan nan 0
nan nan nan 0
nan nan nan 0
nan nan nan 0
nan nan nan 0
nan nan nan 0
nan nan nan 0
-2.7289898 0.56572968 0.048037749 3
-0.4663744 0.0150206 0.022635302 2
nan nan nan 0
nan nan nan 0
nan nan nan 0
-0.46283475 0.015027786 -0.037402201 4
nan nan nan 0
-0.29625323 0.011122549 -0.041409452 4
nan nan nan 0
nan nan nan 0
nan nan nan 0
nan nan nan 0
nan nan nan 0
nan nan nan 0
nan nan nan 0
nan nan nan 0
-2.7231054 0.56946516 0.047950484 4
-0.4638516 0.015773991 0.02250446 3
nan nan nan 0
nan nan nan 0
nan nan nan 0
-0.48521584 0.016383203 -0.039359294 4
nan nan nan 0
-0.30363911 0.011816705 -0.04258142 3
nan nan nan 0
nan nan nan 0
nan nan nan 0
nan nan nan 0
nan nan nan 0
nan nan nan 0
nan nan nan 0
nan nan nan 0
-2.7274172 0.58529371 0.048081376 4
-0.49121299 0.019012397 0.023943698 5
nan nan nan 0
-0.50175846 0.019492829 -0.0081589995 11
nan nan nan 0
-0.46271855 0.01825859 -0.037402201 3
nan nan nan 0
nan nan nan 0
nan nan nan 0
nan nan nan 0
nan nan nan 0
nan nan nan 0
nan nan nan 0
nan nan nan 0
nan nan nan 0
nan nan nan 0
-2.7215061 0.58899236 0.047994114 3
-0.50365591 0.020259617 0.024597898 5
nan nan nan 0
-0.4792383 0.019657971 -0.0077663204 63
nan nan nan 0
-0.47264314 0.019379074 -0.038272023 4
nan nan nan 0
nan nan nan 0
nan nan nan 0
nan nan nan 0
nan nan nan 0
nan nan nan 0
nan nan nan 0
nan nan nan 0
nan nan nan 0
nan nan nan 0
-2.7208252 0.60377717 0.048037749 4
-0.48108867 0.022077028 0.023420339 3
nan nan nan 0
-0.49161839 0.022627134 -0.0079844752 29
nan nan nan 0
-0.4775129 0.022036077 -0.038706932 4
nan nan nan 0
nan nan nan 0
nan nan nan 0
nan nan nan 0
nan nan nan 0
nan nan nan 0
nan nan nan 0
nan nan nan 0
nan nan nan 0
nan nan nan 0
-2.7270837 0.61016721 0.048168641 3
nan nan nan 0
nan nan nan 0
-0.49407592 0.023581525 -0.0080281058 27
nan nan nan 0
-0.48742849 0.023251882 -0.03957675 3
nan nan nan 0
nan nan nan 0
nan nan nan 0
nan nan nan 0
nan nan nan 0
nan nan nan 0
nan nan nan 0
nan nan nan 0
nan nan nan 0
nan nan nan 0
-2.7238517 0.62443769 0.048168641 3
-0.36369464 0.020337302 0.017270865 2
nan nan nan 0
-0.48895127 0.02594923 -0.0079408446 25
nan nan nan 0
nan nan nan 0
nan nan nan 0
nan nan nan 0
nan nan nan 0
nan nan nan 0
nan nan nan 0
nan nan nan 0
nan nan nan 0
nan nan nan 0
nan nan nan 0
nan nan nan 0
-2.7398031 0.63314176 0.048474055 2
-0.34370643 0.020069504 0.016224146 2
nan nan nan 0
-0.43646768 0.024412226 -0.0070245932 25
nan nan nan 0
nan nan nan 0
nan nan nan 0
nan nan nan 0
nan nan nan 0
nan nan nan 0
nan nan nan 0
nan nan nan 0
nan nan nan 0
nan nan nan 0
nan nan nan 0
nan nan nan 0
nan nan nan 0
-0.33860984 0.021617115 0.015962467 2
nan nan nan 0
-0.43633386 0.02669722 -0.0070245932 25
nan nan nan 0
nan nan nan 0
nan nan nan 0
nan nan nan 0
nan nan nan 0
nan nan nan 0
nan nan nan 0
nan nan nan 0
nan nan nan 0
nan nan nan 0
nan nan nan 0
nan nan nan 0
nan nan nan 0
-0.32111934 0.021296488 0.015046587 2
nan nan nan 0
nan nan nan 0
nan nan nan 0
nan nan nan 0
nan nan nan 0
nan nan nan 0
nan nan nan 0
nan nan nan 0
nan nan nan 0
nan nan nan 0
nan nan nan 0
nan nan nan 0
nan nan nan 0
nan nan nan 0
nan nan nan 0
nan nan nan 0
nan nan nan 0
nan nan nan 0
nan nan nan 0
nan nan nan 0
nan nan nan 0
nan nan nan 0
nan nan nan 0
nan nan nan 0
nan nan nan 0
nan nan nan 0
nan nan nan 0
nan nan nan 0
nan nan nan 0
nan nan nan 0
nan nan nan 0
nan nan nan 0
nan nan nan 0
nan nan nan 0
nan nan nan 0
nan nan nan 0
nan nan nan 0
nan nan nan 0
nan nan nan 0
nan nan nan 0
nan nan nan 0
nan nan nan 0
nan nan nan 0
nan nan nan 0
nan nan nan 0
nan nan nan 0
nan nan nan 0
nan nan nan 0
nan nan nan 0
nan nan nan 0
nan nan nan 0
nan nan nan 0
nan nan nan 0
nan nan nan 0
nan nan nan 0
nan nan nan 0
nan nan nan 0
nan nan nan 0
nan nan nan 0
nan nan nan 0
nan nan nan 0
nan nan nan 0
nan nan nan 0
nan nan nan 0
nan nan nan 0
nan nan nan 0
nan nan nan 0
nan nan nan 0
nan nan nan 0
nan nan nan 0
nan nan nan 0
nan nan nan 0
nan nan nan 0
nan nan nan 0
nan nan nan 0
nan nan nan 0
nan nan nan 0
nan nan nan 0
nan nan nan 0
nan nan nan 0
nan nan nan 0
nan nan nan 0
nan nan nan 0
nan nan nan 0
nan nan nan 0
nan nan nan 0
nan nan nan 0
nan nan nan 0
nan nan nan 0
nan nan nan 0
nan nan nan 0
nan nan nan 0
nan nan nan 0
nan nan nan 0
nan nan nan 0
nan nan nan 0
nan nan nan 0
nan nan nan 0
nan nan nan 0
nan nan nan 0
nan nan nan 0
nan nan nan 0
nan nan nan 0
nan nan nan 0
nan nan nan 0
nan nan nan 0
nan nan nan 0
nan nan nan 0
nan nan nan 0
nan nan nan 0
nan nan nan 0
nan nan nan 0
nan nan nan 0
-0.33325124 0.030811304 -0.0052357214 2
nan nan nan 0
nan nan nan 0
nan nan nan 0
nan nan nan 0
nan nan nan 0
nan nan nan 0
nan nan nan 0
nan nan nan 0
nan nan nan 0
nan nan nan 0
nan nan nan 0
nan nan nan 0
nan nan nan 0
nan nan nan 0
nan nan nan 0
nan nan nan 0
nan nan nan 0
nan nan nan 0
nan nan nan 0
nan nan nan 0
nan nan nan 0
nan nan nan 0
nan nan nan 0
nan nan nan 0
nan nan nan 0
nan nan nan 0
nan nan nan 0
nan nan nan 0
-0.43913263 0.11861504 0.0073300102 2
nan nan nan 0
nan nan nan 0
-0.37785608 0.036988068 -0.0060210801 8
nan nan nan 0
nan nan nan 0
nan nan nan 0
nan nan nan 0
nan nan nan 0
nan nan nan 0
nan nan nan 0
nan nan nan 0
nan nan nan 0
nan nan nan 0
nan nan nan 0
nan nan nan 0
-0.43892491 0.11938129 0.0073300102 2
nan nan nan 0
nan nan nan 0
-0.380281 0.037865784 -0.0060647111 7
nan nan nan 0
nan nan nan 0
nan nan nan 0
nan nan nan 0
nan nan nan 0
nan nan nan 0
nan nan nan 0
nan nan nan 0
nan nan nan 0
nan nan nan 0
nan nan nan 0
nan nan nan 0
-0.43348226 0.12032084 0.007242748 3
-0.30757633 0.033015549 0.014392388 2
nan nan nan 0
-0.3726109 0.039162427 -0.0059338179 8
nan nan nan 0
nan nan nan 0
nan nan nan 0
nan nan nan 0
nan nan nan 0
nan nan nan 0
nan nan nan 0
nan nan nan 0
nan nan nan 0
nan nan nan 0
nan nan nan 0
nan nan nan 0
-0.46212664 0.12926959 0.0077663204 3
-0.3050327 0.033317804 0.014261548 2
nan nan nan 0
-0.37254196 0.039812695 -0.0059338179 9
nan nan nan 0
nan nan nan 0
nan nan nan 0
nan nan nan 0
nan nan nan 0
nan nan nan 0
nan nan nan 0
nan nan nan 0
nan nan nan 0
nan nan nan 0
nan nan nan 0
nan nan nan 0
-0.43983465 0.12542999 0.0073736412 3
-0.30236974 0.034666959 0.014130707 2
nan nan nan 0
-0.36984116 0.041514069 -0.0058901869 9
nan nan nan 0
nan nan nan 0
nan nan nan 0
nan nan nan 0
nan nan nan 0
nan nan nan 0
nan nan nan 0
nan nan nan 0
nan nan nan 0
nan nan nan 0
nan nan nan 0
nan nan nan 0
-0.43721533 0.125498 0.0073300102 3
nan nan nan 0
nan nan nan 0
nan nan nan 0
nan nan nan 0
nan nan nan 0
nan nan nan 0
nan nan nan 0
nan nan nan 0
nan nan nan 0
nan nan nan 0
nan nan nan 0
nan nan nan 0
nan nan nan 0
nan nan nan 0
nan nan nan 0
-0.4245719 0.12422542 0.0071118553 3
nan nan nan 0
nan nan nan 0
nan nan nan 0
nan nan nan 0
nan nan nan 0
nan nan nan 0
nan nan nan 0
nan nan nan 0
nan nan nan 0
nan nan nan 0
nan nan nan 0
nan nan nan 0
nan nan nan 0
nan nan nan 0
nan nan nan 0
-0.42195964 0.12425005 0.0070682243 2
nan nan nan 0
nan nan nan 0
nan nan nan 0
nan nan nan 0
nan nan nan 0
nan nan nan 0
nan nan nan 0
nan nan nan 0
nan nan nan 0
nan nan nan 0
nan nan nan 0
nan nan nan 0
nan nan nan 0
nan nan nan 0
nan nan nan 0
-0.40934807 0.12281404 0.0068500689 2
nan nan nan 0
nan nan nan 0
nan nan nan 0
nan nan nan 0
nan nan nan 0
nan nan nan 0
nan nan nan 0
nan nan nan 0
nan nan nan 0
nan nan nan 0
nan nan nan 0
nan nan nan 0
nan nan nan 0
nan nan nan 0
nan nan nan 0
-0.40913311 0.1235283 0.0068500689 2
nan nan nan 0
nan nan nan 0
nan nan nan 0
nan nan nan 0
nan nan nan 0
nan nan nan 0
nan nan nan 0
nan nan nan 0
nan nan nan 0
nan nan nan 0
nan nan nan 0
nan nan nan 0
nan nan nan 0
nan nan nan 0
nan nan nan 0
-0.40370893 0.124178 0.0067628073 2
nan nan nan 0
nan nan nan 0
nan nan nan 0
nan nan nan 0
nan nan nan 0
nan nan nan 0
nan nan nan 0
nan nan nan 0
nan nan nan 0
nan nan nan 0
nan nan nan 0
nan nan nan 0
nan nan nan 0
nan nan nan 0
nan nan nan 0
-0.39633784 0.12263371 0.0066319141 2
nan nan nan 0
nan nan nan 0
nan nan nan 0
nan nan nan 0
nan nan nan 0
nan nan nan 0
nan nan nan 0
nan nan nan 0
nan nan nan 0
nan nan nan 0
nan nan nan 0
nan nan nan 0
nan nan nan 0
nan nan nan 0
nan nan nan 0
-0.38616779 0.12165906 0.0064573903 2
nan nan nan 0
nan nan nan 0
nan nan nan 0
nan nan nan 0
nan nan nan 0
nan nan nan 0
nan nan nan 0
nan nan nan 0
nan nan nan 0
nan nan nan 0
nan nan nan 0
nan nan nan 0
nan nan nan 0
nan nan nan 0
nan nan nan 0
-0.39547205 0.12539765 0.0066319141 2
nan nan nan 0
nan nan nan 0
nan nan nan 0
nan nan nan 0
nan nan nan 0
nan nan nan 0
nan nan nan 0
nan nan nan 0
nan nan nan 0
nan nan nan 0
nan nan nan 0
nan nan nan 0
nan nan nan 0
nan nan nan 0
nan nan nan 0
-0.40906155 0.13213849 0.0068937 3
nan nan nan 0
nan nan nan 0
nan nan nan 0
nan nan nan 0
nan nan nan 0
nan nan nan 0
nan nan nan 0
nan nan nan 0
nan nan nan 0
nan nan nan 0
nan nan nan 0
nan nan nan 0
nan nan nan 0
nan nan nan 0
nan nan nan 0
-0.38509142 0.12502435 0.0064573903 2
nan nan nan 0
nan nan nan 0
nan nan nan 0
nan nan nan 0
nan nan nan 0
nan nan nan 0
nan nan nan 0
nan nan nan 0
nan nan nan 0
nan nan nan 0
nan nan nan 0
nan nan nan 0
nan nan nan 0
nan nan nan 0
nan nan nan 0
nan nan nan 0
nan nan nan 0
nan nan nan 0
nan nan nan 0
nan nan nan 0
nan nan nan 0
nan nan nan 0
nan nan nan 0
nan nan nan 0
nan nan nan 0
nan nan nan 0
nan nan nan 0
nan nan nan 0
nan nan nan 0
nan nan nan 0
nan nan nan 0
nan nan nan 0
nan nan nan 0
nan nan nan 0
nan nan nan 0
nan nan nan 0
nan nan nan 0
nan nan nan 0
nan nan nan 0
nan nan nan 0
nan nan nan 0
nan nan nan 0
nan nan nan 0
nan nan nan 0
nan nan nan 0
nan nan nan 0
nan nan nan 0
nan nan nan 0
nan nan nan 0
nan nan nan 0
-0.31298548 0.05139339 -0.0049303048 3
nan nan nan 0
nan nan nan 0
nan nan nan 0
nan nan nan 0
nan nan nan 0
nan nan nan 0
nan nan nan 0
nan nan nan 0
nan nan nan 0
nan nan nan 0
nan nan nan 0
nan nan nan 0
nan nan nan 0
nan nan nan 0
nan nan nan 0
-0.32525259 0.053810641 -0.0051484597 3
nan nan nan 0
nan nan nan 0
nan nan nan 0
nan nan nan 0
nan nan nan 0
nan nan nan 0
nan nan nan 0
nan nan nan 0
nan nan nan 0
nan nan nan 0
nan nan nan 0
nan nan nan 0
nan nan nan 0
nan nan nan 0
nan nan nan 0
-0.344722 0.058610097 -0.0054975078 4
nan nan nan 0
nan nan nan 0
nan nan nan 0
nan nan nan 0
nan nan nan 0
nan nan nan 0
nan nan nan 0
nan nan nan 0
nan nan nan 0
nan nan nan 0
nan nan nan 0
nan nan nan 0
nan nan nan 0
nan nan nan 0
nan nan nan 0
-0.35202551 0.060386032 -0.0056284005 3
nan nan nan 0
nan nan nan 0
nan nan nan 0
nan nan nan 0
nan nan nan 0
nan nan nan 0
nan nan nan 0
nan nan nan 0
nan nan nan 0
nan nan nan 0
nan nan nan 0
nan nan nan 0
nan nan nan 0
nan nan nan 0
nan nan nan 0
-0.32950425 0.058588985 -0.0052357214 3
nan nan nan 0
nan nan nan 0
nan nan nan 0
nan nan nan 0
nan nan nan 0
nan nan nan 0
nan nan nan 0
nan nan nan 0
nan nan nan 0
nan nan nan 0
nan nan nan 0
nan nan nan 0
nan nan nan 0
nan nan nan 0
nan nan nan 0
nan nan nan 0
nan nan nan 0
nan nan nan 0
nan nan nan 0
nan nan nan 0
nan nan nan 0
nan nan nan 0
nan nan nan 0
nan nan nan 0
nan nan nan 0
nan nan nan 0
nan nan nan 0
nan nan nan 0
nan nan nan 0
nan nan nan 0
nan nan nan 0
nan nan nan 0
nan nan nan 0
nan nan nan 0
nan nan nan 0
nan nan nan 0
nan nan nan 0
nan nan nan 0
nan nan nan 0
nan nan nan 0
nan nan nan 0
nan nan nan 0
nan nan nan 0
nan nan nan 0
nan nan nan 0
nan nan nan 0
nan nan nan 0
nan nan nan 0
nan nan nan 0
nan nan nan 0
nan nan nan 0
nan nan nan 0
nan nan nan 0
nan nan nan 0
nan nan nan 0
nan nan nan 0
nan nan nan 0
nan nan nan 0
nan nan nan 0
nan nan nan 0
nan nan nan 0
nan nan nan 0
nan nan nan 0
-2.5384583 0.45720789 -0.044416368 4
nan nan nan 0
nan nan nan 0
nan nan nan 0
nan nan nan 0
nan nan nan 0
nan nan nan 0
nan nan nan 0
nan nan nan 0
nan nan nan 0
nan nan nan 0
nan nan nan 0
nan nan nan 0
nan nan nan 0
nan nan nan 0
nan nan nan 0
-2.559797 0.46562529 -0.044809051 4
nan nan nan 0
nan nan nan 0
nan nan nan 0
nan nan nan 0
nan nan nan 0
nan nan nan 0
-3.7817128 1.4481232 0.92609763 3
nan nan nan 0
nan nan nan 0
nan nan nan 0
nan nan nan 0
nan nan nan 0
nan nan nan 0
nan nan nan 0
nan nan nan 0
-2.5621555 0.48038104 -0.044896312 4
nan nan nan 0
nan nan nan 0
nan nan nan 0
nan nan nan 0
nan nan nan 0
nan nan nan 0
-3.7271512 1.4339191 0.91317278 6
nan nan nan 0
nan nan nan 0
nan nan nan 0
nan nan nan 0
nan nan nan 0
nan nan nan 0
nan nan nan 0
nan nan nan 0
-2.558856 0.48439139 -0.044852681 4
nan nan nan 0
nan nan nan 0
nan nan nan 0
nan nan nan 0
nan nan nan 0
nan nan nan 0
-3.7173235 1.4525269 0.91261083 6
nan nan nan 0
nan nan nan 0
nan nan nan 0
nan nan nan 0
nan nan nan 0
nan nan nan 0
nan nan nan 0
nan nan nan 0
-2.590734 0.50396007 -0.045463517 3
nan nan nan 0
nan nan nan 0
nan nan nan 0
nan nan nan 0
nan nan nan 0
nan nan nan 0
-3.7127697 1.457473 0.91204888 8
nan nan nan 0
nan nan nan 0
nan nan nan 0
nan nan nan 0
nan nan nan 0
nan nan nan 0
nan nan nan 0
nan nan nan 0
-2.6242008 0.5151642 -0.046074349 2
nan nan nan 0
nan nan nan 0
nan nan nan 0
nan nan nan 0
nan nan nan 0
nan nan nan 0
-3.6869881 1.4696684 0.90755326 8
nan nan nan 0
nan nan nan 0
nan nan nan 0
nan nan nan 0
nan nan nan 0
nan nan nan 0
nan nan nan 0
nan nan nan 0
-2.6730342 0.53872544 -0.046990599 3
nan nan nan 0
nan nan nan 0
nan nan nan 0
nan nan nan 0
nan nan nan 0
nan nan nan 0
-3.7005024 1.4818045 0.91148686 8
nan nan nan 0
nan nan nan 0
nan nan nan 0
nan nan nan 0
nan nan nan 0
nan nan nan 0
nan nan nan 0
nan nan nan 0
-2.6647389 0.54190779 -0.046859708 3
nan nan nan 0
nan nan nan 0
nan nan nan 0
nan nan nan 0
nan nan nan 0
nan nan nan 0
-3.6991994 1.5045609 0.91317278 8
nan nan nan 0
nan nan nan 0
nan nan nan 0
nan nan nan 0
nan nan nan 0
nan nan nan 0
nan nan nan 0
nan nan nan 0
-2.7426386 0.57258022 -0.048299532 2
nan nan nan 0
nan nan nan 0
nan nan nan 0
nan nan nan 0
nan nan nan 0
nan nan nan 0
-3.7281301 1.5239339 0.92104006 4
nan nan nan 0
nan nan nan 0
nan nan nan 0
nan nan nan 0
nan nan nan 0
nan nan nan 0
nan nan nan 0
nan nan nan 0
-2.7342949 0.57583266 -0.048168641 2
nan nan nan 0
nan nan nan 0
nan nan nan 0
nan nan nan 0
nan nan nan 0
nan nan nan 0
-8.8238354 3.6655402 2.1961102 6
nan nan nan 0
nan nan nan 0
nan nan nan 0
nan nan nan 0
nan nan nan 0
nan nan nan 0
nan nan nan 0
nan nan nan 0
-2.7653551 0.59795964 -0.048779473 1
nan nan nan 0
nan nan nan 0
nan nan nan 0
nan nan nan 0
nan nan nan 0
nan nan nan 0
-8.8090744 3.6756423 2.1938624 6
nan nan nan 0
nan nan nan 0
nan nan nan 0
nan nan nan 0
nan nan nan 0
nan nan nan 0
nan nan nan 0
nan nan nan 0
nan nan nan 0
nan nan nan 0
nan nan nan 0
nan nan nan 0
nan nan nan 0
nan nan nan 0
nan nan nan 0
-8.802516 3.7289534 2.1972342 4
nan nan nan 0
nan nan nan 0
nan nan nan 0
nan nan nan 0
nan nan nan 0
nan nan nan 0
nan nan nan 0
nan nan nan 0
nan nan nan 0
nan nan nan 0
nan nan nan 0
nan nan nan 0
nan nan nan 0
nan nan nan 0
nan nan nan 0
-8.8280268 3.7561343 2.2051015 4
nan nan nan 0
nan nan nan 0
nan nan nan 0
nan nan nan 0
nan nan nan 0
nan nan nan 0
nan nan nan 0
nan nan nan 0
-0.24020889 0.058359902 -0.0037086362 2
nan nan nan 0
nan nan nan 0
nan nan nan 0
nan nan nan 0
nan nan nan 0
nan nan nan 0
-8.8008671 3.8009448 2.2034156 2
nan nan nan 0
nan nan nan 0
nan nan nan 0
nan nan nan 0
nan nan nan 0
nan nan nan 0
nan nan nan 0
nan nan nan 0
-0.24233647 0.060175296 -0.003752267 2
nan nan nan 0
nan nan nan 0
nan nan nan 0
nan nan nan 0
nan nan nan 0
nan nan nan 0
nan nan nan 0
nan nan nan 0
nan nan nan 0
nan nan nan 0
nan nan nan 0
nan nan nan 0
nan nan nan 0
nan nan nan 0
nan nan nan 0
-0.25684381 0.063974462 -0.0040140529 2
nan nan nan 0
nan nan nan 0
nan nan nan 0
nan nan nan 0
nan nan nan 0
nan nan nan 0
-8.11868 3.5736208 2.0382016 1
nan nan nan 0
nan nan nan 0
nan nan nan 0
nan nan nan 0
nan nan nan 0
nan nan nan 0
nan nan nan 0
nan nan nan 0
-0.27353266 0.069346637 -0.0043194704 2
nan nan nan 0
nan nan nan 0
nan nan nan 0
nan nan nan 0
nan nan nan 0
nan nan nan 0
-8.1598415 3.6070623 2.0500026 2
nan nan nan 0
nan nan nan 0
nan nan nan 0
nan nan nan 0
nan nan nan 0
nan nan nan 0
nan nan nan 0
nan nan nan 0
nan nan nan 0
nan nan nan 0
nan nan nan 0
nan nan nan 0
nan nan nan 0
nan nan nan 0
nan nan nan 0
-8.1513176 3.6561451 2.0528123 2
nan nan nan 0
nan nan nan 0
nan nan nan 0
nan nan nan 0
nan nan nan 0
nan nan nan 0
nan nan nan 0
nan nan nan 0
nan nan nan 0
nan nan nan 0
nan nan nan 0
nan nan nan 0
nan nan nan 0
nan nan nan 0
nan nan nan 0
-8.1655521 3.6779528 2.0578699 2
nan nan nan 0
nan nan nan 0
nan nan nan 0
nan nan nan 0
nan nan nan 0
nan nan nan 0
nan nan nan 0
nan nan nan 0
nan nan nan 0
nan nan nan 0
nan nan nan 0
nan nan nan 0
nan nan nan 0
nan nan nan 0
nan nan nan 0
-8.1388874 3.7190402 2.0561841 2
nan nan nan 0
nan nan nan 0
nan nan nan 0
nan nan nan 0
nan nan nan 0
nan nan nan 0
nan nan nan 0
nan nan nan 0
-0.40829322 0.10728359 -0.0067628073 4
nan nan nan 0
nan nan nan 0
nan nan nan 0
nan nan nan 0
nan nan nan 0
nan nan nan 0
-8.1640301 3.7460496 2.0640514 3
nan nan nan 0
nan nan nan 0
nan nan nan 0
nan nan nan 0
nan nan nan 0
nan nan nan 0
nan nan nan 0
nan nan nan 0
-0.41295159 0.10922323 -0.0068500689 4
nan nan nan 0
nan nan nan 0
nan nan nan 0
nan nan nan 0
nan nan nan 0
nan nan nan 0
-8.139225 3.7881095 2.0629275 3
nan nan nan 0
nan nan nan 0
nan nan nan 0
nan nan nan 0
nan nan nan 0
nan nan nan 0
nan nan nan 0
nan nan nan 0
-0.39785475 0.10762628 -0.006588283 4
nan nan nan 0
nan nan nan 0
nan nan nan 0
nan nan nan 0
nan nan nan 0
nan nan nan 0
nan nan nan 0
nan nan nan 0
nan nan nan 0
nan nan nan 0
nan nan nan 0
nan nan nan 0
nan nan nan 0
nan nan nan 0
nan nan nan 0
-0.39766628 0.1083205 -0.006588283 3
nan nan nan 0
nan nan nan 0
nan nan nan 0
nan nan nan 0
nan nan nan 0
nan nan nan 0
-7.3510032 3.4837039 1.868492 3
nan nan nan 0
nan nan nan 0
nan nan nan 0
nan nan nan 0
nan nan nan 0
nan nan nan 0
nan nan nan 0
nan nan nan 0
-0.37776998 0.10525593 -0.0062392349 3
nan nan nan 0
nan nan nan 0
nan nan nan 0
nan nan nan 0
nan nan nan 0
nan nan nan 0
-7.3411231 3.4931519 1.8673681 4
nan nan nan 0
nan nan nan 0
nan nan nan 0
nan nan nan 0
nan nan nan 0
nan nan nan 0
nan nan nan 0
nan nan nan 0
-0.3703427 0.103973 -0.0061083417 3
nan nan nan 0
nan nan nan 0
nan nan nan 0
nan nan nan 0
nan nan nan 0
nan nan nan 0
-7.3330851 3.5381155 1.8701777 4
nan nan nan 0
nan nan nan 0
nan nan nan 0
nan nan nan 0
nan nan nan 0
nan nan nan 0
nan nan nan 0
nan nan nan 0
nan nan nan 0
nan nan nan 0
nan nan nan 0
nan nan nan 0
nan nan nan 0
nan nan nan 0
nan nan nan 0
-7.3384781 3.5549424 1.8729875 4
nan nan nan 0
nan nan nan 0
nan nan nan 0
nan nan nan 0
nan nan nan 0
nan nan nan 0
nan nan nan 0
nan nan nan 0
-0.46840778 0.13378853 -0.0078972131 5
nan nan nan 0
nan nan nan 0
nan nan nan 0
nan nan nan 0
nan nan nan 0
nan nan nan 0
-7.2907152 3.5806284 1.8656822 4
nan nan nan 0
nan nan nan 0
nan nan nan 0
nan nan nan 0
nan nan nan 0
nan nan nan 0
nan nan nan 0
nan nan nan 0
-0.46770087 0.13623925 -0.0078972131 5
nan nan nan 0
nan nan nan 0
nan nan nan 0
nan nan nan 0
nan nan nan 0
nan nan nan 0
-6.900589 3.4023821 1.7667785 4
nan nan nan 0
nan nan nan 0
nan nan nan 0
nan nan nan 0
nan nan nan 0
nan nan nan 0
nan nan nan 0
nan nan nan 0
nan nan nan 0
nan nan nan 0
nan nan nan 0
nan nan nan 0
nan nan nan 0
nan nan nan 0
nan nan nan 0
-6.8450408 3.4211445 1.7572253 6
nan nan nan 0
nan nan nan 0
nan nan nan 0
nan nan nan 0
nan nan nan 0
nan nan nan 0
nan nan nan 0
nan nan nan 0
nan nan nan 0
nan nan nan 0
nan nan nan 0
nan nan nan 0
nan nan nan 0
nan nan nan 0
nan nan nan 0
-6.8287735 3.4264274 1.7544156 7
nan nan nan 0
nan nan nan 0
nan nan nan 0
nan nan nan 0
nan nan nan 0
nan nan nan 0
nan nan nan 0
nan nan nan 0
-0.25527245 0.078909911 -0.0040576844 1
nan nan nan 0
nan nan nan 0
nan nan nan 0
nan nan nan 0
nan nan nan 0
nan nan nan 0
-6.8253326 3.4710579 1.7583493 9
nan nan nan 0
-3.3821054 1.717451 0.59457719 2
nan nan nan 0
nan nan nan 0
nan nan nan 0
nan nan nan 0
nan nan nan 0
nan nan nan 0
-0.25485575 0.080245428 -0.0040576844 2
nan nan nan 0
nan nan nan 0
nan nan nan 0
nan nan nan 0
nan nan nan 0
nan nan nan 0
-6.8328881 3.4884238 1.7617209 10
nan nan nan 0
-3.3439157 1.7053841 0.58832675 3
nan nan nan 0
nan nan nan 0
nan nan nan 0
nan nan nan 0
nan nan nan 0
nan nan nan 0
-0.26190126 0.0828337 -0.0041885772 2
nan nan nan 0
nan nan nan 0
nan nan nan 0
nan nan nan 0
nan nan nan 0
nan nan nan 0
-6.8139138 3.525342 1.7617209 11
nan nan nan 0
-3.3173947 1.7137939 0.5852015 4
nan nan nan 0
nan nan nan 0
nan nan nan 0
nan nan nan 0
nan nan nan 0
nan nan nan 0
-0.26863858 0.086385056 -0.0043194704 2
nan nan nan 0
nan nan nan 0
nan nan nan 0
nan nan nan 0
nan nan nan 0
nan nan nan 0
-6.8299832 3.5472741 1.7673405 11
nan nan nan 0
-3.3143985 1.7195811 0.5852015 4
nan nan nan 0
nan nan nan 0
nan nan nan 0
nan nan nan 0
nan nan nan 0
nan nan nan 0
-0.28043875 0.090509959 -0.0045376252 2
nan nan nan 0
nan nan nan 0
nan nan nan 0
nan nan nan 0
nan nan nan 0
nan nan nan 0
-6.8279347 3.593256 1.771836 12
nan nan nan 0
-3.292238 1.7300133 0.58285761 4
nan nan nan 0
nan nan nan 0
nan nan nan 0
nan nan nan 0
nan nan nan 0
nan nan nan 0
-0.27996099 0.091977082 -0.0045376252 3
nan nan nan 0
nan nan nan 0
nan nan nan 0
nan nan nan 0
nan nan nan 0
nan nan nan 0
-6.828743 3.6073921 1.773522 12
nan nan nan 0
-3.295763 1.7392173 0.58402956 4
nan nan nan 0
nan nan nan 0
nan nan nan 0
nan nan nan 0
nan nan nan 0
nan nan nan 0
-0.2988809 0.098448806 -0.0048866738 2
nan nan nan 0
nan nan nan 0
nan nan nan 0
nan nan nan 0
nan nan nan 0
nan nan nan 0
-6.8434849 3.6626866 1.7825133 12
nan nan nan 0
-3.2844341 1.7552849 0.58363885 4
nan nan nan 0
nan nan nan 0
nan nan nan 0
nan nan nan 0
nan nan nan 0
nan nan nan 0
-0.26264396 0.088606656 -0.0042322082 3
nan nan nan 0
nan nan nan 0
nan nan nan 0
nan nan nan 0
nan nan nan 0
nan nan nan 0
-6.8935103 3.7034197 1.797124 1
nan nan nan 0
-3.2835407 1.7621834 0.58402956 3
nan nan nan 0
nan nan nan 0
nan nan nan 0
nan nan nan 0
nan nan nan 0
nan nan nan 0
-0.26962841 0.091358528 -0.0043631014 2
nan nan nan 0
nan nan nan 0
nan nan nan 0
nan nan nan 0
nan nan nan 0
nan nan nan 0
-4.7446723 2.5815034 1.2379812 7
nan nan nan 0
-3.2677622 1.7758114 0.58285761 3
nan nan nan 0
nan nan nan 0
nan nan nan 0
nan nan nan 0
nan nan nan 0
nan nan nan 0
-0.2596432 0.089661092 -0.0041885772 2
nan nan nan 0
nan nan nan 0
nan nan nan 0
nan nan nan 0
nan nan nan 0
nan nan nan 0
-4.7213731 2.5784378 1.2329236 13
nan nan nan 0
-3.2668245 1.7826959 0.5832482 3
nan nan nan 0
nan nan nan 0
nan nan nan 0
nan nan nan 0
nan nan nan 0
nan nan nan 0
-0.25473744 0.088551849 -0.0041013155 2
nan nan nan 0
nan nan nan 0
nan nan nan 0
nan nan nan 0
nan nan nan 0
nan nan nan 0
-4.6988292 2.5992258 1.2306759 12
nan nan nan 0
-3.2466424 1.7938002 0.58129495 3
nan nan nan 0
nan nan nan 0
nan nan nan 0
nan nan nan 0
nan nan nan 0
nan nan nan 0
-0.24952966 0.088297322 -0.0040140529 2
nan nan nan 0
nan nan nan 0
nan nan nan 0
nan nan nan 0
nan nan nan 0
nan nan nan 0
-4.6904812 2.6042368 1.229552 14
nan nan nan 0
-3.2348716 1.7946678 0.5797323 3
nan nan nan 0
nan nan nan 0
nan nan nan 0
nan nan nan 0
nan nan nan 0
nan nan nan 0
-0.24463736 0.087137327 -0.0039267913 2
nan nan nan 0
nan nan nan 0
nan nan nan 0
nan nan nan 0
nan nan nan 0
nan nan nan 0
-4.6720762 2.627187 1.228428 12
-3.6987443 1.2553942 1.035866 33
-3.2254305 1.8115809 0.5797323 3
-2.4293549 0.83042938 0.49184516 1
nan nan nan 0
nan nan nan 0
nan nan nan 0
nan nan nan 0
nan nan nan 0
-0.24890716 0.090037197 -0.0040140529 2
nan nan nan 0
nan nan nan 0
nan nan nan 0
nan nan nan 0
nan nan nan 0
nan nan nan 0
-4.6849127 2.6441071 1.2329236 17
-3.7171257 1.2688452 1.0416819 35
-3.2093625 1.8099232 0.57738841 3
-2.51847 0.86562353 0.51043236 3
nan nan nan 0
nan nan nan 0
nan nan nan 0
nan nan nan 0
nan nan nan 0
-0.23220657 0.084772028 -0.0037086362 2
nan nan nan 0
nan nan nan 0
nan nan nan 0
nan nan nan 0
nan nan nan 0
nan nan nan 0
-4.6959124 2.6839309 1.2396672 19
-3.7172782 1.290659 1.0436205 35
-3.1934104 1.8230267 0.57621646 3
-2.5069487 0.87638056 0.50900251 3
nan nan nan 0
nan nan nan 0
-0.22222479 0.12486818 0.0038395294 99
nan nan nan 0
nan nan nan 0
-0.22940053 0.085160121 -0.0036650051 2
nan nan nan 0
nan nan nan 0
nan nan nan 0
nan nan nan 0
nan nan nan 0
nan nan nan 0
-4.6938033 2.6925166 1.2402291 20
-3.724144 1.3003186 1.0462054 34
-3.188082 1.8273683 0.57582575 3
nan nan nan 0
nan nan nan 0
nan nan nan 0
-0.2415185 0.13645309 0.0042322082 99
nan nan nan 0
nan nan nan 0
-0.23160909 0.086391054 -0.0037086362 2
nan nan nan 0
nan nan nan 0
nan nan nan 0
nan nan nan 0
nan nan nan 0
nan nan nan 0
-4.6791668 2.7178731 1.2402291 21
-3.7241149 1.3222163 1.0481439 33
-3.167794 1.8378347 0.57387251 3
nan nan nan 0
nan nan nan 0
nan nan nan 0
-0.23863925 0.13646032 0.0041885772 133
nan nan nan 0
nan nan nan 0
nan nan nan 0
nan nan nan 0
nan nan nan 0
nan nan nan 0
nan nan nan 0
nan nan nan 0
nan nan nan 0
-4.6812038 2.7289023 1.241915 23
-3.7263525 1.3303328 1.0494363 30
-3.1624486 1.8421168 0.5734818 3
nan nan nan 0
nan nan nan 0
nan nan nan 0
-0.25567481 0.14695056 0.0045376252 80
nan nan nan 0
nan nan nan 0
-0.22629696 0.086311623 -0.003621374 2
nan nan nan 0
nan nan nan 0
nan nan nan 0
nan nan nan 0
nan nan nan 0
nan nan nan 0
-4.6726632 2.7579067 1.2436008 15
-3.7284198 1.3531103 1.0520211 28
-3.1378744 1.8498644 0.57074726 3
nan nan nan 0
nan nan nan 0
nan nan nan 0
nan nan nan 0
nan nan nan 0
nan nan nan 0
-0.22584192 0.08749532 -0.003621374 2
nan nan nan 0
nan nan nan 0
nan nan nan 0
nan nan nan 0
nan nan nan 0
nan nan nan 0
-4.6180334 2.73543 1.230114 10
-3.7283223 1.360441 1.0526673 25
-3.1240196 1.8490441 0.56879395 3
nan nan nan 0
nan nan nan 0
nan nan nan 0
nan nan nan 0
nan nan nan 0
nan nan nan 0
-0.23741752 0.092206985 -0.0038395294 2
nan nan nan 0
nan nan nan 0
nan nan nan 0
nan nan nan 0
nan nan nan 0
nan nan nan 0
-4.5551252 2.731544 1.2171891 10
-3.7188826 1.3791065 1.0520211 23
-3.0888827 1.8501368 0.56410611 2
nan nan nan 0
nan nan nan 0
nan nan nan 0
nan nan nan 0
nan nan nan 0
nan nan nan 0
-0.23224911 0.091697231 -0.003752267 2
nan nan nan 0
nan nan nan 0
nan nan nan 0
nan nan nan 0
nan nan nan 0
nan nan nan 0
-4.5195274 2.7198431 1.2087598 10
-3.718734 1.3864361 1.0526673 21
-3.0856488 1.8555249 0.56410611 2
nan nan nan 0
nan nan nan 0
nan nan nan 0
nan nan nan 0
nan nan nan 0
nan nan nan 0
nan nan nan 0
nan nan nan 0
nan nan nan 0
nan nan nan 0
nan nan nan 0
nan nan nan 0
nan nan nan 0
-4.4652271 2.7201624 1.1980827 10
-3.7182021 1.4084469 1.054606 19
-3.0442595 1.8523858 0.55824631 2
nan nan nan 0
nan nan nan 0
nan nan nan 0
nan nan nan 0
nan nan nan 0
nan nan nan 0
nan nan nan 0
nan nan nan 0
nan nan nan 0
nan nan nan 0
nan nan nan 0
nan nan nan 0
nan nan nan 0
-4.4256234 2.7055595 1.1885295 11
-3.7112224 1.4132206 1.0533135 17
-2.9904647 1.8267754 0.54887056 2
nan nan nan 0
nan nan nan 0
nan nan nan 0
nan nan nan 0
nan nan nan 0
nan nan nan 0
nan nan nan 0
nan nan nan 0
nan nan nan 0
nan nan nan 0
nan nan nan 0
nan nan nan 0
nan nan nan 0
-4.3819256 2.7115088 1.1806622 11
-3.7172923 1.4378448 1.0571908 16
-2.9577613 1.8281152 0.54457337 4
nan nan nan 0
nan nan nan 0
nan nan nan 0
nan nan nan 0
nan nan nan 0
nan nan nan 0
nan nan nan 0
nan nan nan 0
nan nan nan 0
nan nan nan 0
nan nan nan 0
nan nan nan 0
nan nan nan 0
-4.3404188 2.6952431 1.170547 12
-3.7125256 1.4434581 1.0565447 15
-2.9482739 1.8293656 0.54340142 3
nan nan nan 0
nan nan nan 0
nan nan nan 0
nan nan nan 0
nan nan nan 0
nan nan nan 0
nan nan nan 0
nan nan nan 0
nan nan nan 0
nan nan nan 0
nan nan nan 0
nan nan nan 0
nan nan nan 0
-4.2989664 2.7018263 1.1632416 12
-3.7071638 1.4637612 1.0571908 14
nan nan nan 0
nan nan nan 0
nan nan nan 0
nan nan nan 0
nan nan nan 0
nan nan nan 0
nan nan nan 0
nan nan nan 0
nan nan nan 0
nan nan nan 0
nan nan nan 0
nan nan nan 0
nan nan nan 0
nan nan nan 0
-4.2617574 2.6877716 1.1542504 12
-3.702358 1.4693409 1.0565447 14
-4.2761488 2.6958339 0.79420203 2
nan nan nan 0
nan nan nan 0
nan nan nan 0
nan nan nan 0
nan nan nan 0
nan nan nan 0
nan nan nan 0
nan nan nan 0
nan nan nan 0
nan nan nan 0
nan nan nan 0
nan nan nan 0
nan nan nan 0
-4.222518 2.6950541 1.147507 12
-3.7058191 1.4932061 1.0597756 15
-4.2474051 2.7088869 0.79146749 3
nan nan nan 0
nan nan nan 0
nan nan nan 0
nan nan nan 0
nan nan nan 0
nan nan nan 0
nan nan nan 0
nan nan nan 0
nan nan nan 0
nan nan nan 0
nan nan nan 0
nan nan nan 0
nan nan nan 0
-4.1895666 2.6832786 1.1396396 12
-3.7054467 1.5005758 1.0604218 14
-4.2094054 2.6949809 0.78521699 3
nan nan nan 0
nan nan nan 0
nan nan nan 0
nan nan nan 0
nan nan nan 0
nan nan nan 0
nan nan nan 0
nan nan nan 0
nan nan nan 0
nan nan nan 0
nan nan nan 0
nan nan nan 0
nan nan nan 0
-4.1525068 2.6913247 1.1334581 14
-3.6796615 1.5126318 1.0552522 9
-4.1600113 2.6941521 0.77857584 3
nan nan nan 0
nan nan nan 0
nan nan nan 0
nan nan nan 0
nan nan nan 0
nan nan nan 0
nan nan nan 0
nan nan nan 0
nan nan nan 0
nan nan nan 0
nan nan nan 0
nan nan nan 0
nan nan nan 0
-4.1094832 2.672595 1.122781 13
nan nan nan 0
-4.1304655 2.6852481 0.77388793 3
nan nan nan 0
nan nan nan 0
nan nan nan 0
nan nan nan 0
nan nan nan 0
nan nan nan 0
nan nan nan 0
nan nan nan 0
nan nan nan 0
nan nan nan 0
nan nan nan 0
nan nan nan 0
nan nan nan 0
-4.0664821 2.6760316 1.1149137 13
-7.9161358 3.3131523 2.2869182 6
-4.0854092 2.6864762 0.76802814 3
nan nan nan 0
nan nan nan 0
nan nan nan 0
nan nan nan 0
nan nan nan 0
nan nan nan 0
nan nan nan 0
nan nan nan 0
nan nan nan 0
nan nan nan 0
nan nan nan 0
nan nan nan 0
nan nan nan 0
-4.0297561 2.6609261 1.1059225 14
-7.8992081 3.3222883 2.2836874 7
-4.0580511 2.6786304 0.76373088 3
nan nan nan 0
nan nan nan 0
nan nan nan 0
nan nan nan 0
nan nan nan 0
nan nan nan 0
nan nan nan 0
nan nan nan 0
nan nan nan 0
nan nan nan 0
nan nan nan 0
nan nan nan 0
nan nan nan 0
-3.9909999 2.666441 1.099179 15
-7.8839254 3.3645492 2.2843332 9
-4.0090666 2.6765196 0.75708979 3
nan nan nan 0
nan nan nan 0
nan nan nan 0
nan nan nan 0
nan nan nan 0
nan nan nan 0
nan nan nan 0
nan nan nan 0
nan nan nan 0
nan nan nan 0
nan nan nan 0
nan nan nan 0
nan nan nan 0
-3.9544406 2.6509902 1.0901878 16
-7.8713818 3.3754525 2.2823949 13
-3.9797804 2.6670074 0.75240195 3
-2.45591 1.0611346 0.5128153 3
nan nan nan 0
nan nan nan 0
nan nan nan 0
nan nan nan 0
nan nan nan 0
-0.22501858 0.10233685 -0.0037086362 2
nan nan nan 0
nan nan nan 0
nan nan nan 0
nan nan nan 0
nan nan nan 0
nan nan nan 0
-3.9158533 2.6559286 1.0834444 15
-7.8558145 3.4175825 2.283041 12
-3.9412394 2.6711748 0.74771404 3
-2.4390733 1.0690725 0.51043236 3
nan nan nan 0
nan nan nan 0
nan nan nan 0
nan nan nan 0
nan nan nan 0
-0.22447966 0.10351364 -0.0037086362 2
nan nan nan 0
nan nan nan 0
nan nan nan 0
nan nan nan 0
nan nan nan 0
nan nan nan 0
-3.8774498 2.6387632 1.0738912 15
-7.8476248 3.4303224 2.2823949 17
-3.9059551 2.6572037 0.74185425 3
-2.441699 1.0752982 0.5113855 4
nan nan nan 0
nan nan nan 0
nan nan nan 0
nan nan nan 0
nan nan nan 0
-0.21743804 0.10087794 -0.0035777432 2
nan nan nan 0
nan nan nan 0
nan nan nan 0
nan nan nan 0
nan nan nan 0
nan nan nan 0
-3.8310215 2.637588 1.0648999 16
-7.8229313 3.4684324 2.2804563 19
-3.8696163 2.662214 0.73755699 3
-2.4023979 1.073113 0.50423664 4
nan nan nan 0
nan nan nan 0
nan nan nan 0
nan nan nan 0
nan nan nan 0
-0.23059623 0.10814147 -0.0038395294 2
nan nan nan 0
nan nan nan 0
nan nan nan 0
nan nan nan 0
nan nan nan 0
nan nan nan 0
-3.8008254 2.6255927 1.0575945 17
-7.8190722 3.483062 2.2811024 19
-3.8344941 2.6479046 0.7316972 3
-2.4050026 1.079306 0.50518978 4
nan nan nan 0
nan nan nan 0
nan nan nan 0
nan nan nan 0
nan nan nan 0
-0.23268691 0.10956882 -0.0038831602 2
nan nan nan 0
nan nan nan 0
nan nan nan 0
nan nan nan 0
nan nan nan 0
nan nan nan 0
-3.7626092 2.629364 1.0508511 18
-7.805131 3.5259409 2.2823949 20
-3.7881939 2.6453128 0.7254467 3
-2.4015539 1.0928965 0.50566638 4
nan nan nan 0
nan nan nan 0
nan nan nan 0
nan nan nan 0
nan nan nan 0
-0.22528689 0.10767474 -0.003752267 3
nan nan nan 0
nan nan nan 0
nan nan nan 0
nan nan nan 0
nan nan nan 0
nan nan nan 0
-3.7285643 2.6142809 1.0424218 19
-7.7945657 3.537564 2.2811024 21
-3.7532492 2.6306491 0.71958691 3
-2.4018767 1.0981028 0.50614297 3
nan nan nan 0
nan nan nan 0
nan nan nan 0
nan nan nan 0
nan nan nan 0
-0.23646142 0.11327248 -0.0039704223 3
nan nan nan 0
nan nan nan 0
nan nan nan 0
nan nan nan 0
nan nan nan 0
nan nan nan 0
-3.6925149 2.6189053 1.0362405 20
-7.7781301 3.5793359 2.2817485 20
-3.721297 2.6374068 0.71607101 3
-2.3938656 1.1096357 0.50566638 3
nan nan nan 0
nan nan nan 0
nan nan nan 0
nan nan nan 0
nan nan nan 0
-0.22906385 0.11135056 -0.0038395294 3
nan nan nan 0
nan nan nan 0
nan nan nan 0
nan nan nan 0
nan nan nan 0
nan nan nan 0
-3.672523 2.6133962 1.0317447 22
-7.7696786 3.5918939 2.2811024 22
-3.6885271 2.6238477 0.71060187 3
-2.3941517 1.1148442 0.50614297 3
nan nan nan 0
nan nan nan 0
nan nan nan 0
nan nan nan 0
nan nan nan 0
-0.23566489 0.11492052 -0.0039704223 3
nan nan nan 0
nan nan nan 0
nan nan nan 0
nan nan nan 0
nan nan nan 0
nan nan nan 0
-3.6326349 2.614717 1.0244393 21
nan nan nan 0
-3.652694 2.6272552 0.70630461 4
-2.3793974 1.1231896 0.50423664 3
nan nan nan 0
nan nan nan 0
nan nan nan 0
nan nan nan 0
nan nan nan 0
-0.23505993 0.11615288 -0.0039704223 4
nan nan nan 0
nan nan nan 0
nan nan nan 0
nan nan nan 0
nan nan nan 0
nan nan nan 0
-3.6008832 2.6004415 1.016572 23
-7.3553848 3.4631512 2.1660781 33
-3.6220834 2.6148257 0.70122606 4
-2.3818719 1.1294359 0.50518978 3
nan nan nan 0
nan nan nan 0
nan nan nan 0
nan nan nan 0
nan nan nan 0
-0.24840368 0.12299837 -0.0042322082 4
nan nan nan 0
nan nan nan 0
nan nan nan 0
nan nan nan 0
nan nan nan 0
nan nan nan 0
-3.5710289 2.6083846 1.0120764 22
-7.3044496 3.4860325 2.1563849 38
-3.5884039 2.6191888 0.69731957 3
-2.3670704 1.1376549 0.50328338 3
nan nan nan 0
nan nan nan 0
nan nan nan 0
nan nan nan 0
nan nan nan 0
-0.25000843 0.12538169 -0.0042758393 4
nan nan nan 0
nan nan nan 0
nan nan nan 0
nan nan nan 0
nan nan nan 0
nan nan nan 0
-3.5453198 2.5981417 1.0058949 22
-7.3048882 3.5019035 2.1583233 40
-3.5619221 2.6093864 0.69302231 4
-2.371717 1.1449738 0.50471324 3
nan nan nan 0
nan nan nan 0
nan nan nan 0
nan nan nan 0
nan nan nan 0
-0.25428975 0.12799446 -0.0043631014 5
nan nan nan 0
nan nan nan 0
nan nan nan 0
nan nan nan 0
nan nan nan 0
nan nan nan 0
-3.5018644 2.595515 0.99746567 23
-7.3016624 3.547483 2.1628468 39
-3.5263903 2.611825 0.68872511 4
-2.3634832 1.1563017 0.50423664 3
nan nan nan 0
nan nan nan 0
nan nan nan 0
nan nan nan 0
nan nan nan 0
-0.25810516 0.13152429 -0.0044503636 6
nan nan nan 0
nan nan nan 0
nan nan nan 0
nan nan nan 0
nan nan nan 0
nan nan nan 0
-3.4723787 2.5821042 0.99016023 24
nan nan nan 0
-3.5000346 2.6017621 0.68442798 4
-2.3636661 1.1615034 0.50471324 3
nan nan nan 0
nan nan nan 0
nan nan nan 0
nan nan nan 0
nan nan nan 0
-0.26460305 0.13528654 -0.0045812563 6
nan nan nan 0
nan nan nan 0
nan nan nan 0
nan nan nan 0
nan nan nan 0
nan nan nan 0
-3.4447336 2.5905986 0.98622656 25
-6.9454088 3.4347715 2.0639775 43
-3.4646566 2.6037247 0.68013072 4
-2.3509555 1.1705934 0.50328338 3
nan nan nan 0
nan nan nan 0
nan nan nan 0
nan nan nan 0
nan nan nan 0
-0.25941744 0.13443871 -0.0044939942 7
nan nan nan 0
nan nan nan 0
nan nan nan 0
nan nan nan 0
-0.19088142 0.14181933 -0.05428119 111
nan nan nan 0
-3.4173329 2.5783894 0.97948319 26
-6.9372396 3.4458153 2.0633314 49
-3.4423699 2.5963778 0.67661482 4
-2.3511057 1.1757888 0.50375998 3
nan nan nan 0
nan nan nan 0
nan nan nan 0
nan nan nan 0
nan nan nan 0
-0.26141724 0.13601089 -0.0045376252 7
nan nan nan 0
nan nan nan 0
nan nan nan 0
nan nan nan 0
-0.18486035 0.13777488 -0.052342575 121
nan nan nan 0
-3.3897803 2.5864913 0.97554946 26
-6.9212604 3.4831755 2.0639775 48
-3.4090991 2.5993857 0.67270827 4
nan nan nan 0
nan nan nan 0
nan nan nan 0
nan nan nan 0
nan nan nan 0
nan nan nan 0
-0.2540147 0.1339839 -0.0044067325 7
nan nan nan 0
nan nan nan 0
nan nan nan 0
nan nan nan 0
nan nan nan 0
nan nan nan 0
-3.3605759 2.572552 0.96824408 27
-6.9194832 3.4974265 2.0652699 48
-3.3731918 2.5813076 0.66645777 4
-6.8613219 3.4815567 1.4874504 3
nan nan nan 0
nan nan nan 0
nan nan nan 0
nan nan nan 0
nan nan nan 0
-0.25155348 0.13329183 -0.0043631014 8
nan nan nan 0
nan nan nan 0
nan nan nan 0
nan nan nan 0
nan nan nan 0
nan nan nan 0
-3.3235004 2.5727918 0.96150064 27
-6.905376 3.5358076 2.0665624 50
-3.345963 2.5883522 0.66372317 4
-6.8277154 3.5095899 1.4841142 5
nan nan nan 0
nan nan nan 0
nan nan nan 0
nan nan nan 0
nan nan nan 0
-0.23974708 0.12887295 -0.0041449461 9
nan nan nan 0
nan nan nan 0
nan nan nan 0
nan nan nan 0
nan nan nan 0
nan nan nan 0
-3.3021457 2.564554 0.95644313 28
-6.9013429 3.5489576 2.0672088 51
-3.3160927 2.5744908 0.65864462 4
-6.8324862 3.5271232 1.4864972 5
nan nan nan 0
nan nan nan 0
nan nan nan 0
nan nan nan 0
nan nan nan 0
-0.23286478 0.12583904 -0.0040140529 10
nan nan nan 0
nan nan nan 0
nan nan nan 0
nan nan nan 0
nan nan nan 0
nan nan nan 0
-3.2690701 2.567328 0.95082361 28
-6.8848085 3.5861585 2.0678549 51
-3.2889745 2.5811412 0.65591007 4
-6.8335042 3.5730724 1.4907864 5
nan nan nan 0
nan nan nan 0
nan nan nan 0
nan nan nan 0
nan nan nan 0
-0.23884155 0.13054354 -0.0041449461 14
nan nan nan 0
nan nan nan 0
nan nan nan 0
nan nan nan 0
nan nan nan 0
nan nan nan 0
-3.2497311 2.5603919 0.94632798 29
-6.8849611 3.6015236 2.0697935 51
-3.2670121 2.5731192 0.65239418 4
-6.8402982 3.5918317 1.4936461 5
nan nan nan 0
nan nan nan 0
nan nan nan 0
nan nan nan 0
nan nan nan 0
-0.23861334 0.1309602 -0.0041449461 17
nan nan nan 0
nan nan nan 0
nan nan nan 0
nan nan nan 0
nan nan nan 0
nan nan nan 0
-3.212975 2.5597117 0.93958449 30
-6.8702779 3.6397822 2.0710859 55
-3.2303207 2.5717235 0.64770633 4
-6.8300681 3.6322019 1.4955524 4
nan nan nan 0
nan nan nan 0
nan nan nan 0
nan nan nan 0
nan nan nan 0
-0.25115305 0.13927418 -0.0044067325 20
nan nan nan 0
nan nan nan 0
nan nan nan 0
nan nan nan 0
nan nan nan 0
nan nan nan 0
-3.1861241 2.5464942 0.93284112 30
-6.8767123 3.658566 2.0749631 56
-3.2103999 2.5650201 0.64458108 4
-6.8367114 3.651046 1.498412 5
nan nan nan 0
nan nan nan 0
nan nan nan 0
nan nan nan 0
nan nan nan 0
-0.25311226 0.14089389 -0.0044503636 21
nan nan nan 0
nan nan nan 0
nan nan nan 0
nan nan nan 0
nan nan nan 0
nan nan nan 0
-3.1628299 2.556035 0.9300313 31
-6.6596699 3.5881112 2.0148661 1
-3.1758013 2.5647187 0.64028388 4
-6.8477321 3.7031183 1.5050844 1
nan nan nan 0
nan nan nan 0
nan nan nan 0
nan nan nan 0
nan nan nan 0
-0.25456759 0.14341035 -0.0044939942 22
nan nan nan 0
nan nan nan 0
nan nan nan 0
nan nan nan 0
nan nan nan 0
nan nan nan 0
-3.1361127 2.5425799 0.92328793 31
-4.8133316 2.605639 1.4552528 17
-3.1559789 2.5578125 0.63715863 4
-4.7594032 2.5861204 1.045171 3
nan nan nan 0
nan nan nan 0
nan nan nan 0
nan nan nan 0
nan nan nan 0
-0.24334483 0.13786978 -0.0042758393 22
nan nan nan 0
nan nan nan 0
nan nan nan 0
nan nan nan 0
nan nan nan 0
nan nan nan 0
-3.1072445 2.5471489 0.91879231 32
-4.7148724 2.584445 1.4294046 36
-3.1253579 2.5602109 0.63364273 4
-4.7307386 2.6027367 1.0418347 6
nan nan nan 0
nan nan nan 0
nan nan nan 0
nan nan nan 0
nan nan nan 0
-0.23605527 0.13551684 -0.0041449461 27
nan nan nan 0
nan nan nan 0
nan nan nan 0
nan nan nan 0
nan nan nan 0
nan nan nan 0
-3.0863125 2.5380929 0.91373473 33
-4.7018876 2.5880194 1.4268199 56
-3.1056311 2.5531099 0.63051748 4
-4.72404 2.6098046 1.0413582 6
nan nan nan 0
nan nan nan 0
nan nan nan 0
nan nan nan 0
nan nan nan 0
-0.23363237 0.13471639 -0.0041013155 32
nan nan nan 0
nan nan nan 0
nan nan nan 0
nan nan nan 0
nan nan nan 0
nan nan nan 0
-3.0500665 2.5360539 0.90699124 32
-4.6692777 2.6020389 1.4210041 55
-3.071337 2.5519674 0.62622029 4
-4.7038817 2.6309152 1.0399284 6
nan nan nan 0
nan nan nan 0
nan nan nan 0
nan nan nan 0
nan nan nan 0
-0.22856453 0.13349053 -0.0040140529 36
nan nan nan 0
nan nan nan 0
nan nan nan 0
nan nan nan 0
nan nan nan 0
nan nan nan 0
-3.0348594 2.5314744 0.90361959 33
-4.6731625 2.6148939 1.4235888 59
-3.0479209 2.5415013 0.62231374 4
-4.6885786 2.6331215 1.0375456 6
nan nan nan 0
nan nan nan 0
nan nan nan 0
nan nan nan 0
nan nan nan 0
-0.23704118 0.13879907 -0.0041885772 31
nan nan nan 0
nan nan nan 0
nan nan nan 0
nan nan nan 0
nan nan nan 0
nan nan nan 0
-3.0043654 2.533715 0.89856201 34
-4.6741242 2.6476464 1.4281123 61
-3.0138106 2.5399115 0.61801654 4
-4.6960721 2.6697454 1.0423114 6
nan nan nan 0
nan nan nan 0
nan nan nan 0
nan nan nan 0
nan nan nan 0
-0.23414014 0.13879946 -0.0041449461 31
nan nan nan 0
nan nan nan 0
nan nan nan 0
nan nan nan 0
nan nan nan 0
nan nan nan 0
-2.9836512 2.5242622 0.89350444 34
-4.6841974 2.664145 1.4326357 75
-2.988642 2.5276177 0.61371934 4
-4.6892734 2.6767228 1.0418347 6
nan nan nan 0
nan nan nan 0
nan nan nan 0
nan nan nan 0
nan nan nan 0
-0.23823527 0.14169316 -0.0042322082 30
nan nan nan 0
nan nan nan 0
nan nan nan 0
nan nan nan 0
nan nan nan 0
nan nan nan 0
-2.9495955 2.5229409 0.88732296 35
-4.680654 2.6946507 1.4358667 79
-2.9678614 2.5368102 0.61215675 4
-4.6858239 2.7073686 1.0442178 5
nan nan nan 0
nan nan nan 0
nan nan nan 0
nan nan nan 0
nan nan nan 0
-0.23100312 0.13917671 -0.0041013155 23
nan nan nan 0
nan nan nan 0
nan nan nan 0
nan nan nan 0
nan nan nan 0
nan nan nan 0
-2.9326928 2.5164599 0.88338923 35
-4.6884961 2.7100563 1.4397439 84
-2.942821 2.5242918 0.60785949 4
-4.6895871 2.7204616 1.0461241 6
nan nan nan 0
nan nan nan 0
nan nan nan 0
nan nan nan 0
nan nan nan 0
-0.23724027 0.14335288 -0.0042322082 17
nan nan nan 0
nan nan nan 0
nan nan nan 0
nan nan nan 0
nan nan nan 0
nan nan nan 0
-2.9061594 2.5211103 0.87945563 35
-4.6742415 2.7345681 1.4397439 92
-2.9202385 2.5315735 0.60590619 4
-4.6773953 2.7462196 1.0466007 5
nan nan nan 0
nan nan nan 0
nan nan nan 0
nan nan nan 0
nan nan nan 0
-0.22787233 0.13951699 -0.0040576844 18
nan nan nan 0
nan nan nan 0
nan nan nan 0
nan nan nan 0
nan nan nan 0
nan nan nan 0
-2.8856642 2.5112712 0.87439805 36
-4.6694617 2.742722 1.4397439 71
-2.8916075 2.5155854 0.60082769 4
-4.676826 2.7568681 1.0475539 4
nan nan nan 0
nan nan nan 0
nan nan nan 0
nan nan nan 0
nan nan nan 0
-0.23193109 0.14246005 -0.0041449461 13
nan nan nan 0
nan nan nan 0
nan nan nan 0
nan nan nan 0
nan nan nan 0
nan nan nan 0
-2.8519256 2.5091372 0.86821657 37
-4.6301131 2.7523468 1.4319896 35
-2.8709817 2.5241659 0.59926504 4
-4.6243711 2.7587185 1.0389752 3
nan nan nan 0
nan nan nan 0
nan nan nan 0
nan nan nan 0
nan nan nan 0
-0.22474813 0.13982038 -0.0040140529 9
nan nan nan 0
nan nan nan 0
nan nan nan 0
nan nan nan 0
nan nan nan 0
nan nan nan 0
-2.8388526 2.5055494 0.86540681 38
-4.5858798 2.7369416 1.4197116 31
-2.8499146 2.5144618 0.5957492 4
-4.5626736 2.7327867 1.0261072 2
nan nan nan 0
nan nan nan 0
nan nan nan 0
nan nan nan 0
nan nan nan 0
-0.22236142 0.13892466 -0.0039704223 6
nan nan nan 0
nan nan nan 0
nan nan nan 0
nan nan nan 0
nan nan nan 0
nan nan nan 0
-2.81072 2.5078905 0.86091119 38
-4.5218458 2.730994 1.4042027 31
-2.8238142 2.5178394 0.5930146 4
-4.5147047 2.7363157 1.0184816 3
nan nan nan 0
nan nan nan 0
nan nan nan 0
nan nan nan 0
nan nan nan 0
-0.23017335 0.14528292 -0.0041449461 4
nan nan nan 0
nan nan nan 0
nan nan nan 0
nan nan nan 0
nan nan nan 0
nan nan nan 0
-2.7958915 2.5025487 0.85753942 40
-4.4860802 2.7201271 1.3945097 31
-2.8010218 2.5062895 0.58910805 4
-4.4805555 2.726357 1.0118093 3
nan nan nan 0
nan nan nan 0
nan nan nan 0
nan nan nan 0
nan nan nan 0
-0.22351944 0.14177632 -0.0040140529 2
nan nan nan 0
nan nan nan 0
nan nan nan 0
nan nan nan 0
nan nan nan 0
nan nan nan 0
-2.7678666 2.5045564 0.85304385 40
-4.4388223 2.7234004 1.3841704 31
-2.784199 2.5176067 0.58832675 5
-4.4390373 2.733077 1.0056137 4
nan nan nan 0
nan nan nan 0
nan nan nan 0
nan nan nan 0
nan nan nan 0
nan nan nan 0
nan nan nan 0
nan nan nan 0
nan nan nan 0
nan nan nan 0
nan nan nan 0
nan nan nan 0
-2.744097 2.4908805 0.84686238 39
-4.3990865 2.7096431 1.3731849 32
-2.7633505 2.50752 0.58481085 4
-4.3987522 2.7189157 0.99751157 4
nan nan nan 0
nan nan nan 0
nan nan nan 0
nan nan nan 0
nan nan nan 0
nan nan nan 0
nan nan nan 0
nan nan nan 0
nan nan nan 0
nan nan nan 0
nan nan nan 0
nan nan nan 0
-2.7198157 2.4958034 0.84349066 43
-4.3479257 2.709681 1.3615532 31
-2.7319925 2.5052564 0.5809043 4
-4.3511448 2.7211196 0.98988611 4
nan nan nan 0
nan nan nan 0
nan nan nan 0
nan nan nan 0
nan nan nan 0
nan nan nan 0
nan nan nan 0
nan nan nan 0
nan nan nan 0
nan nan nan 0
nan nan nan 0
nan nan nan 0
-2.7015607 2.4868665 0.83899504 44
-4.3186073 2.7019165 1.3537986 32
-2.7094541 2.4932909 0.57699776 4
-4.3068757 2.7039516 0.98083079 4
nan nan nan 0
nan nan nan 0
nan nan nan 0
nan nan nan 0
nan nan nan 0
-0.2088286 0.13688919 -0.003752267 2
nan nan nan 0
nan nan nan 0
nan nan nan 0
nan nan nan 0
nan nan nan 0
nan nan nan 0
-2.6791539 2.493145 0.83618528 44
-4.2717319 2.703855 1.3434594 33
-2.6891325 2.5007133 0.5754351 4
-4.2636395 2.7080705 0.97415841 4
nan nan nan 0
nan nan nan 0
nan nan nan 0
nan nan nan 0
nan nan nan 0
-0.20810898 0.13798073 -0.003752267 2
nan nan nan 0
nan nan nan 0
nan nan nan 0
nan nan nan 0
nan nan nan 0
nan nan nan 0
-2.6592157 2.4823811 0.8311277 44
-4.2282553 2.6867337 1.3311816 33
-2.6703281 2.4919181 0.57230985 5
-4.2237082 2.69311 0.96605641 4
nan nan nan 0
-4.2895646 2.7434001 0.62004167 1
nan nan nan 0
nan nan nan 0
nan nan nan 0
-0.19733997 0.13160831 -0.0035341121 2
nan nan nan 0
nan nan nan 0
nan nan nan 0
nan nan nan 0
nan nan nan 0
nan nan nan 0
-2.6333499 2.4850223 0.82719404 47
-4.1897368 2.6931877 1.3234271 33
-2.6392879 2.488915 0.5684033 4
-4.1806588 2.6965909 0.95938402 5
nan nan nan 0
-4.2292795 2.7362101 0.61334836 1
nan nan nan 0
nan nan nan 0
nan nan nan 0
-0.20084514 0.13535595 -0.003621374 2
nan nan nan 0
nan nan nan 0
nan nan nan 0
nan nan nan 0
nan nan nan 0
nan nan nan 0
-2.6206024 2.4807777 0.82438427 47
-4.154573 2.6808827 1.3137341 33
-2.6223915 2.4816303 0.5656687 4
-4.1429663 2.6825724 0.9517585 5
nan nan nan 0
-4.222415 2.7422376 0.61304414 1
nan nan nan 0
nan nan nan 0
nan nan nan 0
nan nan nan 0
nan nan nan 0
nan nan nan 0
nan nan nan 0
nan nan nan 0
nan nan nan 0
nan nan nan 0
-2.5913098 2.479754 0.8193267 48
-4.1141725 2.6854634 1.3053334 34
-2.5968757 2.4833744 0.56293416 4
-4.1001043 2.68543 0.94508618 5
nan nan nan 0
-4.1768718 2.7439005 0.60848051 1
nan nan nan 0
nan nan nan 0
nan nan nan 0
nan nan nan 0
nan nan nan 0
nan nan nan 0
nan nan nan 0
nan nan nan 0
nan nan nan 0
nan nan nan 0
-2.5768726 2.4736938 0.81595498 47
-4.0730963 2.6688499 1.2937018 34
-2.5854144 2.4810603 0.56137156 5
-4.0605288 2.6696944 0.93698412 4
nan nan nan 0
-4.1368384 2.7279954 0.60330844 1
nan nan nan 0
nan nan nan 0
nan nan nan 0
nan nan nan 0
nan nan nan 0
nan nan nan 0
nan nan nan 0
nan nan nan 0
nan nan nan 0
nan nan nan 0
-2.5494728 2.4740205 0.81145936 47
-4.034894 2.6741526 1.2859472 35
-2.5617578 2.4842436 0.55902761 5
-4.0260463 2.6773481 0.93221813 5
nan nan nan 0
-4.0977106 2.7331183 0.59965754 1
nan nan nan 0
nan nan nan 0
nan nan nan 0
nan nan nan 0
nan nan nan 0
nan nan nan 0
nan nan nan 0
nan nan nan 0
nan nan nan 0
nan nan nan 0
-2.528137 2.4610209 0.80583984 48
-3.998029 2.6598186 1.2756079 35
-2.543268 2.4749267 0.55590236 5
-3.9948156 2.6666832 0.92602247 5
nan nan nan 0
-4.0496063 2.7113154 0.59326851 1
nan nan nan 0
nan nan nan 0
nan nan nan 0
-0.19661739 0.13710311 -0.0035777432 3
nan nan nan 0
nan nan nan 0
nan nan nan 0
nan nan nan 0
nan nan nan 0
nan nan nan 0
-2.507843 2.4678249 0.80359203 49
-3.9619925 2.6659067 1.2684997 35
-2.5126774 2.4708865 0.55199581 4
-3.954339 2.6697366 0.91982669 4
nan nan nan 0
-4.0086269 2.7144196 0.58931339 1
nan nan nan 0
nan nan nan 0
nan nan nan 0
nan nan nan 0
nan nan nan 0
nan nan nan 0
nan nan nan 0
nan nan nan 0
nan nan nan 0
nan nan nan 0
-2.4901016 2.4580631 0.79909641 49
-3.9212859 2.6485214 1.256868 34
-2.4960642 2.4631205 0.54926121 5
-3.9171469 2.6546369 0.91220117 5
nan nan nan 0
-3.9607589 2.6921594 0.58292437 1
nan nan nan 0
nan nan nan 0
nan nan nan 0
-0.19565545 0.13847239 -0.0035777432 3
nan nan nan 0
nan nan nan 0
nan nan nan 0
nan nan nan 0
nan nan nan 0
nan nan nan 0
-2.4647019 2.4594486 0.79516274 51
-3.8834186 2.6526942 1.2491136 34
-2.4709001 2.4639444 0.54652661 5
-3.8768597 2.6570997 0.9060055 5
nan nan nan 0
-3.9138689 2.6904018 0.57805651 1
nan nan nan 0
nan nan nan 0
nan nan nan 0
nan nan nan 0
nan nan nan 0
nan nan nan 0
nan nan nan 0
nan nan nan 0
nan nan nan 0
nan nan nan 0
-2.4487903 2.4512467 0.79122907 50
-3.856858 2.6444671 1.2420053 35
-2.4526398 2.4542725 0.54340142 5
-3.851984 2.6499722 0.90123957 5
nan nan nan 0
-3.8785107 2.6761196 0.57349294 1
nan nan nan 0
nan nan nan 0
nan nan nan 0
nan nan nan 0
nan nan nan 0
nan nan nan 0
nan nan nan 0
nan nan nan 0
nan nan nan 0
nan nan nan 0
-2.4218016 2.4505911 0.78673345 38
-3.8151548 2.6453872 1.2329584 35
-2.4380205 2.4653242 0.54301071 5
-3.8017688 2.6449127 0.89266086 4
nan nan nan 0
-3.8379724 2.6779573 0.56953776 1
nan nan nan 0
nan nan nan 0
nan nan nan 0
nan nan nan 0
nan nan nan 0
nan nan nan 0
nan nan nan 0
nan nan nan 0
nan nan nan 0
nan nan nan 0
-2.4162402 2.4526558 0.7861715 50
-3.7787948 2.6300001 1.2226192 35
-2.4233201 2.4590173 0.54066682 5
-3.7749977 2.6361098 0.88741827 5
nan nan nan 0
-3.8068519 2.666172 0.56558263 1
nan nan nan 0
nan nan nan 0
nan nan nan 0
nan nan nan 0
nan nan nan 0
nan nan nan 0
nan nan nan 0
nan nan nan 0
nan nan nan 0
nan nan nan 0
-2.4114308 2.4744205 0.78898126 72
-3.7353268 2.6289301 1.2129261 36
-2.4121344 2.4734406 0.54105747 7
-3.7390764 2.6402903 0.8821758 5
nan nan nan 0
-3.7685225 2.6688824 0.56193173 1
nan nan nan 0
nan nan nan 0
nan nan nan 0
nan nan nan 0
nan nan nan 0
nan nan nan 0
nan nan nan 0
nan nan nan 0
nan nan nan 0
nan nan nan 0
-2.4109342 2.4817019 0.79010516 71
-3.7050719 2.617357 1.2045255 36
-2.4181337 2.4882777 0.54340142 6
-3.7024035 2.6241381 0.87455028 6
nan nan nan 0
-3.7415953 2.659663 0.55858511 1
nan nan nan 0
nan nan nan 0
nan nan nan 0
nan nan nan 0
nan nan nan 0
nan nan nan 0
nan nan nan 0
nan nan nan 0
nan nan nan 0
nan nan nan 0
-2.4109676 2.5087683 0.79460078 76
-3.6696842 2.6213019 1.1974171 37
-2.4050722 2.5009048 0.54340142 6
-3.662662 2.6249294 0.8683545 5
nan nan nan 0
-3.6933401 2.6546316 0.55341303 1
nan nan nan 0
nan nan nan 0
nan nan nan 0
nan nan nan 0
nan nan nan 0
nan nan nan 0
nan nan nan 0
nan nan nan 0
nan nan nan 0
nan nan nan 0
-2.4070239 2.5125525 0.79460078 70
-3.6474259 2.615056 1.1916014 37
-2.4092412 2.5140171 0.54535466 7
-3.6421256 2.6198697 0.86454177 5
nan nan nan 0
-3.6665487 2.6451261 0.55006641 1
nan nan nan 0
nan nan nan 0
nan nan nan 0
nan nan nan 0
nan nan nan 0
nan nan nan 0
nan nan nan 0
nan nan nan 0
nan nan nan 0
nan nan nan 0
-2.3984187 2.5308464 0.79628664 71
-3.604332 2.6128864 1.1819082 36
-2.3994415 2.5301826 0.54613596 7
-3.5985649 2.6172817 0.85739291 5
nan nan nan 0
-3.620549 2.6409228 0.54519856 1
nan nan nan 0
nan nan nan 0
nan nan nan 0
nan nan nan 0
nan nan nan 0
nan nan nan 0
nan nan nan 0
nan nan nan 0
nan nan nan 0
nan nan nan 0
-2.4027996 2.543469 0.79909641 72
-3.5802233 2.6049852 1.1754463 36
-2.4051919 2.5451403 0.54847991 7
-3.5701871 2.6062191 0.85167372 6
nan nan nan 0
-3.5938933 2.6311362 0.54185188 1
nan nan nan 0
nan nan nan 0
nan nan nan 0
nan nan nan 0
nan nan nan 0
nan nan nan 0
nan nan nan 0
nan nan nan 0
nan nan nan 0
nan nan nan 0
-2.3973145 2.5653358 0.80190617 75
-3.5412254 2.6051176 1.1670456 36
-2.3918326 2.5576987 0.54847991 7
-3.530803 2.605958 0.845478 7
nan nan nan 0
-3.5601075 2.6351748 0.53880948 1
nan nan nan 0
nan nan nan 0
nan nan nan 0
nan nan nan 0
nan nan nan 0
nan nan nan 0
nan nan nan 0
nan nan nan 0
nan nan nan 0
nan nan nan 0
-2.396601 2.572665 0.80303007 80
-3.5113969 2.5926721 1.1586449 37
-2.3957777 2.5709064 0.55043322 7
-3.5104611 2.6004465 0.84166527 7
nan nan nan 0
-3.5335755 2.6251295 0.53546286 2
nan nan nan 0
nan nan nan 0
nan nan nan 0
nan nan nan 0
nan nan nan 0
nan nan nan 0
nan nan nan 0
nan nan nan 0
nan nan nan 0
nan nan nan 0
-2.3941953 2.59814 0.80696374 88
-3.4725945 2.592268 1.1502442 37
-2.3822834 2.5834155 0.55043322 8
-3.4692745 2.5982244 0.834993 8
-2.5391903 2.7537608 0.32465515 1
-3.4919829 2.6227608 0.53120351 2
nan nan nan 0
nan nan nan 0
nan nan nan 0
nan nan nan 0
nan nan nan 0
nan nan nan 0
nan nan nan 0
nan nan nan 0
nan nan nan 0
nan nan nan 0
-2.3950522 2.6072822 0.8086496 73
-3.4487216 2.5838649 1.1437821 37
-2.3877897 2.5984838 0.55277711 8
-3.449028 2.5924957 0.83118021 8
-2.5158546 2.7380066 0.32225835 1
-3.4675689 2.613935 0.52816105 2
nan nan nan 0
nan nan nan 0
nan nan nan 0
nan nan nan 0
nan nan nan 0
nan nan nan 0
nan nan nan 0
nan nan nan 0
nan nan nan 0
nan nan nan 0
-2.3759985 2.6147912 0.80696374 62
-3.415879 2.5873263 1.1373202 38
-2.370831 2.607295 0.55199581 8
-3.4119394 2.5927258 0.82546109 8
-2.5098565 2.7603593 0.32334781 1
-3.4340835 2.6170356 0.52511871 2
nan nan nan 0
nan nan nan 0
nan nan nan 0
nan nan nan 0
nan nan nan 0
nan nan nan 0
nan nan nan 0
nan nan nan 0
nan nan nan 0
nan nan nan 0
-2.3800607 2.6275518 0.8097735 60
-3.3882678 2.5757706 1.1295657 38
-2.3795333 2.6260748 0.55512106 8
-3.3859262 2.582329 0.8202185 8
-2.5000212 2.7591965 0.32269412 1
-3.4137299 2.6109819 0.52268481 2
nan nan nan 0
nan nan nan 0
nan nan nan 0
nan nan nan 0
nan nan nan 0
nan nan nan 0
nan nan nan 0
nan nan nan 0
nan nan nan 0
nan nan nan 0
-2.372308 2.6476512 0.81202132 59
-3.3555701 2.5787809 1.1231036 38
-2.3690455 2.6421764 0.55590236 8
-3.356797 2.5880513 0.81640577 9
-2.4905245 2.7778141 0.32334781 1
-3.3842947 2.6166945 0.52025086 2
nan nan nan 0
nan nan nan 0
nan nan nan 0
nan nan nan 0
nan nan nan 0
nan nan nan 0
nan nan nan 0
nan nan nan 0
nan nan nan 0
nan nan nan 0
-2.3746333 2.6586452 0.81426913 38
-3.3280969 2.5669596 1.1153493 38
-2.3710077 2.653676 0.55746496 8
-3.3309073 2.5774088 0.81116331 9
-2.4790392 2.7747245 0.32247624 1
-3.3601022 2.6074052 0.51720846 2
nan nan nan 0
nan nan nan 0
nan nan nan 0
nan nan nan 0
nan nan nan 0
nan nan nan 0
nan nan nan 0
nan nan nan 0
nan nan nan 0
nan nan nan 0
-4.5411515 5.142633 1.5745908 29
-3.2993612 2.5724871 1.1101797 38
-4.5801172 5.1831627 1.0887561 1
-3.3057578 2.5857542 0.80830365 9
nan nan nan 0
-3.3229551 2.6066098 0.51355755 2
nan nan nan 0
nan nan nan 0
nan nan nan 0
nan nan nan 0
nan nan nan 0
nan nan nan 0
nan nan nan 0
nan nan nan 0
nan nan nan 0
nan nan nan 0
-4.5024962 5.1150098 1.5639137 30
-3.2739265 2.5618935 1.1030713 40
-4.5253859 5.1392465 1.0778177 4
-3.2819192 2.5763869 0.80353767 9
nan nan nan 0
-3.2949841 2.5940115 0.50990671 2
nan nan nan 0
nan nan nan 0
nan nan nan 0
nan nan nan 0
nan nan nan 0
nan nan nan 0
nan nan nan 0
nan nan nan 0
nan nan nan 0
nan nan nan 0
-4.4587641 5.1209192 1.5582942 30
-3.2415099 2.5640392 1.0966092 39
-4.4821987 5.144249 1.0739112 4
-3.2433712 2.5737319 0.797342 10
nan nan nan 0
-3.2580369 2.5927119 0.50625581 2
nan nan nan 0
nan nan nan 0
nan nan nan 0
nan nan nan 0
nan nan nan 0
nan nan nan 0
nan nan nan 0
nan nan nan 0
nan nan nan 0
nan nan nan 0
-4.4299631 5.1039939 1.5509888 29
-3.219991 2.5561976 1.0907934 41
-4.4570298 5.1334138 1.0700046 4
-3.2215812 2.5656478 0.79305267 10
nan nan nan 0
-3.2399225 2.5875697 0.50412613 2
nan nan nan 0
nan nan nan 0
nan nan nan 0
nan nan nan 0
nan nan nan 0
nan nan nan 0
nan nan nan 0
nan nan nan 0
nan nan nan 0
nan nan nan 0
-4.3816624 5.1038537 1.5436834 29
-3.1877098 2.5579293 1.0843313 42
-4.412396 5.1360722 1.0657073 5
-3.1813157 2.560966 0.78638035 10
nan nan nan 0
-3.2089372 2.5904894 0.50138795 2
nan nan nan 0
nan nan nan 0
nan nan nan 0
nan nan nan 0
nan nan nan 0
nan nan nan 0
nan nan nan 0
nan nan nan 0
nan nan nan 0
nan nan nan 0
-4.3609724 5.0959201 1.5391878 33
-3.1644142 2.5483632 1.0778694 42
-4.385767 5.123127 1.0614102 6
-3.1615555 2.5541937 0.78256762 11
nan nan nan 0
-3.1793237 2.5758071 0.49743286 2
nan nan nan 0
nan nan nan 0
nan nan nan 0
nan nan nan 0
nan nan nan 0
nan nan nan 0
nan nan nan 0
nan nan nan 0
nan nan nan 0
nan nan nan 0
-4.338057 5.12502 1.5408736 33
-3.1379044 2.5542395 1.0733459 42
-4.3556914 5.142251 1.0606289 7
-3.1310143 2.5567615 0.77827823 12
nan nan nan 0
-3.1484993 2.5782886 0.49469468 2
nan nan nan 0
nan nan nan 0
nan nan nan 0
nan nan nan 0
nan nan nan 0
nan nan nan 0
nan nan nan 0
nan nan nan 0
nan nan nan 0
nan nan nan 0
-4.3394241 5.1430016 1.5442454 33
-3.1109774 2.5414038 1.0655915 44
-4.3626313 5.1687193 1.0645355 7
-3.1132481 2.5513482 0.7749421 12
nan nan nan 0
-3.11713 2.5617523 0.49043527 2
nan nan nan 0
nan nan nan 0
nan nan nan 0
nan nan nan 0
nan nan nan 0
nan nan nan 0
nan nan nan 0
nan nan nan 0
nan nan nan 0
nan nan nan 0
-4.3286982 5.1869831 1.5504268 33
-3.0845795 2.5469093 1.0610681 43
-4.3481665 5.2066569 1.0676607 9
-3.079037 2.5504174 0.76969957 13
nan nan nan 0
-3.0883894 2.5653715 0.48800135 2
nan nan nan 0
nan nan nan 0
nan nan nan 0
nan nan nan 0
nan nan nan 0
nan nan nan 0
nan nan nan 0
nan nan nan 0
nan nan nan 0
nan nan nan 0
-4.3330035 5.2087617 1.5549225 33
-3.0559318 2.5322852 1.0526673 44
-4.3548617 5.233223 1.0715673 8
-3.0575793 2.5416875 0.76541018 14
nan nan nan 0
-3.0591056 2.5501306 0.48404625 2
nan nan nan 0
nan nan nan 0
nan nan nan 0
nan nan nan 0
nan nan nan 0
nan nan nan 0
nan nan nan 0
nan nan nan 0
nan nan nan 0
nan nan nan 0
-4.3202305 5.2509446 1.560542 33
-3.0315115 2.5389605 1.0487901 45
-4.3399534 5.2712069 1.0746925 8
-3.0329444 2.5482032 0.76255065 16
nan nan nan 0
-3.0381134 2.5597262 0.4828293 2
nan nan nan 0
nan nan nan 0
nan nan nan 0
nan nan nan 0
nan nan nan 0
nan nan nan 0
nan nan nan 0
nan nan nan 0
nan nan nan 0
nan nan nan 0
-4.3351407 5.285985 1.5689713 34
-3.0067194 2.5271785 1.0416819 45
-4.3448377 5.2959585 1.0782083 10
-3.0115898 2.5392747 0.75826132 17
nan nan nan 0
-3.0146744 2.5490251 0.47978687 2
nan nan nan 0
nan nan nan 0
nan nan nan 0
nan nan nan 0
nan nan nan 0
nan nan nan 0
nan nan nan 0
nan nan nan 0
nan nan nan 0
nan nan nan 0
-4.3187499 5.3245015 1.5734669 43
-2.9805489 2.5319574 1.0371584 44
-4.3263826 5.3301415 1.0805523 16
-2.9889042 2.5470603 0.75587833 18
nan nan nan 0
-2.9899569 2.5551155 0.47796145 2
nan nan nan 0
nan nan nan 0
nan nan nan 0
nan nan nan 0
nan nan nan 0
nan nan nan 0
nan nan nan 0
nan nan nan 0
nan nan nan 0
nan nan nan 0
-4.3149734 5.3369627 1.5751528 48
-2.9540491 2.5183804 1.0294039 46
-4.3263869 5.3492064 1.0828962 22
-2.9620504 2.5331588 0.7501592 19
nan nan nan 0
-2.9666381 2.544198 0.47491905 2
nan nan nan 0
nan nan nan 0
nan nan nan 0
nan nan nan 0
nan nan nan 0
nan nan nan 0
nan nan nan 0
nan nan nan 0
nan nan nan 0
nan nan nan 0
-4.2723479 5.3431034 1.5700952 34
-2.9280021 2.5227938 1.0248805 46
-4.2844396 5.3544297 1.0793803 16
-2.9320188 2.5342095 0.74586982 20
nan nan nan 0
-2.9363828 2.545089 0.47218087 2
nan nan nan 0
nan nan nan 0
nan nan nan 0
nan nan nan 0
nan nan nan 0
nan nan nan 0
-0.14721596 0.18153244 -0.038604125 5
nan nan nan 0
nan nan nan 0
nan nan nan 0
-4.2472539 5.3288493 1.5639137 32
-2.907136 2.5137038 1.0190647 48
-4.2683272 5.3514986 1.077427 14
-2.9108887 2.5248702 0.74158049 20
-3.1071813 3.8962765 0.43294615 1
-2.91926 2.538316 0.4700512 3
nan nan nan 0
nan nan nan 0
nan nan nan 0
nan nan nan 0
nan nan nan 0
nan nan nan 0
nan nan nan 0
nan nan nan 0
nan nan nan 0
nan nan nan 0
-4.1996922 5.3261409 1.5566083 31
-2.8816307 2.5172791 1.0145413 49
-4.2173133 5.3446908 1.0715673 16
-2.8851383 2.5282645 0.73824435 22
-3.0982158 3.925642 0.43447137 1
-2.8872707 2.5372086 0.4670088 3
nan nan nan 0
nan nan nan 0
nan nan nan 0
nan nan nan 0
nan nan nan 0
nan nan nan 0
nan nan nan 0
nan nan nan 0
nan nan nan 0
nan nan nan 0
-4.1783547 5.3181353 1.5521127 31
-2.8590534 2.5064068 1.0080792 49
-4.1942472 5.334569 1.0680513 17
-2.8655226 2.520849 0.73443156 22
-3.0759721 3.9114616 0.43229249 1
-2.8716595 2.5324097 0.46518338 3
nan nan nan 0
nan nan nan 0
nan nan nan 0
nan nan nan 0
nan nan nan 0
nan nan nan 0
nan nan nan 0
nan nan nan 0
nan nan nan 0
nan nan nan 0
-4.1271091 5.3118038 1.5436834 30
-2.8345947 2.5122414 1.004202 49
-4.1441112 5.3298869 1.0625821 18
-2.8431039 2.5276759 0.73204863 23
-3.0486517 3.9201806 0.43142092 1
-2.8393743 2.5314188 0.46214095 3
nan nan nan 0
nan nan nan 0
nan nan nan 0
nan nan nan 0
nan nan nan 0
nan nan nan 0
nan nan nan 0
nan nan nan 0
nan nan nan 0
nan nan nan 0
-4.1098142 5.3067217 1.5403117 31
-2.8175602 2.505965 0.99967855 50
-4.1242204 5.3234444 1.0598476 18
-2.8203559 2.5163178 0.72728264 23
-3.0052118 3.8782349 0.42619157 1
-2.8219929 2.5248044 0.46001127 3
nan nan nan 0
nan nan nan 0
nan nan nan 0
nan nan nan 0
nan nan nan 0
nan nan nan 0
-0.14884672 0.18964934 -0.040033907 4
nan nan nan 0
nan nan nan 0
nan nan nan 0
-4.064755 5.307601 1.5341302 31
-2.7846212 2.502949 0.99257034 46
-4.0782723 5.3214417 1.0551597 19
-2.7870708 2.5129976 0.72204012 24
-2.9742634 3.8800764 0.42466635 1
-2.7866232 2.5196016 0.4563604 3
nan nan nan 0
nan nan nan 0
nan nan nan 0
nan nan nan 0
nan nan nan 0
nan nan nan 0
nan nan nan 0
nan nan nan 0
nan nan nan 0
nan nan nan 0
-4.0475473 5.3023586 1.5307585 31
-2.7640908 2.4932673 0.98675448 46
-4.053998 5.3089218 1.0512532 20
-2.7717497 2.507992 0.71918052 25
-2.9523778 3.8654637 0.42248747 1
-2.7656641 2.5094743 0.45362222 3
nan nan nan 0
nan nan nan 0
nan nan nan 0
nan nan nan 0
nan nan nan 0
nan nan nan 0
nan nan nan 0
nan nan nan 0
nan nan nan 0
nan nan nan 0
-4.0041294 5.3047333 1.525139 31
-2.7438509 2.5012069 0.98416966 52
-4.0172181 5.3182507 1.0489092 21
-2.7477009 2.512547 0.71632099 26
-2.9005864 3.839128 0.4179118 1
-2.7433321 2.5155468 0.45210102 3
nan nan nan 0
nan nan nan 0
nan nan nan 0
nan nan nan 0
nan nan nan 0
nan nan nan 0
nan nan nan 0
nan nan nan 0
nan nan nan 0
nan nan nan 0
-3.9738321 5.2818112 1.5167097 31
-2.7198582 2.4880857 0.97706145 52
-3.9930868 5.3055205 1.0450027 22
-2.7233989 2.4991114 0.71107846 26
-2.8998694 3.8521457 0.41878334 1
-2.726141 2.5085847 0.44997135 3
nan nan nan 0
nan nan nan 0
nan nan nan 0
nan nan nan 0
nan nan nan 0
nan nan nan 0
nan nan nan 0
nan nan nan 0
nan nan nan 0
nan nan nan 0
-3.9364762 5.2915049 1.5133381 32
-2.697916 2.494107 0.9738304 52
-3.9519868 5.308526 1.0414867 22
-2.6976652 2.5016708 0.70774227 27
-2.8647938 3.8472953 0.41660443 1
-2.7020535 2.5126991 0.4481459 3
nan nan nan 0
nan nan nan 0
nan nan nan 0
nan nan nan 0
-0.14219633 0.18826659 -0.024643462 5
nan nan nan 0
nan nan nan 0
nan nan nan 0
nan nan nan 0
nan nan nan 0
-3.9180064 5.2839808 1.5094043 32
-2.6776059 2.4840496 0.96801454 50
-3.9338923 5.3035131 1.0391428 23
-2.6789057 2.4930182 0.70392954 28
-2.8224792 3.8042724 0.41137511 1
-2.6758685 2.4971223 0.44449502 3
nan nan nan 0
nan nan nan 0
nan nan nan 0
nan nan nan 0
nan nan nan 0
nan nan nan 0
nan nan nan 0
nan nan nan 0
nan nan nan 0
nan nan nan 0
-3.8706434 5.2795568 1.5020989 31
-2.6469233 2.4815402 0.9615525 50
-3.8841677 5.294168 1.033283 23
-2.647917 2.4902203 0.69916362 28
-2.7612875 3.7627628 0.40527421 1
-2.648298 2.4974971 0.4420611 3
nan nan nan 0
nan nan nan 0
nan nan nan 0
nan nan nan 0
nan nan nan 0
nan nan nan 0
nan nan nan 0
nan nan nan 0
nan nan nan 0
nan nan nan 0
-3.8551624 5.275794 1.4992893 30
-2.6320217 2.4762406 0.95767528 51
-3.8632681 5.2849874 1.0301578 23
-2.6274843 2.4796987 0.69487429 28
-2.7018266 3.6951799 0.39743018 1
-2.631304 2.4901915 0.43993142 3
nan nan nan 0
nan nan nan 0
nan nan nan 0
nan nan nan 0
nan nan nan 0
nan nan nan 0
nan nan nan 0
nan nan nan 0
nan nan nan 0
nan nan nan 0
-2.4190943 3.3472264 0.94464207 5
-2.6032484 2.4750316 0.95185941 45
nan nan nan 0
-2.6109085 2.4900391 0.69392109 29
-2.65327 3.6689024 0.3930724 1
-2.6038656 2.4902327 0.4374975 3
nan nan nan 0
nan nan nan 0
nan nan nan 0
nan nan nan 0
nan nan nan 0
nan nan nan 0
nan nan nan 0
nan nan nan 0
nan nan nan 0
nan nan nan 0
-2.4081419 3.3431134 0.94239432 47
-2.5901775 2.471247 0.94862837 53
-2.4167793 3.3539116 0.64848769 24
-2.5905817 2.4793406 0.6896317 30
nan nan nan 0
-2.5833828 2.4793301 0.43475935 3
nan nan nan 0
nan nan nan 0
nan nan nan 0
nan nan nan 0
nan nan nan 0
nan nan nan 0
nan nan nan 0
nan nan nan 0
nan nan nan 0
nan nan nan 0
-2.3815458 3.3441842 0.93902254 61
-2.5615358 2.4697094 0.94281256 48
-2.3891597 3.3524389 0.64575303 36
-2.5616684 2.4775362 0.68534243 31
-2.400811 3.368814 0.35886377 2
-2.5632319 2.4859214 0.43354237 3
nan nan nan 0
nan nan nan 0
nan nan nan 0
nan nan nan 0
nan nan nan 0
nan nan nan 0
nan nan nan 0
nan nan nan 0
nan nan nan 0
nan nan nan 0
-2.3636081 3.3300364 0.93396497 55
-2.5485327 2.4657915 0.93958157 52
-2.3704472 3.3384774 0.64223719 37
-2.5502875 2.4751754 0.68343604 32
-2.3790774 3.3506544 0.35646698 2
-2.5428653 2.4748354 0.43080422 3
nan nan nan 0
nan nan nan 0
nan nan nan 0
nan nan nan 0
nan nan nan 0
nan nan nan 0
nan nan nan 0
nan nan nan 0
nan nan nan 0
nan nan nan 0
-2.3329718 3.3248234 0.92890739 62
-2.5252128 2.4689851 0.93570429 46
-2.3373356 3.3286068 0.63793993 38
-2.5267665 2.4781978 0.68057644 33
-2.3629313 3.3651042 0.35668486 2
-2.5281005 2.4863782 0.43049997 3
nan nan nan 0
nan nan nan 0
nan nan nan 0
nan nan nan 0
nan nan nan 0
nan nan nan 0
nan nan nan 0
nan nan nan 0
nan nan nan 0
nan nan nan 0
-2.3193758 3.3165023 0.92553568 63
-2.5053649 2.4581864 0.92988843 45
-2.3272786 3.3266091 0.63676798 44
-2.5084267 2.4688504 0.67676371 33
-2.3427875 3.3488097 0.35450599 2
-2.5113788 2.4786012 0.4283703 3
nan nan nan 0
nan nan nan 0
nan nan nan 0
nan nan nan 0
nan nan nan 0
nan nan nan 0
nan nan nan 0
nan nan nan 0
nan nan nan 0
nan nan nan 0
-2.3055506 3.3350163 0.9272216 81
-2.4770048 2.4559875 0.92407262 44
-2.3028092 3.3285925 0.63481474 62
-2.4763005 2.4629383 0.67152119 34
-2.3252213 3.3610308 0.35450599 3
-2.4895704 2.4829667 0.4268491 3
nan nan nan 0
nan nan nan 0
nan nan nan 0
nan nan nan 0
nan nan nan 0
nan nan nan 0
nan nan nan 0
nan nan nan 0
nan nan nan 0
nan nan nan 0
-2.3003092 3.3386335 0.9272216 76
-2.462429 2.4501004 0.9201954 44
-2.3053982 3.3448091 0.63715863 59
-2.4650407 2.460331 0.66961473 35
-2.3151143 3.3589301 0.35385233 3
-2.4711838 2.4732833 0.42441517 3
nan nan nan 0
nan nan nan 0
nan nan nan 0
nan nan nan 0
nan nan nan 0
nan nan nan 0
nan nan nan 0
nan nan nan 0
nan nan nan 0
nan nan nan 0
-2.2876928 3.3590865 0.92946935 58
-2.4376297 2.4509895 0.915672 49
-2.2878532 3.3568342 0.63715863 45
-2.4400132 2.4610207 0.6662786 36
-2.2946918 3.3668888 0.35341653 2
-2.4494653 2.4773769 0.42289397 3
nan nan nan 0
nan nan nan 0
nan nan nan 0
nan nan nan 0
nan nan nan 0
nan nan nan 0
nan nan nan 0
nan nan nan 0
nan nan nan 0
nan nan nan 0
-2.2988193 3.3868706 0.93621284 58
-2.4231343 2.444962 0.91179472 43
-2.2944667 3.379214 0.64067453 44
-2.4236243 2.4530711 0.66294247 33
-2.2958024 3.3811939 0.35450599 2
-2.4294426 2.4657605 0.42015579 3
nan nan nan 0
nan nan nan 0
nan nan nan 0
nan nan nan 0
nan nan nan 0
nan nan nan 0
nan nan nan 0
nan nan nan 0
nan nan nan 0
nan nan nan 0
-2.2858858 3.4073532 0.93846059 71
-2.3984458 2.4455624 0.90727133 44
-2.2877455 3.4075873 0.64379978 52
-2.4021571 2.456965 0.66055948 35
-2.2933269 3.41592 0.35690275 3
-2.4112949 2.473124 0.41924307 4
nan nan nan 0
nan nan nan 0
nan nan nan 0
nan nan nan 0
nan nan nan 0
nan nan nan 0
nan nan nan 0
nan nan nan 0
nan nan nan 0
nan nan nan 0
-2.2954142 3.4332225 0.94464207 94
-2.4060061 2.4618189 0.91179472 69
-2.2927694 3.4279997 0.64692503 73
-2.4047251 2.4681759 0.66246587 51
-2.3136508 3.4592619 0.36104268 3
-2.4294846 2.5004354 0.42319819 4
nan nan nan 0
nan nan nan 0
nan nan nan 0
nan nan nan 0
nan nan nan 0
nan nan nan 0
nan nan nan 0
nan nan nan 0
nan nan nan 0
nan nan nan 0
-2.2848573 3.4577894 0.94801378 95
-2.3981271 2.4795842 0.91373336 77
-2.2829559 3.4523196 0.64926893 94
-2.3951802 2.4842618 0.66341907 55
-2.3037431 3.4837964 0.36234999 3
-2.4077477 2.5041893 0.42167699 4
nan nan nan 0
nan nan nan 0
nan nan nan 0
nan nan nan 0
nan nan nan 0
nan nan nan 0
nan nan nan 0
nan nan nan 0
nan nan nan 0
nan nan nan 0
-2.2754066 3.4552691 0.94632798 93
-2.4072216 2.497659 0.91890299 77
-2.2755692 3.4542358 0.64887828 85
-2.3993537 2.4972758 0.665802 56
-2.2976592 3.4878118 0.36234999 3
-2.4102499 2.5155458 0.42289397 4
nan nan nan 0
nan nan nan 0
nan nan nan 0
nan nan nan 0
nan nan nan 0
nan nan nan 0
nan nan nan 0
nan nan nan 0
nan nan nan 0
nan nan nan 0
-2.2460561 3.4511912 0.94183236 81
-2.3941109 2.5102289 0.91890299 75
-2.2493718 3.4536853 0.64653432 72
-2.3947117 2.5186861 0.668185 59
-2.2617085 3.472657 0.35951746 3
-2.4038844 2.5353253 0.42411092 4
nan nan nan 0
nan nan nan 0
nan nan nan 0
nan nan nan 0
nan nan nan 0
nan nan nan 0
nan nan nan 0
nan nan nan 0
nan nan nan 0
nan nan nan 0
-2.2353334 3.446537 0.93958449 84
-2.3997226 2.5248935 0.92278022 75
-2.2393112 3.4513898 0.64536244 71
-2.393693 2.5264206 0.66913819 61
-2.2461622 3.4619701 0.35799223 3
-2.4045753 2.5449212 0.42502365 4
nan nan nan 0
nan nan nan 0
nan nan nan 0
nan nan nan 0
nan nan nan 0
nan nan nan 0
nan nan nan 0
nan nan nan 0
nan nan nan 0
nan nan nan 0
-2.2061453 3.4421687 0.93508887 76
-2.3964109 2.547966 0.9266575 74
-2.2145483 3.4526715 0.64340913 71
-2.3921983 2.5514359 0.67247432 62
-2.22263 3.4652956 0.35712066 3
-2.3963084 2.5629077 0.42593637 4
nan nan nan 0
nan nan nan 0
nan nan nan 0
nan nan nan 0
nan nan nan 0
nan nan nan 0
nan nan nan 0
nan nan nan 0
nan nan nan 0
nan nan nan 0
-2.1928737 3.4333084 0.93171722 76
-2.4018831 2.5627041 0.93053466 77
-2.199219 3.4419618 0.64067453 72
-2.3944526 2.5627713 0.67438072 62
-2.2071989 3.4544749 0.35559544 3
-2.3901377 2.5652728 0.42563212 4
nan nan nan 0
nan nan nan 0
nan nan nan 0
nan nan nan 0
nan nan nan 0
nan nan nan 0
nan nan nan 0
nan nan nan 0
nan nan nan 0
nan nan nan 0
-2.1703682 3.4389403 0.9300313 76
-2.391721 2.5787821 0.93182713 78
-2.1719434 3.4388111 0.63793993 68
-2.3876748 2.5824728 0.67628711 63
-2.1864228 3.461771 0.35515964 3
-2.3901484 2.5923297 0.42806605 4
nan nan nan 0
nan nan nan 0
nan nan nan 0
nan nan nan 0
nan nan nan 0
nan nan nan 0
nan nan nan 0
nan nan nan 0
nan nan nan 0
nan nan nan 0
-2.15978 3.4340947 0.92778355 75
-2.3954239 2.5918095 0.93505806 85
-2.160682 3.4342339 0.63637727 69
-2.3831639 2.5866361 0.67628711 74
-2.1711006 3.4508221 0.35363442 3
-2.3889828 2.6001475 0.42867455 4
nan nan nan 0
nan nan nan 0
nan nan nan 0
nan nan nan 0
nan nan nan 0
nan nan nan 0
nan nan nan 0
nan nan nan 0
nan nan nan 0
nan nan nan 0
-2.1373136 3.4395206 0.92609763 83
-2.3785563 2.6007566 0.93376571 74
-2.1374588 3.4371104 0.63481474 72
-2.3778665 2.6081359 0.67867005 58
-2.1516883 3.460027 0.35341653 3
-2.3803506 2.6181221 0.42958724 4
nan nan nan 0
nan nan nan 0
nan nan nan 0
nan nan nan 0
nan nan nan 0
nan nan nan 0
nan nan nan 0
nan nan nan 0
nan nan nan 0
nan nan nan 0
-2.1229379 3.4283719 0.92216402 75
-2.3789005 2.6102524 0.93570429 59
-2.1223612 3.4261372 0.63208014 73
-2.3700056 2.6086535 0.67771685 47
-2.1338515 3.4447172 0.35145551 3
-2.3757775 2.6222725 0.42958724 3
nan nan nan 0
nan nan nan 0
nan nan nan 0
nan nan nan 0
nan nan nan 0
nan nan nan 0
nan nan nan 0
nan nan nan 0
nan nan nan 0
nan nan nan 0
-2.1005468 3.4335718 0.92047811 82
-2.3635812 2.6208811 0.93505806 53
-2.0992393 3.4287767 0.63051748 73
-2.3628867 2.6283188 0.67962325 45
-2.1118877 3.4494689 0.35080189 3
-2.3620148 2.6346762 0.42958724 3
nan nan nan 0
nan nan nan 0
nan nan nan 0
nan nan nan 0
nan nan nan 0
nan nan nan 0
nan nan nan 0
nan nan nan 0
nan nan nan 0
nan nan nan 0
-2.0862815 3.4223032 0.91654444 79
-2.3654695 2.632179 0.93764287 50
-2.0919669 3.4303265 0.63012683 78
-2.3615758 2.6360903 0.68057644 44
-2.1019766 3.4467688 0.3501482 3
-2.3656905 2.6480365 0.43110847 3
nan nan nan 0
nan nan nan 0
nan nan nan 0
nan nan nan 0
nan nan nan 0
nan nan nan 0
nan nan nan 0
nan nan nan 0
nan nan nan 0
nan nan nan 0
-2.062712 3.4251914 0.91429669 80
-2.3645127 2.6589489 0.94281256 43
-2.0637884 3.424309 0.62700158 75
-2.3705659 2.6741004 0.68724877 38
-2.0723395 3.4385247 0.34818718 3
-2.3600223 2.6696723 0.43262964 2
nan nan nan 0
nan nan nan 0
nan nan nan 0
nan nan nan 0
nan nan nan 0
nan nan nan 0
nan nan nan 0
nan nan nan 0
nan nan nan 0
nan nan nan 0
-2.0498142 3.4158907 0.91092491 83
-2.3646805 2.6684883 0.9447512 8
-2.0565386 3.4257882 0.62661093 76
-4.5576415 5.1529403 1.3292211 24
-2.0650544 3.4400003 0.34796929 3
-4.5400372 5.1474628 0.83726919 1
nan nan nan 0
nan nan nan 0
nan nan nan 0
nan nan nan 0
nan nan nan 0
nan nan nan 0
nan nan nan 0
nan nan nan 0
nan nan nan 0
nan nan nan 0
-2.0250969 3.4164505 0.90811521 83
-4.4985538 5.1239905 1.8151889 27
-2.0310206 3.4237633 0.62426698 82
-4.4869266 5.1268997 1.316353 27
-2.0368574 3.4336255 0.34622619 3
-4.4934287 5.1487417 0.83361834 2
nan nan nan 0
nan nan nan 0
nan nan nan 0
nan nan nan 0
nan nan nan 0
nan nan nan 0
nan nan nan 0
nan nan nan 0
nan nan nan 0
nan nan nan 0
-2.0197279 3.4196274 0.90811521 89
-4.4689155 5.1082182 1.8067881 28
-2.0237865 3.4251761 0.62387633 81
-4.4634428 5.1180863 1.3120637 27
-2.0270638 3.4307408 0.34557253 4
-4.4518442 5.1191506 0.82753348 2
nan nan nan 0
nan nan nan 0
nan nan nan 0
nan nan nan 0
nan nan nan 0
nan nan nan 0
nan nan nan 0
nan nan nan 0
nan nan nan 0
nan nan nan 0
-1.9938376 3.4178767 0.90474349 85
-4.4199619 5.1059999 1.7977413 29
-1.997117 3.4207945 0.62114179 78
-4.4205379 5.1228175 1.3072978 27
-2.0040543 3.4327018 0.34470096 4
-4.4152608 5.1311107 0.82570809 3
nan nan nan 0
nan nan nan 0
nan nan nan 0
nan nan nan 0
nan nan nan 0
nan nan nan 0
nan nan nan 0
nan nan nan 0
nan nan nan 0
nan nan nan 0
-1.9811273 3.4083641 0.90137172 85
-4.3968349 5.0972571 1.7919254 28
-1.9886631 3.4200044 0.62036049 78
-4.3875704 5.1026287 1.3001488 27
-1.9905546 3.4232731 0.34339362 4
-4.3982162 5.129396 0.82418686 3
nan nan nan 0
nan nan nan 0
nan nan nan 0
nan nan nan 0
nan nan nan 0
nan nan nan 0
nan nan nan 0
nan nan nan 0
nan nan nan 0
nan nan nan 0
-1.9614457 3.4169197 0.90080976 87
-4.3543954 5.1018505 1.7854635 29
-1.9608964 3.4132364 0.61723518 76
-4.3496523 5.1124554 1.2968127 30
-1.9688845 3.4271684 0.34273997 4
-4.3488059 5.1258788 0.81992751 3
nan nan nan 0
nan nan nan 0
nan nan nan 0
nan nan nan 0
nan nan nan 0
nan nan nan 0
nan nan nan 0
nan nan nan 0
nan nan nan 0
nan nan nan 0
-1.9476169 3.4051905 0.89687616 83
-4.3470502 5.1112814 1.7861096 33
-1.9512603 3.4102223 0.61606324 77
-4.3423109 5.1219101 1.2972893 32
-1.9579566 3.4219506 0.3418684 4
-4.3606963 5.158082 0.82388264 4
nan nan nan 0
nan nan nan 0
nan nan nan 0
nan nan nan 0
nan nan nan 0
nan nan nan 0
nan nan nan 0
nan nan nan 0
nan nan nan 0
nan nan nan 0
-1.9255737 3.4093132 0.89519024 83
-4.3280087 5.1432061 1.7893406 32
-1.9285215 3.4117911 0.61450064 79
-4.3217473 5.1520929 1.2991956 31
-1.9375638 3.4278181 0.34143263 4
-4.3384085 5.1865501 0.82479531 4
nan nan nan 0
nan nan nan 0
nan nan nan 0
nan nan nan 0
nan nan nan 0
nan nan nan 0
nan nan nan 0
nan nan nan 0
nan nan nan 0
nan nan nan 0
-1.9130542 3.3995924 0.89181858 81
-4.3345556 5.1692467 1.7958027 32
-1.9201435 3.4108474 0.61371934 80
-4.3300757 5.1803284 1.3044381 31
-1.9218124 3.4138279 0.33968949 4
-4.3388906 5.2055449 0.82662082 4
nan nan nan 0
nan nan nan 0
nan nan nan 0
nan nan nan 0
nan nan nan 0
nan nan nan 0
nan nan nan 0
nan nan nan 0
nan nan nan 0
nan nan nan 0
-1.8910862 3.4035032 0.89013267 84
-4.31669 5.2030168 1.7996799 32
-1.8938648 3.4057438 0.61098474 79
-4.3232412 5.2275014 1.3106339 31
-1.9027022 3.4216666 0.33947161 5
-4.3257957 5.2454123 0.82935899 4
nan nan nan 0
nan nan nan 0
nan nan nan 0
nan nan nan 0
nan nan nan 0
nan nan nan 0
nan nan nan 0
nan nan nan 0
nan nan nan 0
nan nan nan 0
-1.8810228 3.3979421 0.88788486 80
-4.3183837 5.2235651 1.8042034 33
-1.8807464 3.3960798 0.60864079 80
-4.3219218 5.2445035 1.3130169 31
-1.8894942 3.4119065 0.33816427 8
-4.3276706 5.2663665 0.83148867 4
nan nan nan 0
nan nan nan 0
nan nan nan 0
nan nan nan 0
nan nan nan 0
nan nan nan 0
nan nan nan 0
nan nan nan 0
nan nan nan 0
nan nan nan 0
-1.8556075 3.3952408 0.8845132 82
-4.3078065 5.2666559 1.8113116 33
-1.8593869 3.3993797 0.60746884 81
-4.3161311 5.2936749 1.3196892 33
-1.8668274 3.4130108 0.33729273 8
-4.3172698 5.3101215 0.83483523 5
nan nan nan 0
nan nan nan 0
nan nan nan 0
nan nan nan 0
nan nan nan 0
nan nan nan 0
nan nan nan 0
nan nan nan 0
nan nan nan 0
nan nan nan 0
-1.8456163 3.3895912 0.88226539 88
-4.3169322 5.2966185 1.819066 37
-1.8510908 3.3982818 0.60668755 83
-4.3223734 5.3202372 1.3244551 38
-1.8549163 3.4053257 0.33620328 33
-4.3220649 5.3349919 0.83757341 5
-1.9082364 3.5033379 0.069024265 1
nan nan nan 0
nan nan nan 0
nan nan nan 0
nan nan nan 0
nan nan nan 0
nan nan nan 0
nan nan nan 0
nan nan nan 0
nan nan nan 0
-1.8249456 3.3952348 0.88114142 88
-4.3027954 5.3360596 1.8248819 49
-1.8285972 3.3992267 0.60512489 84
-4.3067679 5.3580909 1.3282678 47
-1.8323456 3.4062157 0.33533171 49
-4.3018379 5.3672252 0.83909464 6
-1.8815851 3.4978681 0.068718851 1
nan nan nan 0
nan nan nan 0
nan nan nan 0
nan nan nan 0
nan nan nan 0
nan nan nan 0
nan nan nan 0
nan nan nan 0
nan nan nan 0
-1.8150144 3.3895049 0.87889361 85
-4.2843919 5.3322721 1.8210047 38
-1.8180017 3.3937044 0.6035623 84
-4.28052 5.3445396 1.3230253 35
-1.8181729 3.3940372 0.33380648 58
-4.2754164 5.3534083 0.83574802 4
-1.8577881 3.4680872 0.068064377 2
nan nan nan 0
nan nan nan 0
nan nan nan 0
nan nan nan 0
nan nan nan 0
nan nan nan 0
nan nan nan 0
nan nan nan 0
nan nan nan 0
-1.7921 3.3906584 0.87664586 87
-4.2353568 5.3281789 1.8119577 31
-1.7979003 3.3988101 0.60278094 84
-4.2295961 5.3380418 1.3158764 30
-1.8015405 3.4057128 0.3340244 72
-4.2319312 5.3562603 0.83270556 4
-1.8279268 3.4556663 0.067628071 2
nan nan nan 0
nan nan nan 0
nan nan nan 0
nan nan nan 0
nan nan nan 0
nan nan nan 0
nan nan nan 0
nan nan nan 0
nan nan nan 0
-1.7799685 3.3805332 0.87327415 83
-4.2080421 5.3128572 1.8042034 30
-1.7885165 3.3953872 0.60160899 85
-4.208097 5.3300142 1.3120637 30
-1.7874765 3.3934236 0.33249915 75
-4.205678 5.3422027 0.82935899 4
-1.8102542 3.4367299 0.067191757 2
nan nan nan 0
-1.8609258 3.534538 -0.20751205 1
nan nan nan 0
nan nan nan 0
nan nan nan 0
nan nan nan 0
nan nan nan 0
nan nan nan 0
nan nan nan 0
-1.756041 3.3793032 0.87046438 84
-4.1712208 5.3234172 1.8003261 31
-1.7627457 3.3893661 0.59887445 84
-4.1589642 5.3249116 1.3053913 30
-1.7685361 3.4005263 0.33228126 77
-4.166966 5.3504529 0.82722926 4
-1.7887779 3.4395068 0.067060865 2
nan nan nan 0
-1.8239861 3.5087824 -0.20541862 1
nan nan nan 0
nan nan nan 0
nan nan nan 0
nan nan nan 0
nan nan nan 0
nan nan nan 0
nan nan nan 0
-1.7473744 3.3755658 0.86877853 84
-4.144074 5.3078589 1.7925717 30
-1.7540151 3.3855517 0.59770244 84
-4.1391044 5.3186116 1.3020552 30
-1.7557331 3.3903351 0.33097392 79
-4.1402817 5.3334827 0.82357842 5
-1.7747334 3.4270821 0.066755451 2
nan nan nan 0
-1.7960738 3.4698241 -0.20293266 1
nan nan nan 0
nan nan nan 0
nan nan nan 0
nan nan nan 0
nan nan nan 0
nan nan nan 0
nan nan nan 0
-1.7285687 3.382499 0.86821657 87
-4.1008983 5.307755 1.7854635 30
-1.7284011 3.3792963 0.59496784 84
-4.0941467 5.3161731 1.2963361 30
-1.7328858 3.3880889 0.32988447 79
-4.1017103 5.3413186 0.82144874 5
-1.7562275 3.4337947 0.066711821 2
nan nan nan 0
-1.7739471 3.4699764 -0.2024093 1
nan nan nan 0
nan nan nan 0
nan nan nan 0
nan nan nan 0
nan nan nan 0
nan nan nan 0
nan nan nan 0
-1.7188371 3.376524 0.86596876 85
-4.0813074 5.3015161 1.7809399 30
-1.719142 3.3757052 0.5937959 84
-4.0714035 5.3057966 1.2920467 30
-1.7235824 3.3844488 0.32923082 80
-4.0878539 5.3425598 0.82053596 5
-1.746832 3.4301708 0.066580921 2
nan nan nan 0
-1.7610993 3.4597147 -0.20162426 1
nan nan nan 0
nan nan nan 0
nan nan nan 0
nan nan nan 0
nan nan nan 0
nan nan nan 0
nan nan nan 0
-1.6928973 3.3705323 0.86203504 82
-4.0315256 5.2940083 1.7712469 31
-1.6959037 3.3736265 0.59184265 87
-4.0361409 5.3172731 1.2896638 30
-1.7024858 3.38675 0.32857716 84
-4.0328441 5.3282943 0.81505966 4
-1.728848 3.43927 0.066580921 2
nan nan nan 0
-1.7569073 3.4982026 -0.20332518 1
nan nan nan 0
nan nan nan 0
nan nan nan 0
nan nan nan 0
nan nan nan 0
nan nan nan 0
nan nan nan 0
-1.6837467 3.3669438 0.86034924 64
-4.0135121 5.2894988 1.7673696 31
-1.6756595 3.3478682 0.5867641 38
-4.0051861 5.2976193 1.2829915 30
-1.6876634 3.3718948 0.32683405 62
-4.008584 5.3155231 0.81201726 5
-1.7121865 3.4224591 0.066188246 2
nan nan nan 0
-1.7552613 3.5101976 -0.20384854 1
nan nan nan 0
nan nan nan 0
nan nan nan 0
nan nan nan 0
nan nan nan 0
nan nan nan 0
nan nan nan 0
-1.6676587 3.3803751 0.86147314 36
-3.9717784 5.2937598 1.7615539 31
nan nan nan 0
-3.9670947 5.3047671 1.2796552 29
-1.6726997 3.3876774 0.32748771 47
-3.9812508 5.3391218 0.81232148 1
-1.7030874 3.4493117 0.066537298 2
nan nan nan 0
-1.7489998 3.5439723 -0.20528778 1
nan nan nan 0
nan nan nan 0
nan nan nan 0
nan nan nan 0
nan nan nan 0
nan nan nan 0
nan nan nan 0
-1.6709325 3.4004853 0.86596876 27
-3.9524012 5.2871499 1.7570304 31
-1.1173186 2.2714515 0.39495242 34
-3.9402182 5.2880802 1.2739362 30
-1.6788583 3.4151831 0.32988447 28
-2.7765806 3.7394588 0.56679958 4
-1.711386 3.4814477 0.067104504 1
nan nan nan 0
-1.76371 3.5896027 -0.20777375 1
nan nan nan 0
nan nan nan 0
nan nan nan 0
nan nan nan 0
nan nan nan 0
nan nan nan 0
nan nan nan 0
-1.6620623 3.4292099 0.87102634 27
-3.9131663 5.2922459 1.7518607 32
-1.1054101 2.2772708 0.39495242 50
-3.897902 5.2888932 1.2691702 30
-1.6685548 3.4396157 0.33140972 27
-2.75108 3.7459517 0.56558263 7
nan nan nan 0
nan nan nan 0
-1.7731827 3.6572089 -0.21117558 1
nan nan nan 0
nan nan nan 0
nan nan nan 0
nan nan nan 0
nan nan nan 0
nan nan nan 0
nan nan nan 0
-1.6746585 3.4691198 0.88057953 27
-3.8938873 5.2854643 1.7473373 30
-1.100361 2.2769723 0.39456174 38
-3.8843033 5.2897563 1.2677404 30
-1.666877 3.4514954 0.33228126 27
-2.7327995 3.7347386 0.56314874 8
nan nan nan 0
nan nan nan 0
-1.7841448 3.6962798 -0.21326901 1
nan nan nan 0
nan nan nan 0
nan nan nan 0
nan nan nan 0
nan nan nan 0
nan nan nan 0
nan nan nan 0
nan nan nan 0
-3.8476524 5.2804189 1.7389367 29
-1.0831183 2.2715545 0.39260849 33
-3.8421183 5.2901759 1.2629745 28
nan nan nan 0
-2.7102935 3.7449784 0.56254023 8
-1.1617291 2.4367647 0.046510659 3
nan nan nan 0
-1.7636942 3.7033162 -0.21313816 1
nan nan nan 0
nan nan nan 0
nan nan nan 0
nan nan nan 0
nan nan nan 0
nan nan nan 0
nan nan nan 0
-2.1352034 4.504488 1.1418874 31
nan nan nan 0
-1.0728087 2.2600522 0.39026454 56
-2.5483212 3.5242813 0.83785254 24
nan nan nan 0
nan nan nan 0
-1.1360704 2.39361 0.04563804 3
nan nan nan 0
nan nan nan 0
nan nan nan 0
nan nan nan 0
nan nan nan 0
nan nan nan 0
nan nan nan 0
-0.38823041 0.81944507 -0.23327987 5
nan nan nan 0
-2.1241994 4.5446687 1.1491928 30
-2.4049644 3.3523118 1.0946707 36
-1.0630516 2.2701125 0.39104587 73
-2.4040229 3.3620398 0.79591221 37
nan nan nan 0
-2.3998652 3.3660851 0.50260496 8
-1.1055299 2.3610289 0.044896312 3
nan nan nan 0
nan nan nan 0
nan nan nan 0
nan nan nan 0
nan nan nan 0
-0.49526784 1.0586234 -0.2201865 4
nan nan nan 0
-0.38495252 0.82365662 -0.23392607 5
nan nan nan 0
-2.126303 4.5678797 1.1542504 30
-2.3906705 3.3447249 1.0907934 54
-1.0549213 2.2630086 0.38948321 76
-2.379611 3.3402667 0.78971648 12
-1.0869431 2.331851 0.22202925 35
-2.3795943 3.350054 0.49956253 9
-1.0940264 2.3470902 0.044590894 4
nan nan nan 0
nan nan nan 0
nan nan nan 0
nan nan nan 0
nan nan nan 0
-0.4903219 1.052807 -0.21875671 4
nan nan nan 0
-0.38757089 0.83309436 -0.23651089 5
nan nan nan 0
-2.109679 4.5970325 1.158746 26
-2.3535776 3.3296096 1.0817466 50
-1.042028 2.266257 0.38909259 64
-2.3422689 3.3246155 0.78304422 27
-1.0560219 2.2967668 0.21810725 56
-2.3434491 3.3360913 0.49560738 9
-1.075467 2.3391557 0.044329111 4
nan nan nan 0
nan nan nan 0
nan nan nan 0
nan nan nan 0
nan nan nan 0
-0.47663602 1.0375059 -0.21494396 4
nan nan nan 0
-0.38520882 0.83950639 -0.2378033 5
nan nan nan 0
-2.1226904 4.6446605 1.1699851 23
-2.3352275 3.3159554 1.0759307 50
-1.036019 2.2635803 0.38831127 51
-2.329402 3.3186624 0.78066117 52
-1.0530463 2.3008716 0.21832512 57
-2.3376229 3.3401763 0.49560738 9
-1.0620358 2.3205662 0.043936431 5
nan nan nan 0
nan nan nan 0
nan nan nan 0
nan nan nan 0
nan nan nan 0
-0.48194313 1.0539709 -0.21828012 4
nan nan nan 0
-0.39173356 0.85776794 -0.24297296 6
nan nan nan 0
-2.1065271 4.6760697 1.1750426 23
-2.3109212 3.3182364 1.0726998 56
-1.0200961 2.259968 0.38674864 36
-2.3049853 3.3207414 0.77827823 61
-1.0368931 2.297271 0.21745357 59
-2.3116157 3.3401372 0.49378195 11
-1.0498707 2.3260951 0.043936431 5
-2.3560026 3.4091642 0.21536244 1
-1.297279 2.8766618 -0.16354986 4
nan nan nan 0
nan nan nan 0
nan nan nan 0
-0.53070045 1.1773769 -0.2440162 6
nan nan nan 0
-0.37933862 0.84217513 -0.2378033 8
nan nan nan 0
-2.113127 4.710495 1.18291 23
-2.3023682 3.3182993 1.0714073 72
-1.0141296 2.2572386 0.38596734 40
-2.3019824 3.3287933 0.77923149 72
-1.0298252 2.2922595 0.21679991 64
-2.3057826 3.3441668 0.49378195 14
-1.0437641 2.3233624 0.04384917 22
-2.3443768 3.4050524 0.2148391 1
-1.2912351 2.8766434 -0.16341902 6
nan nan nan 0
-0.79647118 1.7751291 -0.234265 5
nan nan nan 0
-0.51863152 1.1558955 -0.23925027 6
nan nan nan 0
-0.38081849 0.84945315 -0.23974191 9
nan nan nan 0
-2.0974519 4.7441425 1.1885295 23
-2.2876995 3.3342886 1.0726998 69
-0.99930161 2.2557423 0.38479537 54
-2.2845213 3.340801 0.77923149 63
-1.0087458 2.2771199 0.21483891 44
-2.2868407 3.3541453 0.4934777 14
-1.0255206 2.3150787 0.043587383 34
-2.3152578 3.4007831 0.21379238 1
-1.5879598 3.5889852 -0.20384854 1
nan nan nan 0
-0.78816754 1.7815453 -0.23456925 6
nan nan nan 0
-0.52741587 1.1922821 -0.24639918 8
nan nan nan 0
-0.37053433 0.83817041 -0.23586468 10
nan nan nan 0
-2.1027467 4.7764196 1.1958348 22
-2.2846067 3.3422606 1.073992 53
-0.99337411 2.2529628 0.38401407 76
-2.281455 3.3488357 0.78018457 44
-1.0007578 2.2697587 0.21396735 44
-2.2851729 3.364285 0.49439043 12
-1.0174515 2.307713 0.043412857 49
-2.3219519 3.4234006 0.21496993 1
nan nan nan 0
nan nan nan 0
-0.78605479 1.7851901 -0.23487347 7
nan nan nan 0
-0.53026241 1.2044383 -0.24878214 8
nan nan nan 0
-0.36907089 0.83881581 -0.23586468 10
nan nan nan 0
-2.092371 4.8234897 1.204826 24
-2.2873952 3.384167 1.0836853 51
-0.97959864 2.2536023 0.38323274 63
-2.2844911 3.3912439 0.78733355 43
-0.97993988 2.2544043 0.21200635 37
-2.291085 3.4111962 0.49956253 14
-1.0023702 2.3061295 0.043281965 67
-2.3053877 3.4375832 0.21510078 1
-1.0315523 2.3745394 -0.1338492 4
nan nan nan 0
-0.78852743 1.8166074 -0.23852436 6
nan nan nan 0
-0.52881813 1.2184615 -0.25116512 8
nan nan nan 0
-0.36849949 0.84960711 -0.2384495 16
nan nan nan 0
-2.0944431 4.8491373 1.2104456 25
-2.2936461 3.4061692 1.0895009 61
-0.97468525 2.2530417 0.38284212 44
-2.2881572 3.4094799 0.79066974 58
-0.97501659 2.2538247 0.21178845 36
-2.3044782 3.4440415 0.50382185 23
-0.99339026 2.2964008 0.043063812 70
-2.3077197 3.4540479 0.21588582 1
-1.0244391 2.3694594 -0.13345668 31
nan nan nan 0
-0.78928328 1.8270963 -0.23974133 6
nan nan nan 0
-0.53929996 1.2486892 -0.25736085 8
nan nan nan 0
-0.36606354 0.84802961 -0.2378033 17
nan nan nan 0
-2.0843773 4.89851 1.2199988 28
-2.2905271 3.440228 1.0966092 84
-0.95224011 2.2331204 0.3785449 34
-2.2906616 3.4520648 0.7978186 93
-0.96125215 2.2543159 0.21135268 48
-2.294642 3.4684682 0.5056473 29
-0.97939533 2.2969704 0.042976547 75
-2.2951159 3.4744096 0.21640916 1
-1.0139728 2.3793855 -0.13371836 87
nan nan nan 0
-0.78455573 1.8426239 -0.24126253 6
nan nan nan 0
-0.53179634 1.2492365 -0.25688425 8
nan nan nan 0
-0.36161828 0.8499347 -0.2378033 17
nan nan nan 0
-2.084276 4.9197249 1.2244943 21
-2.2885311 3.4502537 1.0985479 95
-0.94448978 2.2256839 0.37698227 43
-2.2873442 3.4601488 0.7987718 96
-0.95634508 2.2536967 0.21113478 64
-2.2885852 3.4724679 0.5056473 33
-0.97635955 2.3009782 0.043020178 78
-2.2931726 3.4846625 0.21680169 1
-1.0137109 2.3903484 -0.13424173 92
nan nan nan 0
-0.78713441 1.8577045 -0.24308796 6
nan nan nan 0
-0.53820282 1.2705122 -0.26117361 8
nan nan nan 0
-0.35826021 0.84611291 -0.23651089 18
nan nan nan 0
-2.071687 4.9646568 1.2329236 12
-2.2691076 3.460171 1.0979017 92
-0.92997056 2.2237623 0.3758103 73
-2.2624714 3.4618137 0.7963888 83
-0.94932711 2.2701652 0.21222423 74
-2.2663014 3.4781709 0.50473464 31
-0.96333575 2.3037519 0.042976547 81
-2.2448933 3.4506159 0.21392322 1
-1.0031033 2.4002316 -0.13450339 94
nan nan nan 0
-0.76881075 1.8411841 -0.2403498 6
nan nan nan 0
-0.52023506 1.2461203 -0.25545445 8
nan nan nan 0
-0.35567582 0.85243857 -0.2378033 17
nan nan nan 0
-2.0760257 4.9971542 1.2402291 12
-2.2564495 3.4540243 1.0946707 78
-0.92798173 2.2299428 0.37659159 55
-2.2456954 3.4493155 0.79257601 75
-0.94536346 2.2718186 0.21222423 73
-2.2548141 3.4738014 0.50351763 31
-0.95643777 2.2985044 0.042845655 90
-2.2334268 3.4461541 0.21339986 1
-1.0084826 2.4250374 -0.13581181 94
nan nan nan 0
-0.76654619 1.8448156 -0.24065405 6
nan nan nan 0
-0.51242918 1.2334205 -0.25259489 8
nan nan nan 0
-0.35510898 0.85529041 -0.2384495 16
nan nan nan 0
-2.0581744 5.0308633 1.2458487 12
-2.231771 3.4556551 1.0914396 73
-0.92657799 2.2599108 0.38088882 47
-2.2222824 3.4527781 0.79066974 73
-0.93534142 2.2813475 0.21266001 75
-2.2271981 3.4709511 0.50138795 32
-0.93776441 2.2872863 0.042540237 81
-2.2140033 3.4557004 0.21326901 2
-0.98254246 2.3979325 -0.13398004 93
nan nan nan 0
-0.75124836 1.8350199 -0.23882861 6
nan nan nan 0
-0.50225806 1.2269964 -0.25068852 7
nan nan nan 0
-0.35153562 0.85937518 -0.2390957 17
nan nan nan 0
-2.0658765 5.0724487 1.2554018 12
-2.2126467 3.4392498 1.0849775 72
-0.92116427 2.2567899 0.38010749 41
-2.2056375 3.4401352 0.78685695 72
-0.92572427 2.2691364 0.21135268 74
-2.2137084 3.4619105 0.49956253 33
-0.92246169 2.2611377 0.042016666 49
-2.2058804 3.454968 0.21300732 2
nan nan nan 0
nan nan nan 0
-0.75116807 1.843094 -0.23974133 6
nan nan nan 0
-0.48996818 1.2028555 -0.245446 6
nan nan nan 0
-0.34731761 0.85327125 -0.23715709 17
nan nan nan 0
-2.0501637 5.1103301 1.2621452 11
-2.1874189 3.4381881 1.0811003 73
-0.91485167 2.2753325 0.38245144 51
-2.1829314 3.4429703 0.78495055 72
-0.91330004 2.2714813 0.21113478 74
-2.1849263 3.4566858 0.49712861 33
-0.91100526 2.2657776 0.042016666 34
-2.189095 3.4685805 0.21313816 2
-1.510963 3.7650387 -0.21078305 8
nan nan nan 0
-0.7368958 1.8354837 -0.23822013 6
nan nan nan 0
-0.48478472 1.2075988 -0.24592258 7
nan nan nan 0
-0.34388891 0.85726148 -0.2378033 17
nan nan nan 0
-2.0556784 5.150105 1.2711364 12
-2.1749396 3.4318087 1.0778694 73
-0.91454077 2.2860992 0.38401407 67
-2.16713 3.4326389 0.78161442 73
-0.90656441 2.2661326 0.21048112 38
-2.1735921 3.4521003 0.49591163 35
-0.90109611 2.2535925 0.041754879 32
-2.1710579 3.453387 0.2119606 2
-1.5090133 3.7792656 -0.21143726 8
nan nan nan 0
-0.73185462 1.8321567 -0.23761165 6
nan nan nan 0
-0.47904822 1.1993215 -0.2440162 6
nan nan nan 0
-0.340462 0.85343015 -0.23651089 16
nan nan nan 0
-2.0393538 5.1906304 1.2784419 11
-2.1537714 3.439435 1.0765769 75
-0.90396434 2.29561 0.38479537 78
-2.1439207 3.4356165 0.77970797 74
-0.89429021 2.2710044 0.21048112 54
-2.1456907 3.4490714 0.49378195 38
-0.88105726 2.2373412 0.0413622 36
-2.1431041 3.4502478 0.21104473 4
-1.4928546 3.7964098 -0.2119606 8
nan nan nan 0
-0.72011936 1.8314691 -0.23700316 6
nan nan nan 0
-0.47702563 1.2133222 -0.24639918 6
nan nan nan 0
-0.33774567 0.85970032 -0.2378033 16
nan nan nan 0
-2.0444951 5.2278628 1.2868712 12
-2.136241 3.4247603 1.0707611 72
-0.90445131 2.3086836 0.38674864 71
-2.1340275 3.4331048 0.77827823 75
-0.88669848 2.2632837 0.20960957 54
-2.1278827 3.4338408 0.49104378 38
-0.87351096 2.2295635 0.041187678 46
-2.1383951 3.4561048 0.21117558 4
-1.512573 3.8664463 -0.21575497 9
nan nan nan 0
-0.72052884 1.8419702 -0.23822013 6
nan nan nan 0
-0.47134453 1.2050055 -0.24449281 6
nan nan nan 0
-0.33711925 0.86253965 -0.2384495 18
nan nan nan 0
-2.0292923 5.272954 1.2953004 11
-2.1106613 3.4235728 1.0668839 72
-0.89323765 2.3156922 0.38713932 80
-2.1095874 3.4337833 0.77589524 75
-0.87036306 2.256274 0.20852011 36
-2.1072774 3.4407058 0.49043527 52
-0.8564381 2.2201097 0.04092589 48
-2.1124408 3.4544833 0.21039054 4
-1.4887224 3.8649924 -0.2152316 9
nan nan nan 0
-0.70642614 1.8341353 -0.23669893 6
nan nan nan 0
-0.46239266 1.2005826 -0.24306302 6
nan nan nan 0
-0.33087295 0.85978156 -0.23715709 18
nan nan nan 0
-2.0349371 5.3125377 1.3042916 11
-2.1046827 3.4272513 1.0668839 76
-0.89184338 2.3241658 0.38831127 48
-2.0984576 3.4290929 0.7739889 74
-0.8673144 2.2601154 0.208738 54
-2.0922062 3.4295604 0.4883056 59
-0.85077447 2.2169321 0.040838629 46
-2.102505 3.4517727 0.20999801 6
-1.4462845 3.7743175 -0.20999801 8
nan nan nan 0
-0.70145273 1.8307295 -0.23609044 6
nan nan nan 0
-0.46117121 1.2036808 -0.2435396 6
nan nan nan 0
-0.33023062 0.86261493 -0.2378033 14
nan nan nan 0
-2.0216131 5.3645067 1.3144069 10
-2.0766661 3.4217196 1.0617143 74
-0.87095374 2.3056972 0.38440475 28
-2.0753844 3.431639 0.77208251 74
-0.8537119 2.2599645 0.20830221 54
-2.0742202 3.4404681 0.4883056 71
-0.83651054 2.2143393 0.040707737 52
-2.080533 3.4563215 0.2096055 6
-1.4141821 3.7491298 -0.20816626 6
-2.0818517 3.4612234 -0.069896884 1
-0.68836349 1.8250867 -0.23487347 5
nan nan nan 0
-0.4531371 1.201484 -0.2425864 6
nan nan nan 0
-0.32486257 0.86207056 -0.23715709 16
nan nan nan 0
-2.0242951 5.3973303 1.3217121 11
-2.0644317 3.4150121 1.0584831 74
-0.86259431 2.2956529 0.38245144 33
-2.0630481 3.4247522 0.76969957 75
-0.84014976 2.2357991 0.20590544 24
-2.0605333 3.4313281 0.48648018 72
-0.83439934 2.2204769 0.040794995 63
-2.060349 3.4364102 0.20816626 7
-1.4032568 3.739903 -0.20751205 6
-2.1028347 3.5098505 -0.070813134 1
-0.68865478 1.8355819 -0.23609044 5
nan nan nan 0
-0.45619142 1.2160672 -0.245446 6
nan nan nan 0
-0.32251444 0.86037308 -0.23651089 17
nan nan nan 0
-2.0127528 5.4562049 1.3335133 10
-2.0452816 3.4237027 1.0578369 76
-0.8437252 2.2816048 0.37932622 37
-2.0387995 3.4249709 0.76731664 74
-0.82584578 2.2331579 0.20525178 30
-2.0361953 3.4314072 0.48495898 76
-0.82189649 2.2224705 0.040751368 74
-2.0372281 3.438565 0.2076429 6
-1.379337 3.7354872 -0.20685786 6
-2.0474308 3.4584765 -0.069547832 1
-0.67731982 1.8345053 -0.23548196 5
nan nan nan 0
-0.44897127 1.2161356 -0.2449694 6
nan nan nan 0
-0.32049856 0.8688525 -0.2384495 15
nan nan nan 0
-2.0175998 5.4959526 1.3425044 11
-2.034354 3.4189715 1.0552522 75
-0.83378744 2.2668467 0.37659159 43
-2.0252943 3.4158664 0.76445699 74
-0.81250978 2.2088773 0.20285499 46
-2.0213482 3.4200125 0.4828293 76
-0.82404369 2.2403278 0.041056786 59
-2.023596 3.4292233 0.20685786 7
-1.377973 3.7519524 -0.2076429 6
-2.0477517 3.4728034 -0.069765992 1
-0.67497015 1.8380148 -0.23578621 5
nan nan nan 0
-0.44347769 1.2076975 -0.24306302 6
nan nan nan 0
-0.31898165 0.86941057 -0.2384495 15
nan nan nan 0
-1.9985772 5.5365787 1.3498098 10
-2.0090656 3.4170938 1.051375 74
-0.82106847 2.2688587 0.37620097 64
-2.0024092 3.4179599 0.76255065 77
-0.800933 2.2131011 0.20285499 88
-1.9971443 3.4198425 0.4813081 77
-0.81399959 2.2493138 0.041144043 75
-2.004353 3.4376163 0.20672701 6
-1.3583089 3.7591162 -0.2076429 6
-2.0118895 3.4532604 -0.069155157 1
-0.66617805 1.8438582 -0.23609044 5
nan nan nan 0
-0.44047019 1.2192404 -0.2449694 7
nan nan nan 0
-0.31442505 0.87106884 -0.2384495 17
nan nan nan 0
-2.004688 5.5809832 1.3599249 10
-2.0006528 3.4164298 1.0500826 74
-0.81376964 2.2609921 0.37463835 62
-1.9902442 3.4108584 0.76016766 77
-0.79706925 2.2144957 0.20285499 78
-1.9849222 3.4126053 0.47978687 77
-0.81345129 2.2601416 0.041318569 90
-1.9895569 3.426007 0.20581114 6
-1.3500596 3.7567813 -0.20738122 6
-2.0033453 3.4524455 -0.069067895 1
-0.66044831 1.8380101 -0.23517773 5
nan nan nan 0
-0.43834153 1.2200073 -0.2449694 6
nan nan nan 0
-0.31128165 0.86706692 -0.23715709 15
nan nan nan 0
-1.986618 5.6262074 1.3683543 9
-1.973042 3.4101467 1.0449129 75
-0.80274218 2.2675502 0.37502897 60
-1.9699013 3.4169827 0.75921446 78
-0.78712183 2.2233355 0.20329078 81
-1.9633101 3.4165013 0.47887418 79
-0.80160606 2.2643697 0.041318569 87
-1.9641219 3.423393 0.20502611 6
-1.3295398 3.7614443 -0.20725037 7
-1.9740301 3.4433835 -0.068675213 1
-0.65493864 1.8531448 -0.23669893 5
nan nan nan 0
-0.43276197 1.2246008 -0.245446 6
nan nan nan 0
-0.30433926 0.86184824 -0.23521848 16
nan nan nan 0
-1.9922993 5.6706944 1.3784693 10
-1.9622542 3.4052207 1.042328 75
-0.79796523 2.2666183 0.37463835 62
-1.9590367 3.4119081 0.75730807 78
-0.78241497 2.2223561 0.20307288 76
-1.9511688 3.4091616 0.47735298 79
-0.79516822 2.2586901 0.041187678 75
-1.9506972 3.4138184 0.20424107 7
-1.3304139 3.7849603 -0.20842794 5
-1.9580824 3.4294689 -0.068326168 2
-0.65006226 1.8496014 -0.23609044 5
nan nan nan 0
-0.43386531 1.2346203 -0.24735238 6
nan nan nan 0
-0.30681169 0.87377948 -0.2384495 17
nan nan nan 0
-1.9735036 5.7159348 1.3868988 10
-1.9384112 3.4049616 1.0390971 77
-0.78608632 2.2707653 0.37463835 61
-1.932652 3.4071863 0.75397193 79
-0.77076811 2.2264223 0.20307288 56
-1.9308443 3.4150138 0.4767445 79
-0.78333092 2.2628229 0.041187678 69
-1.9303364 3.4196398 0.20397937 7
-1.3195367 3.8178341 -0.20986716 6
-1.9388685 3.4374986 -0.068282537 2
-0.64036888 1.8529798 -0.23609044 5
nan nan nan 0
-0.42420217 1.2275922 -0.245446 6
nan nan nan 0
-0.30066544 0.87080514 -0.23715709 15
nan nan nan 0
-1.9771733 5.7558937 1.39589 10
-1.9264973 3.3978422 1.035866 77
-0.7821219 2.2721338 0.37463835 60
-1.9242831 3.4062834 0.75301874 80
-0.76930732 2.2348306 0.20372654 47
-1.9212209 3.4118962 0.47583175 79
-0.77694505 2.2570939 0.041056786 63
-1.9157834 3.4077802 0.2030635 7
-1.3088198 3.8083246 -0.20921297 6
-1.9255056 3.42781 -0.068020746 2
-0.63472128 1.8470522 -0.23517773 5
nan nan nan 0
-0.42444134 1.235297 -0.24687576 6
nan nan nan 0
-0.30148363 0.87818593 -0.2390957 17
nan nan nan 0
-1.9576752 5.8011327 1.4043193 9
-1.9039495 3.3994601 1.0332812 77
-0.77021438 2.2761977 0.37463835 59
-1.9028264 3.4098873 0.75158894 80
-0.7575953 2.2388279 0.20372654 48
-1.9009126 3.4175746 0.4752233 79
-0.76431704 2.2587626 0.041013151 62
-1.8954849 3.4134018 0.20280182 8
nan nan nan 0
-1.9063163 3.4356606 -0.067977123 2
-0.6266253 1.8550535 -0.23578621 5
nan nan nan 0
-0.41483974 1.2281975 -0.2449694 6
nan nan nan 0
-0.29688132 0.87975246 -0.2390957 16
nan nan nan 0
-1.9656011 5.8550115 1.4166821 9
-1.8956556 3.3985624 1.0319887 77
-0.7678116 2.2822204 0.37541965 60
-1.8897042 3.4003408 0.74872941 79
-0.75685591 2.2495914 0.2045981 52
-1.8877155 3.4078715 0.47339785 79
-0.75719267 2.2506142 0.040838629 63
-1.8798386 3.3992381 0.20175511 8
nan nan nan 0
-1.8918368 3.4236772 -0.067671701 2
-0.62574989 1.8632034 -0.23669893 5
nan nan nan 0
-0.41580704 1.23823 -0.24687576 6
nan nan nan 0
-0.29458192 0.87797809 -0.2384495 18
nan nan nan 0
-1.9407521 5.8863845 1.4217397 9
-1.8696597 3.3936441 1.0274653 79
-0.75662482 2.2885547 0.3758103 50
-1.8718743 3.4101884 0.74872941 81
-0.74428695 2.2511582 0.20438023 62
-1.8650719 3.4090068 0.47218087 78
-0.74383271 2.2498004 0.040751368 64
-1.8572173 3.4002757 0.20123175 8
-0.74333102 2.2495995 -0.12233528 35
-1.8690847 3.4247651 -0.067497179 2
-0.61598569 1.8664542 -0.23669893 5
nan nan nan 0
-0.40855235 1.2380586 -0.24639918 7
nan nan nan 0
-0.28772631 0.87262303 -0.23651089 17
nan nan nan 0
nan nan nan 0
-1.8579129 3.3863227 1.0242343 80
-0.75339854 2.2922182 0.37620097 40
-1.8612008 3.4048424 0.74682307 80
-0.74190831 2.2571869 0.20481598 59
-1.8519809 3.3991914 0.47035545 77
-0.73990494 2.2510953 0.040751368 67
-1.8453027 3.3925533 0.20057754 8
-0.74095827 2.2556386 -0.12259697 35
-1.8535349 3.4104631 -0.067148127 2
-0.61426985 1.8722435 -0.2373074 5
nan nan nan 0
-0.40639091 1.2387698 -0.24639918 6
nan nan nan 0
-0.28844532 0.88001329 -0.2384495 15
nan nan nan 0
-1.5661955 4.8631887 1.170547 34
-1.8390037 3.3938823 1.0235881 82
-0.74668449 2.3125844 0.37893555 41
-1.8340006 3.3972752 0.74301028 79
-0.73313308 2.2705228 0.20568755 43
-1.8306223 3.4022899 0.46944273 78
-0.72887421 2.2573175 0.040794995 65
-1.8263301 3.3999705 0.20044671 9
-0.72837275 2.2571106 -0.12246613 42
-1.8320986 3.4135184 -0.067017235 3
-0.60142255 1.8659842 -0.23609044 5
nan nan nan 0
-0.39615217 1.229196 -0.2440162 7
nan nan nan 0
-0.28089184 0.87231016 -0.23586468 17
nan nan nan 0
-1.5741417 4.9143667 1.182348 54
-1.8296292 3.3907151 1.0216495 81
-0.74490553 2.3209393 0.38010749 37
-1.8245746 3.3939903 0.74158049 79
-0.73068774 2.2765429 0.20612334 54
-1.8199835 3.3967364 0.46822575 79
-0.72188514 2.2490637 0.040620472 68
-1.8133122 3.3899527 0.19966166 9
-0.72823578 2.2702677 -0.12312033 32
-1.815511 3.3968828 -0.066624559 3
-0.59967458 1.8717587 -0.23669893 5
nan nan nan 0
-0.39549688 1.234562 -0.2449694 7
nan nan nan 0
-0.28229469 0.88200551 -0.2384495 17
nan nan nan 0
-1.5540967 4.9437289 1.1874056 95
-1.8084357 3.3938587 1.0197109 80
-0.73718584 2.3389418 0.38245144 34
-1.803319 3.3969984 0.74015069 80
-0.72025156 2.2850895 0.20655911 56
-1.7963582 3.3952594 0.46670455 79
-0.70934975 2.2504282 0.040576845 65
-1.7932007 3.3949883 0.19939999 10
-0.70735985 2.2454681 -0.12155025 34
-1.7953616 3.4019237 -0.066537298 3
-0.58986586 1.8748729 -0.23669893 5
nan nan nan 0
-0.38829428 1.2342737 -0.24449281 6
nan nan nan 0
-0.27767268 0.88347155 -0.2384495 17
nan nan nan 0
-1.541973 4.9322124 1.1840339 84
-1.7979714 3.3884816 1.0171261 80
-0.73236609 2.3378677 0.3820608 33
-1.7904903 3.3871307 0.73729116 79
-0.71923286 2.2958515 0.20743066 55
-1.7834743 3.3852253 0.46487913 80
-0.70616627 2.2540486 0.040620472 67
-1.7814487 3.3870718 0.19874579 11
-0.7049278 2.2514653 -0.12181193 43
-1.7847598 3.3962069 -0.066362776 3
-0.58659267 1.8758996 -0.23669893 5
nan nan nan 0
-0.38468149 1.2302628 -0.2435396 6
nan nan nan 0
-0.27684569 0.88626152 -0.2390957 15
nan nan nan 0
-1.5138379 4.9358244 1.18291 77
-1.7745881 3.3871601 1.013895 80
-0.72663116 2.3629172 0.3855767 30
-1.7670401 3.3855882 0.73490822 80
-0.71085322 2.3114913 0.20852011 55
-1.7657249 3.3945172 0.46487913 82
-0.69142294 2.2481563 0.04044595 63
-1.7659961 3.4007816 0.19900747 21
-0.68947166 2.2431908 -0.12115774 43
-1.7681067 3.4077225 -0.066406399 4
-0.57894033 1.8860639 -0.23761165 5
nan nan nan 0
-0.38038468 1.2393017 -0.2449694 7
-0.69679499 1.3466733 -0.23439312 3
-0.27149817 0.88538849 -0.2384495 16
-0.48455444 0.93756956 -0.23545809 5
-1.5039536 4.9312057 1.1812241 76
-1.7641951 3.3816929 1.0113102 81
-0.72322589 2.3665438 0.38596734 28
-1.759994 3.3864908 0.73443156 81
-0.70681781 2.3127284 0.20852011 53
-1.7529345 3.3843815 0.46305367 82
-0.68531179 2.2421863 0.040315058 64
-1.7485648 3.3816957 0.19769907 31
-0.68628281 2.2467785 -0.12128857 35
-1.7552568 3.3974867 -0.066144615 4
-0.5763694 1.8894457 -0.23791587 5
nan nan nan 0
-0.37964639 1.2446605 -0.24592258 7
-0.69785607 1.3544624 -0.23556508 3
-0.26995248 0.88586098 -0.2384495 17
-0.48966175 0.95138091 -0.23882981 6
-1.4730681 4.9252658 1.1778524 72
-1.7409225 3.3801553 1.0080792 80
-0.71931505 2.3986874 0.39065522 27
-1.7377466 3.3869307 0.73252523 81
-0.70040745 2.3354859 0.21026322 58
-1.7306607 3.3846815 0.4618367 83
-0.67213017 2.2409544 0.040227797 56
-1.7296968 3.3885825 0.19756822 40
-0.66950512 2.2335973 -0.1203727 46
-1.7351669 3.4021797 -0.066057354 4
-0.56363106 1.882926 -0.23669893 5
-1.2291421 2.4118838 -0.23332886 3
-0.37172356 1.241927 -0.2449694 7
-0.69300663 1.3624929 -0.23634639 3
-0.26599756 0.88957757 -0.2390957 17
-0.47465894 0.93442839 -0.23377222 6
-1.4639428 4.9229026 1.1767284 74
-1.729497 3.3724508 1.0048481 79
-0.71864432 2.4117742 0.39260849 26
-1.725118 3.3768539 0.72966564 80
-0.69633019 2.3367047 0.21026322 54
-1.7224939 3.3832769 0.46122825 84
-0.6675058 2.239728 0.040184166 54
-1.7147093 3.3738019 0.19652151 55
-0.66631645 2.2371557 -0.12050354 46
-1.7246886 3.3962936 -0.065882832 20
-0.56245947 1.8910443 -0.23761165 5
-1.2294533 2.4229016 -0.23419867 3
-0.37094781 1.2472806 -0.24592258 6
-0.69848287 1.3790973 -0.23908098 5
-0.26239529 0.88309115 -0.23715709 18
-0.46970049 0.92874855 -0.23208638 8
-1.4332008 4.916718 1.1733568 74
-1.7085351 3.375 1.0029095 81
-0.71637124 2.4510636 0.39846832 37
-1.7029827 3.3770802 0.72775924 82
-0.68408573 2.3403187 0.21026322 51
-1.7002879 3.3833861 0.46001127 84
-0.65576959 2.2431922 0.040184166 63
-1.6947765 3.3782737 0.19625983 71
-0.65319717 2.2358196 -0.12024185 54
-1.6967775 3.3851779 -0.065490149 34
-0.55047214 1.886815 -0.23669893 6
-1.2245836 2.444881 -0.23572087 6
-0.36441201 1.2492057 -0.24592258 6
-0.68458855 1.3695033 -0.23673706 6
-0.2597807 0.89141285 -0.2390957 17
-0.45495281 0.91162246 -0.2270288 9
-1.4220902 4.9072633 1.170547 72
-1.6982834 3.3693559 1.0003247 81
nan nan nan 0
-1.695982 3.3778555 0.72728264 78
-0.68415648 2.3558626 0.21157058 49
-1.6899282 3.3774772 0.45879433 74
-0.64907235 2.2347295 0.04000964 64
-1.6844049 3.372298 0.19573647 67
-0.64929396 2.2369561 -0.12024185 62
-1.6830349 3.3724875 -0.065184735 43
-0.54786676 1.8901569 -0.23700316 5
-1.2113934 2.4291992 -0.23398124 7
-0.36155143 1.2474817 -0.245446 6
-0.68551761 1.3773179 -0.237909 7
-0.25489005 0.88025928 -0.23586468 18
-0.45336103 0.91241509 -0.2270288 10
nan nan nan 0
-1.6741483 3.3652363 0.99644756 61
nan nan nan 0
-1.6717184 3.3735034 0.72442311 51
-0.67385244 2.3665998 0.21222423 45
-1.6645108 3.3707142 0.45666462 47
-0.63736248 2.2380977 0.04000964 62
-1.6733637 3.3944988 0.19652151 67
-0.63484669 2.2307184 -0.11971849 61
-1.6609251 3.3722894 -0.065010212 40
-0.53661036 1.8882245 -0.23639469 6
-1.1876228 2.4131811 -0.23180668 7
-0.35434729 1.246996 -0.2449694 6
-0.67829669 1.3808885 -0.237909 8
-0.251587 0.88623095 -0.23715709 16
-0.45615414 0.93005288 -0.23096247 14
-0.92720085 3.2828305 0.77886611 30
-1.6693468 3.370316 0.99709374 39
-0.69026273 2.4405854 0.39573374 27
-1.6680051 3.380815 0.72537625 33
-0.6737771 2.3821542 0.21353158 48
-1.6663079 3.3891928 0.45879433 31
-0.63141972 2.2319887 0.039878745 65
-1.6652315 3.3929346 0.19625983 29
-0.63095242 2.231823 -0.11971849 60
-1.6693785 3.4043419 -0.06557741 30
-0.53465772 1.8939356 -0.23700316 6
-1.1812099 2.4107809 -0.23137176 7
-0.35349688 1.2523382 -0.24592258 6
-0.67697686 1.3842852 -0.23829968 8
-0.25134116 0.89132017 -0.2384495 17
-0.45453015 0.93084753 -0.23096247 15
-0.90294421 3.2643168 0.77324659 76
-1.660183 3.3963575 1.0022633 27
-0.6728698 2.4275057 0.39299911 27
-1.6610502 3.4115546 0.73014224 25
-0.66328543 2.3928509 0.21418524 43
-1.6572261 3.4157209 0.46122825 27
-0.62105638 2.2400832 0.03996601 61
-1.6583521 3.4240634 0.19756822 27
-0.61992276 2.2375026 -0.11984934 57
-1.6602622 3.431026 -0.065926462 28
-0.52737135 1.9062779 -0.23822013 5
-1.168571 2.4169328 -0.23137176 7
-0.34433126 1.2447069 -0.2440162 6
-0.66648024 1.3811487 -0.23712771 8
-0.24475536 0.88563663 -0.23651089 15
-0.45285138 0.93978423 -0.23264831 14
-0.89717108 3.263382 0.77268463 94
-1.6627281 3.4166119 1.0074331 24
-0.66797835 2.4262955 0.39260849 24
-1.6647515 3.4343123 0.73443156 25
-0.65910804 2.3940051 0.21418524 39
-1.6566718 3.429774 0.46274945 26
-0.61317557 2.226701 0.039704222 63
-1.6567215 3.4359426 0.19809158 27
-0.61403519 2.2313583 -0.11945682 56
-1.6564466 3.4384201 -0.066013724 26
-0.52273303 1.9024087 -0.23761165 5
-1.160015 2.4099996 -0.23050195 7
-0.34345183 1.2500408 -0.2449694 6
-0.66837221 1.3912002 -0.23869032 7
-0.24511252 0.89305311 -0.2384495 14
-0.4512105 0.94057316 -0.23264831 12
-0.87823796 3.2634828 0.77156073 94
-1.6594889 3.4557319 1.0164798 25
-0.64821219 2.4035292 0.38831127 27
-1.6605471 3.4717464 0.74062735 25
-0.65044421 2.4118536 0.21549256 37
-1.6515336 3.4652662 0.46640033 26
-0.60215729 2.2322948 0.039747853 58
nan nan nan 0
-0.60299122 2.2369535 -0.11958765 55
-1.6620861 3.4966846 -0.066973604 28
-0.5140503 1.9099132 -0.23822013 5
-1.1484526 2.4182882 -0.2307194 8
-0.33563328 1.2470804 -0.2440162 6
-0.66746414 1.4080498 -0.24103427 7
-0.23856653 0.88732374 -0.23651089 16
-0.44733128 0.9451201 -0.23321028 12
-0.87373859 3.2672122 0.77212268 94
nan nan nan 0
-0.64019418 2.3903425 0.38596734 34
nan nan nan 0
-0.64751869 2.4177973 0.21592836 41
nan nan nan 0
-0.59632581 2.2260973 0.039616961 62
nan nan nan 0
-0.59972972 2.2404149 -0.11971849 57
nan nan nan 0
-0.5132699 1.920399 -0.23943709 5
-1.1399572 2.4112899 -0.22984959 8
-0.33534682 1.2547798 -0.245446 6
-0.6681866 1.4159027 -0.24220623 7
-0.23949005 0.8970772 -0.2390957 16
-0.4446331 0.94370031 -0.23264831 13
-0.856664 3.2742486 0.77268463 94
-2.1166306 4.4845276 1.3176112 23
-0.62704509 2.3912728 0.3855767 34
-2.120609 4.5111313 0.96129042 23
-0.63296074 2.4139264 0.21527469 41
nan nan nan 0
-0.58592618 2.234026 0.039704222 65
nan nan nan 0
-0.58609784 2.2362778 -0.11932597 57
-1.0885844 2.3355739 -0.044372741 9
-0.50320774 1.9230601 -0.23943709 5
-1.1294291 2.4217362 -0.23028451 8
-0.32815447 1.2541434 -0.2449694 6
-0.67229885 1.4439732 -0.24650344 7
-0.23418379 0.89598101 -0.2384495 15
-0.44175869 0.95042449 -0.23377222 13
-0.84968489 3.2685161 0.77099878 95
-2.1273232 4.5275416 1.3292429 23
-0.62535203 2.4019239 0.38713932 32
-2.1314924 4.5548186 0.96986914 23
-0.63813174 2.4511864 0.21854302 24
-1.0748904 2.3105798 0.30819538 33
-0.58077031 2.2302063 0.039616961 65
-1.077674 2.3207116 0.13227913 35
-0.58219391 2.2372973 -0.11932597 61
-1.0866184 2.3420017 -0.044460002 46
-0.49985063 1.9239354 -0.23943709 5
-1.122043 2.4169323 -0.22963212 8
-0.32473782 1.2499619 -0.2440162 6
-0.67186713 1.4496192 -0.24728474 7
-0.23261967 0.89638835 -0.2384495 14
-0.43906662 0.94898772 -0.23321028 12
-0.83198822 3.2730656 0.77099878 95
-2.1157987 4.5649004 1.3369974 23
-0.61215919 2.4027719 0.38674864 30
-2.0138326 4.3632336 0.92649895 1
nan nan nan 0
-1.0565443 2.302655 0.30636993 56
-0.56785446 2.2283709 0.039529696 63
-1.0592464 2.3127148 0.13149409 35
-0.57108569 2.2427351 -0.11945682 61
-1.0701644 2.3385744 -0.044285476 41
-0.49220663 1.9361482 -0.24065405 5
-1.1135354 2.4318249 -0.23050195 8
-0.31999218 1.2587832 -0.245446 6
-0.65910268 1.4419029 -0.24533147 7
-0.22615431 0.89056814 -0.23651089 17
-0.43307072 0.94906187 -0.23264831 12
-0.82446545 3.2649195 0.76875097 95
-2.1149249 4.5839305 1.3415209 23
-0.61098289 2.4158087 0.38870192 26
-2.1253085 4.6253152 0.98178399 14
-0.58690947 2.3203459 0.20634121 2
-1.050454 2.2999852 0.30576149 57
-0.56213117 2.2220874 0.039398804 64
-1.0510496 2.3054807 0.13097073 53
-0.56595063 2.2388861 -0.11919513 61
-1.0608804 2.3290739 -0.044067323 41
-0.48943156 1.9394108 -0.24095827 5
-1.1041057 2.4224422 -0.22941469 8
-0.31600359 1.2521985 -0.2440162 6
-0.65246874 1.4340727 -0.24376884 7
-0.22635607 0.89799052 -0.2384495 15
-0.43243077 0.95202982 -0.23321028 11
-0.80562401 3.2646017 0.76762706 95
-2.1029215 4.6213078 1.3492752 23
-0.60068983 2.4285645 0.39026454 27
nan nan nan 0
-0.5801177 2.3451498 0.20830221 2
-1.0210041 2.2670221 0.30058938 45
-0.54869366 2.2177196 0.039267913 59
-1.0327971 2.2973011 0.13018569 62
-0.55242854 2.2345467 -0.11880261 62
-1.048671 2.3345969 -0.044067323 41
-0.48045486 1.9467664 -0.24156678 5
-1.0965312 2.4395394 -0.23050195 8
-0.31002733 1.2562194 -0.24449281 6
-0.63884699 1.4239694 -0.24142492 6
-0.21993151 0.89212531 -0.23651089 19
-0.4294512 0.9587186 -0.23433419 11
-0.79991633 3.2634966 0.76706511 95
-2.1078324 4.6535583 1.357676 22
-0.60055864 2.446399 0.39299911 45
nan nan nan 0
-0.57483983 2.3413205 0.20786645 3
-1.0037966 2.2393887 0.29663426 47
-0.54601038 2.2235298 0.039355174 57
-1.0257146 2.2922692 0.12979317 63
-0.54793471 2.2330823 -0.11867177 58
-1.041522 2.3295832 -0.043936431 42
-0.47999692 1.9596555 -0.24308796 5
-1.0789996 2.4119177 -0.22767504 8
-0.30899516 1.2615277 -0.245446 6
-0.63433403 1.4205787 -0.24064361 6
-0.21951234 0.89720184 -0.2378033 14
-0.42577392 0.95502555 -0.23321028 12
-0.77941859 3.2559299 0.76425534 95
-2.0982411 4.6975937 1.3673691 22
-0.5888899 2.454313 0.39378044 44
nan nan nan 0
-0.56604856 2.3588314 0.20917377 3
-0.98802829 2.2355428 0.29541731 42
-0.53145361 2.2142031 0.039137021 59
-1.0136983 2.2976086 0.12979317 67
-0.53739542 2.2407773 -0.11893346 62
-1.02931 2.3350046 -0.043936431 42
-0.46915418 1.9597281 -0.24278374 5
-1.0693831 2.4243655 -0.22832741 8
-0.30068189 1.2559656 -0.2440162 6
-0.62187928 1.4125954 -0.23869032 6
-0.2142548 0.89598894 -0.23715709 17
-0.42373767 0.96391904 -0.23489612 15
-0.77486533 3.2595208 0.7648173 95
-2.1008527 4.7255139 1.3744773 22
nan nan nan 0
-1.0312233 2.335073 0.48898563 55
-0.56193078 2.3598158 0.20917377 3
-0.98412502 2.2372639 0.29541731 45
-0.52585673 2.2078307 0.039006125 57
-1.0056552 2.2902379 0.12926981 69
-0.53117961 2.2319949 -0.1184101 57
-1.0242249 2.3345103 -0.043892797 43
-0.46801814 1.9702029 -0.24400067 5
-1.0380142 2.3647025 -0.22245613 31
-0.30074432 1.2660426 -0.24592258 6
-0.6204105 1.4159374 -0.23908098 6
-0.21324338 0.8987124 -0.2378033 17
-0.42106855 0.96242976 -0.23433419 15
-0.75666904 3.261292 0.76425534 95
-2.0887108 4.765192 1.3828779 21
nan nan nan 0
-1.0179991 2.338192 0.488509 56
-0.55181658 2.3724301 0.21004534 9
-0.96942294 2.2355616 0.29450455 50
-0.51372504 2.2081187 0.038962495 47
-0.98867023 2.2840254 0.1286156 61
-0.51948565 2.2347455 -0.1184101 59
-1.0099949 2.3352563 -0.04380554 43
-0.45825446 1.9750441 -0.24430493 5
-1.0276048 2.3746731 -0.22289105 90
-0.29190633 1.2580341 -0.2440162 6
-0.60904503 1.4101106 -0.23751837 6
-0.20745407 0.89510906 -0.23651089 17
-0.41602355 0.96462125 -0.23433419 16
-0.75099981 3.2601023 0.76369345 95
-2.0910347 4.7931705 1.3899863 23
nan nan nan 0
-1.011957 2.335465 0.4875558 55
-0.53093153 2.3005755 0.20350866 5
-0.96453214 2.2349739 0.29420033 65
-0.50931019 2.2065761 0.038918864 35
-0.9797228 2.2742922 0.12796141 58
-0.51502544 2.2332156 -0.11827926 58
-1.0009558 2.3255444 -0.043587383 43
-0.45591551 1.9806786 -0.24491341 5
-1.0254368 2.3810341 -0.22332594 95
-0.28916314 1.2561493 -0.2435396 6
-0.61149216 1.4224998 -0.23947163 6
-0.20428264 0.88840556 -0.23457228 19
-0.41628048 0.96981454 -0.23545809 15
-0.73121947 3.2546096 0.76144558 95
-2.0783377 4.8328843 1.3983868 25
nan nan nan 0
-0.98809904 2.3136692 0.48183668 38
-0.5194239 2.3057537 0.20372654 5
-0.95476776 2.2445567 0.2948088 73
-0.49501267 2.1970179 0.038700711 43
-0.96780133 2.2793908 0.12796141 54
-0.50332534 2.2358816 -0.11827926 56
-0.98778528 2.328454 -0.043543749 43
-0.44553849 1.9830385 -0.24491341 5
-1.0237041 2.4115701 -0.22571796 95
-0.28472012 1.2672271 -0.245446 6
-0.60015571 1.4165988 -0.237909 6
-0.20172396 0.89889306 -0.23715709 19
-0.41023797 0.96974134 -0.23489612 17
-0.72451955 3.2486205 0.75975972 95
-2.0860863 4.8742342 1.4093723 27
-0.64148092 2.8730092 0.46019182 40
-0.97827524 2.3018491 0.47897714 35
-0.52405745 2.3455527 0.20721279 6
-0.95182037 2.248503 0.29511306 74
-0.49063417 2.1954386 0.038657077 67
-0.96284562 2.2787783 0.12783056 65
-0.4983381 2.2318826 -0.11801757 52
-0.98176748 2.3255727 -0.043456491 43
-0.44261417 1.9862354 -0.24521764 6
-1.0253322 2.427108 -0.22702268 9
-0.28250796 1.2677221 -0.245446 6
-0.60251254 1.4290066 -0.23986229 6
-0.19963495 0.89688534 -0.23651089 18
-0.40949982 0.97269708 -0.23545809 19
-0.70538419 3.2453508 0.75807387 95
-2.0708823 4.9095583 1.4164805 24
-0.62695318 2.878742 0.46058249 39
-0.96335274 2.300154 0.47754732 40
-0.51652479 2.3701684 0.20917377 33
-0.94003427 2.2534559 0.29511306 67
-0.47701082 2.1882067 0.038482554 75
-0.95090085 2.2837887 0.12783056 72
-0.48505732 2.2271416 -0.11762506 52
-0.96475619 2.3191502 -0.043238334 43
-0.43168354 1.9861007 -0.24491341 6
-1.0231822 2.4577172 -0.22941469 8
-0.27638412 1.2715828 -0.24592258 6
-0.59693021 1.4366969 -0.24064361 6
-0.19544365 0.90027946 -0.23715709 15
-0.40251479 0.97033584 -0.23433419 15
-0.70182246 3.2535994 0.75975972 95
-2.0744865 4.9421034 1.4248812 12
-0.623487 2.8870735 0.46175444 43
-0.96597463 2.317677 0.48088351 48
-0.51448399 2.380805 0.21004534 29
-0.93609983 2.2550931 0.29511306 62
-0.47319093 2.1890359 0.038482554 69
-0.94403392 2.2785308 0.12743805 73
-0.47959444 2.2206628 -0.11723254 40
-0.95974684 2.3185227 -0.043194704 43
-0.42873698 1.989277 -0.24521764 6
-1.0227194 2.4686964 -0.23028451 8
-0.2726236 1.2648638 -0.24449281 6
-0.59062129 1.4286197 -0.23908098 6
-0.19286537 0.89589524 -0.23586468 15
-0.40082061 0.97103685 -0.23433419 10
-0.68171155 3.2454276 0.75694996 95
-2.0578313 4.9752059 1.4313433 11
-0.60734773 2.8854654 0.46097314 43
-0.95101684 2.3158972 0.47945368 40
-0.50559109 2.4005282 0.21157058 23
-0.92522305 2.2622585 0.29541731 57
-0.46172273 2.1914835 0.038482554 65
-0.9320907 2.2834425 0.12743805 67
-0.46539932 2.2109261 -0.11657834 37
-0.94664592 2.3212032 -0.043151069 43
-0.41729969 1.9866371 -0.24460918 6
-1.0078893 2.469409 -0.22984959 8
-0.26850221 1.2782862 -0.24687576 6
-0.5850094 1.4362609 -0.23986229 6
-0.18915379 0.90162194 -0.23715709 16
-0.39480329 0.97086966 -0.23377222 13
-0.67562145 3.2417243 0.75582606 95
-2.0666451 5.0212078 1.4436212 10
-0.60130501 2.8816855 0.46019182 43
-0.94510859 2.3130136 0.47850055 31
-0.49987912 2.3940921 0.21091689 21
-0.92691064 2.2776496 0.29724273 56
-0.45840621 2.1947331 0.038526185 69
-0.92621648 2.280443 0.12717636 59
-0.4615398 2.211735 -0.11657834 38
-0.9397611 2.3159084 -0.043020178 43
-0.4163498 1.9995114 -0.24613038 6
-1.008283 2.4826939 -0.23093687 8
-0.26676759 1.2811563 -0.24735238 6
-0.58250171 1.4372798 -0.23986229 6
-0.18757989 0.90195072 -0.23715709 17
-0.39310819 0.97155726 -0.23377222 11
-0.65855503 3.2477202 0.75638807 95
-2.0512383 5.0588069 1.4513756 10
-0.58424765 2.8751142 0.45862922 38
-0.93942845 2.3338552 0.48183668 20
-0.48684251 2.3942356 0.21069901 20
-0.91497225 2.2824717 0.29724273 57
-0.44641221 2.1946535 0.038482554 71
-0.90308434 2.2574663 0.12560628 47
-0.44747704 2.2018864 -0.11592413 41
-0.92855406 2.3231168 -0.043063812 44
-0.40636557 2.004096 -0.2464346 6
-0.99248302 2.4810066 -0.23028451 8
-0.2581189 1.2729119 -0.245446 6
-0.57404596 1.4380193 -0.23947163 6
-0.18238027 0.90055251 -0.23651089 17
-0.38892752 0.97586125 -0.23433419 12
-0.65201575 3.241585 0.75470215 96
-2.0559881 5.095962 1.4610686 10
-0.57971466 2.8785505 0.45901987 43
-0.9344371 2.3332145 0.48136008 9
-0.48364329 2.3999653 0.21113478 19
-0.90914023 2.279459 0.29663426 57
-0.443073 2.19788 0.038526185 77
-0.89357758 2.245132 0.12482125 32
-0.44412425 2.205112 -0.11605498 39
-0.92078656 2.3154495 -0.042889286 45
-0.40238056 2.0023692 -0.24613038 6
-0.99000114 2.48736 -0.2307194 8
-0.25637689 1.2757672 -0.24592258 6
-0.57428998 1.4458958 -0.24064361 6
-0.18221921 0.90797585 -0.2384495 16
-0.38631591 0.97427797 -0.23377222 12
-0.63260329 3.2355011 0.75245434 96
-2.0426836 5.1403117 1.4707618 10
-0.56321484 2.8742754 0.45784789 43
-0.92944467 2.3563259 0.48517281 6
-0.47059321 2.4000204 0.21091689 17
-0.8999269 2.2911117 0.29754698 67
-0.43107986 2.1977165 0.038482554 71
-0.87357134 2.2288756 0.12364369 39
-0.43018189 2.1951551 -0.11540078 40
-0.90681887 2.3155873 -0.042802025 46
-0.3918907 2.0044487 -0.24613038 6
-0.97239995 2.4809234 -0.22963212 8
-0.24969348 1.2770921 -0.24592258 6
-0.5658052 1.4465859 -0.24025296 6
-0.17700465 0.90654629 -0.2378033 16
-0.38210532 0.97855264 -0.23433419 14
-0.62844485 3.2412746 0.75357825 96
-2.0417178 5.1640754 1.4765776 10
-0.55772841 2.8728302 0.45745724 43
-1.9358542 4.919374 1.0199115 15
-0.46829593 2.4106185 0.21178845 17
-0.89683425 2.2949884 0.29785123 76
-0.42771822 2.2009196 0.038526185 69
-0.86785722 2.2257483 0.12338201 57
-0.42587611 2.1934514 -0.11526994 43
-0.902776 2.3171666 -0.042802025 45
-0.38698271 1.9978194 -0.24521764 6
-0.96897721 2.4849355 -0.22984959 8
-0.24746418 1.277526 -0.24592258 6
-0.5659861 1.4544668 -0.24142492 6
-0.17632973 0.91159791 -0.2390957 15
-0.38039684 0.97921807 -0.23433419 12
-0.60865194 3.232656 0.75076848 96
-2.0322115 5.2196898 1.4895017 10
-0.54130971 2.8684304 0.45628527 41
nan nan nan 0
-0.45428684 2.405695 0.21113478 15
-0.89286333 2.3204813 0.30058938 69
-0.41526452 2.1982157 0.03843892 58
-0.85709047 2.2325909 0.12351285 64
-0.41115874 2.1784756 -0.11435406 40
-0.86904442 2.2658894 -0.041754879 34
-0.37834445 2.0095744 -0.2464346 6
-0.95684946 2.4922986 -0.23006704 8
-0.2407717 1.2788042 -0.24592258 6
-0.55836284 1.4574103 -0.24142492 6
-0.17023018 0.90538555 -0.23715709 16
-0.37526447 0.9811964 -0.23433419 12
-0.60223645 3.2264233 0.74908262 96
-2.0335879 5.2502441 1.4972562 10
-0.53675461 2.8717988 0.45667592 43
-0.89026833 2.3162749 0.47516435 3
-0.45236734 2.418726 0.21222423 14
-0.88524693 2.312773 0.29937243 61
-0.41051194 2.1940224 0.038351662 62
-0.85319257 2.2340834 0.12351285 70
-0.40781265 2.1816444 -0.1144849 47
-0.85165769 2.2323966 -0.041100416 31
-0.37393126 2.0053523 -0.24582614 6
-0.94982052 2.4869895 -0.22941469 8
-0.23720022 1.2719828 -0.24449281 6
-0.55315995 1.4514683 -0.24025296 6
-0.16952412 0.91043156 -0.2384495 15
-0.37267521 0.97957677 -0.23377222 12
-0.58520383 3.2320318 0.74964464 96
-2.0207295 5.2991695 1.5082417 10
-0.52127123 2.8721395 0.45628527 44
-0.87987369 2.3254924 0.47611755 18
-0.44013998 2.4235122 0.21244213 15
-0.86169636 2.2872102 0.29541731 25
-0.4003529 2.203521 0.038482554 64
-0.84678066 2.2525315 0.12429789 69
-0.39549637 2.1788361 -0.11422322 45
-0.83200896 2.2157793 -0.040707737 40
-0.36386603 2.0097249 -0.24613038 6
-0.93942684 2.4989178 -0.23006704 8
-0.23313941 1.2877004 -0.24735238 7
-0.54642659 1.4566542 -0.24064361 6
-0.16348054 0.90417451 -0.23651089 16
-0.37099808 0.9906249 -0.23602003 11
-0.57841069 3.2233551 0.74739677 96
-2.0200613 5.3252611 1.5147036 10
-0.51451701 2.8633227 0.45472264 42
-0.87060136 2.3132524 0.47325796 28
-0.43766505 2.434083 0.21331368 19
-0.84982723 2.2678127 0.29267913 25
-0.39474443 2.1943746 0.038308028 55
-0.84196907 2.2516692 0.12416705 60
-0.3899349 2.1696928 -0.11369986 51
-0.82901961 2.2195683 -0.040751368 34
-0.35992229 2.0079141 -0.24582614 6
-0.93681645 2.5052161 -0.23050195 8
-0.22960301 1.2808566 -0.24592258 6
-0.54301345 1.4552947 -0.24025296 6
-0.16232282 0.90683663 -0.23715709 15
-0.36496717 0.97987562 -0.23321028 12
-0.56221002 3.2336383 0.74908262 96
-2.0082352 5.3787398 1.5269816 10
-0.49994016 2.8684103 0.45511332 41
-0.85162419 2.299381 0.46944523 35
-0.42406216 2.4314332 0.2128779 23
-0.83362669 2.2605987 0.29115793 30
-0.38282174 2.1939485 0.038264398 62
-0.82930136 2.2537055 0.12403621 81
-0.37984914 2.1790845 -0.11409239 56
-0.81391943 2.2145004 -0.040576845 39
-0.34940398 2.0097711 -0.24582614 6
-0.91936618 2.4984078 -0.22941469 8
-0.22247645 1.2796227 -0.245446 7
-0.53795981 1.4650643 -0.24142492 6
-0.15838872 0.9124347 -0.2384495 14
-0.36067989 0.98405671 -0.23377222 15
-0.55630565 3.2297156 0.74795872 96
-2.0097985 5.4116592 1.5353823 10
-0.49493307 2.8692784 0.45511332 41
-0.84505177 2.2939601 0.46801546 58
-0.42023966 2.4346244 0.21309578 19
-0.82023251 2.2364416 0.28781131 36
-0.37899202 2.1946132 0.038264398 71
-0.83226645 2.2738924 0.12508292 75
-0.37435579 2.1699016 -0.11356901 61
-0.80746502 2.2088792 -0.04044595 43
-0.34589574 2.0103776 -0.24582614 6
-0.91586417 2.5023458 -0.22963212 8
-0.21983011 1.2775898 -0.2449694 6
-0.53369427 1.4613671 -0.24064361 6
-0.15517999 0.90318573 -0.23586468 15
-0.36065054 0.98925465 -0.23489612 15
-0.53802496 3.2278721 0.74683481 96
-1.9955584 5.460659 1.5463678 10
-0.47747034 2.8572161 0.4527694 40
-0.83555084 2.3052704 0.46944523 61
-0.40748632 2.4367914 0.21309578 19
-0.80935788 2.2430379 0.2881155 57
-0.3691375 2.2064302 0.03843892 84
-0.81694818 2.2688296 0.12455957 72
-0.36421761 2.1792204 -0.11396154 61
-0.79928988 2.2224789 -0.040620472 47
-0.3365818 2.0195053 -0.24673885 6
-0.90444481 2.5117908 -0.23006704 8
-0.2123377 1.2738807 -0.2440162 7
-0.5235101 1.4571772 -0.23947163 6
-0.15123187 0.90875202 -0.23715709 16
-0.35463354 0.9888401 -0.23433419 12
-0.53097713 3.2166946 0.74402505 96
-1.9984264 5.4981699 1.5560608 10
-0.47328508 2.8629177 0.4535507 41
-0.829853 2.3021109 0.46849206 54
-0.40323263 2.4374988 0.21309578 21
-0.80375677 2.2397792 0.28750706 53
-0.36487991 2.2046051 0.038395293 84
-0.81298703 2.270252 0.12455957 69
-0.359198 2.1724622 -0.11356901 64
-0.79540974 2.2238705 -0.040620472 61
-0.33225375 2.0151923 -0.24613038 6
-0.899216 2.5110221 -0.22984959 7
-0.21090557 1.2790934 -0.2449694 7
-0.52180374 1.4604117 -0.23986229 5
-0.14887084 0.90424711 -0.23586468 18
-0.35539225 0.99633002 -0.23602003 14
-0.51433021 3.2243319 0.74514896 96
-1.9834639 5.5472059 1.5670463 10
-0.45673487 2.8556025 0.45198807 41
-0.81696343 2.3041129 0.46801546 57
-0.39046448 2.4395769 0.21309578 14
-0.79035753 2.2392802 0.28689855 61
-0.35293847 2.2040167 0.038351662 83
-0.79775387 2.2650647 0.12403621 72
-0.34742597 2.1718478 -0.11343818 65
-0.78208685 2.2232921 -0.040533211 56
-0.32402936 2.0316088 -0.24795581 6
-0.8852247 2.5133483 -0.22963212 8
-0.20420538 1.2801802 -0.2449694 7
-0.51332438 1.4607964 -0.23947163 5
-0.14525883 0.91217142 -0.2378033 18
-0.34772155 0.99129182 -0.23433419 13
-0.50775051 3.2155101 0.74290115 96
-1.9883759 5.5916061 1.578678 10
-0.45136604 2.853956 0.45159739 42
-0.81129986 2.3009093 0.46706229 54
-0.38736835 2.4476349 0.21374945 18
-0.78727442 2.2429962 0.28720281 68
-0.34792462 2.1972218 0.038220771 68
-0.79296964 2.2640989 0.12390537 67
-0.34479871 2.1798496 -0.1138307 64
-0.77903515 2.2270117 -0.040576845 54
-0.31933007 2.024817 -0.24704309 6
-0.88083667 2.5148895 -0.22963212 8
-0.20159188 1.2781099 -0.24449281 7
-0.50995266 1.4593616 -0.23908098 5
-0.14218371 0.90287793 -0.23521848 16
-0.34842795 0.99878687 -0.23602003 14
-0.48961458 3.2133937 0.74177724 96
-1.9718554 5.6384058 1.5890173 9
-0.43567392 2.851398 0.45081612 42
-0.8000496 2.3074429 0.46753883 51
-0.37642011 2.4619403 0.21483891 19
-0.77551931 2.2470875 0.28720281 70
-0.33641526 2.1990135 0.038220771 65
-0.78028679 2.2658608 0.12377454 68
-0.33225527 2.1742203 -0.11343818 54
-0.77145147 2.2428708 -0.040794995 58
-0.30872384 2.0264614 -0.24704309 6
-0.86765671 2.5194671 -0.22963212 7
-0.19526312 1.2815746 -0.2449694 7
-0.50392294 1.4666775 -0.23986229 6
-0.13817075 0.90838665 -0.23651089 15
-0.34319359 1.0005975 -0.23602003 14
-0.48456636 3.2141585 0.74177724 96
-1.9810919 5.696568 1.6045262 9
-0.42849389 2.8375027 0.44847217 42
-0.79682541 2.3111544 0.46801546 44
-0.37323347 2.4699821 0.21549256 18
-0.77240622 2.2507832 0.28750706 69
-0.33146185 2.1921816 0.038089875 63
-0.77470446 2.2624984 0.12351285 69
-0.32994294 2.1846724 -0.11396154 48
-0.76834905 2.2465773 -0.040838629 60
-0.30518651 2.0269971 -0.24704309 6
-0.86406898 2.5233324 -0.22984959 8
-0.19302607 1.2819134 -0.2449694 7
-0.49894693 1.4605517 -0.23869032 5
-0.13623106 0.90623748 -0.23586468 16
-0.33905777 0.99428844 -0.23433419 14
-0.46612296 3.2095006 0.74009144 96
-1.9590687 5.7297091 1.6109883 9
-0.41433963 2.844595 0.4492535 48
-0.78629756 2.3199406 0.46896866 37
nan nan nan 0
-0.75981295 2.2524469 0.28720281 64
-0.31890315 2.186466 0.037958983 49
-0.76124585 2.2617946 0.12325118 70
-0.31921515 2.1913114 -0.11422322 53
-0.75737649 2.2529376 -0.04088226 65
-0.29492339 2.0310233 -0.24734734 6
-0.84924805 2.523104 -0.22941469 8
-0.18631135 1.2829065 -0.2449694 7
-0.49208558 1.4654827 -0.23908098 6
-0.13148417 0.90693837 -0.23586468 17
-0.33541557 1.0006628 -0.23545809 15
-0.46177074 3.2150514 0.74121529 96
-1.9669844 5.785696 1.6258509 9
-0.40832403 2.837981 0.44808149 51
-0.77988315 2.3143368 0.46753883 32
nan nan nan 0
-0.75746763 2.2584717 0.28781131 61
-0.31331471 2.1746473 0.037740827 51
-0.75570363 2.2583876 0.12298949 75
-0.31645066 2.1992795 -0.11461575 67
-0.7510528 2.2471485 -0.040751368 67
-0.28997791 2.0217085 -0.24613038 6
-0.84404868 2.5222218 -0.22919723 8
-0.18441692 1.2856596 -0.245446 7
-0.49031588 1.4686792 -0.23947163 6
-0.13091314 0.9143405 -0.2378033 16
-0.33210814 0.99663126 -0.23433419 13
-0.44370526 3.2126765 0.74009144 96
-1.9481699 5.830265 1.6355439 9
-0.39413342 2.8449721 0.44886282 56
-0.77396166 2.3370149 0.47135159 32
nan nan nan 0
-0.74563193 2.2624071 0.28781131 60
-0.30192408 2.1762578 0.037740827 71
-0.7422998 2.2575731 0.12272782 76
-0.30561206 2.205853 -0.11487742 76
-0.73927647 2.25105 -0.040751368 68
-0.27905113 2.0207407 -0.24582614 6
-0.83395892 2.5360649 -0.23006704 8
-0.17668608 1.2793127 -0.2440162 7
-0.48261923 1.4712263 -0.23947163 6
-0.12482456 0.90544111 -0.23521848 17
-0.3291896 1.0052917 -0.23602003 12
-0.4393144 3.2181971 0.74121529 98
-1.9502009 5.870317 1.6458832 9
-0.38850144 2.8407621 0.44808149 56
-0.77451247 2.35234 0.47421119 22
-0.37296692 2.7266619 0.23771729 59
-0.74245924 2.2660613 0.2881155 59
-0.29846242 2.1792583 0.037784457 49
-0.73601782 2.2517505 0.12233528 72
-0.30176166 2.206383 -0.11487742 81
-0.73456615 2.2499621 -0.040707737 69
-0.27452514 2.0138478 -0.24491341 6
-0.82797563 2.5327847 -0.22963212 8
-0.17478096 1.2820514 -0.24449281 7
-0.48005068 1.4720664 -0.23947163 6
-0.12452669 0.91523212 -0.2378033 17
-0.32743454 1.0058647 -0.23602003 14
-0.4212659 3.2156959 0.74009144 96
nan nan nan 0
-0.37426233 2.8476543 0.44886282 55
nan nan nan 0
-0.35836217 2.7261078 0.2374994 57
-0.7321136 2.2746394 0.28872401 56
-0.2867237 2.1783128 0.037740827 59
-0.72268218 2.2508223 0.12207361 69
-0.290205 2.2079329 -0.11487742 74
-0.7227754 2.2537775 -0.040707737 71
-0.26365691 2.0127966 -0.24460918 6
-0.81776464 2.5465653 -0.23050195 8
-0.16743532 1.2780813 -0.2435396 7
-0.47233644 1.4745598 -0.23947163 5
-0.11942475 0.91347635 -0.23715709 20
-0.32141143 1.0052484 -0.23545809 14
-0.41528052 3.2091053 0.73840553 96
-1.5684981 4.8365488 1.3512139 30
-0.36865985 2.8434052 0.44808149 59
-1.6125669 4.9985309 1.0132391 34
-0.35360366 2.7267292 0.2374994 49
-0.72966373 2.2806377 0.28933251 54
-0.28292137 2.1788099 0.037740827 71
-0.7164619 2.2449496 0.1216811 62
-0.28507516 2.1985314 -0.11435406 65
-0.71884066 2.2550354 -0.040707737 70
-0.25982776 2.0107925 -0.24430493 6
-0.81408006 2.5503597 -0.2307194 8
-0.16613735 1.2856747 -0.2449694 7
-0.47127435 1.4800833 -0.24025296 6
-0.11843814 0.91847503 -0.2384495 17
-0.31890848 1.0034894 -0.23489612 12
-0.39761347 3.2088876 0.73784363 96
-1.5512382 4.8700004 1.3583223 37
-0.35406992 2.8477473 0.44847217 55
-1.5729935 4.9648056 1.0046605 38
-0.34023878 2.7359581 0.23815306 45
-0.72070533 2.2938905 0.29054946 48
-0.27089575 2.1753001 0.037653565 72
-0.70244408 2.2415273 0.12128857 57
-0.2732538 2.197516 -0.11422322 52
-0.70702356 2.2587686 -0.040707737 70
-0.25050712 2.0219767 -0.24552189 6
-0.79846859 2.5474615 -0.23006704 8
-0.15910509 1.284091 -0.24449281 7
-0.4635182 1.4825307 -0.24025296 6
-0.11304463 0.91428787 -0.23715709 16
-0.31512144 1.0097899 -0.23602003 13
-0.39257249 3.2095082 0.73784363 96
-1.543467 4.8750019 1.3589683 47
-0.34850153 2.8434584 0.44769087 51
-1.5635868 4.9652033 1.0041839 39
-0.33455905 2.7291312 0.2374994 42
-0.71818882 2.2998793 0.29115793 39
-0.26619133 2.1683257 0.03752267 69
-0.69404894 2.2284567 0.12050354 58
-0.26821136 2.1880765 -0.11369986 41
-0.70158601 2.255228 -0.040620472 71
-0.24608213 2.0150208 -0.24460918 6
-0.79551083 2.5536044 -0.23050195 8
-0.15715767 1.2868032 -0.2449694 7
-0.46019036 1.4809815 -0.23986229 5
-0.11144872 0.91448373 -0.23715709 18
-0.31262684 1.0080149 -0.23545809 12
-0.37435791 3.2043259 0.73615772 96
-1.505698 4.8438225 1.3479828 44
-0.33189279 2.830528 0.44534692 52
-1.5186672 4.9123778 0.99179244 37
-0.32170686 2.7432141 0.23858884 40
-0.70613694 2.3036082 0.29115793 35
-0.25512385 2.1721723 0.0375663 77
-0.68163675 2.2296741 0.1203727 58
-0.256751 2.189451 -0.11369986 46
-0.68976808 2.2588706 -0.040620472 71
-0.23638506 2.0236764 -0.24552189 6
-0.78066468 2.552974 -0.23006704 8
-0.15069909 1.2900465 -0.245446 7
-0.45315698 1.4857305 -0.24025296 6
-0.106659 0.91505474 -0.23715709 18
-0.30590555 1.0049833 -0.23433419 13
-0.36904666 3.2024899 0.73559582 96
-1.4936669 4.8349094 1.3447518 54
-0.32667041 2.82865 0.44495627 52
-1.4819003 4.823555 0.97320527 37
-0.31748673 2.7487199 0.23902461 37
-0.70357043 2.3095818 0.29176643 32
-0.25104722 2.170131 0.03752267 76
-0.67482287 2.2213111 0.11984934 55
-0.25207624 2.1824548 -0.11330734 48
-0.68436384 2.2552903 -0.040533211 70
-0.23257138 2.0216203 -0.24521764 6
-0.77329504 2.5448055 -0.22919723 8
-0.14789337 1.2854306 -0.24449281 7
-0.4491168 1.481797 -0.23947163 6
-0.10506176 0.91523951 -0.23715709 17
-0.30486652 1.0078442 -0.23489612 10
-0.35224289 3.2092829 0.73671967 96
-1.464114 4.8288012 1.3408747 50
-0.31158641 2.8278673 0.44456562 49
-1.4623085 4.8500404 0.977018 28
-0.30390361 2.757772 0.23967829 37
-0.69289815 2.3179862 0.29237488 32
-0.23940891 2.168931 0.037479043 75
-0.66174716 2.2200315 0.11958765 47
-0.23983143 2.1762993 -0.11291482 51
-0.67111009 2.2540538 -0.04044595 65
-0.22225149 2.0252774 -0.24552189 6
-0.75924432 2.5464344 -0.22897977 8
-0.14116086 1.2861873 -0.24449281 7
-0.44348449 1.4912226 -0.24064361 6
-0.10026816 0.91577709 -0.23715709 18
-0.30099183 1.0140913 -0.23602003 12
-0.34694079 3.2074101 0.73615772 96
-1.4500933 4.8128552 1.335705 51
-0.30665037 2.8284066 0.44456562 49
nan nan nan 0
-0.29828945 2.7508693 0.23902461 40
-0.69027346 2.3239467 0.29298338 31
-0.23562305 2.1693456 0.037479043 76
-0.6550169 2.2116137 0.11906429 43
-0.23603274 2.1767147 -0.11291482 56
-0.66574758 2.2504306 -0.040358689 61
-0.21977286 2.0355315 -0.24673885 6
-0.75195277 2.5382087 -0.22810996 9
-0.13839597 1.281551 -0.2435396 7
-0.44017443 1.4896284 -0.24025296 6
-0.098162271 0.9111473 -0.23586468 14
-0.29642469 1.0052811 -0.23377222 11
-0.32908717 3.2043939 0.73503381 96
-1.4262466 4.8250122 1.3369974 59
-0.29133338 2.8250606 0.4437843 44
nan nan nan 0
-0.2838819 2.7523935 0.23902461 44
-0.68298554 2.3441966 0.29511306 30
-0.22375165 2.1655762 0.037391778 78
-0.64202571 2.2102206 0.11880261 46
-0.22437827 2.1754372 -0.11278398 63
-0.65185189 2.2466879 -0.040227797 58
-0.2083583 2.0292485 -0.24582614 6
-0.73865247 2.5421112 -0.22810996 9
-0.13267253 1.2920247 -0.245446 7
-0.43306309 1.4942824 -0.24064361 6
-0.094354667 0.92126065 -0.2384495 15
-0.29459184 1.018505 -0.236582 13
-0.32380965 3.2024827 0.73447186 96
-1.4137273 4.8135948 1.3331201 59
-0.28640226 2.8255646 0.4437843 38
-0.73265707 2.5168905 0.50233024 9
-0.27758056 2.7380173 0.23771729 48
-0.68167067 2.3549142 0.29633 29
-0.21947081 2.1609898 0.037304517 79
-0.63677329 2.206543 0.11854094 47
-0.22108044 2.1807933 -0.11304566 72
-0.64723271 2.2454216 -0.040184166 60
-0.20506318 2.032078 -0.24613038 6
-0.73699385 2.552963 -0.22897977 9
-0.12968865 1.2849281 -0.2440162 7
-0.42976421 1.4926652 -0.24025296 6
-0.092272781 0.91661721 -0.23715709 16
-0.29008225 1.0096643 -0.23433419 12
-0.30532533 3.1920624 0.73166209 95
-1.3838103 4.8046904 1.3285967 55
-0.27136925 2.8245673 0.44339365 44
-0.71472472 2.5041811 0.49899405 9
-0.26347715 2.7419124 0.23793519 56
-0.67274046 2.3703806 0.29785123 26
-0.20839033 2.1645973 0.037348147 62
-0.62384242 2.2050452 0.11827926 45
-0.20918553 2.1769507 -0.11278398 72
-0.63546693 2.2487798 -0.040184166 62
-0.19395253 2.028183 -0.24552189 7
-0.72293425 2.5543916 -0.22876231 9
-0.12295903 1.2855895 -0.2440162 7
-0.42465377 1.5043927 -0.24181558 6
-0.087472133 0.91708779 -0.23715709 16
-0.28613296 1.0158532 -0.23545809 13
-0.30076426 3.1973889 0.73278606 96
nan nan nan 0
-0.26574835 2.8176613 0.4422217 44
-0.70900601 2.500705 0.49804088 24
-0.258459 2.7398884 0.23771729 62
-0.67537957 2.395422 0.3008936 29
-0.20461208 2.1649578 0.037348147 74
-0.61863261 2.2013264 0.11801757 48
-0.2053857 2.1773124 -0.11278398 74
-0.63086092 2.2474802 -0.040140532 62
-0.18995313 2.0235772 -0.24491341 7
-0.71847481 2.5556495 -0.22876231 9
-0.12094091 1.2882458 -0.24449281 7
-0.42404813 1.5122584 -0.24298753 5
-0.086091518 0.91964394 -0.2378033 15
-0.28435954 1.016351 -0.23545809 13
-0.2826061 3.1892629 0.73053825 95
-0.92819583 3.314796 0.91179472 31
-0.25077417 2.8165541 0.44183102 47
-0.69854736 2.5138366 0.49994725 29
-0.24410951 2.741204 0.23771729 68
-0.66814971 2.4180501 0.30332753 37
-0.19327365 2.1659992 0.037348147 78
-0.60643047 2.2021298 0.11788674 48
-0.19420189 2.1808448 -0.11291482 75
-0.61908448 2.2507524 -0.040140532 61
-0.17892173 2.0195999 -0.24430493 7
-0.6917724 2.5113771 -0.22441322 8
-0.11462013 1.2937512 -0.245446 7
-0.41480193 1.5096997 -0.24220623 6
-0.080860034 0.91526997 -0.23651089 16
-0.27772552 1.0131329 -0.23433419 12
-0.27738631 3.1872759 0.72997624 95
-0.90875351 3.2675679 0.89822441 65
-0.24585797 2.8169875 0.44183102 55
-0.69218767 2.5079582 0.49851748 28
-0.23910993 2.7391448 0.2374994 65
-0.66392845 2.4192126 0.30332753 28
-0.18949296 2.1663332 0.037348147 79
-0.59993261 2.1935577 0.11736339 48
-0.19061027 2.1836677 -0.11304566 60
-0.61183834 2.2397795 -0.039922375 60
-0.17497183 2.0149646 -0.24369647 7
-0.6721766 2.4573555 -0.21941178 8
-0.11194438 1.2890588 -0.24449281 7
-0.41282338 1.5128018 -0.24259689 5
-0.079059117 0.91300327 -0.23586468 14
-0.2772572 1.0183114 -0.23545809 15
-0.26033413 3.1911581 0.73053825 95
-0.89035606 3.2676229 0.89693207 94
-0.23050441 2.810853 0.44065908 63
-0.68098062 2.518652 0.49994725 28
-0.22395697 2.7304299 0.23662783 64
-0.64995539 2.4178653 0.30271906 33
-0.17774224 2.1623132 0.037260886 79
-0.58713728 2.191848 0.1171017 46
-0.1789721 2.1821473 -0.11291482 55
-0.59945184 2.2405388 -0.039878745 60
-0.16501747 2.0232732 -0.24460918 7
-0.65021771 2.4271779 -0.21636739 8
-0.10578129 1.2969662 -0.24592258 7
-0.40360773 1.5101752 -0.24181558 5
-0.074086837 0.91099715 -0.23521848 17
-0.27128363 1.017398 -0.23489612 15
-0.25454986 3.1818497 0.72829044 95
-0.88211554 3.2598507 0.89434725 94
-0.22618586 2.8186352 0.44183102 61
-0.68106765 2.5364201 0.50328338 24
-0.21919115 2.7308166 0.23662783 62
-0.64057988 2.3998256 0.30028513 26
-0.17396805 2.1626201 0.037260886 77
-0.58395749 2.195281 0.11723254 48
-0.17417519 2.1700127 -0.11226062 56
-0.59489399 2.2391675 -0.039835118 61
-0.16109569 2.0186105 -0.24400067 7
-0.64275748 2.4162807 -0.21528012 7
-0.10294241 1.2898089 -0.24449281 7
-0.40289235 1.5180316 -0.24298753 5
-0.073242895 0.92075634 -0.2378033 19
-0.26760623 1.0108136 -0.23321028 12
-0.23733076 3.1831803 0.72829044 95
-0.86503506 3.2644246 0.89434725 94
-0.21160749 2.8222437 0.4422217 61
-0.67154652 2.5541861 0.50614297 27
-0.20470509 2.7294433 0.23640995 63
-0.62800568 2.4031467 0.30028513 33
-0.16264224 2.1635013 0.037260886 78
-0.57055318 2.1910641 0.11684001 48
-0.16281068 2.1708951 -0.11226062 55
-0.58379543 2.2446692 -0.039878745 61
-0.15107064 2.0268509 -0.24491341 7
-0.62440914 2.3979318 -0.21332303 7
-0.096008718 1.2878826 -0.2440162 7
-0.39305499 1.5129561 -0.24181558 6
-0.06842085 0.9211272 -0.2378033 17
-0.26479581 1.0216227 -0.23545809 14
-0.23250619 3.1859787 0.72885233 95
-0.85810077 3.26126 0.89305478 95
-0.20739619 2.8324597 0.4437843 65
-0.6608476 2.5316191 0.50137705 27
-0.19976079 2.7273126 0.23619208 61
-0.6213001 2.3946364 0.29906818 30
-0.15832332 2.1563027 0.037129994 73
-0.56798762 2.1968882 0.1171017 44
-0.15866102 2.1661956 -0.11199894 60
-0.57735831 2.2360089 -0.039704222 64
-0.14735502 2.0246363 -0.24460918 7
-0.61394525 2.3749173 -0.21114849 7
-0.0939354 1.2904961 -0.24449281 7
-0.39041379 1.5136398 -0.24181558 6
-0.066473618 0.91642708 -0.23651089 18
-0.26116028 1.0150137 -0.23377222 14
-0.21461421 3.1774676 0.72660452 95
-0.83798563 3.2540185 0.88982379 95
-0.1920653 2.8261158 0.44261235 59
-0.65675664 2.5706956 0.50852597 25
-0.1851435 2.7233512 0.23575628 61
-0.60383326 2.3786244 0.29663426 27
-0.1470308 2.1571021 0.037129994 78
-0.55586004 2.1974132 0.11697085 41
-0.14765114 2.1719785 -0.11226062 63
-0.56625968 2.2414234 -0.039747853 62
-0.13642229 2.0204279 -0.24400067 7
nan nan nan 0
-0.087177128 1.2909703 -0.24449281 7
-0.37881601 1.5013082 -0.23947163 6
-0.061360106 0.91194278 -0.23521848 16
-0.25705209 1.0210866 -0.23489612 12
-0.20994058 3.1826627 0.72772843 95
-0.8335079 3.2601545 0.8911162 95
-0.18697101 2.823983 0.4422217 45
-0.62554246 2.4672148 0.4875558 29
-0.17990142 2.7162151 0.23510262 63
-0.60029167 2.3820798 0.29693851 27
-0.14293876 2.1523669 0.03704273 78
-0.55202401 2.19838 0.11697085 45
-0.14353439 2.1672504 -0.11199894 64
-0.55928302 2.2302914 -0.039529696 55
-0.13321692 2.0256157 -0.24460918 7
-0.55886084 2.2270362 -0.19744885 22
-0.085396372 1.2984678 -0.24592258 7
-0.37801617 1.5091479 -0.24064361 6
-0.05992128 0.91445869 -0.23586468 18
-0.25767308 1.0309768 -0.23714393 14
-0.19257197 3.1813202 0.72716647 95
-0.81406981 3.2551055 0.88853139 95
-0.1715878 2.815064 0.44065908 41
-0.61202073 2.4680758 0.4870792 26
-0.16597669 2.7220917 0.23553839 63
-0.58481991 2.3731492 0.29541731 26
-0.13211834 2.1605709 0.037173621 77
-0.54170609 2.2060869 0.11723254 55
-0.13263421 2.1754487 -0.11239146 70
-0.54819775 2.235616 -0.03957333 53
-0.12290423 2.0312393 -0.24521764 7
-0.54539764 2.2226794 -0.19679649 22
-0.078307092 1.2939974 -0.2449694 7
-0.37010914 1.5111065 -0.24064361 5
-0.055553231 0.92199272 -0.2378033 14
-0.25050589 1.0252203 -0.23545809 14
-0.18714876 3.1743231 0.72548062 95
-0.8066321 3.2494917 0.88659275 95
-0.16667433 2.8153589 0.44065908 43
-0.60771221 2.4691401 0.4870792 23
-0.16078891 2.7149181 0.23488472 65
-0.57651901 2.357301 0.29328761 26
-0.12805513 2.1558077 0.037086364 74
-0.53845096 2.2094536 0.11736339 58
-0.12869167 2.1731844 -0.11226062 65
-0.54250753 2.2292864 -0.039442439 45
-0.11878578 2.0215416 -0.24400067 7
-0.54448783 2.2357209 -0.19788374 10
-0.076048523 1.294132 -0.2449694 7
-0.36806148 1.5141479 -0.24103427 5
-0.053671818 0.91726595 -0.23651089 17
-0.24930054 1.0280206 -0.23602003 16
-0.16984262 3.1728566 0.72491866 95
-0.79017961 3.256017 0.88723898 95
-0.15153676 2.8087957 0.4394871 48
-0.59708887 2.4818285 0.48898563 23
-0.14643897 2.7132359 0.23466682 65
-0.56300569 2.3554628 0.29267913 32
-0.11649963 2.1514564 0.036999099 71
-0.5268749 2.2122426 0.11736339 62
-0.11731118 2.1738284 -0.11226062 69
-0.52907836 2.2248046 -0.039311547 43
-0.10846004 2.027092 -0.24460918 7
-0.52347177 2.1997938 -0.19440447 30
-0.068888694 1.2871599 -0.2435396 7
-0.35955068 1.5136534 -0.24064361 6
-0.049115207 0.92235816 -0.2378033 17
-0.24277046 1.0245761 -0.23489612 12
-0.16510838 3.1779852 0.72604263 95
-0.78108346 3.2433085 0.88336176 94
-0.14650719 2.8065898 0.43909645 55
-0.59505296 2.4924109 0.49089199 24
-0.1415751 2.7110004 0.23444895 67
-0.55889374 2.356442 0.29267913 34
-0.11261582 2.1491601 0.036955472 63
-0.52127594 2.205873 0.11697085 61
-0.11364502 2.1765234 -0.11239146 70
-0.52172142 2.2111347 -0.039049756 41
-0.10517387 2.0322344 -0.24521764 7
-0.52136326 2.2079725 -0.19505686 50
-0.067381918 1.3019845 -0.24639918 7
-0.35862887 1.521484 -0.24181558 5
-0.047028366 0.91279411 -0.23521848 16
-0.24098186 1.0249982 -0.23489612 15
-0.1479115 3.1788321 0.72604263 95
-0.76297808 3.2426536 0.88206935 94
-0.13158163 2.8023851 0.43831512 57
nan nan nan 0
-0.12691787 2.7017529 0.23357739 68
-0.54598325 2.3569195 0.29237488 31
-0.10089907 2.1397326 0.036780942 67
-0.50971895 2.2085721 0.11697085 65
-0.10213226 2.1745944 -0.11226062 72
-0.50900459 2.2089667 -0.038962495 46
-0.094192728 2.0253208 -0.24430493 7
-0.50697279 2.1985433 -0.19396958 33
-0.060342904 1.2974162 -0.245446 7
-0.34897473 1.5161268 -0.24064361 5
-0.042568184 0.92026585 -0.23715709 15
-0.23450084 1.0215023 -0.23377222 12
-0.14291802 3.1790605 0.72604263 95
-0.75621283 3.2392783 0.88077694 94
-0.12680022 2.8050776 0.43870577 54
-0.67965865 2.9338732 0.57810873 63
-0.12220223 2.7019706 0.23357739 67
-0.54579103 2.3747902 0.29450455 26
-0.097164378 2.1399055 0.036780942 73
-0.50698757 2.2143235 0.11723254 67
-0.098447368 2.1772637 -0.11239146 72
-0.50514841 2.2098515 -0.038962495 49
-0.090549059 2.0230031 -0.24400067 7
-0.50313479 2.1994247 -0.19396958 30
-0.05818459 1.2999713 -0.24592258 7
-0.34744149 1.5215448 -0.24142492 6
-0.041166738 0.92516446 -0.2384495 14
-0.23437154 1.0290285 -0.23545809 13
-0.12543125 3.1724844 0.72435671 95
-0.7403217 3.2479012 0.88206935 94
-0.11201426 2.8032355 0.43831512 56
-0.66592252 2.9445703 0.57953846 63
-0.10795536 2.7000849 0.2333595 68
-0.54265916 2.4187593 0.29967666 22
-0.085860454 2.137887 0.036737315 74
-0.49483719 2.2145123 0.1171017 67
-0.087143518 2.1802437 -0.1125223 72
-0.49411991 2.2149048 -0.039006125 52
-0.080242522 2.0308883 -0.24491341 7
-0.49106428 2.1995995 -0.19375211 45
-0.051003773 1.2904487 -0.2440162 7
-0.33783761 1.5161175 -0.24025296 6
-0.036411807 0.92778075 -0.2390957 16
-0.22844148 1.0278658 -0.23489612 12
-0.12044778 3.1726775 0.72435671 96
-0.73250836 3.239769 0.87948453 94
-0.10693625 2.7984915 0.43753383 58
-0.65861911 2.9361525 0.57763213 64
-0.10324266 2.7002692 0.2333595 70
-0.55419594 2.4899173 0.3084996 20
-0.082129002 2.1380336 0.036737315 78
-0.49042639 2.2129362 0.11697085 67
-0.083431371 2.1828873 -0.11265314 74
-0.48752913 2.2035661 -0.038787968 54
-0.076515108 2.0260656 -0.24430493 7
-0.48831105 2.2053142 -0.19418702 36
-0.048929587 1.2954408 -0.2449694 7
-0.33735067 1.526343 -0.24181558 6
-0.034364734 0.9157753 -0.23586468 17
-0.22718191 1.0306396 -0.23545809 12
-0.10320247 3.1708481 0.72379482 96
-0.7155351 3.2435598 0.87948453 95
-0.092361704 2.8014812 0.4379245 58
-0.64323646 2.9395609 0.57763213 63
-0.088781126 2.6908159 0.23248795 68
nan nan nan 0
-0.070933208 2.1384344 0.036737315 77
-0.47989735 2.2203522 0.11723254 72
-0.071920544 2.1807988 -0.1125223 76
-0.47545266 2.2036467 -0.038744342 53
-0.065905653 2.0264385 -0.24430493 7
-0.47463515 2.1981072 -0.19331719 45
-0.04199357 1.2907733 -0.2440162 7
-0.32829958 1.5232637 -0.24103427 6
-0.029715115 0.92077053 -0.23715709 15
-0.22021559 1.0246768 -0.23377222 12
-0.098221593 3.1710062 0.72379482 96
-0.7077952 3.2353697 0.87689972 95
-0.087472051 2.8016384 0.4379245 60
-0.63810503 2.9406791 0.57763213 63
-0.08408463 2.6909668 0.23248795 67
-0.59945339 2.7822909 0.34470421 49
-0.067200825 2.138555 0.036737315 74
-0.47443727 2.213866 0.11684001 73
-0.068190038 2.1834166 -0.11265314 72
-0.47107804 2.2020297 -0.038700711 49
-0.062294703 2.0240703 -0.24400067 7
-0.47132438 2.2013667 -0.19353466 56
-0.039596789 1.2859384 -0.24306302 7
-0.32773283 1.5334873 -0.24259689 5
-0.028245414 0.92564905 -0.2384495 17
-0.22101744 1.0369611 -0.236582 12
-0.080820285 3.1617506 0.72154701 96
-0.69135231 3.2413926 0.87754589 95
-0.072676599 2.7971208 0.43714318 58
-0.61962998 2.9295783 0.57477254 55
-0.069489509 2.6714528 0.23074484 65
-0.59412545 2.8290889 0.35018054 55
-0.055939261 2.1363788 0.036693681 78
-0.46335432 2.2187626 0.11697085 73
-0.056694064 2.1812479 -0.1125223 70
-0.45902678 2.2020199 -0.038657077 45
-0.051634833 2.021888 -0.24369647 7
-0.45773742 2.1940565 -0.19266483 35
-0.033158638 1.2983954 -0.245446 7
-0.31867817 1.5303504 -0.24181558 5
-0.023118086 0.91371232 -0.23521848 17
-0.21356232 1.0285722 -0.23433419 12
-0.075910687 3.1643088 0.7221089 96
-0.68317926 3.2307839 0.8743149 95
-0.067736425 2.7947745 0.4367525 58
-0.61350131 2.925853 0.57381934 49
-0.064240091 2.646672 0.22856593 59
-0.58969647 2.83255 0.35048476 57
-0.052151602 2.1339743 0.03665005 74
-0.45897013 2.2171242 0.11684001 74
-0.052770227 2.1763518 -0.11226062 63
-0.4546721 2.200371 -0.038613446 40
-0.048219357 2.0269365 -0.24430493 7
-0.4559446 2.2046034 -0.19353466 41
-0.030837638 1.2959977 -0.2449694 7
-0.31550044 1.5284873 -0.24142492 5
-0.021627005 0.91858023 -0.23651089 18
-0.21276979 1.0337111 -0.23545809 14
-0.05874531 3.1622376 0.72154701 96
-0.66674417 3.2366812 0.87496108 95
-0.053102158 2.7950909 0.4367525 59
-0.59668899 2.9218137 0.57238954 46
-0.050061867 2.6295416 0.22704072 60
-0.57634777 2.8428926 0.35139751 64
-0.041069087 2.1392164 0.036737315 74
-0.44835141 2.2243896 0.1171017 74
-0.041419517 2.1790946 -0.11239146 60
-0.4431448 2.2027214 -0.038613446 40
-0.03756199 2.0246801 -0.24400067 7
-0.44389853 2.2045197 -0.19331719 58
-0.024051419 1.2961414 -0.2449694 7
-0.30798662 1.5325379 -0.24181558 5
-0.016856255 0.92109567 -0.23715709 17
-0.20686537 1.0324244 -0.23489612 10
-0.053817973 3.1647615 0.7221089 96
-0.66060764 3.2354746 0.8743149 95
-0.048264664 2.7976484 0.43714318 59
-0.59011698 2.9156368 0.57095981 55
-0.045183327 2.6121938 0.22551547 60
-0.5713852 2.8438942 0.35139751 71
-0.037211053 2.1317868 0.03660642 77
-0.44298676 2.2178271 0.11670918 73
-0.0375343 2.1741707 -0.11212978 54
-0.44078061 2.2108428 -0.038744342 41
-0.033949383 2.0197806 -0.24339221 7
-0.43906575 2.2004087 -0.1928823 60
-0.021826882 1.2986352 -0.245446 7
-0.30580071 1.5354934 -0.24220623 5
-0.015353565 0.92836803 -0.2390957 16
-0.20457834 1.0303967 -0.23433419 10
-0.0366139 3.1576989 0.72042304 96
-0.64270967 3.2341528 0.87302244 95
-0.033587601 2.7953935 0.4367525 58
-0.57436472 2.9162793 0.57048315 56
-0.0314206 2.6049235 0.22486182 55
-0.55456734 2.8371084 0.35018054 74
-0.026133657 2.139451 0.036737315 78
-0.43136823 2.2201161 0.11670918 70
-0.026149904 2.1743376 -0.11212978 48
-0.42967945 2.2155731 -0.038787968 48
-0.023531923 2.0348179 -0.24521764 7
-0.42562053 2.1929018 -0.19201247 60
-0.015026974 1.2987318 -0.245446 7
-0.2977567 1.5370735 -0.24220623 5
-0.010358416 0.91394603 -0.23521848 17
-0.19965272 1.0338435 -0.23489612 10
-0.031676713 3.1601884 0.72098505 96
-0.63706398 3.2352695 0.87302244 95
-0.02868497 2.792979 0.43636188 58
-0.56690538 2.9052379 0.56810021 55
-0.026730666 2.5900323 0.22355449 56
-0.55056608 2.842943 0.35078901 75
-0.022399573 2.1394935 0.036737315 78
-0.42653912 2.2159643 0.11644749 69
-0.022354933 2.1743798 -0.11212978 46
-0.4262884 2.2187736 -0.038831603 57
-0.019914201 2.0274122 -0.24430493 7
-0.42179257 2.1936412 -0.19201247 67
-0.012739677 1.296302 -0.2449694 6
-0.29365629 1.5303199 -0.24103427 6
-0.0088176392 0.92120773 -0.23715709 16
-0.19737986 1.0317998 -0.23433419 10
-0.014538958 3.1505697 0.71873724 96
-0.62011546 3.2385609 0.87302244 95
-0.014039091 2.788152 0.43558055 58
-0.55260807 2.9129868 0.56905341 56
-0.013158117 2.5876462 0.22333659 53
-0.53335869 2.8335974 0.34926781 74
-0.011164236 2.1320825 0.03660642 78
-0.41400272 2.2132614 0.11618582 68
-0.010959194 2.1719706 -0.11199894 45
-0.41651979 2.2308002 -0.039006125 67
-0.0092893764 2.0250072 -0.24400067 7
-0.41076335 2.1982667 -0.19222994 68
-0.0059444038 1.2938967 -0.24449281 7
-0.28609926 1.5342625 -0.24142492 6
-0.0039831484 0.91641116 -0.23586468 18
-0.19379722 1.0423913 -0.236582 10
-0.0096019413 3.1554604 0.71986109 96
-0.61219549 3.227778 0.86979145 95
-0.0091792941 2.790642 0.4359712 58
-0.54569548 2.9043021 0.56714702 55
-0.0086157247 2.5777035 0.22246504 53
-0.52978814 2.8418398 0.35018054 72
-0.0074495794 2.1345985 0.03665005 80
-0.4101392 2.2139807 0.11618582 68
-0.0071561746 2.1669934 -0.11173727 46
-0.41170701 2.2266097 -0.038918864 75
-0.0057502957 2.0225391 -0.24369647 7
-0.40600976 2.1940844 -0.19179502 68
-0.0036895461 1.2963593 -0.2449694 7
-0.28478757 1.5420402 -0.24259689 5
-0.0023862333 0.92124683 -0.23715709 19
-0.19062324 1.0355463 -0.23489612 10
0.0074635711 3.1530299 0.71929914 96
-0.59572744 3.2333136 0.87043762 95
0.0054325312 2.7906518 0.4359712 57
-0.53092545 2.909533 0.56762362 56
0.004907235 2.5876751 0.22333659 53
-0.51356363 2.8372519 0.34926781 64
0.0037206579 2.1321084 0.03660642 78
-0.39675394 2.2062726 0.11566246 72
0.0041832505 2.1645048 -0.11160642 45
-0.40048933 2.231194 -0.038962495 75
0.0048726392 2.0324671 -0.24491341 7
-0.39496139 2.1986306 -0.19201247 68
0.0031076181 1.298815 -0.245446 7
-0.27670959 1.5435103 -0.24259689 5
0.0024146531 0.91641665 -0.23586468 18
-0.18739311 1.0485111 -0.2377059 10
0.012383165 3.1457064 0.71761328 96
-0.58877301 3.2272227 0.86849904 95
0.010249255 2.7782915 0.43401793 46
-0.52452636 2.9032123 0.56619388 55
0.0094127031 2.5851719 0.22311871 55
-0.50640315 2.8259346 0.34774661 62
0.007463695 2.1370981 0.036693681 77
-0.39334518 2.2094185 0.1157933 76
0.0079496857 2.1619973 -0.11147558 43
-0.39438352 2.219589 -0.038744342 69
0.0083948337 2.0274925 -0.24430493 7
-0.39112344 2.1993165 -0.19201247 69
0.0053196461 1.2889911 -0.2435396 6
-0.27445379 1.5464208 -0.24298753 6
0.0040296931 0.91882598 -0.23651089 17
-0.18512811 1.0464396 -0.23714393 9
0.029402811 3.1455934 0.71761328 96
-0.57229161 3.2326386 0.86914521 95
0.024796149 2.7781999 0.43401793 52
-0.50974548 2.9083354 0.56667042 68
0.023020161 2.5925584 0.22377236 52
-0.49074224 2.8236594 0.34713814 62
0.018557383 2.1270316 0.036519159 72
-0.38134173 2.2089887 0.11566246 73
0.019245321 2.15943 -0.11134475 46
-0.38189775 2.2166984 -0.038657077 57
0.018985044 2.0249395 -0.24400067 7
-0.37960255 2.2013342 -0.19201247 69
0.012068683 1.2889456 -0.2435396 6
-0.26720464 1.5527014 -0.24376884 5
0.0088688172 0.92120719 -0.23715709 17
-0.18049078 1.0521929 -0.23826784 7
0.034343857 3.1455433 0.71761328 96
-0.56412756 3.2193635 0.86526799 95
0.029672993 2.7806215 0.43440861 52
-0.5055151 2.9140553 0.56762362 77
0.02754499 2.592514 0.22377236 57
-0.48496428 2.819622 0.34652963 65
0.022298083 2.1294954 0.036562789 60
-0.37833649 2.214571 0.11592413 75
0.023042958 2.1618891 -0.11147558 48
-0.37547818 2.2025824 -0.038395293 41
0.022459438 2.0199409 -0.24339221 7
-0.37491205 2.1970849 -0.19157755 69
0.01428746 1.2864685 -0.24306302 6
-0.26407269 1.5507324 -0.24337819 5
0.010411704 0.91636068 -0.23586468 16
-0.17781812 1.0477066 -0.23714393 8
0.051403541 3.1477473 0.71817523 96
-0.54685569 3.2198927 0.86462182 96
0.044109002 2.7730212 0.43323663 57
-0.48942921 2.911823 0.56667042 81
0.040829886 2.5749037 0.22224714 56
-0.47101754 2.8270166 0.34713814 73
0.033281963 2.1193523 0.036388267 59
-0.36467341 2.20421 0.11526994 65
0.034320395 2.1592429 -0.11134475 50
-0.36105549 2.1872602 -0.038089875 35
0.033206966 2.0297201 -0.24460918 7
-0.36340305 2.1990178 -0.19157755 70
0.021110544 1.2912837 -0.2440162 6
-0.2563583 1.554529 -0.24376884 5
0.015480181 0.9307813 -0.23974191 16
-0.17354618 1.0558295 -0.23882981 7
0.056212749 3.1403558 0.71648943 96
-0.54042786 3.2160802 0.86332941 96
0.049084518 2.7803466 0.43440861 59
-0.48353371 2.9078324 0.56571728 64
0.044867493 2.5499277 0.22006825 58
-0.46526796 2.8229389 0.34652963 72
0.036889266 2.1142926 0.036301002 65
-0.35960129 2.1974545 0.11487742 55
0.037904184 2.1491952 -0.11082139 46
-0.35438266 2.1706243 -0.037784457 37
0.036655031 2.0246968 -0.24400067 7
-0.35956451 2.1996486 -0.19157755 73
0.023412194 1.2936985 -0.24449281 6
-0.25364476 1.554974 -0.24376884 5
0.016956739 0.92350918 -0.2378033 18
-0.17009827 1.0465196 -0.236582 7
0.073144563 3.1375704 0.71592742 96
-0.5243634 3.2236321 0.86462182 95
0.063467108 2.7726455 0.43323663 61
-0.46830183 2.9103243 0.56571728 62
0.058042176 2.5421884 0.21941458 49
-0.44969153 2.8204365 0.34592119 58
0.047959119 2.1140704 0.036301002 72
-0.34729999 2.1943769 0.11461575 64
0.049038265 2.1439753 -0.1105597 45
-0.34301254 2.1724501 -0.037784457 48
0.047556732 2.0368805 -0.24552189 7
-0.3488301 2.2064199 -0.19201247 76
0.030185631 1.2935582 -0.24449281 7
-0.24589133 1.5587188 -0.2441595 5
0.02166806 0.91857934 -0.23651089 18
-0.16655955 1.0594201 -0.23939174 7
0.078259155 3.1447573 0.71761328 96
-0.51718849 3.2150068 0.862037 94
0.068493634 2.7799361 0.43440861 67
-0.46127456 2.8990219 0.56333429 67
nan nan nan 0
-0.44476828 2.8212171 0.34592119 48
0.051838551 2.12148 0.036431894 74
-0.34464252 2.2023771 0.11500826 69
0.05265291 2.1388948 -0.11029802 45
-0.33882979 2.1705763 -0.037740827 62
0.050853591 2.0268722 -0.24430493 7
-0.34536824 2.2094853 -0.19222994 75
0.032508366 1.295957 -0.2449694 6
-0.24355799 1.5615841 -0.24455015 5
0.023469752 0.9257825 -0.2384495 17
-0.16394138 1.0548981 -0.23826784 6
0.095197462 3.1418531 0.71705133 96
-0.50034773 3.2176709 0.862037 94
0.082822122 2.772135 0.43323663 68
-0.44571233 2.8989723 0.56285769 69
0.073126487 2.4545949 0.21178845 48
-0.42885798 2.8161497 0.34500846 45
0.062793165 2.1161828 0.036344636 73
-0.33159396 2.1942804 0.1144849 50
0.064081393 2.146076 -0.11069055 45
-0.32746008 2.1723208 -0.037740827 71
0.061853081 2.0389793 -0.24582614 7
-0.33341801 2.2088013 -0.19201247 75
0.039293505 1.2957689 -0.2449694 6
-0.23612784 1.5677193 -0.24533147 5
0.028159181 0.9208194 -0.23715709 18
-0.15841572 1.055742 -0.23826784 6
0.099974416 3.1368301 0.71592742 96
-0.49362019 3.2113795 0.86009836 94
0.087819718 2.7769222 0.43401793 69
-0.43953452 2.8924687 0.56142789 69
0.079742074 2.5266502 0.21810725 51
-0.4220762 2.8046281 0.34348726 46
0.066728592 2.1235647 0.036475528 73
-0.32701614 2.1899185 0.11422322 70
0.067664839 2.1409702 -0.11042886 46
-0.32329479 2.1704173 -0.037697192 71
0.065084316 2.0289478 -0.24460918 7
-0.33030722 2.2143047 -0.19244738 77
0.041390538 1.2907928 -0.2440162 6
-0.23227975 1.5608052 -0.2441595 6
0.029932309 0.92559606 -0.2384495 19
-0.15767577 1.0632414 -0.23995371 6
0.11712924 3.1411119 0.71705133 96
-0.47715655 3.2163086 0.8607446 94
0.10208046 2.7690215 0.43284598 69
-0.42474344 2.8971581 0.56190449 68
0.091942668 2.4988217 0.21571046 53
-0.4070251 2.8043444 0.34318301 53
0.077659033 2.1181905 0.036388267 72
-0.3144629 2.18419 0.1138307 64
0.078873947 2.1405866 -0.11042886 51
-0.31444898 2.189395 -0.038002614 61
0.076086223 2.0384979 -0.24582614 7
-0.31870869 2.2160039 -0.19244738 78
0.048338648 1.295463 -0.2449694 6
-0.22545132 1.5692903 -0.24533147 6
0.034395661 0.91577411 -0.23586468 19
-0.15246154 1.0664624 -0.24051565 6
0.12177495 3.1336217 0.71536547 96
-0.46977419 3.2051916 0.85751355 94
0.10671944 2.7762601 0.43401793 71
-0.41861966 2.8906102 0.56047469 68
0.098552644 2.5558946 0.22072193 58
-0.40297607 2.807436 0.34348726 58
0.081257716 2.1155541 0.036344636 74
-0.31174549 2.1896231 0.11409239 75
0.082609862 2.1404457 -0.11042886 45
-0.3102712 2.1874664 -0.037958983 55
0.079090737 2.0334165 -0.24521764 7
-0.31377491 2.2091618 -0.19179502 76
0.050202202 1.2855681 -0.24306302 6
-0.22271205 1.5696814 -0.24533147 6
0.036093801 0.91812563 -0.23651089 18
-0.15078616 1.0667006 -0.24051565 6
0.13828962 3.1353745 0.71592742 96
-0.45320374 3.2051373 0.85686731 94
0.12103551 2.7707295 0.43323663 67
-0.40364042 2.8902619 0.55999815 73
0.11159823 2.5578508 0.2209398 54
-0.38792726 2.8070498 0.34318301 60
0.092075184 2.1176128 0.036388267 72
-0.2992444 2.1838069 0.11369986 55
0.093220383 2.1350124 -0.11016718 46
-0.30125687 2.2038641 -0.038220771 73
0.08984825 2.0354536 -0.24552189 7
-0.30327487 2.2156551 -0.19222994 76
0.057267152 1.2975556 -0.245446 6
-0.21449021 1.5708259 -0.24533147 6
0.040516213 0.91310632 -0.23521848 17
-0.1448603 1.0650631 -0.23995371 6
0.14343974 3.1400204 0.71705133 96
-0.44693437 3.2011409 0.85557497 95
0.12609865 2.7754474 0.43401793 67
-0.39893436 2.8933926 0.56047469 74
0.11514465 2.5377495 0.21919669 55
-0.38200945 2.8003485 0.34227031 63
0.095655851 2.1149521 0.036344636 71
-0.29475313 2.1793795 0.11343818 67
0.096600242 2.1273644 -0.10977466 47
-0.29910609 2.216769 -0.03843892 92
0.093284622 2.0328147 -0.24521764 7
-0.2990689 2.2137139 -0.19201247 74
0.059299655 1.2925508 -0.24449281 6
-0.21242194 1.5760905 -0.24611278 6
0.042342398 0.91785866 -0.23651089 17
-0.14333558 1.0677272 -0.24051565 6
0.1601751 3.1343327 0.71592742 96
-0.43016717 3.2034371 0.85557497 95
0.14050241 2.7722831 0.43362728 67
-0.38247406 2.8857121 0.5585683 74
0.12983574 2.5644712 0.22159348 55
-0.36766812 2.80477 0.34257451 67
0.10634373 2.1069334 0.036213744 74
-0.282031 2.1709924 0.11291482 73
0.1079947 2.1318159 -0.11003634 51
-0.28716883 2.2158267 -0.038395293 75
0.10379811 2.0298209 -0.24491341 7
-0.28714839 2.2127802 -0.19179502 70
0.066066593 1.2922226 -0.24449281 6
-0.2025466 1.5649414 -0.2441595 6
0.047147695 0.91762441 -0.23651089 19
-0.13742128 1.0660484 -0.23995371 6
0.16470946 3.1267796 0.71424162 96
-0.42425475 3.2017891 0.85492873 95
0.14494787 2.764636 0.4324553 65
-0.37808105 2.8912413 0.55952156 75
0.13431141 2.5642407 0.22159348 63
-0.36116144 2.7931054 0.34105334 67
0.10988829 2.1042483 0.03617011 74
-0.27824146 2.1714814 0.11291482 73
0.11131674 2.1241453 -0.10964382 51
-0.28072554 2.1964941 -0.038046245 43
0.10800728 2.0420256 -0.2464346 7
-0.28328589 2.2132781 -0.19179502 70
0.068188697 1.2896549 -0.2440162 6
-0.20077418 1.572638 -0.24533147 6
0.048482921 0.912718 -0.23521848 19
-0.13619554 1.0711172 -0.24107762 6
0.18231323 3.1282427 0.71480352 96
-0.40630993 3.1992474 0.85363632 95
0.15990379 2.7638113 0.4324553 65
-0.36181474 2.8883753 0.5585683 75
0.14949304 2.5858526 0.22355449 64
-0.34635293 2.7974806 0.34135756 68
0.12141779 2.1061184 0.036213744 75
-0.26617962 2.1704776 0.11278398 71
0.12280779 2.1235118 -0.10964382 48
-0.26852879 2.1955001 -0.038002614 39
0.11890735 2.0389345 -0.24613038 7
-0.26976764 2.2024209 -0.19070774 70
0.074872568 1.2843674 -0.24306302 6
-0.19134302 1.5663507 -0.2441595 5
0.053858988 0.91967416 -0.23715709 20
-0.13039829 1.0718384 -0.24107762 6
0.18707982 3.1255209 0.71424162 96
-0.40011847 3.1951597 0.85234392 95
0.16457871 2.7610633 0.43206465 58
-0.35646844 2.8865674 0.55809176 74
0.15400597 2.5855877 0.22355449 65
-0.34146991 2.7980809 0.34135756 69
0.12494303 2.1034081 0.03617011 74
-0.2620863 2.1684608 0.11265314 73
0.12636316 2.1208024 -0.10951298 48
-0.2625671 2.1785979 -0.037697192 50
0.12291893 2.0461543 -0.24704309 7
-0.26561978 2.2004168 -0.19049031 70
0.077867486 1.2964824 -0.245446 6
-0.18891114 1.5691329 -0.24455015 6
0.055464037 0.91957873 -0.23715709 18
-0.12792687 1.0672294 -0.23995371 6
0.20430803 3.1293247 0.71536547 96
-0.38396522 3.2020059 0.85363632 95
0.17919478 2.7626278 0.4324553 54
-0.34076586 2.8835206 0.55713856 67
0.16770476 2.5872309 0.22377236 63
-0.32681456 2.7998304 0.34135756 69
0.13611817 2.1052196 0.036213744 75
-0.25131217 2.1747625 0.11291482 74
0.13795704 2.1275852 -0.1099055 52
-0.25057408 2.1749778 -0.037609935 60
0.13346681 2.0430064 -0.24673885 7
-0.25438538 2.2042506 -0.19070774 74
0.084164247 1.2887108 -0.2440162 6
-0.17953512 1.5602915 -0.24298753 6
0.060278162 0.91927576 -0.23715709 16
-0.1231999 1.0751414 -0.24163955 6
0.20889534 3.1241386 0.71424162 96
-0.37751573 3.195477 0.85169768 95
0.1836846 2.7573836 0.431674 54
-0.33486986 2.8767993 0.55570877 60
0.17171842 2.5794797 0.22311871 63
-0.32135272 2.7954671 0.34074908 69
0.13979228 2.1049788 0.036213744 74
-0.24665393 2.1677577 0.1125223 75
0.14133401 2.1223593 -0.10964382 47
-0.24706453 2.1778951 -0.037653565 67
0.13686398 2.0402946 -0.2464346 7
-0.25082415 2.2071655 -0.1909252 74
0.086581126 1.2910104 -0.24449281 6
-0.17681164 1.5606025 -0.24298753 6
0.061380893 0.91194141 -0.23521848 17
-0.12075651 1.070516 -0.24051565 6
0.22597255 3.1253922 0.71480352 96
-0.36023071 3.1926115 0.85040534 95
0.19776224 2.7514582 0.43089268 59
-0.3195276 2.8760746 0.55523217 68
0.18450122 2.5686095 0.22224714 64
-0.30588803 2.7897129 0.33983639 68
0.15063104 2.1017246 0.03617011 75
-0.23475148 2.1640565 0.11226062 74
0.15280689 2.1265702 -0.1099055 48
-0.23538388 2.1766741 -0.037609935 70
0.1470011 2.0321257 -0.24552189 7
-0.23817089 2.1985466 -0.19005539 69
0.093700804 1.2954344 -0.245446 6
-0.16809344 1.5565983 -0.24220623 6
0.066874206 0.92124081 -0.2378033 18
-0.11596177 1.0783964 -0.24220152 6
0.23015779 3.1153164 0.71255571 96
-0.35465801 3.1932352 0.85040534 95
0.20256414 2.7511089 0.43089268 60
-0.31396627 2.8717496 0.55427903 61
0.18935312 2.5732508 0.22268291 64
-0.30128872 2.7927091 0.34014061 68
0.15448427 2.1039515 0.036213744 76
-0.23124421 2.1669452 0.11239146 75
0.15596186 2.1188314 -0.10951298 46
-0.23185407 2.1795669 -0.037653565 73
0.15073325 2.0343406 -0.24582614 7
-0.2346023 2.2014349 -0.19027284 71
0.09522216 1.2854801 -0.2435396 6
-0.1669842 1.5716175 -0.24455015 6
0.068113931 0.91630667 -0.23651089 19
-0.11354649 1.0737543 -0.24107762 6
0.24739805 3.1188822 0.71367961 96
-0.3369036 3.1854432 0.84782052 95
0.21696608 2.7500105 0.43089268 60
-0.29840994 2.8684728 0.55332577 59
0.20282398 2.5722239 0.22268291 65
-0.28614762 2.7893124 0.33953214 67
0.16530007 2.1006217 0.03617011 74
-0.21912378 2.1606762 0.11199894 76
0.1674508 2.122963 -0.10977466 50
-0.2199257 2.1757779 -0.0375663 74
0.16058859 2.0236297 -0.24460918 7
-0.22230445 2.1952012 -0.18962048 74
0.10234694 1.2898563 -0.24449281 6
-0.15824278 1.5675583 -0.24376884 6
0.073304005 0.92075151 -0.2378033 17
-0.10868415 1.0816025 -0.24276346 6
0.25209892 3.1160614 0.71311766 96
-0.33109012 3.1836245 0.84717429 95
0.22216579 2.7545502 0.431674 59
-0.29264244 2.8616662 0.55189604 57
0.20832254 2.5842776 0.22377236 64
-0.28077307 2.7848704 0.33892363 64
0.16876344 2.0978389 0.03612648 73
-0.21560508 2.1635389 0.11212978 75
0.17095301 2.1201789 -0.10964382 48
-0.21587577 2.1736715 -0.03752267 74
0.16432317 2.0258193 -0.24491341 7
-0.21872443 2.1980634 -0.18983792 71
0.104598 1.2896757 -0.24449281 6
-0.1562591 1.5752017 -0.24494082 6
0.075111732 0.92302889 -0.2384495 17
-0.10629711 1.076944 -0.24163955 6
0.2685326 3.1097984 0.71199381 96
-0.31417558 3.1829116 0.84652805 95
0.2370116 2.7582691 0.4324553 61
-0.27813637 2.8680441 0.55284917 57
0.22206579 2.5856328 0.22399026 64
-0.26594779 2.7838328 0.33861941 63
0.18017673 2.101907 0.036213744 74
-0.20451365 2.1671233 0.11226062 76
0.18205184 2.1192548 -0.10964382 48
-0.20496981 2.1797483 -0.037609935 73
0.17514382 2.0274031 -0.24521764 7
-0.20721245 2.1991785 -0.18983792 71
0.11177876 1.2939998 -0.245446 6
-0.14824721 1.5784559 -0.24533147 6
0.079303369 0.91540617 -0.23651089 17
-0.10041996 1.0750614 -0.24107762 5
0.27406171 3.1166523 0.71367961 96
-0.30885634 3.1858585 0.84717429 95
0.24160796 2.7553916 0.43206465 60
-0.27265728 2.8636396 0.55189604 59
0.22701669 2.590203 0.22442605 63
-0.2617957 2.7917032 0.33953214 64
0.18340489 2.0966094 0.03612648 73
-0.20049559 2.1649914 0.11212978 76
0.18553017 2.1164472 -0.10951298 50
-0.20022595 2.1701486 -0.037435409 65
0.17890221 2.0295658 -0.24552189 7
-0.20360823 2.2020164 -0.19005539 71
0.11403704 1.2938027 -0.245446 6
-0.14502472 1.5737958 -0.24455015 6
0.080465689 0.91045594 -0.23521848 16
-0.098543473 1.075235 -0.24107762 5
0.29046434 3.1102731 0.71255571 96
-0.29127541 3.1778133 0.84458947 95
0.25603178 2.7540889 0.43206465 61
-0.25743592 2.8625841 0.55141944 59
0.23941471 2.5765805 0.22333659 65
-0.24628389 2.78315 0.33831519 65
0.19438015 2.0956204 0.03612648 71
-0.18871233 2.1610384 0.11186811 76
0.19660926 2.1154468 -0.10951298 49
-0.18797331 2.1612082 -0.037260886 56
0.18859412 2.0187197 -0.24430493 7
-0.19207577 2.2030523 -0.19005539 72
0.12034616 1.2883016 -0.24449281 6
-0.1370032 1.5769931 -0.24494082 6
0.086382769 0.92204231 -0.2384495 18
-0.092912227 1.0757363 -0.24107762 7
0.29488602 3.1049633 0.7114318 96
-0.2855089 3.1759119 0.84394324 95
0.26036912 2.7487214 0.43128335 60
-0.25287825 2.8679178 0.55237263 60
0.24485748 2.5860758 0.22420815 65
-0.24142602 2.7835758 0.33831519 67
0.19851223 2.1002548 0.036213744 75
-0.18494031 2.1613646 0.11186811 77
0.20053867 2.1175857 -0.10964382 49
-0.18507069 2.1714938 -0.037435409 64
0.19187976 2.0159173 -0.24400067 7
-0.18888159 2.2108271 -0.19070774 73
0.12283055 1.2905324 -0.2449694 6
-0.13360113 1.5698506 -0.24376884 6
0.087757491 0.91948652 -0.2378033 15
-0.091034569 1.0758969 -0.24107762 6
0.31266072 3.1130171 0.71367961 96
-0.26866889 3.1749568 0.843297 96
0.27549994 2.7546911 0.4324553 60
-0.23765182 2.8667569 0.55189604 62
0.25664809 2.5674124 0.22268291 68
-0.22746442 2.7922204 0.33922789 69
0.20925592 2.0966995 0.03617011 68
-0.17382595 2.1647913 0.11199894 78
0.21212463 2.1214745 -0.1099055 47
-0.17308517 2.1649592 -0.037304517 75
0.20268275 2.0173538 -0.24430493 7
-0.17689507 2.2068217 -0.19027284 71
0.13083036 1.3020791 -0.24735238 6
-0.12578684 1.5754502 -0.24455015 6
0.092817679 0.92141682 -0.2384495 13
-0.086008944 1.0836413 -0.24276346 7
0.31705278 3.1076753 0.71255571 96
-0.2633301 3.1778276 0.84394324 96
0.28005567 2.7517495 0.43206465 61
-0.23244567 2.8647218 0.55141944 65
0.26087487 2.5644832 0.22246504 64
-0.22259076 2.792613 0.33922789 70
0.21215072 2.0888712 0.036039218 70
-0.16984676 2.1626029 0.11186811 78
0.21633677 2.1260681 -0.11016718 47
-0.16910627 2.1627662 -0.037260886 75
0.20569411 2.0120606 -0.24369647 7
-0.17284343 2.2046447 -0.19005539 70
0.13234335 1.2945255 -0.24592258 6
-0.12283765 1.5732062 -0.2441595 6
0.09342099 0.91164565 -0.23586468 14
-0.084117509 1.0837898 -0.24276346 7
0.33307675 3.0986485 0.71086985 96
-0.24630685 3.1743479 0.84265089 96
0.29340175 2.7404251 0.43050203 60
-0.21820113 2.8756864 0.55332577 68
0.27429885 2.563082 0.22246504 63
-0.20758927 2.7887917 0.33861941 70
0.22362064 2.0927022 0.03612648 70
-0.1583335 2.1609731 0.11173727 78
0.22773372 2.1273882 -0.11029802 48
-0.15815377 2.1686072 -0.037348147 75
0.21622638 2.0109558 -0.24369647 7
-0.16167109 2.2104864 -0.19049031 69
0.13938554 1.2962545 -0.24639918 6
-0.11403941 1.5664409 -0.24298753 6
0.098984316 0.91834575 -0.2378033 15
-0.077883542 1.0769287 -0.24107762 6
0.33874056 3.105386 0.71255571 96
-0.24039395 3.1699569 0.84135842 96
0.29818425 2.7399089 0.43050203 60
-0.21262592 2.8687215 0.55189604 69
0.27660277 2.542794 0.22072193 61
-0.20327327 2.7965736 0.33953214 67
0.22700061 2.0898237 0.036082845 65
-0.15437837 2.1587563 0.11160642 77
0.23117414 2.124506 -0.11016718 49
-0.15436859 2.16888 -0.037348147 74
0.22082329 2.0204415 -0.24491341 7
-0.15744802 2.2057974 -0.19005539 70
0.14029692 1.2838131 -0.2440162 6
-0.11130529 1.5666378 -0.24298753 6
0.099783145 0.91097122 -0.23586468 18
-0.076367445 1.0819215 -0.24220152 6
0.35470113 3.0962479 0.71086985 96
-0.22396639 3.1735814 0.84200466 96
0.31280789 2.7407632 0.43089268 62
-0.19760248 2.8697956 0.55189604 68
0.28281072 2.4794552 0.21527469 53
-0.18794399 2.7876973 0.33831519 58
0.23851001 2.0935733 0.03617011 67
-0.14307308 2.1595349 0.11160642 77
0.2437209 2.1356678 -0.11082139 49
-0.14317988 2.1721523 -0.037391778 75
0.23111443 2.0167925 -0.24460918 7
-0.1462352 2.2115612 -0.19049031 69
0.147017 1.2830609 -0.2440162 6
-0.10276242 1.5622721 -0.24220623 6
0.1053931 0.91763234 -0.2378033 14
-0.070363328 1.0774461 -0.24107762 6
0.36069438 3.1053653 0.71311766 96
-0.21808851 3.1691489 0.84071219 96
0.31816286 2.7451186 0.431674 61
-0.19276166 2.8725846 0.55237263 68
0.27819708 2.402272 0.20852011 56
-0.18307824 2.7880213 0.33831519 55
0.24158467 2.0881879 0.036082845 62
-0.13930374 2.1597812 0.11160642 77
0.24715842 2.1327591 -0.11069055 48
-0.14004943 2.1823757 -0.0375663 79
0.23405586 2.0114567 -0.24400067 7
-0.14237507 2.211813 -0.19049031 69
0.14954332 1.2852396 -0.24449281 6
-0.10053042 1.5698403 -0.24337819 6
0.10756391 0.92224342 -0.2390957 16
-0.068812408 1.0824282 -0.24220152 6
0.37660384 3.0961142 0.7114318 96
-0.20149195 3.1702476 0.84071219 96
0.33193424 2.7385125 0.43089268 60
-0.17725211 2.8662066 0.55094284 59
0.28233346 2.3315611 0.20241922 49
-0.16786316 2.7790351 0.33709821 56
0.25311998 2.0918572 0.03617011 59
-0.12784046 2.157989 0.11147558 76
0.25922963 2.1388702 -0.11108306 43
-0.1281642 2.1755941 -0.037435409 80
0.24398063 2.0052779 -0.24339221 7
-0.13048805 2.2075565 -0.19005539 68
0.15687062 1.2893105 -0.245446 6
-0.092005327 1.565416 -0.24259689 6
0.11209402 0.91927087 -0.2384495 14
-0.063143909 1.0827737 -0.24220152 6
0.38176614 3.0979366 0.71199381 96
-0.19550109 3.1633637 0.83877361 96
0.3370164 2.7403798 0.43128335 59
-0.17224938 2.8665118 0.55094284 55
0.28823638 2.3458946 0.20372654 49
-0.16331123 2.7842777 0.33770669 59
0.25769094 2.0988543 0.036301002 67
-0.12422237 2.1607013 0.11160642 73
0.26234859 2.1334596 -0.11082139 40
-0.12451469 2.1783097 -0.037479043 78
0.24748012 2.004849 -0.24339221 7
-0.12663494 2.2077808 -0.19005539 69
0.15851226 1.2841643 -0.24449281 6
-0.088829815 1.5581795 -0.24142492 6
0.11369827 0.91907382 -0.2384495 16
-0.060958285 1.0780191 -0.24107762 6
0.39820942 3.0934095 0.7114318 96
-0.17879528 3.1619329 0.83812737 96
0.35072854 2.7336795 0.43050203 56
-0.15723807 2.8673744 0.55094284 57
0.2979666 2.3245933 0.20198342 56
-0.14804885 2.772706 0.33618551 62
0.2677176 2.0900393 0.03617011 72
-0.11250097 2.1538434 0.11121391 74
0.27511477 2.1444364 -0.11147558 43
-0.11310742 2.1789317 -0.037479043 73
0.25861236 2.0084472 -0.24400067 7
-0.11520803 2.2109005 -0.19027284 68
0.16618472 1.2906176 -0.24592258 6
-0.081478991 1.5734169 -0.24376884 6
0.11819499 0.91607136 -0.2378033 15
-0.055853505 1.0880525 -0.24332541 6
0.40370056 3.097611 0.71255571 96
-0.17314075 3.1598289 0.8374812 96
0.35613951 2.7379601 0.43128335 57
-0.15223333 2.8676443 0.55094284 60
0.30170041 2.3216002 0.20176555 54
-0.14334138 2.7754383 0.33648971 62
0.27168915 2.0920475 0.036213744 73
-0.10874164 2.1540365 0.11121391 74
0.27853301 2.1414778 -0.11134475 44
-0.10904352 2.1741333 -0.037391778 65
0.26179394 2.0055327 -0.24369647 7
-0.11121876 2.208611 -0.19005539 68
0.16683112 1.2781603 -0.2435396 6
-0.078341164 1.5661592 -0.24259689 6
0.11915734 0.91107571 -0.23651089 17
-0.053561743 1.0808508 -0.24163955 6
0.42078367 3.097795 0.71311766 96
-0.15659362 3.1606922 0.8374812 96
0.37113649 2.7409513 0.43206465 59
-0.13757987 2.8757558 0.55237263 67
0.31082952 2.2977791 0.19980454 54
-0.1285692 2.7711935 0.33588126 62
0.28365052 2.0980263 0.036344636 75
-0.097343639 2.1520824 0.11108306 75
0.29075313 2.1474109 -0.11173727 57
-0.097306423 2.1671839 -0.037260886 61
0.27296391 2.0090513 -0.24430493 7
-0.099770352 2.2116508 -0.19027284 69
0.17352124 1.2772692 -0.2435396 6
-0.070374966 1.571481 -0.24337819 6
0.12359539 0.90804702 -0.23586468 17
-0.048138015 1.0859828 -0.24276346 7
0.42464972 3.089891 0.7114318 96
-0.15107694 3.1609607 0.8374812 96
0.3745707 2.7305148 0.43050203 55
-0.13244361 2.8735399 0.55189604 70
0.31858104 2.3243716 0.20220132 39
-0.12338819 2.7639775 0.33496854 62
0.28628767 2.0900996 0.036213744 82
-0.093587399 2.1522491 0.11108306 75
0.29381782 2.1419539 -0.11147558 65
-0.093410872 2.1648536 -0.037217256 56
0.27510744 1.9987402 -0.24308796 7
-0.095684171 2.2068455 -0.18983792 69
0.17608839 1.2793952 -0.2440162 6
-0.067405492 1.5666679 -0.24259689 6
0.12718917 0.92218024 -0.23974191 16
-0.046242546 1.0860652 -0.24276346 6
0.44239992 3.0947821 0.71311766 96
-0.13431183 3.156883 0.83618879 94
0.38991266 2.7358496 0.431674 53
-0.11708389 2.8668382 0.55046624 70
nan nan nan 0
-0.10921964 2.7720234 0.33588126 68
0.29829046 2.0959952 0.036344636 82
-0.082518287 2.1576989 0.11134475 77
0.30609208 2.1478002 -0.11186811 73
-0.081874743 2.1603177 -0.037129994 54
0.28662947 2.0046406 -0.24400067 7
-0.083928011 2.2023394 -0.18940303 69
0.18243396 1.2760267 -0.2435396 6
-0.059402335 1.571934 -0.24337819 6
0.13132119 0.91672176 -0.2384495 15
-0.040757637 1.0911603 -0.24388736 6
0.44621068 3.0868511 0.7114318 96
-0.12880181 3.1571126 0.83618879 94
0.39433271 2.7327209 0.43128335 53
-0.1118806 2.862134 0.54951304 69
0.31871885 2.2111788 0.1923963 38
-0.10408914 2.7647715 0.33496854 69
0.30194822 2.0954711 0.036344636 82
-0.078463443 2.1503553 0.11095222 77
0.3101989 2.1497333 -0.11199894 76
-0.077913113 2.1554615 -0.03704273 52
0.28941223 1.9992265 -0.24339221 7
-0.080466501 2.2124374 -0.19027284 69
0.185371 1.280563 -0.24449281 6
-0.056370448 1.5646329 -0.24220623 6
0.13292098 0.91649115 -0.2384495 17
-0.038368583 1.0790594 -0.24107762 6
0.46363157 3.0892093 0.71255571 96
-0.11226952 3.1577437 0.83618879 95
0.40936995 2.7355022 0.43206465 52
-0.097066902 2.8675859 0.55046624 69
0.33880824 2.266124 0.19740775 47
-0.089527018 2.7627985 0.33466429 67
0.3125442 2.0913894 0.036301002 76
-0.067036763 2.1457462 0.11069055 77
0.32070735 2.1431422 -0.11173727 71
-0.066461243 2.1508436 -0.036955472 48
0.29913491 1.9927766 -0.24278374 7
-0.068881147 2.2128284 -0.19027284 67
0.19244127 1.2820014 -0.2449694 6
-0.04801099 1.5599709 -0.24142492 6
0.13698977 0.91100776 -0.23715709 17
-0.032802299 1.0816799 -0.24163955 6
0.46848354 3.0884771 0.71255571 96
-0.10684317 3.1603484 0.83683503 94
0.41414365 2.7347836 0.43206465 48
-0.09173125 2.8579397 0.54855984 62
0.35811999 2.366478 0.20634121 48
-0.084704906 2.7629507 0.33466429 68
0.31469017 2.0809562 0.03612648 56
-0.063528188 2.1533458 0.11108306 77
0.32369551 2.1376429 -0.11147558 64
-0.062707216 2.1509562 -0.036955472 47
0.30411214 2.002063 -0.24400067 7
-0.064940706 2.2104559 -0.19005539 68
0.19393437 1.276812 -0.2440162 6
-0.045445964 1.5649884 -0.24220623 6
0.13857956 0.91076732 -0.23715709 18
-0.03067462 1.0744314 -0.23995371 6
0.48556668 3.0883036 0.71311766 96
-0.090221755 3.1584506 0.83618879 94
0.42922556 2.7374563 0.43284598 44
-0.076905556 2.8632872 0.54951304 61
0.38910356 2.4826584 0.21679991 48
-0.070371263 2.7683172 0.33527276 65
0.3255817 2.0792799 0.03612648 43
-0.05218669 2.1511533 0.11095222 77
0.33332843 2.1260543 -0.11095222 60
-0.051314034 2.1462576 -0.036868207 50
0.31226417 1.9857377 -0.24217525 7
-0.053431146 2.2132554 -0.19027284 64
0.20138657 1.2806265 -0.2449694 6
-0.037391577 1.5602615 -0.24142492 6
0.14448854 0.91718376 -0.2390957 17
-0.025250016 1.0818825 -0.24163955 6
0.48964998 3.082726 0.71199381 96
-0.084640808 3.1561892 0.83554256 94
0.43197304 2.7270241 0.43128335 43
-0.071645945 2.8536041 0.54760665 64
0.41028109 2.5877335 0.22616915 57
-0.065833047 2.7609825 0.33436003 63
0.32763749 2.0688345 0.035951953 63
-0.048683867 2.1462412 0.11069055 79
0.33743167 2.1279347 -0.11108306 55
-0.047568031 2.1463439 -0.036868207 57
0.31773257 1.9999466 -0.24400067 8
-0.04956821 2.2133453 -0.19027284 68
0.2028434 1.2754269 -0.2440162 6
-0.034916565 1.5701985 -0.24298753 6
0.14454961 0.90739346 -0.23651089 15
-0.023233855 1.0697449 -0.23882981 6
0.50499189 3.0753124 0.71086985 96
-0.068664879 3.1565771 0.83554256 95
0.4462457 2.724725 0.43128335 44
-0.05720171 2.85393 0.54760665 67
0.42862788 2.6175706 0.22900173 58
-0.051375739 2.7612896 0.33436003 62
0.34013289 2.0794821 0.03617011 55
-0.037445564 2.1464665 0.11069055 78
0.34735075 2.1187487 -0.11069055 50
-0.036655854 2.1440578 -0.036824573 65
0.32577333 1.9835663 -0.24217525 7
-0.03797853 2.2135744 -0.19027284 68
0.20969753 1.276805 -0.24449281 6
-0.026841966 1.5777662 -0.2441595 6
0.15033127 0.91379678 -0.2384495 16
-0.017834757 1.079594 -0.24107762 6
0.51155967 3.081635 0.71255571 96
-0.063207358 3.1591065 0.83618879 95
0.45059559 2.7215061 0.43089268 46
-0.051674049 2.8515809 0.54713005 67
0.43442118 2.6241887 0.22965539 59
-0.046464492 2.7564127 0.33375156 62
0.34617662 2.0911539 0.036388267 50
-0.03356589 2.1390402 0.11029802 78
0.3498171 2.1107514 -0.11029802 48
-0.032826465 2.1391201 -0.036737315 69
0.32882613 1.9805471 -0.24187101 8
-0.033984661 2.206167 -0.18962048 69
0.21192566 1.276437 -0.24449281 6
-0.023908932 1.5679351 -0.24259689 6
0.15088084 0.90636218 -0.23651089 15
-0.015811462 1.0723166 -0.23939174 6
0.52863878 3.081223 0.71311766 96
-0.046036553 3.154573 0.83489639 94
0.46573183 2.721462 0.43128335 51
-0.036742568 2.8518124 0.54713005 68
0.44903475 2.6242545 0.22987328 63
-0.031517778 2.754143 0.33344734 67
0.35669777 2.086849 0.036344636 58
-0.022054005 2.1441832 0.1105597 79
0.35959449 2.1015096 -0.1099055 49
-0.021312494 2.1442652 -0.036824573 69
0.33784932 1.9689579 -0.24065405 9
-0.022584921 2.218766 -0.19070774 70
0.21924728 1.2776899 -0.2449694 6
-0.015488198 1.5729797 -0.24337819 6
0.15686636 0.91269761 -0.2384495 16
-0.010142114 1.0821296 -0.24163955 6
0.53347814 3.0803888 0.71311766 96
-0.040496152 3.1522338 0.83425021 94
0.46879134 2.7109137 0.42972073 54
-0.031702634 2.8469644 0.54617691 70
0.45446628 2.6283741 0.23030905 59
-0.026767144 2.759156 0.33405581 69
0.36290509 2.1009998 0.03660642 69
-0.018285086 2.141722 0.11042886 79
0.36283424 2.098419 -0.10977466 52
-0.017492797 2.1368008 -0.036693681 71
0.34171146 1.9708097 -0.24095827 9
-0.018686332 2.2163119 -0.19049031 71
0.22105415 1.2748879 -0.24449281 6
-0.012661356 1.5655969 -0.24220623 6
0.15720472 0.90528679 -0.23651089 17
-0.0082245162 1.0797099 -0.24107762 6
0.55013674 3.0774574 0.71311766 96
-0.0239687 3.1499877 0.83360398 95
0.48384941 2.7132831 0.43050203 53
-0.016777176 2.8446372 0.54570031 69
0.46997771 2.6357648 0.23118061 62
-0.012335096 2.7617397 0.33436003 72
0.37522236 2.1064525 0.036737315 84
-0.0070978748 2.1467814 0.11069055 78
0.37161461 2.0842035 -0.10912047 55
-0.0063296491 2.1418622 -0.036780942 75
0.35246485 1.9714359 -0.24126253 8
-0.0070685069 2.2138889 -0.19027284 71
0.22772638 1.273713 -0.24449281 6
-0.0044353297 1.5607033 -0.24142492 6
0.16323432 0.91158026 -0.2384495 17
-0.0025549259 1.0773022 -0.24051565 6
0.55366844 3.0693982 0.7114318 96
-0.018435493 3.1451948 0.83231157 95
0.48902363 2.7148643 0.43089268 56
-0.011812326 2.8446622 0.54570031 70
0.47546363 2.639842 0.23161639 61
-0.0075041046 2.7592757 0.33405581 72
0.37889826 2.1057942 0.036737315 88
-0.003341875 2.144294 0.1105597 79
0.37703034 2.0933783 -0.10964382 54
-0.0025913874 2.14187 -0.036780942 76
0.35767817 1.9805837 -0.24247949 8
-0.0031784526 2.2064264 -0.18962048 72
0.2290698 1.2684847 -0.2435396 6
-0.0017510328 1.5705857 -0.24298753 6
0.16482508 0.91129398 -0.2384495 17
-0.00068658096 1.0797411 -0.24107762 6
0.57116097 3.0711467 0.71255571 96
-0.0019873474 3.1549084 0.83489639 95
0.50232768 2.7074118 0.43011141 59
0.0030798158 2.8495934 0.54665345 71
0.48745525 2.6275229 0.23074484 59
0.0069391346 2.7543144 0.33344734 70
0.3885459 2.0964093 0.03660642 89
0.0078738527 2.1367924 0.11016718 74
0.38569835 2.0791039 -0.10898963 58
0.0086234026 2.1418543 -0.036780942 77
0.36941162 1.9860013 -0.24339221 7
0.0083873998 2.2138841 -0.19027284 74
0.23706526 1.2745042 -0.2449694 6
0.0064695049 1.568104 -0.24259689 6
0.17004149 0.91279179 -0.2390957 17
0.0049703154 1.0894738 -0.24332541 6
0.57643503 3.0726399 0.71311766 96
0.0035198496 3.1524918 0.83425021 95
0.5070523 2.7065308 0.43011141 60
0.008050289 2.8471296 0.54617691 75
0.48973909 2.61443 0.22965539 57
0.011746307 2.7542982 0.33344734 70
0.39359015 2.1030977 0.036737315 82
0.011594966 2.1342788 0.11003634 73
0.3907119 2.085788 -0.10938215 63
0.012370789 2.1443355 -0.036824573 78
0.37149641 1.9780384 -0.24247949 8
0.012260036 2.2163568 -0.19049031 75
0.23837632 1.2692659 -0.2440162 6
0.0092210043 1.5730289 -0.24337819 6
0.17208563 0.91486609 -0.23974191 14
0.0068717971 1.0894636 -0.24332541 6
0.59351468 3.0718677 0.71367961 96
0.019990729 3.1451852 0.83231157 95
0.52074754 2.7014143 0.42972073 60
0.022925951 2.8421402 0.54522371 75
0.50247526 2.6069396 0.2292196 54
0.026206529 2.7591615 0.33405581 71
0.40174758 2.0862834 0.036475528 62
0.022748463 2.1316924 0.1099055 72
0.4006784 2.0788119 -0.10912047 63
0.023509286 2.1342432 -0.03665005 74
0.38232133 1.9785022 -0.24278374 7
0.023777697 2.2063005 -0.18962048 72
0.24642624 1.2752271 -0.245446 6
0.017436944 1.5704899 -0.24298753 6
0.17594607 0.90921229 -0.2384495 17
0.012504668 1.0796689 -0.24107762 6
0.5983392 3.0709317 0.71367961 96
0.025480079 3.1451457 0.83231157 95
0.52782804 2.7126188 0.431674 62
0.027906513 2.8445499 0.54570031 76
0.50511509 2.5962811 0.22834805 47
0.030974492 2.754149 0.33344734 70
0.40634647 2.0904858 0.036562789 47
0.026520347 2.1366425 0.11016718 76
0.40430599 2.0781093 -0.10912047 54
0.027234206 2.1341991 -0.03665005 68
0.38625118 1.9802668 -0.24308796 7
0.02768054 2.2112365 -0.19005539 72
0.24817823 1.272387 -0.2449694 6
0.020227069 1.5753955 -0.24376884 6
0.17753267 0.90890384 -0.2384495 19
0.014433242 1.0845172 -0.24220152 6
0.61494577 3.0676494 0.71367961 96
0.0419476 3.144969 0.83231157 95
0.5420239 2.7098181 0.431674 62
0.042734131 2.8394568 0.54474711 78
0.51674169 2.5838339 0.22747648 43
0.045394693 2.7539492 0.33344734 70
0.41482696 2.0760758 0.036344636 55
0.037668586 2.1339779 0.11003634 78
0.41518134 2.075964 -0.10912047 53
0.038408425 2.1340272 -0.03665005 68
0.3975946 1.9830825 -0.24369647 7
0.039258115 2.211061 -0.19005539 72
0.25435108 1.2686645 -0.24449281 6
0.028363025 1.5678608 -0.24259689 6
0.18180898 0.905595 -0.2378033 17
0.020041812 1.0795553 -0.24107762 6
0.6202476 3.0690672 0.71424162 96
0.047403663 3.1424763 0.8316654 95
0.54528207 2.7016072 0.43050203 60
0.047689848 2.8393779 0.54474711 78
0.52421695 2.5975738 0.22878383 40
0.050160028 2.7513845 0.33314309 68
0.41745734 2.0704489 0.036257371 57
0.041349888 2.1314127 0.1099055 78
0.41880396 2.0752361 -0.10912047 48
0.042044822 2.1289585 -0.036562789 68
0.40105513 1.9823855 -0.24369647 7
0.043073613 2.208499 -0.18983792 71
0.2585254 1.2778375 -0.24639918 6
0.031224823 1.5752158 -0.24376884 6
0.18435802 0.91000831 -0.2390957 17
0.022004187 1.08439 -0.24220152 7
0.63535291 3.0585117 0.71255571 96
0.063674822 3.1325266 0.82908058 95
0.56143147 2.7083852 0.43206465 61
0.062706411 2.8464503 0.54617691 79
0.53679615 2.5899165 0.22834805 40
0.064511359 2.7486033 0.33283883 69
0.42727438 2.0633402 0.03617011 68
0.052621733 2.1361589 0.11016718 78
0.43068171 2.077903 -0.10938215 47
0.053248536 2.1312079 -0.03660642 71
0.41041523 1.9754002 -0.24308796 7
0.054523636 2.2032635 -0.18940303 72
0.26521257 1.2764664 -0.24639918 6
0.039307978 1.5676247 -0.24259689 6
0.18961701 0.91139388 -0.23974191 16
0.027629845 1.0818244 -0.24163955 6
0.64015645 3.0575099 0.71255571 96
0.069142014 3.1324105 0.82908058 95
0.5666647 2.7098181 0.4324553 64
0.067565516 2.8414295 0.54522371 79
0.54336125 2.5987253 0.2292196 38
0.06925001 2.7460058 0.33253458 69
0.43138823 2.0650377 0.036213744 65
0.056289386 2.1335678 0.11003634 78
0.43430766 2.0771482 -0.10938215 50
0.05702962 2.1336107 -0.03665005 74
0.41232857 1.9673964 -0.24217525 7
0.058368977 2.2031651 -0.18940303 73
0.26845381 1.280804 -0.24735238 6
0.042221054 1.5749594 -0.24376884 6
0.18970476 0.90397394 -0.2378033 15
0.029574063 1.08421 -0.24220152 6
0.65720332 3.0563831 0.71311766 96
0.085542262 3.1320057 0.82908058 95
0.58032572 2.7043998 0.43206465 65
0.082509451 2.8434899 0.54570031 79
0.5569607 2.5958447 0.2292196 38
0.083627045 2.7456057 0.33253458 70
0.44482523 2.0749688 0.036431894 51
0.067312643 2.1282527 0.10977466 78
0.44675526 2.0821674 -0.10977466 53
0.068125755 2.1307843 -0.03660642 74
0.425244 1.9773378 -0.24369647 7
0.070051633 2.2078078 -0.18983792 72
0.27411747 1.2745838 -0.24639918 6
0.05032298 1.5697802 -0.24298753 6
0.19494858 0.90532815 -0.2384495 19
0.035112802 1.0791701 -0.24107762 6
0.66407263 3.0648689 0.71536547 96
0.0910751 3.1342659 0.82972676 95
0.5855689 2.705796 0.4324553 61
0.087257586 2.8359823 0.54427052 79
0.56254733 2.5997362 0.22965539 38
0.088570461 2.750416 0.33314309 69
0.45162827 2.0888455 0.036693681 64
0.071183003 2.1331229 0.11003634 78
0.45197907 2.0887036 -0.11016718 59
0.071607724 2.123167 -0.036475528 74
0.42763805 1.9717435 -0.24308796 7
0.073591955 2.1977251 -0.18896811 73
0.27686524 1.2765009 -0.24687576 6
0.053291496 1.5770944 -0.2441595 6
0.19549365 0.90026861 -0.23715709 17
0.037142493 1.0839771 -0.24220152 6
0.67905486 3.0540981 0.71367961 96
0.10740552 3.1313322 0.82908058 95
0.59919173 2.7002826 0.43206465 61
0.10227422 2.8403919 0.54522371 80
0.57723397 2.6016171 0.23009115 38
0.10270404 2.742475 0.33223039 68
0.46364546 2.091332 0.036780942 79
0.081986792 2.1227415 0.10951298 78
0.46345216 2.0887451 -0.11029802 61
0.082999654 2.1302567 -0.03660642 71
0.43741527 1.9670557 -0.24278374 7
0.085371949 2.2047763 -0.18962048 72
0.28300896 1.272639 -0.24639918 6
0.061280794 1.5693907 -0.24298753 6
0.20126416 0.90394515 -0.2384495 17
0.04247418 1.0740297 -0.23995371 6
0.68385142 3.0530279 0.71367961 96
0.11278711 3.1287262 0.82843435 95
0.60336298 2.6968236 0.431674 59
0.10732012 2.8426616 0.54570031 80
0.58122844 2.5981758 0.22987328 35
0.10749041 2.7422917 0.33223039 67
0.46784222 2.0929582 0.036824573 80
0.085691556 2.1225951 0.10951298 74
0.46709701 2.0879331 -0.11029802 67
0.086717524 2.1301086 -0.03660642 71
0.44139287 1.9687099 -0.24308796 7
0.089315474 2.2071126 -0.18983792 77
0.28414896 1.2673552 -0.245446 6
0.063926309 1.5668138 -0.24259689 6
0.20017245 0.89181596 -0.23521848 19
0.044258539 1.0715196 -0.23939174 6
0.70090652 3.051657 0.71424162 95
0.12907138 3.1256797 0.82778811 95
0.61968863 2.703253 0.43323663 60
0.12179678 2.8322523 0.54379392 80
0.59259194 2.5853884 0.22900173 34
0.12195354 2.7441704 0.33253458 68
0.47879443 2.0904801 0.036824573 78
0.097129598 2.1295998 0.1099055 71
0.48026261 2.0951908 -0.11082139 65
0.097650573 2.1246309 -0.036519159 70
0.453926 1.9760435 -0.24430493 7
0.10043608 2.1966619 -0.18896811 78
0.29022801 1.2634591 -0.2449694 6
0.072129212 1.5664576 -0.24259689 6
0.20593151 0.89546055 -0.23651089 19
0.05038267 1.0834424 -0.24220152 6
0.70569915 3.0505521 0.71424162 95
0.13452654 3.1254497 0.82778811 95
0.6244058 2.7021675 0.43323663 60
0.12695134 2.8369393 0.54474711 80
0.59372926 2.569793 0.22769438 34
0.12652203 2.7389956 0.33192614 67
0.48300678 2.0920765 0.036868207 80
0.10062067 2.1244392 0.10964382 71
0.48279035 2.0894852 -0.1105597 63
0.10147244 2.1269546 -0.036562789 71
0.45568821 1.9679976 -0.24339221 7
0.10415684 2.1939952 -0.18875064 78
0.29354689 1.2677308 -0.24592258 6
0.075084537 1.571263 -0.24337819 6
0.20749408 0.89509976 -0.23651089 18
0.052166443 1.080919 -0.24163955 6
0.72332048 3.0514295 0.71536547 95
0.15111527 3.1295273 0.82908058 95
0.63911581 2.7012637 0.43362728 59
0.14180371 2.8362355 0.54474711 80
0.58819973 2.4866838 0.22050403 33
0.14123172 2.7457304 0.33283883 68
0.49279979 2.0846546 0.036780942 78
0.11186864 2.1263764 0.10977466 74
0.4937242 2.0869286 -0.1105597 65
0.11210011 2.1164083 -0.036388267 72
0.46656096 1.9679985 -0.24369647 7
0.1156431 2.1934199 -0.18875064 77
0.29790229 1.2566278 -0.2440162 6
0.082816035 1.5609837 -0.24181558 6
0.2127405 0.89634973 -0.23715709 19
0.05770554 1.0781982 -0.24107762 6
0.72754568 3.0479202 0.71480352 95
0.15669423 3.131671 0.82972676 95
0.64325505 2.6977425 0.43323663 58
0.1465079 2.8310819 0.54379392 80
0.56473356 2.3693886 0.21004534 33
0.14551288 2.7355671 0.33162189 65
0.49701884 2.0862222 0.036824573 76
0.11518902 2.1186984 0.10938215 74
0.49852806 2.0909197 -0.11082139 68
0.11579377 2.1162095 -0.036388267 72
0.46883735 1.9623554 -0.24308796 7
0.11973185 2.198189 -0.18918556 76
0.30124256 1.2608782 -0.2449694 6
0.085924156 1.5682346 -0.24298753 6
0.2143046 0.89597702 -0.23715709 18
0.059959542 1.0853943 -0.24276346 6
0.74344599 3.0415733 0.71424162 95
0.17295964 3.128396 0.82908058 95
0.65737152 2.6943376 0.43323663 59
0.16146505 2.8327262 0.54427052 80
0.55345368 2.2696347 0.20132977 33
0.15969352 2.7322903 0.33131763 67
0.50615311 2.0763075 0.036693681 78
0.12642416 2.120559 0.10951298 76
0.51006299 2.0907056 -0.11095222 67
0.12730554 2.1230605 -0.036519159 75
0.47969723 1.9622835 -0.24339221 7
0.13138323 2.2000184 -0.18940303 73
0.30725411 1.2569005 -0.24449281 6
0.09385249 1.5628326 -0.24220623 6
0.21841402 0.89249802 -0.23651089 19
0.065231316 1.077769 -0.24107762 6
0.75114048 3.0522273 0.71705133 96
0.17801753 3.1208553 0.82714188 95
0.66207302 2.693186 0.43323663 60
0.16598886 2.8250897 0.54284072 80
0.54191357 2.2057953 0.19566463 29
0.16489707 2.7394392 0.33223039 69
0.5091778 2.072994 0.03665005 69
0.12997741 2.1178427 0.10938215 77
0.5131132 2.0873885 -0.11082139 69
0.13071343 2.1178446 -0.036431894 75
0.48252559 1.9590343 -0.24308796 7
0.13492735 2.1948133 -0.18896811 73
0.30944735 1.2563623 -0.24449281 6
0.096870318 1.5675964 -0.24298753 6
0.21938838 0.88977188 -0.23586468 18
0.066971198 1.0752215 -0.24051565 6
0.76645082 3.0433948 0.71592742 96
0.19464897 3.1247017 0.82843435 95
0.67556179 2.687288 0.43284598 58
0.18077865 2.8241816 0.54284072 80
0.53762615 2.1401398 0.18999954 29
0.17923841 2.7385383 0.33223039 68
0.52124709 2.0751469 0.036737315 69
0.14138591 2.1221161 0.10964382 78
0.52525705 2.0895145 -0.11108306 68
0.14244755 2.1271088 -0.03660642 76
0.49460128 1.963698 -0.24400067 7
0.14641747 2.1940768 -0.18896811 75
0.31662425 1.2571038 -0.2449694 6
0.10539299 1.5719962 -0.24376884 6
0.2222583 0.88158941 -0.23392607 17
0.073061526 1.0821497 -0.24220152 6
0.77183056 3.044548 0.71648943 95
0.1996499 3.1171262 0.82649577 95
0.68085873 2.6884983 0.43323663 58
0.18602169 2.8287601 0.54379392 80
0.54626489 2.158509 0.19174264 29
0.18336859 2.7283168 0.33101341 68
0.52425283 2.0718114 0.036693681 78
0.14475945 2.1168838 0.10938215 78
0.52828819 2.086175 -0.11095222 68
0.14566156 2.1193745 -0.036475528 77
0.4955779 1.9532135 -0.24278374 7
0.14991653 2.188848 -0.1885332 75
0.31942481 1.2589272 -0.245446 6
0.10797411 1.569346 -0.24337819 6
0.22619411 0.89055806 -0.23651089 20
0.075108163 1.0844513 -0.24276346 6
0.78890449 3.042685 0.71705133 95
0.21596833 3.1160381 0.82649577 95
0.69678736 2.6920669 0.43440861 58
0.20083043 2.8277473 0.54379392 79
0.55067688 2.1291022 0.18934585 34
0.19765146 2.7273192 0.33101341 69
0.53634942 2.0738769 0.036780942 70
0.15566333 2.1136067 0.1092513 78
0.54045939 2.0882132 -0.11121391 74
0.15657739 2.1160898 -0.036431894 77
0.50704825 1.9553946 -0.24339221 7
0.16173132 2.193001 -0.18896811 76
0.32539269 1.2548628 -0.2449694 6
0.11601441 1.566296 -0.24298753 6
0.22963074 0.88468891 -0.23521848 17
0.080272965 1.0767531 -0.24107762 6
0.79491609 3.0461555 0.71817523 96
0.22123888 3.1132474 0.82584953 95
0.70210928 2.6932356 0.43479925 59
0.20576547 2.8273926 0.54379392 79
0.5619505 2.157052 0.19196051 31
0.20223163 2.7244952 0.33070916 69
0.54123265 2.0777745 0.036868207 76
0.15898721 2.1083519 0.10898963 76
0.54283947 2.0824361 -0.11095222 68
0.16082095 2.123292 -0.036562789 78
0.50920177 1.9497061 -0.24278374 7
0.16519378 2.187748 -0.1885332 75
0.33007672 1.2637873 -0.24687576 6
0.11910705 1.5710166 -0.24376884 6
0.23179016 0.88662207 -0.23586468 19
0.082327142 1.0790411 -0.24163955 6
0.81075633 3.0394566 0.71761328 95
0.23771694 3.1144543 0.82649577 95
0.71556437 2.6871367 0.43440861 58
0.22075377 2.8287237 0.54427052 79
0.57644945 2.166111 0.19304997 29
0.21707182 2.7308207 0.33162189 69
0.55016983 2.067667 0.036737315 79
0.17061061 2.1149571 0.10938215 76
0.55309117 2.0771534 -0.11082139 68
0.17154311 2.1174369 -0.036475528 79
0.5200451 1.9494101 -0.24308796 7
0.17645109 2.1843703 -0.18831575 75
0.33541733 1.2573012 -0.24592258 6
0.12771611 1.5752949 -0.24455015 7
0.23642927 0.88539624 -0.23586468 19
0.087788105 1.0761665 -0.24107762 6
0.8155297 3.0381794 0.71761328 95
0.24333675 3.1164427 0.82714188 95
0.71961206 2.6834991 0.43401793 60
0.22473416 2.8161006 0.54188758 78
0.58798945 2.1939626 0.19566463 29
0.22164081 2.7279639 0.33131763 69
0.55442685 2.0691175 0.036780942 74
0.17430164 2.1146562 0.10938215 75
0.55801296 2.0810063 -0.11108306 65
0.17564027 2.1221175 -0.036562789 79
0.52344674 1.9484994 -0.24308796 6
0.180463 2.1865416 -0.1885332 74
0.33825135 1.259083 -0.24639918 6
0.12948158 1.5627625 -0.24259689 7
0.23987015 0.89197481 -0.2378033 17
0.090242155 1.083297 -0.24276346 6
0.83131015 3.0313735 0.71705133 95
0.25945398 3.1127191 0.82649577 95
0.73365283 2.6796947 0.43401793 57
0.23968014 2.8173308 0.54236418 78
0.60869861 2.2244768 0.19871509 28
0.2357115 2.7242937 0.33101341 69
0.56723815 2.0734177 0.036911838 74
0.1851587 2.111227 0.1092513 72
0.56890136 2.0780561 -0.11108306 65
0.18696313 2.1236589 -0.03660642 78
0.53232473 1.9409472 -0.24247949 6
0.19190918 2.1855667 -0.1885332 78
0.34222907 1.2478315 -0.24449281 6
0.1385009 1.5719047 -0.2441595 7
0.24260472 0.88372409 -0.23586468 18
0.095094271 1.0731 -0.24051565 6
0.83672011 3.0324118 0.71761328 95
0.26428252 3.1050413 0.82455707 95
0.7416178 2.6903105 0.4359712 57
0.24418025 2.8120177 0.54141092 78
0.62120515 2.2546175 0.20154765 29
0.24068002 2.7263501 0.33131763 70
0.56952423 2.0676057 0.036824573 73
0.18862605 2.1084137 0.10912047 72
0.57053089 2.0698414 -0.11069055 65
0.19023274 2.1183493 -0.036519159 75
0.53504878 1.9376239 -0.24217525 7
0.19550636 2.1827474 -0.18831575 76
0.34637642 1.2543262 -0.24592258 6
0.14124419 1.5716605 -0.2441595 6
0.24285026 0.87864643 -0.23457228 18
0.097802728 1.0826405 -0.24276346 6
0.85642517 3.0395625 0.72042304 96
0.28075063 3.1060207 0.8252033 95
0.75636423 2.688767 0.43636188 58
0.25956395 2.818033 0.54284072 77
0.6404379 2.2777004 0.20394443 30
0.25427064 2.7176397 0.33040491 67
0.58034229 2.0645952 0.036824573 72
0.19989324 2.1098831 0.1092513 75
0.58136064 2.0668256 -0.11069055 65
0.20155306 2.1198134 -0.036562789 75
0.54451156 1.9324079 -0.24187101 7
0.20762259 2.1891332 -0.18896811 78
0.35360834 1.2548567 -0.24639918 6
0.1490178 1.5659816 -0.24337819 6
0.25008911 0.88665479 -0.23715709 18
0.10302679 1.0772618 -0.24163955 6
0.8611986 3.0382133 0.72042304 95
0.28638929 3.1079311 0.82584953 95
0.75903255 2.6803164 0.43518987 57
0.26380572 2.8102443 0.54141092 73
0.65053409 2.2981417 0.20590544 30
0.25947618 2.7221332 0.33101341 63
0.58394486 2.0635793 0.036824573 72
0.20334086 2.1070454 0.10912047 75
0.58633167 2.070611 -0.11095222 62
0.20407417 2.1070158 -0.036344636 75
0.54992163 1.9386146 -0.24278374 7
0.21097431 2.1838088 -0.1885332 81
0.35512477 1.2518775 -0.24592258 6
0.15198182 1.5681777 -0.24376884 6
0.25030732 0.88157332 -0.23586468 16
0.10581028 1.0867825 -0.24388736 6
0.87558895 3.0264904 0.71873724 95
0.30288902 3.108793 0.82649577 95
0.77442992 2.6810491 0.4359712 56
0.27851644 2.8088245 0.54141092 72
0.66879272 2.3162339 0.20786645 30
0.2737256 2.720737 0.33101341 63
0.59543693 2.0628946 0.036868207 68
0.214618 2.1084361 0.1092513 76
0.59716529 2.0675125 -0.11095222 65
0.21584973 2.11338 -0.036475528 75
0.55937266 1.9333255 -0.24247949 6
0.22265309 2.1851521 -0.18875064 81
0.36167467 1.2500011 -0.24592258 6
0.15970273 1.562446 -0.24298753 6
0.25491977 0.88025063 -0.23586468 18
0.11054493 1.0765163 -0.24163955 6
0.88170606 3.0297883 0.71986109 95
0.30831441 3.1082597 0.82649577 95
0.77910811 2.6796935 0.4359712 57
0.28390327 2.8132184 0.54236418 71
0.6707437 2.3078902 0.20721279 27
0.27772793 2.7128484 0.33010069 62
0.59903651 2.0618522 0.036868207 72
0.21829759 2.1080582 0.1092513 75
0.60077286 2.0664673 -0.11095222 72
0.21928491 2.1105132 -0.036431894 76
0.5620501 1.9299644 -0.24217525 6
0.2262149 2.1822827 -0.1885332 81
0.36040765 1.2375915 -0.2435396 6
0.16267772 1.5646217 -0.24337819 6
0.25645572 0.87980437 -0.23586468 17
0.11242364 1.0763217 -0.24163955 6
0.90086472 3.034313 0.7221089 96
0.32384267 3.0993955 0.82455707 95
0.79523826 2.682678 0.43714318 57
0.29837406 2.8092527 0.54188758 70
0.67359602 2.2733114 0.20438023 25
0.2919285 2.7113569 0.33010069 67
0.60911196 2.0562911 0.036824573 69
0.22880258 2.1019213 0.10898963 75
0.61158454 2.0632932 -0.11095222 65
0.22980037 2.1043653 -0.036344636 75
0.57356459 1.9317515 -0.24278374 6
0.23763815 2.1810682 -0.1885332 81
0.36758465 1.2380391 -0.2440162 6
0.17086779 1.5637485 -0.24337819 6
0.26244438 0.88307661 -0.23715709 14
0.11882412 1.0829861 -0.24332541 6
0.9063282 3.0352278 0.72267085 96
0.32925165 3.0988257 0.82455707 95
0.79991925 2.6812861 0.43714318 57
0.30353618 2.811168 0.54236418 69
0.67542189 2.2649739 0.20372654 28
0.29692611 2.7133105 0.33040491 68
0.61484861 2.0624096 0.036955472 68
0.23220159 2.0990369 0.10885879 75
0.61375326 2.0574391 -0.11069055 70
0.23374321 2.106446 -0.036388267 74
0.57479739 1.9236168 -0.24187101 6
0.24117549 2.1781743 -0.18831575 79
0.37186304 1.2444469 -0.245446 6
0.17306601 1.5585378 -0.24259689 6
0.26607567 0.8895542 -0.2390957 15
0.11967528 1.0730885 -0.24107762 6
0.92060405 3.0232899 0.72098505 96
0.34600085 3.1018605 0.82584953 95
0.81250763 2.6723371 0.43636188 57
0.31825119 2.80954 0.54236418 67
0.6843676 2.2518773 0.20285499 29
0.3114076 2.7141843 0.33070916 70
0.6270963 2.0639439 0.03704273 68
0.24403544 2.1052341 0.1092513 74
0.62524581 2.0565856 -0.11082139 68
0.2444859 2.1027098 -0.036344636 77
0.58703673 1.9277002 -0.24278374 7
0.25229505 2.174407 -0.18809828 78
0.37550044 1.233096 -0.2435396 6
0.18150233 1.560064 -0.24298753 6
0.27072969 0.88814884 -0.2390957 16
0.12638183 1.0821302 -0.24332541 6
0.9282105 3.0311556 0.72323281 96
0.35141411 3.1012521 0.82584953 95
0.81934249 2.6779971 0.43753383 58
0.32287773 2.8065419 0.54188758 62
0.68318528 2.2340124 0.20132977 29
0.31642732 2.7161019 0.33101341 70
0.62776607 2.0532875 0.036868207 67
0.24656332 2.0948846 0.10872794 72
0.6273694 2.0507176 -0.1105597 65
0.24844317 2.104763 -0.036388267 76
0.58602488 1.9124415 -0.24095827 6
0.25608975 2.1739631 -0.18809828 76
0.38126421 1.2441659 -0.24592258 6
0.1845074 1.5621978 -0.24337819 6
0.27085352 0.8830601 -0.2378033 17
0.12771709 1.0770675 -0.24220152 6
0.94314241 3.0214393 0.7221089 95
0.36708543 3.0945718 0.82455707 95
0.82893491 2.6595285 0.43518987 55
0.33698964 2.7999387 0.54093432 61
0.69487309 2.2304044 0.20132977 29
0.33005247 2.7094805 0.33040491 68
0.63999921 2.054744 0.036955472 63
0.25782821 2.0960436 0.10885879 70
0.63884318 2.0497873 -0.11069055 65
0.25915951 2.1009517 -0.036344636 78
0.59751362 1.914083 -0.24156678 6
0.26716983 2.17012 -0.18788083 74
0.38850811 1.2444941 -0.24639918 7
0.19268447 1.5612103 -0.24337819 6
0.27619848 0.88393354 -0.2384495 16
0.13393338 1.0812215 -0.24332541 6
0.94861829 3.0222776 0.72267085 96
0.37305614 3.0987229 0.82584953 95
0.8343159 2.6604335 0.43558055 41
0.34187594 2.7993462 0.54093432 60
0.69727129 2.2244368 0.200894 30
0.33568168 2.7162898 0.33131763 69
0.64508355 2.058393 0.03704273 65
0.26178989 2.0980682 0.10898963 68
0.64241976 2.0486691 -0.11069055 67
0.26252088 2.0980151 -0.036301002 77
0.60085344 1.9130372 -0.24156678 6
0.27034998 2.1647067 -0.18744592 73
0.38920197 1.2391335 -0.245446 7
0.19421044 1.5510676 -0.24181558 6
0.27701178 0.88114774 -0.2378033 18
0.13493976 1.0737312 -0.24163955 6
0.96718675 3.0240602 0.72435671 96
0.38868052 3.0919337 0.82455707 95
0.84447044 2.6442699 0.43362728 34
0.35652852 2.7975178 0.54093432 60
0.70966792 2.2231271 0.20111187 30
0.34927315 2.7095718 0.33070916 67
0.65432823 2.050226 0.036955472 65
0.27213812 2.0917158 0.10872794 62
0.65237623 2.0429001 -0.1105597 68
0.27350241 2.0966117 -0.036301002 76
0.60858732 1.9027766 -0.24065405 6
0.28136414 2.1607909 -0.18722847 72
0.39568472 1.2370787 -0.245446 7
0.20389147 1.5622766 -0.24376884 6
0.28088057 0.87738675 -0.23715709 17
0.14117225 1.0778434 -0.24276346 6
0.97193581 3.0225372 0.72435671 96
0.39468005 3.0960431 0.82584953 95
0.84757048 2.6380913 0.43284598 38
0.36047888 2.789588 0.53950459 60
0.71507376 2.2266264 0.20154765 30
0.35304937 2.7015753 0.32979646 64
0.65943795 2.0538394 0.03704273 65
0.27578843 2.0912378 0.10872794 61
0.65747213 2.0465109 -0.11082139 67
0.27619416 2.0886953 -0.03617011 70
0.60885835 1.8922658 -0.23943709 6
0.28385186 2.1504176 -0.18635865 72
0.39784321 1.2363862 -0.245446 7
0.20661786 1.5619183 -0.24376884 6
0.28315654 0.87919235 -0.2378033 18
0.14243247 1.072763 -0.24163955 6
0.98751533 3.01492 0.72379482 95
0.41057104 3.0915396 0.8252033 95
0.85829502 2.6242316 0.43128335 41
0.37605 2.7949605 0.54093432 61
0.72284353 2.2110188 0.20045821 30
0.36685959 2.6972303 0.32949221 62
0.67018282 2.0503583 0.03704273 68
0.2870684 2.0922394 0.10885879 61
0.66973472 2.0477846 -0.11108306 62
0.28779742 2.0921745 -0.036257371 61
0.62185627 1.8984816 -0.24065405 6
0.29544121 2.1513698 -0.18657611 71
0.40200943 1.2272928 -0.2440162 7
0.21479316 1.5608151 -0.24376884 6
0.28699902 0.87540442 -0.23715709 18
0.14933956 1.0816606 -0.24388736 6
0.99301314 3.0156782 0.72435671 95
0.41596615 3.0908184 0.8252033 95
0.86442047 2.6274197 0.43206465 39
0.38060006 2.7918682 0.54045779 61
0.72670138 2.209754 0.20045821 30
0.37290505 2.7064207 0.33070916 61
0.67689151 2.0586812 0.037217256 71
0.29105797 2.0942087 0.10898963 62
0.67096102 2.0395 -0.11069055 64
0.29110885 2.0891929 -0.036213744 53
0.6228326 1.890325 -0.23974133 6
0.29919559 2.150851 -0.18657611 72
0.40646502 1.2335786 -0.245446 7
0.21751697 1.5604378 -0.24376884 6
0.29080975 0.88177806 -0.2390957 16
0.14959101 1.0693287 -0.24107762 6
1.009315 3.0102615 0.72435671 95
0.4321439 3.0885978 0.8252033 95
0.88680691 2.6486087 0.43636188 40
0.39521298 2.7898371 0.54045779 61
0.73509234 2.1964741 0.19958664 29
0.38672316 2.7019739 0.33040491 61
0.6868661 2.0527389 0.037173621 65
0.30201921 2.0926559 0.10898963 61
0.68242526 2.0383258 -0.11082139 64
0.30345431 2.0975382 -0.036388267 45
0.63113958 1.8823341 -0.23913284 6
0.30975145 2.1443236 -0.18614119 68
0.40978408 1.2221307 -0.2435396 6
0.22568439 1.5592775 -0.24376884 6
0.29619581 0.88253129 -0.23974191 18
0.15620753 1.0757673 -0.24276346 6
1.0179392 3.0202122 0.72716647 95
0.43719852 3.0854471 0.82455707 95
0.89063859 2.6447172 0.4359712 50
0.39870349 2.7794235 0.53855139 60
0.72140354 2.1432741 0.19479308 27
0.39179015 2.7037516 0.33070916 61
0.68884921 2.0468004 0.037086364 67
0.3049598 2.0871832 0.10872794 61
0.6883781 2.0442276 -0.11121391 59
0.30818558 2.1044273 -0.036519159 43
0.63601422 1.8859308 -0.23974133 6
0.31242788 2.1363845 -0.18548883 68
0.41506708 1.230711 -0.245446 7
0.22735275 1.5515485 -0.24259689 6
0.29773566 0.88201296 -0.23974191 17
0.15842895 1.0779046 -0.24332541 6
1.0326815 3.0100532 0.72604263 95
0.45334783 3.0831156 0.82455707 95
0.91008717 2.6563656 0.43870577 57
0.41360816 2.7797256 0.53902799 60
0.72291052 2.1112015 0.19217841 28
0.40411839 2.6893907 0.32918796 63
0.70523876 2.0597143 0.037391778 73
0.31551543 2.0830889 0.10859711 62
0.69582754 2.0311506 -0.11069055 57
0.31920004 2.1027849 -0.036519159 41
0.64426529 1.877882 -0.23913284 6
0.32360962 2.1347194 -0.18548883 69
0.41830608 1.2192401 -0.2435396 7
0.23583719 1.5527792 -0.24298753 6
0.30234975 0.8804419 -0.23974191 17
0.16300052 1.0698309 -0.24163955 6
1.0374084 3.0084274 0.72604263 95
0.45802426 3.0775414 0.82326472 95
0.91713995 2.6617756 0.43987775 61
0.41845906 2.7789996 0.53902799 60
0.71521389 2.0769794 0.18912795 32
0.40918055 2.6911349 0.32949221 63
0.70720094 2.0537553 0.037304517 73
0.31952354 2.0850034 0.10872794 63
0.70018679 2.0322931 -0.11082139 50
0.32511491 2.117053 -0.036780942 49
0.64997655 1.8837898 -0.24004556 6
0.3269625 2.1316888 -0.18527137 68
0.42284504 1.2254645 -0.2449694 7
0.23817898 1.5499235 -0.24259689 6
0.30150685 0.87306952 -0.2378033 18
0.16414568 1.0647266 -0.24051565 6
1.0544783 3.0050683 0.72660452 95
0.47413188 3.0751011 0.82326472 95
0.93351883 2.6639264 0.44104972 59
0.43337828 2.779196 0.53950459 61
0.72195315 2.0614569 0.18803853 35
0.42402914 2.6938593 0.33010069 67
0.7204293 2.0570993 0.037435409 74
0.33159363 2.0907018 0.10912047 61
0.71330106 2.035665 -0.11121391 48
0.33696955 2.120261 -0.036868207 64
0.65571195 1.8686572 -0.23852436 6
0.33734882 2.1250265 -0.18483648 69
0.42762372 1.2186046 -0.2440162 7
0.24705255 1.5535347 -0.24337819 6
0.30607408 0.87147886 -0.2378033 16
0.17121236 1.0734814 -0.24276346 6
1.061632 3.0102992 0.72829044 95
0.47949824 3.0742688 0.82326472 95
0.93734455 2.6599646 0.44065908 49
0.43936345 2.7857096 0.54093432 62
0.72223282 2.0508006 0.18716696 38
0.42795813 2.6882129 0.32949221 65
0.72318608 2.0534816 0.037391778 77
0.3340717 2.0827219 0.10872794 59
0.71768469 2.0367711 -0.11134475 48
0.34145254 2.1246071 -0.036955472 74
0.6606282 1.8721883 -0.23913284 6
0.34183636 2.1293542 -0.18527137 69
0.43221003 1.2247957 -0.245446 7
0.24976359 1.5531012 -0.24337819 6
0.30759463 0.87094337 -0.2378033 18
0.17270796 1.0707744 -0.24220152 6
1.0795516 3.0090957 0.72941428 95
0.49596956 3.074101 0.82391095 95
0.94708711 2.6434 0.43870577 38
0.45316109 2.7785256 0.53998119 62
0.73296082 2.0469909 0.18716696 41
0.44402197 2.6981809 0.33101341 68
0.73392814 2.0496669 0.037391778 79
0.34537524 2.0834081 0.10885879 58
0.72918326 2.0353348 -0.11147558 48
0.35338092 2.1277235 -0.03704273 84
0.66874152 1.8640341 -0.23852436 6
0.35257849 2.1250777 -0.18505393 68
0.43695286 1.2178984 -0.24449281 6
0.2586877 1.5566462 -0.2441595 6
0.31050897 0.86477834 -0.23651089 17
0.1779218 1.0674508 -0.24163955 6
1.0817941 3.0005229 0.72772843 95
0.50133413 3.0732307 0.82391095 95
0.95337623 2.6463881 0.4394871 39
0.4584052 2.7801526 0.54045779 62
0.73314965 2.0363381 0.18629541 41
0.44711789 2.6876082 0.32979646 68
0.73835319 2.050734 0.037435409 76
0.34941825 2.0852652 0.10898963 68
0.7352789 2.0411034 -0.11186811 48
0.35627663 2.1221714 -0.036955472 85
0.67452651 1.8698641 -0.23943709 6
0.35588011 2.1220016 -0.18483648 70
0.43824166 1.2148266 -0.2440162 6
0.26019809 1.5488833 -0.24298753 6
0.31531706 0.87331438 -0.2390957 16
0.1797846 1.0671387 -0.24163955 6
1.1022124 3.0060589 0.73053825 95
0.51781636 3.0729454 0.82455707 95
0.96211582 2.6274512 0.43714318 37
0.47377172 2.7825541 0.54141092 64
0.74294388 2.0301335 0.18607752 44
0.4620159 2.6901228 0.33040491 70
0.74821955 2.0444934 0.037391778 74
0.36075205 2.0858681 0.10912047 58
0.74509555 2.0348818 -0.11173727 57
0.36696178 2.1178131 -0.036911838 75
0.68173856 1.8593199 -0.23852436 6
0.3665663 2.1176543 -0.18461901 70
0.44629288 1.2171211 -0.2449694 6
0.26913399 1.5523682 -0.24376884 6
0.31904867 0.86938596 -0.2384495 19
0.18618381 1.0709863 -0.24276346 6
1.106933 3.004324 0.73053825 95
0.52358079 3.0744183 0.8252033 95
0.96755475 2.6280847 0.43753383 38
0.47821522 2.7793036 0.54093432 62
0.74820995 2.0335069 0.18651327 48
0.46755084 2.6942034 0.33101341 71
0.75005645 2.0384943 0.037304517 64
0.363543 2.0803149 0.10885879 57
0.75123942 2.0406046 -0.11212978 59
0.36937982 2.1097803 -0.036780942 60
0.68498266 1.8581272 -0.23852436 6
0.36983785 2.114557 -0.18440156 70
0.44585973 1.2094361 -0.2435396 6
0.27142394 1.5494626 -0.24337819 6
0.31888428 0.86429977 -0.23715709 18
0.18764149 1.0682586 -0.24220152 6
1.1223158 2.9960105 0.72997624 95
0.53925669 3.0692554 0.82455707 95
0.97870183 2.6160462 0.43636188 38
0.49233615 2.7743449 0.54045779 60
0.76409245 2.0435534 0.18782063 54
0.4807851 2.6868317 0.33040491 69
0.76071966 2.034539 0.037304517 59
0.3766174 2.0906727 0.10951298 62
0.76103693 2.0343056 -0.11199894 63
0.37866634 2.0979738 -0.03660642 52
0.69382972 1.8521924 -0.23822013 6
0.38134131 2.1150436 -0.18461901 70
0.45477906 1.2139758 -0.2449694 7
0.27953315 1.5480201 -0.24337819 6
0.32511029 0.86713743 -0.2384495 19
0.19407997 1.0720592 -0.24332541 6
1.129599 3.0010817 0.73166209 95
0.54503131 3.0706882 0.8252033 95
0.9710747 2.5819848 0.43089268 38
0.49760658 2.7758973 0.54093432 60
0.76853627 2.0445473 0.18803853 56
0.48634836 2.6908739 0.33101341 69
0.76074338 2.0238521 0.037129994 51
0.38159078 2.0973837 0.1099055 76
0.76546723 2.0353103 -0.11212978 63
0.38055512 2.0874698 -0.036431894 53
0.69793802 1.8532999 -0.23852436 6
0.38459113 2.1119237 -0.18440156 69
0.45602885 1.2108848 -0.24449281 7
0.28179851 1.5450994 -0.24298753 6
0.32662326 0.86656868 -0.2384495 18
0.19509469 1.0669227 -0.24220152 6
1.1458198 2.9949262 0.73166209 95
0.56153286 3.0701687 0.82584953 95
0.97045416 2.539968 0.42464221 36
0.51257598 2.7756681 0.54141092 60
0.7783404 2.0381694 0.18782063 67
0.49953088 2.6834097 0.33040491 70
0.76954222 2.0151722 0.03704273 51
0.39256737 2.0953569 0.1099055 69
0.77789974 2.0359373 -0.11239146 70
0.39147985 2.0854485 -0.036431894 58
0.70407683 1.840353 -0.2373074 6
0.39655152 2.1147788 -0.18483648 69
0.46324304 1.2107712 -0.2449694 6
0.28943601 1.5411745 -0.24259689 6
0.33028787 0.862593 -0.2378033 16
0.2002378 1.0634906 -0.24163955 6
1.1531489 2.9999425 0.73334795 95
0.56732559 3.0715594 0.82649577 95
0.95714718 2.4921803 0.41682911 36
0.51786572 2.7771826 0.54188758 65
0.7863692 2.0484295 0.18891008 70
0.50466788 2.6849732 0.33070916 69
0.77395606 2.0161591 0.037086364 60
0.39622387 2.0946686 0.1099055 77
0.7832461 2.0392361 -0.11265314 74
0.39557928 2.087219 -0.036475528 67
0.7090736 1.8437519 -0.23791587 6
0.39978376 2.1116354 -0.18461901 69
0.4671241 1.2145395 -0.24592258 6
0.29303136 1.5455217 -0.24337819 6
0.33092073 0.85976321 -0.23715709 14
0.20164888 1.0607445 -0.24107762 6
1.1702508 2.995928 0.7339099 96
0.58205765 3.0614269 0.82455707 95
0.96029425 2.4618363 0.41253188 40
0.53148258 2.7696109 0.54093432 64
0.79708403 2.0442839 0.18891008 70
0.5191865 2.6847312 0.33101341 69
0.78541201 2.0144072 0.037129994 65
0.40812936 2.0974686 0.11016718 78
0.79118478 2.0281317 -0.11226062 71
0.4060294 2.0826647 -0.036431894 75
0.71600264 1.8330824 -0.23700316 6
0.41130567 2.1119587 -0.18483648 70
0.47347701 1.212077 -0.24592258 7
0.30111963 1.5439663 -0.24337819 6
0.3363018 0.86026615 -0.2378033 14
0.20811474 1.0644596 -0.24220152 6
1.1758466 2.9963531 0.73447186 96
0.58875507 3.067524 0.82649577 95
0.93388784 2.3820157 0.39924961 34
0.53724134 2.7734995 0.54188758 65
0.80247217 2.0475254 0.18934585 53
0.52387142 2.683821 0.33101341 70
0.78618431 2.0060537 0.036999099 67
0.40940979 2.0844991 0.10951298 64
0.79563677 2.0290713 -0.11239146 70
0.41061842 2.0868599 -0.036519159 77
0.72010994 1.8341388 -0.2373074 5
0.41451591 2.1087928 -0.18461901 69
0.47379121 1.2066826 -0.2449694 6
0.30287412 1.5385901 -0.24259689 6
0.33957848 0.86416978 -0.2390957 15
0.20951074 1.0617027 -0.24163955 7
1.1911376 2.987685 0.7339099 96
0.60434437 3.0620291 0.82584953 95
0.9481771 2.3816803 0.40003094 38
0.55270666 2.7754638 0.54284072 65
0.81502759 2.0479219 0.18978164 45
0.53694844 2.6761734 0.33040491 68
0.79667711 2.0019097 0.036999099 68
0.41982976 2.0798786 0.10938215 71
0.80717546 2.0271962 -0.1125223 73
0.42153952 2.0846815 -0.036519159 75
0.72970349 1.8303431 -0.2373074 5
0.42652783 2.1114783 -0.18505393 68
0.48283944 1.2110202 -0.24639918 7
0.31044337 1.5345614 -0.24220623 6
0.34409857 0.86237991 -0.2390957 15
0.21506692 1.0605912 -0.24163955 7
1.1967363 2.9880714 0.73447186 96
0.61062419 3.0657082 0.82714188 95
0.93854731 2.3456435 0.39417112 43
0.5556314 2.7648675 0.54093432 64
0.81952763 2.0488081 0.18999954 71
0.54259509 2.6800983 0.33101341 67
0.80296087 2.0074766 0.037129994 64
0.42296618 2.0766954 0.1092513 72
0.81164193 2.0281014 -0.11265314 74
0.42369387 2.076592 -0.036388267 71
0.73289698 1.8290668 -0.2373074 6
0.43021244 2.1107306 -0.18505393 68
0.48586848 1.2124524 -0.24687576 6
0.31312123 1.5340172 -0.24220623 6
0.34469968 0.85953832 -0.2384495 15
0.21739586 1.0626029 -0.24220152 7
1.2165626 2.9905765 0.73671967 96
0.62714845 3.0648358 0.82778811 95
0.94988519 2.3384101 0.39378044 42
0.5710851 2.7667291 0.54188758 64
0.83024389 2.0444889 0.18999954 64
0.55712157 2.6796505 0.33131763 67
0.81346095 2.0032446 0.037129994 58
0.43484557 2.0793419 0.10951298 71
0.82224989 2.023824 -0.11265314 76
0.43608296 2.0816879 -0.036519159 69
0.74433827 1.8297997 -0.23791587 6
0.44125822 2.1084492 -0.18505393 67
0.49221018 1.2098918 -0.24687576 6
0.32314691 1.5420299 -0.24376884 6
0.34736502 0.85325199 -0.23715709 17
0.22442861 1.0686084 -0.24388736 7
1.2221814 2.9909163 0.73728162 96
0.63249665 3.0637364 0.82778811 95
0.95490003 2.3390341 0.39417112 42
0.57690585 2.7705348 0.54284072 64
0.83946896 2.0568671 0.19130686 62
0.56230301 2.6811035 0.33162189 68
0.81600952 1.9995084 0.037086364 58
0.43898413 2.0810235 0.10964382 65
0.82483506 2.0200751 -0.1125223 72
0.43869236 2.0760303 -0.036431894 58
0.74470711 1.8216097 -0.23700316 6
0.44391885 2.1027999 -0.18461901 68
0.49525318 1.2113012 -0.24735238 6
0.32533404 1.539046 -0.24337819 6
0.34885368 0.85264438 -0.23715709 15
0.22480887 1.0610594 -0.24220152 6
1.238346 2.9842598 0.73728162 96
0.64902675 3.0627458 0.82843435 95
0.967134 2.3340023 0.39417112 38
0.59089535 2.7650754 0.54236418 60
0.85213739 2.0570436 0.19174264 64
0.5763334 2.6781225 0.33162189 70
0.83030194 2.0044425 0.037260886 59
0.44935143 2.0762553 0.10951298 62
0.83348531 2.0111177 -0.11226062 63
0.45060515 2.0785928 -0.036519159 52
0.7523284 1.8131034 -0.23639469 6
0.45648915 2.1077523 -0.18527137 70
0.49875697 1.2018955 -0.24592258 6
0.33442068 1.542151 -0.2441595 6
0.35610574 0.85749149 -0.2390957 16
0.22985412 1.057485 -0.24163955 7
1.2458476 2.9890549 0.73896748 96
0.6543712 3.0616086 0.82843435 95
nan nan nan 0
0.59469402 2.7592402 0.54141092 58
0.8547672 2.0532548 0.19152474 63
0.58100671 2.6771126 0.33162189 70
0.83379912 2.00299 0.037260886 59
0.45561031 2.0876694 0.11016718 60
0.83795595 2.0119638 -0.11239146 60
0.45634693 2.0875754 -0.036693681 60
0.75740612 1.8163664 -0.23700316 5
0.45964089 2.1045182 -0.18505393 75
0.50180179 1.2032868 -0.24639918 6
0.33607063 1.5367373 -0.24337819 6
0.35853648 0.85909545 -0.23974191 15
0.23067652 1.0523188 -0.24051565 6
1.2620016 2.9822705 0.73896748 96
0.67090642 3.0605001 0.82908058 95
0.93237388 2.2066803 0.37346637 27
0.61071038 2.7632799 0.54284072 55
0.87036175 2.0602179 0.1926142 61
0.59448111 2.6716108 0.33131763 70
0.8442753 1.998597 0.037260886 56
0.46599504 2.0828176 0.11003634 61
0.84750509 2.00525 -0.11226062 53
0.46727112 2.0851574 -0.036693681 74
0.76690614 1.8123758 -0.23700316 6
0.47280997 2.1118085 -0.18592376 73
0.50617588 1.1961255 -0.245446 6
0.34411231 1.5349566 -0.24337819 6
0.36397615 0.85942835 -0.24038813 14
0.23827897 1.0606126 -0.24276346 6
1.2685932 2.9847674 0.74009144 96
0.67469364 3.0522478 0.82714188 95
0.91495413 2.1550624 0.36487198 42
0.61341262 2.7526248 0.54093432 51
0.87298107 2.0564039 0.1923963 65
0.60076064 2.6778359 0.33223039 69
0.84874094 1.9994205 0.037304517 50
0.47071791 2.0868742 0.11029802 85
0.85687101 2.0175502 -0.11304566 52
0.47254682 2.0916564 -0.036824573 76
0.76714873 1.8041866 -0.23609044 5
0.47432187 2.101258 -0.18505393 70
0.51115358 1.2020112 -0.24687576 6
0.34732819 1.5367638 -0.24376884 6
0.36167467 0.84991074 -0.2378033 17
0.23748931 1.0483047 -0.23995371 6
1.2837572 2.9756236 0.73952943 96
0.69119596 3.0510294 0.82778811 95
0.92426795 2.1457081 0.36409065 43
0.62781686 2.7493751 0.54093432 48
0.8827492 2.0495183 0.19217841 64
0.61366969 2.6698146 0.33162189 70
0.86514241 2.0087183 0.0375663 48
0.48275211 2.0892484 0.1105597 89
0.86940289 2.0176198 -0.11330734 52
0.48405066 2.0915902 -0.036868207 78
0.77756995 1.8024226 -0.23639469 5
0.48754156 2.1084564 -0.18592376 71
0.5154894 1.1948146 -0.24592258 6
0.35481986 1.5325168 -0.24337819 6
0.36804351 0.85243589 -0.2390957 15
0.24405599 1.0517974 -0.24107762 6
1.2903694 2.9780726 0.74065334 96
0.69758838 3.054529 0.82908058 95
0.91818506 2.1214383 0.3601841 43
0.63152117 2.7434905 0.53998119 43
0.88632494 2.0479746 0.19217841 64
0.61944067 2.6735766 0.33223039 70
0.86964166 2.0094986 0.037609935 53
0.48583663 2.0859697 0.11042886 84
0.87789249 2.0275505 -0.11396154 54
0.48826313 2.0931776 -0.036911838 77
0.78467089 1.8101659 -0.23761165 5
0.4901002 2.1027486 -0.18548883 73
0.51855338 1.1961633 -0.24639918 6
0.35915667 1.539114 -0.24455015 6
0.36566791 0.84293795 -0.23651089 18
0.24643601 1.0537442 -0.24163955 6
1.3074452 2.9732771 0.74121529 96
0.71357226 3.0508347 0.82908058 95
0.92828572 2.1143415 0.35979345 33
0.64643657 2.7425361 0.54045779 43
0.90305424 2.0569832 0.19348575 68
0.63456839 2.675127 0.33283883 70
0.88015145 2.0049174 0.037609935 46
0.49847382 2.0906868 0.11082139 79
nan nan nan 0
0.49864081 2.08816 -0.036868207 79
0.79313707 1.8037618 -0.2373074 5
0.50167632 2.1025772 -0.18570629 75
0.52183586 1.1866964 -0.2449694 6
0.36551011 1.5300025 -0.24337819 6
0.372031 0.84542871 -0.2378033 16
0.25195 1.0524393 -0.24163955 7
1.3130995 2.9734476 0.74177724 96
0.71834517 3.0472329 0.82843435 95
0.9130041 2.0698078 0.35237098 37
0.65122223 2.7414036 0.54045779 43
0.90664303 2.0554039 0.19348575 63
0.63866347 2.6716011 0.33253458 69
0.88668156 2.010237 0.037740827 45
0.50038749 2.0825272 0.11042886 81
nan nan nan 0
0.50286424 2.0897179 -0.036911838 80
0.79929882 1.8091815 -0.23822013 5
0.50476807 2.0992758 -0.18548883 76
0.52589643 1.1902705 -0.24592258 6
0.36989287 1.5365692 -0.24455015 6
0.37154374 0.84036458 -0.23651089 16
0.25210279 1.0448866 -0.23995371 6
1.3291681 2.9662995 0.74177724 96
0.7342906 3.0434299 0.82843435 95
0.9228189 2.0627458 0.35198036 51
0.66556716 2.7379563 0.54045779 43
0.91535461 2.0460835 0.19304997 69
0.65205753 2.6658094 0.33223039 68
0.89924026 2.0101285 0.037828092 49
0.51423895 2.0920069 0.11108306 84
nan nan nan 0
0.5155763 2.0943415 -0.03704273 80
0.80367672 1.7936537 -0.23669893 5
0.51752245 2.103863 -0.18614119 76
0.53111458 1.1852626 -0.245446 6
0.37618253 1.5274135 -0.24337819 6
0.37990946 0.84721404 -0.2390957 17
0.2604385 1.0553899 -0.24276346 7
1.3338258 2.9642081 0.74177724 96
0.74016833 3.0444915 0.82908058 95
0.92337513 2.054378 0.35080835 59
0.66860473 2.7296362 0.53902799 43
0.91892427 2.0444827 0.19304997 69
0.65788883 2.6694877 0.33283883 69
0.908907 2.0222301 0.038089875 54
0.51610416 2.0838325 0.11069055 81
0.90098697 2.003715 -0.11330734 40
0.51684421 2.083729 -0.036868207 76
0.80986828 1.7990338 -0.23761165 5
0.52178764 2.1053753 -0.18635865 75
0.53318244 1.1843338 -0.245446 6
0.38061103 1.5339494 -0.24455015 6
0.37839803 0.83995014 -0.23715709 16
0.25996903 1.0454676 -0.24051565 6
1.3538957 2.9658096 0.74402505 96
0.7566784 3.0429189 0.82972676 95
0.93719697 2.0562532 0.35198036 62
0.68288785 2.7260981 0.53902799 44
0.93272084 2.0464394 0.19370362 68
0.67185712 2.6660063 0.33283883 67
0.92052132 2.0197172 0.038133506 69
0.52640021 2.07868 0.1105597 82
0.92288065 2.0239477 -0.11474658 38
0.52957553 2.0882668 -0.036999099 76
0.81927687 1.7947686 -0.23761165 5
0.53219742 2.1001987 -0.18614119 77
0.54039872 1.1837569 -0.24592258 6
0.38623634 1.5223547 -0.24298753 6
0.3827908 0.83795738 -0.23715709 18
0.26720998 1.0511826 -0.24220152 6
1.3595692 2.9658933 0.74458706 96
0.7619881 3.0415936 0.82972676 95
0.93460506 2.0411487 0.34963641 64
0.69062793 2.7368047 0.54141092 50
0.93421376 2.0402813 0.19326787 69
0.6765092 2.6648297 0.33283883 64
0.92404503 2.0181074 0.038133506 75
0.52941531 2.0753376 0.11042886 83
0.92537004 2.0200651 -0.11461575 52
0.53260589 2.0849161 -0.036955472 76
0.82448107 1.7978451 -0.23822013 5
0.53586221 2.0992668 -0.18614119 77
0.54143763 1.1805826 -0.245446 6
0.39131063 1.5312549 -0.24455015 6
0.38830006 0.84605932 -0.23974191 15
0.26785567 1.0459898 -0.24107762 6
1.3776529 2.9629104 0.74571091 96
0.77849901 3.0399022 0.83037293 95
0.95152932 2.0496602 0.35198036 72
0.70433909 2.7307737 0.54093432 51
0.93227708 2.008265 0.19065319 69
0.69045287 2.6612511 0.33283883 62
0.91561979 1.9724473 0.037348147 50
0.54089916 2.0749545 0.1105597 79
nan nan nan 0
0.54163623 2.0748394 -0.036824573 77
0.83178663 1.7890054 -0.23761165 5
0.54559934 2.09161 -0.18570629 78
0.55176347 1.186627 -0.24735238 6
0.39993992 1.531576 -0.24494082 6
0.39067808 0.8396396 -0.2384495 17
0.27454206 1.0492915 -0.24220152 6
1.3823053 2.9607427 0.74571091 96
0.78380334 3.0385387 0.83037293 95
0.94987762 2.0368111 0.35002708 64
0.71094382 2.7366691 0.54236418 51
0.93367177 2.0021222 0.19021741 54
0.69509655 2.6600418 0.33283883 62
0.90106881 1.9323496 0.03660642 29
0.54451984 2.0740073 0.1105597 78
nan nan nan 0
0.54588717 2.0763097 -0.036868207 78
0.83806437 1.7942926 -0.23852436 5
0.55113238 2.0978849 -0.18635865 78
0.54862452 1.1745518 -0.2449694 6
0.39950651 1.5189263 -0.24298753 6
0.39008868 0.83458501 -0.23715709 19
0.276373 1.0488107 -0.24220152 6
1.3983041 2.9532204 0.74571091 96
0.80153847 3.0414019 0.83231157 95
0.95630038 2.0228837 0.34846446 35
0.72526324 2.7329092 0.54236418 51
0.92068362 1.9476916 0.18542385 34
0.70774299 2.6515691 0.33223039 59
0.90903378 1.9230875 0.036519159 29
0.55473018 2.0687149 0.11042886 78
nan nan nan 0
0.55675125 2.0734229 -0.036868207 78
0.84212786 1.7786713 -0.23700316 5
0.56082863 2.090157 -0.18592376 75
0.55582035 1.1738797 -0.245446 6
0.40808776 1.5192003 -0.24337819 6
0.39756888 0.83907205 -0.2390957 16
0.28186074 1.0473493 -0.24220152 6
1.4060827 2.9576187 0.74739677 96
0.80561334 3.0353281 0.83101916 95
0.95452392 2.0100632 0.34651116 38
0.7325511 2.7411273 0.54427052 52
0.91551971 1.9280909 0.18368071 43
0.71236986 2.6503296 0.33223039 55
0.8941285 1.8831282 0.035777431 55
0.55898571 2.0701554 0.1105597 79
1.2572081 2.6448638 -0.15164343 32
0.55972177 2.0700336 -0.036824573 79
0.84736675 1.7816787 -0.23761165 5
0.56640947 2.0963917 -0.18657611 71
0.55681098 1.1706932 -0.2449694 6
0.41073862 1.5184858 -0.24337819 6
0.39486325 0.82966286 -0.23651089 17
0.28368825 1.0468557 -0.24220152 6
1.4231236 2.9521616 0.74795872 96
0.82212347 3.0334003 0.8316654 95
0.96610838 2.007262 0.34690183 38
0.7456091 2.7325165 0.54331732 51
0.92235667 1.9165415 0.18302706 46
0.72688973 2.6489573 0.33253458 53
0.90614808 1.8829234 0.035864696 46
0.56850058 2.0623837 0.11029802 79
1.2558491 2.6067667 -0.14981167 34
0.57121271 2.0694857 -0.036868207 79
0.86100239 1.7861544 -0.23882861 5
0.57606393 2.0885928 -0.18614119 64
0.56079531 1.1633434 -0.2440162 6
0.41841909 1.5163873 -0.24337819 6
0.40341699 0.83627605 -0.2390957 15
0.28916568 1.045356 -0.24220152 6
1.4298842 2.9543068 0.74908262 96
0.82868117 3.0366223 0.83295774 95
0.96387881 1.99463 0.34494856 42
0.75102347 2.7335787 0.54379392 50
0.93112975 1.9261351 0.18411651 43
0.72973692 2.6430264 0.33192614 52
0.91488224 1.8925864 0.036082845 43
0.57173949 2.0614882 0.11029802 77
1.2669305 2.6180499 -0.15059671 34
0.57548803 2.0708952 -0.036911838 77
0.8583914 1.7736368 -0.2373074 5
0.57904708 2.0851834 -0.18592376 58
0.5671159 1.1711919 -0.24592258 6
0.42041096 1.5132736 -0.24298753 6
0.4006457 0.826886 -0.23651089 19
0.28952092 1.0402013 -0.24107762 6
1.4453331 2.9467795 0.74908262 95
0.84597284 3.039372 0.83489639 95
0.97974885 2.0006394 0.34690183 42
0.76682466 2.736835 0.54522371 50
0.94415849 1.9281049 0.18477017 41
0.73955178 2.6248317 0.33010069 49
0.92444968 1.8879315 0.036082845 36
0.58522451 2.0680811 0.11082139 77
nan nan nan 0
0.58663875 2.0703621 -0.036955472 78
0.87204546 1.7780255 -0.23852436 5
0.59130484 2.0869179 -0.18635865 53
0.57195258 1.1661047 -0.245446 7
0.43099478 1.5205621 -0.24455015 5
0.40268877 0.82051593 -0.23521848 17
0.2982409 1.050402 -0.24388736 6
1.4558631 2.9551754 0.75189245 95
0.84997976 3.0332379 0.83360398 95
0.98978955 2.0122154 0.34924576 51
0.77141464 2.7329948 0.54474711 48
0.9651401 1.9621954 0.1882564 34
0.74211252 2.6163719 0.32918796 43
0.9269672 1.8839116 0.036039218 38
0.58815414 2.0646539 0.11069055 77
nan nan nan 0
0.59093189 2.0717404 -0.036999099 77
0.87624609 1.7787257 -0.23882861 5
0.5942682 2.0834861 -0.18614119 49
0.57289922 1.1629047 -0.2449694 7
0.43163595 1.5126781 -0.24337819 5
0.40748134 0.82623261 -0.23715709 17
0.30007377 1.0498799 -0.24388736 7
1.4696515 2.9428976 0.75076848 96
0.86770028 3.0332403 0.83489639 95
1.0028696 2.0112484 0.35002708 63
0.78436351 2.7241993 0.54379392 49
0.99578005 1.9970462 0.19217841 53
0.75282729 2.600395 0.32766676 36
0.9446395 1.8946843 0.036344636 35
0.59862447 2.0590427 0.1105597 75
nan nan nan 0
0.6007452 2.06371 -0.036911838 78
0.89696383 1.7961484 -0.24187101 5
0.60516912 2.0803461 -0.18614119 52
0.57698345 1.1554 -0.2440162 6
0.4425481 1.519812 -0.24494082 6
0.4085499 0.81761342 -0.23521848 19
0.30306062 1.0388752 -0.24163955 6
1.4775515 2.9471166 0.75245434 95
0.87232798 3.0293994 0.83425021 95
1.0063784 2.009495 0.35002708 79
0.79115498 2.7299011 0.54522371 51
1.0104349 2.0175643 0.19435731 71
0.75460374 2.5895431 0.32644978 29
0.94794494 1.8930327 0.036344636 38
0.60291326 2.0603924 0.11069055 76
1.0580369 2.1114838 -0.12194277 61
0.60713732 2.0722594 -0.037086364 80
0.90567029 1.8056654 -0.24339221 5
0.6087991 2.0792868 -0.18614119 51
0.58120608 1.1587754 -0.2449694 7
0.44244933 1.5095508 -0.24337819 6
0.41106406 0.81905532 -0.23586468 19
0.30487332 1.0383446 -0.24163955 7
1.4989994 2.9499347 0.7552641 95
0.88885498 3.0271087 0.83489639 95
1.0191244 2.0086002 0.35080835 94
0.8040545 2.7210119 0.54427052 51
1.0221134 2.014466 0.19457519 88
0.76042271 2.5593784 0.32310316 32
1.0178852 2.0061359 0.038657077 47
0.61369318 2.0572071 0.11069055 75
1.0645504 2.097014 -0.12141941 64
0.61655855 2.0642588 -0.036999099 77
0.9241215 1.8185879 -0.24582614 5
0.61967784 2.0760705 -0.18614119 45
0.5894953 1.1600889 -0.24592258 7
0.44824702 1.5001096 -0.24220623 6
0.41424793 0.81474125 -0.23521848 21
0.30961734 1.0343975 -0.24107762 7
1.5025228 2.9454072 0.75470215 95
0.89481789 3.0278697 0.83554256 95
1.0237516 2.0090177 0.35119903 94
0.80949807 2.7219579 0.54474711 52
1.0278931 2.0171151 0.19501098 95
0.76630211 2.5628042 0.32371163 39
1.0111544 1.9843208 0.038264398 47
0.62013406 2.0657036 0.11121391 76
1.0693446 2.0973763 -0.12155025 71
0.62158948 2.0679703 -0.037086364 75
0.92616397 1.8147627 -0.24552189 5
0.62258887 2.0725994 -0.18592376 39
0.59151912 1.1590583 -0.24592258 7
0.45297712 1.5064251 -0.24337819 6
0.41787484 0.81831414 -0.23651089 18
0.31488562 1.0455329 -0.24388736 7
1.519557 2.9393981 0.7552641 95
0.91135263 3.0254564 0.83618879 95
1.0319878 1.9992434 0.35041773 82
0.8265714 2.7270811 0.54665345 52
1.0384405 2.0117056 0.19501098 95
0.78186822 2.5658817 0.32462436 38
1.0433497 2.0211833 0.03909339 89
0.6316669 2.0648174 0.11134475 76
1.0791644 2.0895309 -0.12141941 75
0.6324088 2.0646875 -0.037086364 77
0.9516353 1.840734 -0.24978127 5
0.6348803 2.0740767 -0.18635865 45
0.59644961 1.1537668 -0.245446 7
0.4601419 1.5016698 -0.24298753 5
0.42438182 0.82040048 -0.2378033 19
0.31753603 1.0345426 -0.24163955 7
1.5252956 2.9391689 0.75582606 95
0.91523719 3.019237 0.83489639 94
1.0354754 1.9974391 0.35041773 72
0.83132982 2.7256343 0.54665345 52
1.0430981 2.0121 0.19522887 94
0.79502642 2.5929966 0.32827523 36
1.0411144 2.0082681 0.038875233 80
0.6345402 2.0613239 0.11121391 76
1.0816582 2.085429 -0.12128857 78
0.6345489 2.0587997 -0.036999099 78
0.95713729 1.8434726 -0.25038972 5
0.63631475 2.0658205 -0.18570629 34
0.6007303 1.157077 -0.24639918 7
0.46420354 1.5055879 -0.24376884 6
0.42357752 0.81537694 -0.23651089 19
0.32146811 1.0409786 -0.24332541 7
1.5457157 2.9394951 0.75807387 95
0.93316132 3.0213289 0.83683503 95
1.0424706 1.9854342 0.34924576 54
0.84631419 2.7235887 0.54713005 53
1.0466615 1.9933866 0.19392152 77
0.81815839 2.619606 0.33223039 49
1.0516154 2.0027893 0.038875233 73
0.64384037 2.0532057 0.11095222 76
1.0960512 2.0863647 -0.1216811 91
0.64680755 2.0602219 -0.037086364 80
0.9621489 1.8296551 -0.24917276 5
0.64712268 2.0624604 -0.18570629 36
0.60563523 1.1517453 -0.24592258 7
0.46914807 1.4937048 -0.24220623 5
0.43009889 0.81741768 -0.2378033 20
0.32475072 1.0323006 -0.24163955 6
1.5537462 2.9435246 0.75975972 95
0.9377197 3.0173881 0.83618879 94
1.0470878 1.9857949 0.34963641 43
0.85033792 2.719764 0.54665345 52
1.0466487 1.9849509 0.19326787 44
0.82494915 2.6252794 0.33314309 54
1.0527737 1.9965305 0.038787968 59
0.6481691 2.0544615 0.11108306 75
1.0961909 2.0778267 -0.12128857 50
0.65189803 2.0638599 -0.037173621 77
0.96185851 1.8213935 -0.24826005 5
0.65221083 2.0660808 -0.18614119 43
0.60764438 1.1506865 -0.24592258 7
0.47175437 1.4928837 -0.24220623 6
0.42925957 0.81239998 -0.23651089 19
0.32655194 1.0317322 -0.24163955 7
1.5696495 2.9350748 0.75975972 95
0.95278037 3.0101335 0.83554256 94
1.0493163 1.9650449 0.34690183 38
0.86530769 2.7176142 0.54713005 51
1.0452777 1.9574844 0.19108896 29
0.83868372 2.620924 0.33314309 54
1.0266557 1.9226685 0.037435409 26
0.66195184 2.0605536 0.11160642 75
nan nan nan 0
0.66421622 2.0651808 -0.037260886 80
0.96083212 1.7966484 -0.24552189 5
0.66226274 2.0602653 -0.18592376 36
0.6171425 1.1539764 -0.24735238 7
0.48106363 1.4950987 -0.24298753 6
0.43465123 0.8122682 -0.23715709 17
0.33416176 1.0369735 -0.24332541 7
1.577718 2.9390426 0.76144558 95
0.96022087 3.0153728 0.8374812 96
1.0445628 1.947984 0.34416723 53
0.87079442 2.7184381 0.54760665 51
1.0310107 1.9227493 0.18782063 40
0.83190936 2.584007 0.32857949 54
1.0193617 1.9010565 0.03704273 35
0.66478431 2.0570178 0.11147558 72
1.571674 2.9277346 -0.17231613 95
0.66781956 2.0640182 -0.037260886 81
0.94985408 1.7687483 -0.24187101 4
0.66585755 2.0591061 -0.18592376 43
0.61449856 1.1442559 -0.245446 7
0.48367235 1.4942569 -0.24298753 6
0.43492067 0.80938333 -0.23651089 20
0.33522964 1.0340682 -0.24276346 6
1.5947617 2.9326029 0.76200753 95
0.97451305 3.005707 0.83618879 94
1.052388 1.9381502 0.34338593 47
0.88577336 2.716176 0.54808331 52
1.0339224 1.9041988 0.18651327 43
0.85004079 2.5937712 0.33040491 41
1.0209391 1.8803235 0.036737315 39
0.67477059 2.0511358 0.11134475 70
1.5798205 2.9063082 -0.1715311 94
0.67706358 2.0557415 -0.037173621 81
0.95791471 1.7615718 -0.24156678 4
0.67972481 2.0650609 -0.18679357 37
0.62518358 1.14964 -0.24735238 7
0.49302143 1.4963989 -0.24376884 5
0.44031128 0.809214 -0.23715709 18
0.34139302 1.0346153 -0.24332541 6
1.6017029 2.9343693 0.76313144 95
0.98050314 3.0062985 0.83683503 94
1.084183 1.9883174 0.35276166 40
0.89127374 2.7169588 0.54855984 53
1.0312738 1.8914636 0.18542385 53
nan nan nan 0
1.0230209 1.8763453 0.036693681 53
0.67834949 2.0499551 0.11134475 75
1.5717194 2.8794491 -0.17009185 10
0.68221277 2.0593057 -0.037260886 80
0.95384026 1.7468365 -0.23974133 4
0.68177217 2.0591393 -0.18635865 32
0.62483054 1.1442425 -0.24639918 7
0.49563238 1.4955362 -0.24376884 5
0.43939826 0.80421042 -0.23586468 18
0.34319824 1.0340179 -0.24332541 7
1.6175559 2.9256606 0.76313144 95
0.9962306 3.0011237 0.83683503 94
1.09936 1.9912562 0.35432425 46
0.90626091 2.7145839 0.54903644 58
1.0483965 1.8991135 0.18673117 54
0.8312183 2.4771414 0.31610563 40
1.0243618 1.8556522 0.036388267 55
0.6906572 2.0511105 0.11160642 75
nan nan nan 0
0.69377947 2.0580759 -0.037304517 82
0.97259468 1.7591825 -0.24217525 5
0.69728601 2.0697124 -0.18766339 24
0.63200372 1.1431012 -0.24687576 7
0.50423849 1.4952626 -0.2441595 5
0.44477645 0.80400956 -0.23651089 18
0.34629837 1.0252731 -0.24163955 6
1.6256992 2.9295039 0.7648173 94
1.00299 3.0039637 0.83812737 96
1.1184211 2.0173969 0.35940278 54
0.91021979 2.7106702 0.54855984 57
1.0505002 1.8951037 0.18651327 51
0.83238274 2.4662771 0.31488866 40
1.0251715 1.849491 0.036301002 58
0.69423598 2.0499017 0.11160642 76
1.0800455 1.9474825 -0.11487742 31
0.69577503 2.052124 -0.037217256 80
0.96359926 1.7357981 -0.23913284 4
0.69374782 2.0472481 -0.18570629 39
0.63160932 1.1377085 -0.24592258 7
0.50527465 1.4896988 -0.24337819 5
0.44853324 0.80744952 -0.2378033 17
0.3488611 1.0269771 -0.24220152 7
1.6463042 2.9291568 0.76706511 95
1.0187048 2.9986711 0.83812737 96
1.1350203 2.0222752 0.36135608 72
0.92440027 2.7058673 0.54855984 43
1.0652912 1.8982605 0.18738484 43
0.84207779 2.4524918 0.31367171 40
1.0409672 1.8549918 0.036519159 61
0.70495969 2.0462389 0.11160642 74
1.0828834 1.9287454 -0.11409239 31
0.70651031 2.0484529 -0.037217256 80
0.97876346 1.7415395 -0.24065405 4
0.71010464 2.0600812 -0.18722847 30
0.64117414 1.1407989 -0.24735238 6
0.51546359 1.4940425 -0.24455015 5
0.44800237 0.79667974 -0.23521848 19
0.35580522 1.0297478 -0.24332541 7
1.6521014 2.9286885 0.76762706 94
1.0239369 2.9968884 0.83812737 96
1.138548 2.0202911 0.36135608 83
0.92435926 2.6903164 0.54570031 35
1.1028882 1.9571215 0.19348575 35
nan nan nan 0
1.0429742 1.8509955 0.036475528 50
0.70852989 2.0450051 0.11160642 71
1.0825644 1.920331 -0.11369986 31
0.7100845 2.0472167 -0.037217256 79
0.97691542 1.7311887 -0.23943709 5
0.71694249 2.068258 -0.18809828 29
0.64316428 1.1396781 -0.24735238 7
0.51646501 1.4884702 -0.24376884 5
0.45415932 0.80429852 -0.2378033 19
0.35681203 1.0268209 -0.24276346 7
1.665504 2.9154778 0.76650316 89
1.0411934 2.9960508 0.83941984 95
1.150336 2.0164459 0.36174673 78
0.93601531 2.6784854 0.54427052 36
1.1539025 2.0226738 0.2006761 79
0.8190918 2.3317618 0.29876393 31
1.0600938 1.8585303 0.036737315 50
0.71840298 2.0389109 0.11147558 67
1.0888866 1.9081345 -0.11330734 37
0.71914077 2.0387526 -0.037129994 76
0.98719925 1.7282033 -0.23974133 5
nan nan nan 0
0.65156347 1.1405532 -0.24830556 6
0.52343661 1.4834148 -0.24337819 5
0.45956713 0.80400378 -0.2384495 17
0.36057967 1.0203381 -0.24163955 7
1.68221 2.933984 0.77212268 59
1.0503881 3.0056341 0.84265089 95
1.1489373 2.0058682 0.3601841 63
0.9414987 2.6791644 0.54474711 39
1.1462747 2.0012162 0.19871509 79
0.82151592 2.3256462 0.29815546 35
1.0708008 1.8696852 0.036999099 36
0.72361821 2.0423639 0.11173727 67
1.1009161 1.921387 -0.11422322 37
0.72186732 2.0351369 -0.037086364 75
0.9852677 1.7178723 -0.23852436 5
nan nan nan 0
0.65110499 1.1351602 -0.24735238 6
0.52356786 1.4755102 -0.24220623 5
0.4573504 0.79692411 -0.23651089 17
0.3647778 1.0266037 -0.24332541 7
1.8351775 3.1607158 0.83506137 68
1.0661111 3.0000932 0.84265089 95
1.1594242 1.9998249 0.3601841 50
0.95880193 2.6834476 0.54665345 37
1.1729988 2.0231829 0.20154765 91
0.83618498 2.3283238 0.29906818 38
nan nan nan 0
0.73850793 2.0503004 0.11239146 71
1.1184874 1.928548 -0.11500826 64
0.73251331 2.0313294 -0.037086364 74
0.99924016 1.7212694 -0.23974133 5
nan nan nan 0
0.65827483 1.1338561 -0.24782895 6
0.53128642 1.4727486 -0.24220623 5
0.46638626 0.80286163 -0.2390957 17
0.36933005 1.0223851 -0.24276346 7
1.8511883 3.1767659 0.84011894 72
1.0729642 3.0027785 0.84394324 95
1.1566931 1.9871329 0.35823083 49
0.96596223 2.6887031 0.54808331 41
1.1715095 2.0125272 0.2006761 77
0.8377319 2.3198543 0.29815546 38
1.1807892 2.0284271 0.040358689 84
0.74208534 2.0490081 0.11239146 75
nan nan nan 0
0.73690462 2.0323994 -0.037129994 75
0.99973977 1.7152374 -0.23913284 5
nan nan nan 0
0.65901399 1.1305871 -0.24735238 6
0.53552651 1.4764667 -0.24298753 5
0.46534482 0.79787904 -0.2378033 18
0.36864799 1.0148596 -0.24107762 7
1.8633932 3.158314 0.83787113 67
1.085387 2.9880347 0.84135842 95
1.1633165 1.9746697 0.35705885 53
0.98337954 2.6928344 0.54998964 48
1.1807652 2.0042207 0.20045821 56
0.84816551 2.3107741 0.29754698 38
1.1964761 2.0308275 0.040533211 84
0.75280368 2.0450945 0.11239146 82
nan nan nan 0
0.74925494 2.0332077 -0.037217256 77
1.0112325 1.7142514 -0.23974133 5
0.93539727 2.5429306 -0.23354632 10
0.66242456 1.122897 -0.24639918 6
0.54155511 1.4690038 -0.24220623 5
0.47321174 0.80166328 -0.23974191 16
0.37562466 1.017493 -0.24220152 7
1.8770478 3.1700516 0.8418048 71
1.0947266 2.9974844 0.84458947 95
1.1768317 1.9896311 0.3601841 64
0.98892015 2.6934195 0.55046624 55
1.1829917 2.0000145 0.20024031 38
0.8513425 2.3069606 0.29724273 37
1.1974701 2.0244353 0.04044595 71
0.75723344 2.0461204 0.1125223 88
1.876224 3.1686022 -0.19115707 69
0.75280243 2.0318968 -0.037217256 80
1.0091569 1.7039484 -0.23852436 5
0.93811411 2.5366194 -0.2331114 10
0.6668908 1.1259587 -0.24735238 6
0.54667252 1.4750099 -0.24337819 5
0.47337472 0.79876113 -0.2390957 17
0.37991381 1.023698 -0.24388736 7
1.9004394 3.1702929 0.84461457 76
1.1120803 2.9962423 0.84588188 95
nan nan nan 0
1.0055718 2.6951063 0.55189604 56
1.1870432 1.9831133 0.19915086 35
0.86514401 2.3071215 0.29785123 37
1.1990547 2.0031314 0.040140532 53
0.76706266 2.0397892 0.11239146 84
1.8953576 3.1630168 -0.19141875 70
0.75992787 2.0185626 -0.03704273 76
1.0193425 1.7007685 -0.23882861 5
0.95225513 2.5340056 -0.23332886 10
0.66645354 1.1119356 -0.2449694 6
0.55352455 1.4698139 -0.24298753 5
0.47755051 0.79627156 -0.2390957 17
0.38271889 1.014846 -0.24220152 6
1.9016466 3.1610436 0.84292871 65
1.116467 2.9920328 0.84523571 95
1.8988281 3.1575754 0.57738841 65
1.0119908 2.6979456 0.55284917 52
1.180226 1.9639693 0.19740775 36
0.86481416 2.2939904 0.29633 36
1.2064167 2.0074601 0.040271424 47
0.77149951 2.0407841 0.1125223 74
1.9008752 3.1597037 -0.19141875 70
0.76432961 2.019573 -0.037086364 72
1.021028 1.6968617 -0.23852436 5
0.96018147 2.5416648 -0.23419867 10
0.67219836 1.1170737 -0.24639918 6
0.55261856 1.4595982 -0.24142492 5
0.47893956 0.79543692 -0.2390957 15
0.38534343 1.0164578 -0.24276346 7
1.9212576 3.1548681 0.84405261 72
1.1321179 2.986146 0.84523571 95
1.9179044 3.1518073 0.5781697 67
1.025233 2.6903155 0.55237263 49
1.182719 1.9450017 0.19610043 37
0.87593031 2.287112 0.29602575 35
1.2078079 1.986173 0.03996601 36
0.77950376 2.0297194 0.11212978 65
1.921291 3.1561031 -0.19181128 69
0.77667773 2.0202129 -0.037173621 65
1.0324837 1.6957288 -0.23913284 5
0.97081089 2.5296226 -0.23354632 10
0.67292058 1.1051614 -0.24449281 6
0.56465191 1.4682212 -0.24337819 5
0.48183706 0.79085845 -0.2384495 14
0.38892856 1.0098723 -0.24163955 7
1.9287536 3.1560025 0.84517652 64
1.1381849 2.9864235 0.84588188 95
1.9246911 3.1505618 0.57856035 67
1.0299269 2.6885219 0.55237263 49
1.1770159 1.928062 0.19457519 42
0.87814635 2.2809451 0.29541731 34
1.2086643 1.979797 0.039878745 31
0.78125656 2.023694 0.11186811 62
1.9294022 3.1570041 -0.19207294 68
0.77930635 2.0165212 -0.037129994 60
1.0393302 1.7002723 -0.24004556 5
0.97700959 2.5325747 -0.23398124 10
0.68126351 1.1144456 -0.24687576 6
0.5636788 1.4580104 -0.24181558 5
0.48448104 0.79207391 -0.2390957 15
0.3933 1.0160183 -0.24332541 7
1.9522139 3.1558757 0.84798622 71
1.1564119 2.9871833 0.84782052 95
1.9437597 3.1446404 0.57934165 64
1.0466486 2.6899579 0.55380243 47
1.1897162 1.9261084 0.19501098 52
0.88558048 2.2647524 0.29389611 32
1.2071761 1.9543116 0.039486069 33
0.79002887 2.0149231 0.11160642 56
1.9511623 3.1553495 -0.1925963 67
0.79257929 2.0193992 -0.037260886 55
1.045604 1.6905887 -0.23943709 5
0.99116129 2.5297446 -0.23419867 10
0.68450159 1.1066927 -0.24592258 6
0.57578391 1.4665445 -0.24376884 5
0.48862165 0.78952634 -0.2390957 17
0.3950876 1.0048617 -0.24107762 7
1.9533112 3.1465983 0.84630042 68
1.1607511 2.9829085 0.84717429 95
1.9544572 3.1496334 0.5809043 64
1.0504515 2.6858399 0.55332577 44
1.193076 1.924029 0.19501098 58
0.87507755 2.2262254 0.28902826 32
1.2000328 1.9352157 0.039137021 36
0.79445487 2.0158658 0.11173727 61
1.9579842 3.1540596 -0.19272715 68
0.79701513 2.02034 -0.037304517 54
1.0537968 1.6971889 -0.24065405 5
0.99557501 2.5280108 -0.23419867 12
0.68383682 1.1013302 -0.2449694 6
0.57474351 1.4563392 -0.24220623 5
0.48872018 0.78662354 -0.2384495 16
0.40038353 1.0132478 -0.24332541 7
1.9754953 3.144232 0.84854823 64
1.1772381 2.9790373 0.84782052 95
1.9748636 3.1456285 0.58207625 64
1.0699136 2.6939971 0.55618536 43
1.2177118 1.94095 0.19740775 58
0.87848252 2.2008555 0.28629008 28
1.2088188 1.9267893 0.03909339 38
0.80407637 2.0093586 0.11160642 67
1.9718143 3.1395376 -0.19246547 68
0.80758262 2.0161393 -0.037304517 55
1.056059 1.6811478 -0.23913284 5
1.0115606 2.5297058 -0.23485105 12
0.69221097 1.101887 -0.24592258 6
0.58418465 1.4578995 -0.24298753 5
0.49412161 0.78609586 -0.2390957 19
0.4029907 1.0043435 -0.24163955 7
1.9843327 3.147305 0.85023409 68
1.1824356 2.9769781 0.84782052 95
1.9816685 3.1442652 0.5824669 64
1.0746139 2.6921256 0.55618536 44
1.2024922 1.9093342 0.19435731 51
0.87220782 2.1739664 0.28294346 25
nan nan nan 0
0.80850881 2.0102704 0.11173727 72
1.9839534 3.1466472 -0.19311966 67
0.81295747 2.0193677 -0.037391778 55
1.0629685 1.6855953 -0.24004556 5
1.0131994 2.5209987 -0.23419867 12
0.69413304 1.1006773 -0.24592258 6
0.58306497 1.4477048 -0.24142492 5
0.49549288 0.78523231 -0.2390957 16
0.40564454 1.0059018 -0.24220152 8
2.0092003 3.1488402 0.85360581 71
1.2025068 2.9819515 0.85105151 95
1.9994332 3.1359279 0.58285761 64
1.0905312 2.6910136 0.55713856 47
nan nan nan 0
0.86960518 2.1348708 0.27837983 25
nan nan nan 0
0.82183999 2.0129492 0.11212978 50
2.0030892 3.1404245 -0.19338135 65
0.82540131 2.0197151 -0.037479043 58
1.0664334 1.6716436 -0.23882861 5
1.0254484 2.5133519 -0.23398124 12
0.69988668 1.0970277 -0.24592258 6
0.59063709 1.4446322 -0.24142492 5
0.49699023 0.77856117 -0.2378033 17
0.40816584 0.99698907 -0.24051565 7
2.0128295 3.1436293 0.85304385 67
1.2077094 2.9798481 0.85105151 95
2.0062356 3.1345122 0.5832482 62
1.100759 2.7027524 0.55999815 43
nan nan nan 0
0.85555404 2.0896826 0.27259928 43
nan nan nan 0
0.83100951 2.025382 0.11291482 73
2.012609 3.143229 -0.19377387 64
0.8336494 2.0298421 -0.037697192 61
1.0733699 1.6760448 -0.23974133 5
1.0317155 2.51617 -0.23441613 11
0.70577991 1.1019987 -0.24735238 6
0.59222579 1.4413124 -0.24103427 5
0.4931196 0.76956987 -0.23521848 17
0.41082257 0.99853194 -0.24107762 7
nan nan nan 0
1.2232952 2.9734838 0.85105151 94
nan nan nan 0
1.1158295 2.6992211 0.56047469 44
nan nan nan 0
0.86932653 2.0920541 0.27351201 49
nan nan nan 0
0.84446788 2.0279233 0.11330734 80
nan nan nan 0
0.84426624 2.0254495 -0.037697192 61
1.0780776 1.6641579 -0.23882861 5
1.0429698 2.5061316 -0.23398124 10
0.70752829 1.0921149 -0.24592258 6
0.60165191 1.4427555 -0.24181558 5
0.50109565 0.77304882 -0.23715709 19
0.41790336 1.0008711 -0.24220152 7
2.857311 4.39327 1.2008923 94
1.2294025 2.9735773 0.85169768 94
2.8562763 4.3933234 0.82350117 85
1.1205388 2.6972694 0.56047469 37
2.8589196 4.3973746 0.45582455 89
0.86917019 2.081367 0.27229503 43
2.8584385 4.3966241 0.090927035 87
0.85376012 2.0402765 0.11409239 79
2.3273172 3.5789635 -0.22190444 44
0.85164398 2.0332029 -0.037871718 67
1.0850446 1.6685106 -0.23974133 5
1.0463852 2.502008 -0.23376377 10
0.71077418 1.0929338 -0.24639918 6
0.60416907 1.4417032 -0.24181558 5
0.50112283 0.77015156 -0.23651089 15
0.42058256 1.0023903 -0.24276346 8
2.8877385 4.3879185 1.2037022 94
1.2486801 2.9760125 0.8542825 95
2.8846703 4.3865581 0.82506377 88
1.1384457 2.700417 0.56238109 36
2.8846433 4.3865056 0.45626029 85
0.87909263 2.0745008 0.27199078 35
2.8937879 4.4003892 0.091319717 92
0.86540222 2.0380781 0.11422322 79
2.3556347 3.5813246 -0.22282031 41
0.86422426 2.0333209 -0.037958983 72
1.0896692 1.6565909 -0.23882861 5
1.0604404 2.4987895 -0.23398124 10
0.71648705 1.0891972 -0.24639918 6
0.61362875 1.4430703 -0.24259689 5
0.51180786 0.77758992 -0.23974191 17
0.42110136 0.98894769 -0.23995371 8
2.9026864 4.3955708 1.2070739 94
1.2566776 2.9805088 0.85622114 94
2.8936832 4.3835773 0.82545441 81
1.1336192 2.6758137 0.55761516 34
2.8950403 4.3856201 0.45669609 82
0.87400383 2.0523982 0.26925263 31
2.9014635 4.3953323 0.091319717 91
0.86993319 2.0388629 0.11435406 78
2.3715174 3.5917881 -0.22373621 40
0.869726 2.036411 -0.038046245 77
1.0966665 1.6608949 -0.23974133 5
1.065773 2.499227 -0.23419867 9
0.72109747 1.0920371 -0.24735238 6
0.6132555 1.4351766 -0.24142492 5
0.51049346 0.77267098 -0.2384495 16
0.42187807 0.98596752 -0.23939174 8
2.9291344 4.3838515 1.2081978 95
1.2703726 2.9694445 0.85492873 94
2.9275706 4.3847909 0.82857966 92
nan nan nan 0
2.9262657 4.3828268 0.45800346 82
0.88277912 2.0432341 0.26864415 44
2.931381 4.3904715 0.091537863 88
0.87862253 2.0296938 0.11409239 79
2.3916783 3.5813968 -0.22386703 39
0.8813656 2.0341246 -0.038089875 79
1.1039678 1.6530678 -0.23943709 5
1.0758889 2.4867501 -0.23354632 9
0.72680545 1.0882465 -0.24735238 6
0.62271273 1.4364828 -0.24220623 5
0.51587808 0.77199268 -0.2390957 19
0.42415351 0.97702897 -0.2377059 9
2.9414456 4.3873363 1.2104456 95
1.2774547 2.9716628 0.85622114 94
2.9420962 4.3899288 0.83053297 90
1.2220796 2.8301594 0.59192997 79
2.9394593 4.3859863 0.45887497 83
0.89027792 2.0508032 0.2698611 62
2.9432158 4.3915763 0.091668762 84
0.88612807 2.037323 0.11461575 79
2.4062717 3.5896566 -0.22465208 38
0.88491446 2.0325832 -0.038089875 78
1.1110022 1.657318 -0.2403498 5
1.0831947 2.4917259 -0.23419867 9
0.72870368 1.0869763 -0.24735238 6
0.62619841 1.4376605 -0.24259689 5
0.51992351 0.77509695 -0.24038813 19
0.42489374 0.97405016 -0.23714393 11
2.970613 4.3794193 1.2126935 95
1.2939588 2.9671483 0.85686731 94
2.9691997 4.3805943 0.83170491 94
1.2643589 2.8867052 0.60527456 93
2.9651799 4.3746576 0.45931077 83
0.90299439 2.0506594 0.27046958 59
2.9759922 4.3905864 0.091974176 92
0.89578021 2.0303693 0.1144849 78
2.4306414 3.5852714 -0.22517544 37
0.89353472 2.0233448 -0.038002614 76
1.1154814 1.6453204 -0.23943709 5
1.0932233 2.4791787 -0.23354632 9
0.73300481 1.0811166 -0.24687576 6
0.63074332 1.4275774 -0.24142492 5
0.51989508 0.76637661 -0.2384495 17
0.42608383 0.96288425 -0.23489612 13
2.9816027 4.3807878 1.2143792 95
1.304932 2.9781659 0.8607446 94
2.9782307 4.3774462 0.83209556 94
nan nan nan 0
2.9756143 4.3735929 0.45974657 81
0.9065721 2.0490804 0.27046958 52
2.9864645 4.3895178 0.092061445 87
0.89932257 2.0288026 0.1144849 78
2.4340842 3.5768969 -0.22491378 18
0.89504641 2.0172083 -0.037915349 71
1.1211474 1.6474713 -0.24004556 5
1.1005638 2.484103 -0.23419867 9
0.73765802 1.0838892 -0.24782895 6
0.6332339 1.4264743 -0.24142492 5
0.52123189 0.76546806 -0.2384495 17
0.42874372 0.96436948 -0.23545809 14
3.0135548 4.3766274 1.217751 95
1.3175749 2.9646678 0.85880595 94
3.0081122 4.3719616 0.83404887 93
nan nan nan 0
3.0069478 4.3702598 0.46105388 85
0.92032242 2.0511036 0.27138233 55
3.0179124 4.3861732 0.092323229 92
0.91197097 2.0286241 0.11474658 78
2.4626932 3.578495 -0.22582965 6
0.9035542 2.0079312 -0.037828092 63
1.1297582 1.6415784 -0.24004556 5
1.1125386 2.4760332 -0.23398124 9
0.74192888 1.0779926 -0.24735238 6
0.6417014 1.4253938 -0.24181558 5
0.5266065 0.76471466 -0.2390957 16
0.43378723 0.96211141 -0.23545809 17
3.0259674 4.3799033 1.2199988 94
1.3237286 2.96457 0.85945213 94
3.0241618 4.3788929 0.83639282 94
nan nan nan 0
3.024483 4.3793468 0.4625791 91
0.93100733 2.0653439 0.27351201 58
3.024142 4.3788428 0.092279591 93
0.91857922 2.0338616 0.1151391 77
2.467515 3.5721381 -0.22569881 6
0.90398198 1.9995117 -0.037697192 54
1.1312091 1.6375637 -0.23974133 5
1.1137955 2.4672725 -0.23332886 9
0.74241138 1.0746787 -0.24687576 6
0.64621025 1.4287772 -0.24259689 5
0.53344941 0.77172977 -0.24168053 15
0.43347484 0.95690614 -0.23433419 10
3.0538092 4.3694553 1.2216847 94
1.3412189 2.9620013 0.8607446 94
3.052706 4.3710938 0.83795536 94
nan nan nan 0
3.0487983 4.3654919 0.46279699 85
0.94078159 2.0581818 0.27320775 67
3.0556197 4.3752413 0.092541374 92
0.92818087 2.026752 0.11500826 77
2.4933374 3.5693994 -0.22635299 5
0.90925425 1.9833794 -0.037479043 49
1.1411909 1.6336514 -0.24004556 5
1.1287644 2.4659395 -0.23376377 9
0.74943656 1.0727867 -0.24735238 6
0.64959115 1.4163842 -0.24103427 5
0.5360952 0.76694947 -0.24103433 14
0.43747208 0.95240521 -0.23377222 13
3.0676653 4.3746233 1.2244943 94
1.3483804 2.9640553 0.862037 94
3.0660028 4.3738451 0.83951807 93
nan nan nan 0
3.0692849 4.3785133 0.46475801 93
0.94643432 2.0610511 0.27381623 69
3.0661221 4.3739944 0.092628643 90
0.9202891 2.0001569 0.11356901 77
2.5009975 3.5670857 -0.22648384 5
0.91271448 1.9817894 -0.037479043 44
1.1411873 1.6275961 -0.23943709 5
1.1330665 2.4639657 -0.23376377 9
0.74566036 1.0634475 -0.245446 6
0.65514237 1.4219853 -0.24220623 5
0.53743297 0.76601261 -0.24103433 19
0.44115558 0.95607281 -0.23489612 11
3.09834 4.3678942 1.2273042 94
1.3648899 2.9591489 0.86268318 94
3.0917192 4.3617597 0.84029937 94
0.96259844 2.0752099 0.43751341 28
3.0921686 4.3623829 0.46475801 92
0.95721298 2.0560672 0.27381623 69
3.0962129 4.3680739 0.092846796 90
0.92129254 1.9749291 0.11239146 77
2.5225303 3.5580142 -0.22674553 5
0.90833902 1.9452442 -0.036868207 34
1.1453825 1.6155299 -0.23852436 5
1.1459523 2.457999 -0.23376377 9
0.75548524 1.0655285 -0.24687576 6
0.65946352 1.4118148 -0.24103427 5
0.53442943 0.75335383 -0.2378033 16
0.44717813 0.95596099 -0.23545809 12
3.1066105 4.365006 1.2278662 94
1.3730893 2.9633403 0.86462182 95
3.1036239 4.3623919 0.84147131 93
0.96209037 2.0646203 0.43560702 61
3.1026669 4.3610373 0.46519381 87
0.94719261 2.0251455 0.2698611 59
3.1125309 4.3748808 0.093108587 92
0.91840982 1.959741 0.11160642 30
2.5316327 3.557673 -0.22700721 5
0.90222168 1.9232687 -0.036475528 33
1.1510816 1.6175691 -0.23913284 5
1.1523455 2.4605098 -0.23419867 9
0.75306636 1.058216 -0.245446 6
0.66296887 1.4129 -0.24142492 5
0.54136282 0.76027763 -0.24038813 18
0.45089877 0.95959747 -0.236582 11
3.1373017 4.3580165 1.2306759 94
1.3875626 2.953923 0.86397558 95
3.1365213 4.3601093 0.84420586 94
0.96453738 2.0417857 0.43179429 36
3.1327341 4.3548379 0.46628323 88
0.93661326 1.9752716 0.2637763 30
3.1412363 4.3666382 0.093283102 94
0.90839422 1.9120167 0.10912047 43
2.5458491 3.538291 -0.22661468 5
0.93258351 1.9614524 -0.037304517 33
1.156633 1.6074944 -0.23852436 5
1.1662773 2.4566939 -0.23441613 9
0.76721448 1.0661982 -0.24830556 6
0.6703577 1.4094093 -0.24142492 5
0.54109091 0.75156152 -0.2384495 18
0.45487896 0.95501953 -0.23602003 10
3.1512785 4.3629541 1.2334856 94
1.3937436 2.9536822 0.86462182 95
3.1484649 4.3606329 0.84537786 92
0.96286136 2.0290027 0.42941135 34
3.1461639 4.3574381 0.46715477 91
0.9315601 1.9556943 0.26134241 50
3.153245 4.3672276 0.093414001 92
0.90958893 1.9059175 0.10885879 59
2.5549459 3.537889 -0.22687636 6
0.92206198 1.93047 -0.036737315 30
1.1667104 1.6155248 -0.24004556 5
1.1705632 2.4546547 -0.23441613 9
0.7661947 1.0608827 -0.24735238 6
0.67599052 1.4149307 -0.24259689 5
0.54382026 0.75257051 -0.2390957 17
0.45550334 0.95202231 -0.23545809 9
3.1762757 4.3478069 1.2340477 94
1.4123068 2.9528847 0.8665604 95
3.1799936 4.3560514 0.84772176 94
0.97135353 2.0195057 0.42845812 39
3.1777511 4.3529711 0.46846214 85
0.94393551 1.9552634 0.26195085 58
3.1804912 4.3567119 0.093544886 89
0.91955578 1.9011288 0.10885879 61
2.5719621 3.5224473 -0.22674553 5
0.98962915 2.0449803 -0.039049756 57
1.1736879 1.607391 -0.23974133 5
1.1823195 2.4462478 -0.23419867 9
0.76448828 1.0469569 -0.2449694 6
0.68125051 1.4069208 -0.24181558 5
0.54918194 0.75165993 -0.23974191 17
0.45942846 0.94742763 -0.23489612 12
3.1946273 4.3585262 1.2385432 96
1.4185011 2.9525936 0.86720663 95
3.1846719 4.3465123 0.84694052 90
0.97275054 2.0133836 0.42750499 43
3.1868165 4.3494267 0.46868002 89
0.94519061 1.9491432 0.26134241 40
3.1954811 4.3612337 0.093763046 94
0.91961396 1.8927774 0.10846627 52
2.581059 3.5219791 -0.22700721 5
0.98122543 2.018497 -0.038569819 57
1.1808977 1.6113404 -0.24065405 5
1.1887553 2.4486651 -0.23463359 9
0.7721287 1.0535305 -0.24687576 6
0.68477851 1.4079533 -0.24220623 5
0.55192518 0.7526449 -0.24038813 18
0.46002418 0.9444297 -0.23433419 15
3.2210653 4.3450909 1.2396672 44
1.4371037 2.9516442 0.86914521 95
3.2191503 4.3456469 0.85006577 62
0.98757786 2.0170879 0.42941135 50
3.2184451 4.3446856 0.46998733 68
0.96519077 1.9642311 0.26408052 32
3.2272038 4.3564906 0.09402483 70
0.93170768 1.8924205 0.10872794 43
2.5979776 3.5064113 -0.22687636 5
1.0082818 2.0469995 -0.039224282 64
1.1893184 1.6051352 -0.24065405 5
1.1982732 2.4356978 -0.23398124 9
0.78202605 1.0553824 -0.24830556 6
0.68997079 1.3999122 -0.24142492 5
0.5500893 0.74199635 -0.2378033 18
0.46923745 0.95076448 -0.236582 15
3.2075241 4.3126678 1.2317998 17
1.4443691 2.9534736 0.87043762 95
3.2164118 4.3261542 0.84733111 16
0.99109679 2.0153611 0.42941135 59
3.2126431 4.3210788 0.46802634 16
0.9795537 1.984818 0.26712295 46
3.2154057 4.3247814 0.093457632 25
0.93941659 1.8997526 0.1092513 36
2.6085651 3.5078795 -0.22726887 4
1.011853 2.0452366 -0.039224282 64
1.1906354 1.6010672 -0.2403498 5
1.2003232 2.4291332 -0.23354632 9
0.77946478 1.0481143 -0.24687576 6
0.69676924 1.4075706 -0.24298753 5
0.55572045 0.74683875 -0.23974191 20
0.47089612 0.94994408 -0.236582 16
3.2234857 4.2855186 1.22899 18
1.4608828 2.9480357 0.87108386 95
3.2360508 4.3053074 0.84654987 16
1.0070858 2.0211382 0.43179429 72
3.2247448 4.290266 0.46650112 21
1.0065117 2.0129869 0.27168655 58
3.2455187 4.317874 0.093675785 35
0.97941732 1.9551384 0.11278398 37
2.6268964 3.494173 -0.22726887 4
1.0247793 2.0443842 -0.039311547 64
1.1975093 1.5928291 -0.24004556 5
1.2119143 2.4205861 -0.23332886 9
0.78789729 1.0479376 -0.24782895 6
0.70082778 1.3972719 -0.24181558 5
0.55671173 0.74006492 -0.2384495 19
0.47261181 0.94092059 -0.23489612 15
3.2316813 4.2823939 1.229552 10
1.4660258 2.9454815 0.87108386 95
3.249511 4.3075356 0.8481124 3
1.0106118 2.0193775 0.43179429 73
3.248734 4.3064957 0.46889791 13
1.013351 2.0178864 0.27259928 69
3.251544 4.3102078 0.093632154 14
1.0174698 2.022634 0.11684001 67
2.6314862 3.4875906 -0.22713803 4
1.0317047 2.0492969 -0.039442439 64
1.2062732 1.5986543 -0.24126253 5
1.2072159 2.4006522 -0.23158923 9
0.78676295 1.0426471 -0.24687576 6
0.70547432 1.4004635 -0.24259689 5
0.55654335 0.73716772 -0.2378033 19
0.47207791 0.93573499 -0.23377222 17
3.2355828 4.2396784 1.2222466 9
1.4846811 2.9442387 0.87302244 95
3.2255805 4.2296109 0.83600211 7
1.0189606 2.009676 0.43084112 74
3.2531068 4.2656689 0.46628323 10
1.0272648 2.0191946 0.27351201 84
3.2589025 4.273253 0.093195841 16
1.0303047 2.0217321 0.1171017 81
2.6542561 3.4797177 -0.22753055 5
1.0435519 2.0460961 -0.039486069 65
1.2146271 1.5923164 -0.24126253 5
1.2152619 2.3854141 -0.2307194 9
0.79370278 1.0404626 -0.24735238 6
0.71056545 1.3923452 -0.24181558 5
0.56186473 0.73616034 -0.2384495 18
0.48026827 0.93977237 -0.23545809 16
3.2303858 4.2191219 1.217751 9
1.4887295 2.9394875 0.87237626 95
3.2344594 4.2259355 0.83639282 33
1.0235759 2.0100837 0.43131772 77
3.2378311 4.2303271 0.4630149 9
1.0307873 2.0173986 0.27351201 94
3.2450767 4.2397771 0.092585012 9
1.0338316 2.0199308 0.1171017 91
2.6603253 3.4750798 -0.22753055 5
1.0471215 2.0442717 -0.039486069 65
1.2098533 1.5803494 -0.23974133 5
nan nan nan 0
0.79701215 1.0410221 -0.24782895 6
0.71187454 1.3889021 -0.24142492 5
0.56020367 0.73135018 -0.23715709 18
0.47859904 0.93241644 -0.23377222 11
3.2292929 4.1707721 1.2087598 9
1.5062989 2.9359524 0.87366867 94
3.2308421 4.1757503 0.82975167 23
1.0318452 2.00033 0.43036452 75
3.2355411 4.1818089 0.45952865 9
1.039064 2.0075619 0.27290353 93
3.244277 4.1930819 0.091930546 9
1.0432491 2.0122714 0.11697085 92
2.6845996 3.4689982 -0.22805393 5
1.0589576 2.0409818 -0.039529696 65
1.2226729 1.5798761 -0.24065405 5
1.0799625 2.0825264 -0.20179793 50
0.79492784 1.0271416 -0.245446 6
0.72253114 1.3917402 -0.24259689 5
0.56550777 0.73031342 -0.2378033 17
0.48124605 0.92556524 -0.23264831 10
3.2178996 4.1426148 1.2020164 10
1.5147303 2.939764 0.87560725 94
3.2184281 4.1447577 0.82467312 10
1.0353348 1.998526 0.43036452 59
3.218384 4.144691 0.45604244 10
1.0437062 2.0079491 0.27320775 81
3.2331848 4.1637278 0.091406971 10
1.0490568 2.0148809 0.11723254 82
2.6891177 3.4623361 -0.22792308 5
1.0648197 2.0435686 -0.039616961 65
1.2208567 1.5718646 -0.23974133 5
1.0870339 2.0872717 -0.20245029 79
0.79973572 1.0296246 -0.24639918 5
0.72041827 1.3817056 -0.24103427 5
0.57123911 0.73503685 -0.23974191 16
0.48286071 0.92472386 -0.23264831 9
3.2267168 4.1079073 1.1969588 13
1.5289876 2.9296503 0.87496108 94
3.2294087 4.1142564 0.82193851 9
1.0435132 1.9887267 0.42941135 52
3.2261958 4.1101561 0.45408145 10
1.0519024 1.9980608 0.27259928 56
3.2379572 4.1251197 0.090927035 14
1.0561117 2.0027285 0.11684001 72
2.7133794 3.4560604 -0.22844644 5
1.0778298 2.0423911 -0.039704222 69
1.2229333 1.5576495 -0.23852436 5
1.0944748 2.0749364 -0.20179793 84
0.80056089 1.0196388 -0.2449694 5
0.73108298 1.3844751 -0.24220623 5
0.56909674 0.7244516 -0.23715709 18
0.48882526 0.92434144 -0.23321028 10
3.2165725 4.0817933 1.1907772 15
1.5352167 2.9291177 0.87560725 94
3.2151821 4.0814652 0.81646937 10
1.0435636 1.9803817 0.42798153 43
3.2102363 4.0751815 0.45081306 9
1.0438342 1.9742615 0.26955688 34
3.2265818 4.0959058 0.09040346 16
1.035162 1.9545013 0.11409239 53
2.7178614 3.4493592 -0.22831559 5
1.0837251 2.0449286 -0.039791483 69
1.2241126 1.5535651 -0.23822013 5
1.096933 2.0708196 -0.20158048 92
0.80994779 1.0278672 -0.24735238 5
0.73234773 1.3810123 -0.24181558 5
0.57635671 0.731031 -0.23974191 17
0.49043781 0.92348683 -0.23321028 9
3.2173469 4.0376658 1.18291 9
1.5527911 2.9253085 0.87689972 94
3.2165039 4.0394702 0.81139088 9
1.0585225 1.9835607 0.42988792 34
3.2206657 4.044683 0.44928783 9
1.0378211 1.93811 0.26529753 32
3.2308481 4.0574517 0.089923516 9
1.0442059 1.9468517 0.11396154 32
2.7389972 3.4389856 -0.22857727 5
1.0944175 2.0392263 -0.039791483 69
1.2430645 1.5607111 -0.2403498 5
1.1030685 2.0562599 -0.20071065 44
0.81838202 1.0274471 -0.24830556 5
0.74073052 1.3793377 -0.24220623 5
0.57263148 0.71857542 -0.23651089 17
0.49869958 0.92735767 -0.23489612 11
3.2039025 4.0078788 1.1756046 9
1.5601605 2.9268599 0.87819213 94
3.2035 4.00878 0.80631232 9
1.0700666 1.9968687 0.43322408 50
3.2090542 4.0157161 0.44667318 9
1.0400313 1.9341078 0.26499328 44
3.220752 4.0303335 0.089443579 9
1.0192972 1.8922156 0.11082139 46
2.7637107 3.4575942 -0.23014736 5
1.0991565 2.0395157 -0.039835118 67
1.2473377 1.5604762 -0.24065405 5
nan nan nan 0
0.81403363 1.0183582 -0.24639918 5
0.74430257 1.3802195 -0.24259689 5
0.57993394 0.7251066 -0.2390957 19
0.49802113 0.922189 -0.23377222 12
3.2040913 3.9639699 1.1677371 10
1.5800408 2.9271576 0.88077694 94
3.199609 3.9612257 0.80006188 9
1.0805074 1.9912384 0.43322408 42
3.2034209 3.9659317 0.44296908 9
1.0477797 1.9242719 0.26438478 57
3.2198114 3.9861987 0.088832736 9
1.0303817 1.8890469 0.11095222 55
2.7723575 3.431428 -0.22936231 5
1.1050478 2.0249465 -0.039660592 55
1.2617363 1.5616385 -0.24187101 5
nan nan nan 0
0.82398981 1.019802 -0.24782895 5
0.74681073 1.3676208 -0.24103427 5
0.58220047 0.72018516 -0.2384495 18
0.50516158 0.92385352 -0.23489612 10
3.1949637 3.9400167 1.1621177 9
1.5839994 2.922271 0.88013071 93
3.192517 3.9383769 0.79654598 10
1.0874908 1.9958216 0.43465388 42
3.1962168 3.9429281 0.44100806 9
1.0511366 1.9224403 0.26438478 61
3.2015676 3.9495142 0.088134646 9
1.0324824 1.8850535 0.11082139 63
2.7909281 3.4420927 -0.23040903 5
nan nan nan 0
1.26446 1.5594341 -0.24187101 5
nan nan nan 0
0.82267153 1.0145543 -0.24687576 5
0.75510097 1.3771583 -0.24298753 5
0.58345652 0.71916789 -0.2384495 18
0.50095773 0.91226846 -0.23208638 12
3.1915107 3.8925414 1.1531265 9
1.6004375 2.9160557 0.88077694 94
3.1927407 3.8967838 0.79146749 9
1.1026506 1.9987049 0.43656024 47
3.1947107 3.8991766 0.43795761 9
1.0815426 1.9538587 0.26955688 61
3.2063544 3.9133677 0.08769834 9
1.0435445 1.8818074 0.11095222 67
2.812079 3.4312925 -0.23067071 5
1.069613 1.9274697 -0.037871718 35
1.2773318 1.5585452 -0.24278374 5
1.0787113 1.9447223 -0.19114266 36
0.83108926 1.0140246 -0.24782895 5
0.76349366 1.3753482 -0.24337819 5
0.58721411 0.71610308 -0.2384495 16
0.50925034 0.91603583 -0.23377222 14
3.1790428 3.864954 1.146383 9
1.611338 2.9238415 0.88400793 94
3.1869848 3.8759515 0.78834224 10
1.1108772 2.0053742 0.43846661 55
3.184104 3.8724408 0.43556082 9
1.0969623 1.9736817 0.27259928 33
3.1925321 3.8826735 0.087131135 9
1.0456173 1.8777995 0.11082139 61
1.7089804 2.0790391 -0.13921364 1
1.0378209 1.8622057 -0.03660642 36
1.275316 1.5505685 -0.24187101 5
nan nan nan 0
0.83598125 1.0163589 -0.24878214 5
0.76708889 1.3761739 -0.24376884 5
0.59307837 0.72066206 -0.24038813 19
0.51202637 0.91727787 -0.23433419 14
3.1812074 3.8252287 1.1396396 10
1.6266251 2.9153645 0.88400793 93
3.1803935 3.826937 0.78170109 9
1.1261464 2.0081015 0.440373 48
3.1868184 3.8346527 0.43316403 9
1.1194061 1.9895612 0.27564168 60
3.1984327 3.8486078 0.086738452 9
1.0529922 1.8679441 0.1105597 52
1.7150526 2.0643048 -0.13882111 21
1.0561228 1.8720038 -0.036911838 36
1.2897694 1.5514966 -0.24308796 5
1.3506513 2.3975892 -0.23724304 8
0.83971971 1.0100828 -0.24830556 5
0.77066207 1.3656764 -0.24259689 5
0.59219909 0.71198618 -0.2384495 18
0.51920062 0.91883647 -0.23545809 14
3.1700385 3.7996578 1.1334581 10
1.6375983 2.9230638 0.88723898 95
3.1728275 3.8043191 0.77818519 10
nan nan nan 0
3.1791437 3.811877 0.43120304 10
1.1423371 2.0222111 0.28050953 75
3.1859245 3.8199916 0.086214885 9
1.0562509 1.8661035 0.1105597 38
1.7170528 2.0593917 -0.13869028 27
1.0581611 1.8679802 -0.036868207 36
1.2940667 1.5511471 -0.24339221 5
1.363392 2.4104164 -0.23876522 8
0.84305626 1.0104979 -0.24878214 5
0.77546656 1.3686332 -0.24337819 5
0.59654361 0.71465313 -0.23974191 17
0.51603186 0.90943301 -0.23321028 12
3.1811213 3.771282 1.1300864 10
1.6528809 2.9144495 0.88723898 95
3.1720047 3.7631173 0.77310663 10
nan nan nan 0
3.1749711 3.7666245 0.42793471 10
1.1565921 2.0226717 0.28142226 88
3.188153 3.7822411 0.085734941 10
nan nan nan 0
1.7213718 2.0427413 -0.13816692 27
1.0691661 1.8645852 -0.036911838 34
1.3069745 1.5500368 -0.24430493 5
1.3858657 2.4205515 -0.24050486 8
0.84833568 1.0060699 -0.24878214 6
0.77528822 1.3516809 -0.24103427 5
0.6002773 0.71151984 -0.23974191 17
0.52560258 0.91518945 -0.23545809 12
3.1744468 3.7514086 1.1255908 10
1.6627336 2.9199612 0.88982379 83
3.1705906 3.7481523 0.77115339 10
1.6684271 2.91939 0.64626163 70
3.1638396 3.7401681 0.42553788 10
1.1601207 2.0206499 0.28142226 83
3.1689086 3.7461464 0.085036844 10
1.1672409 2.02985 0.12089606 81
1.7265477 2.0416389 -0.13829775 22
1.0761465 1.8692228 -0.03704273 34
1.3064687 1.5439678 -0.24369647 5
1.3938016 2.4246128 -0.24115723 8
0.84532648 0.99897432 -0.24735238 5
0.77764618 1.3503256 -0.24103427 5
0.59838969 0.70679116 -0.2384495 17
0.52478373 0.91003942 -0.23433419 12
3.1709328 3.7064221 1.1171615 14
1.6840154 2.9216852 0.89305478 55
3.1660926 3.703356 0.76529354 10
1.7290506 2.9892762 0.66389561 61
3.1688077 3.7065201 0.42357689 10
1.1681995 2.010252 0.28081375 72
3.1884797 3.7295029 0.085036844 14
1.1778532 2.0237107 0.12089606 90
1.719357 2.0117071 -0.13685852 21
nan nan nan 0
1.314535 1.537106 -0.24369647 5
1.3977344 2.4021986 -0.23963504 8
0.85374093 0.99826008 -0.24830556 5
0.78841752 1.3526462 -0.24220623 5
0.60680389 0.70914364 -0.24038813 20
0.52954137 0.90727919 -0.23433419 14
3.1751633 3.6995885 1.1165996 15
nan nan nan 0
3.159683 3.682837 0.76216835 10
1.8387874 3.1667817 0.70440614 64
3.1574259 3.6801989 0.42118013 10
1.1679673 2.0017729 0.27990103 52
3.1787007 3.7049675 0.084600531 15
1.1788725 2.0173359 0.12063438 82
1.7179852 2.0030212 -0.136466 23
nan nan nan 0
1.3172158 1.5348095 -0.24369647 5
1.4069359 2.4083655 -0.24050486 8
0.85548186 0.99676853 -0.24830556 6
0.78581327 1.342729 -0.24064361 5
0.60488653 0.70442545 -0.2390957 18
0.52867925 0.90213937 -0.23321028 12
3.1743701 3.6584439 1.1092942 10
1.852934 3.1642959 0.97189182 61
3.159502 3.643862 0.75748044 10
1.8342501 3.1211147 0.69630402 64
3.1619616 3.646687 0.41921914 10
1.1696297 1.980656 0.27777135 42
3.1751206 3.6618423 0.083989702 10
1.1856186 2.0046813 0.12024185 65
1.7104472 1.9732603 -0.13502677 23
1.1953489 2.0196037 -0.040358689 83
1.3366274 1.5410029 -0.24582614 6
1.4195268 2.4009659 -0.24050486 7
0.86229986 0.99412721 -0.24878214 6
0.79283297 1.3385961 -0.24064361 5
0.61332649 0.70671082 -0.24103433 17
0.53462899 0.90145957 -0.23377222 13
nan nan nan 0
1.8608967 3.1652241 0.97318417 61
3.1545053 3.6253071 0.75474584 10
1.8708066 3.1707892 0.70821887 62
3.1519661 3.6223814 0.41704023 11
1.169301 1.9722005 0.27685863 39
3.1503174 3.6204791 0.083160713 10
1.1891156 2.002609 0.12024185 46
1.707329 1.9627419 -0.13450339 24
1.1963261 2.0132117 -0.040271424 71
1.336053 1.534927 -0.24521764 5
1.4262508 2.4027722 -0.24093978 8
0.86241972 0.99077183 -0.24830556 6
0.79893559 1.3435886 -0.24181558 5
0.61296916 0.70382136 -0.24038813 18
0.53620148 0.90052509 -0.23377222 13
nan nan nan 0
1.8799087 3.159591 0.97447664 61
nan nan nan 0
1.8861274 3.1588416 0.70774227 62
nan nan nan 0
1.175794 1.9596602 0.2759459 42
nan nan nan 0
1.1854861 1.9727887 0.11880261 34
1.7060345 1.9406586 -0.13358752 24
1.2068509 2.0069201 -0.040271424 58
1.3457119 1.5297722 -0.24552189 6
1.4388121 2.3952715 -0.24093978 7
0.86434835 0.98256212 -0.24735238 6
0.80215877 1.3330286 -0.24064361 5
0.61664599 0.70060223 -0.24038813 16
0.54590166 0.90607321 -0.23602003 14
3.0039303 3.4029629 1.0390501 45
1.887892 3.1604548 0.97576898 60
3.0081067 3.4088607 0.71372712 43
1.8941562 3.1597579 0.70869553 60
3.0040731 3.4042842 0.39416185 48
1.1804887 1.9597332 0.27625015 51
3.0100501 3.4110425 0.078797609 52
1.1863565 1.9664361 0.11854094 30
1.711072 1.9395489 -0.13371836 23
1.2206539 2.0219498 -0.040620472 58
1.3533118 1.5329974 -0.2464346 6
1.4455558 2.3970263 -0.24137467 7
0.8611815 0.97553962 -0.24592258 6
0.80321336 1.3295091 -0.24025296 4
0.60985547 0.6904909 -0.23715709 15
0.54873395 0.90720892 -0.236582 17
3.0028253 3.3648579 1.0323067 54
1.9069077 3.1546636 0.97706145 60
3.011116 3.3764839 0.71021116 54
1.9119449 3.1518967 0.70917213 61
3.0069315 3.3717864 0.39220086 51
1.1894462 1.951404 0.2759459 51
3.0095601 3.374722 0.078317665 53
1.1849668 1.9409966 0.11736339 33
1.6912745 1.897042 -0.13136324 20
nan nan nan 0
1.3513983 1.5147898 -0.24460918 6
1.4567928 2.3872964 -0.24115723 7
0.87282318 0.97833282 -0.24782895 6
0.81657225 1.3358382 -0.24220623 4
0.61829823 0.69268334 -0.2390957 16
0.55221385 0.90224004 -0.23602003 13
2.9951022 3.345623 1.0278111 55
1.9161617 3.1575289 0.97900003 60
3.0021768 3.3546686 0.70669526 55
1.9263601 3.1632383 0.71250826 63
2.9945335 3.3461258 0.38980407 54
1.1915593 1.9472059 0.27564168 50
3.0021033 3.3545682 0.07796862 50
1.183151 1.9304005 0.11684001 36
1.6795888 1.8773526 -0.13018569 38
1.9316833 3.1547074 -0.063963063 70
1.3590103 1.5179704 -0.24552189 6
1.4661475 2.3932533 -0.24202706 7
0.87125015 0.9731558 -0.24687576 6
0.81890249 1.3344109 -0.24220623 4
0.61950624 0.69160324 -0.2390957 18
0.55758661 0.90751803 -0.2377059 17
2.9984415 3.3131196 1.0227535 55
1.9351904 3.151572 0.98029244 62
3.0014729 3.3187659 0.70239806 54
1.9441813 3.1551998 0.71298486 61
2.9986427 3.3156297 0.38806093 53
nan nan nan 0
3.0045297 3.3221247 0.077575937 40
1.1893078 1.9178061 0.11644749 42
1.6776657 1.8555782 -0.12926981 36
1.9547443 3.1551826 -0.064181224 70
1.3652734 1.5089953 -0.24521764 6
1.4734237 2.377068 -0.24115723 7
0.87468457 0.9667632 -0.24639918 6
0.8245818 1.3280034 -0.24181558 4
0.62311888 0.68835002 -0.2390957 17
0.55849916 0.89836293 -0.23602003 17
2.988898 3.2921793 1.0176959 56
1.9419526 3.1502469 0.98093861 64
2.990658 3.2952437 0.69849151 56
1.9483966 3.1497128 0.71250826 60
2.9876792 3.2919557 0.38588205 55
1.9494057 3.1415851 0.44905862 63
nan nan nan 0
1.1926532 1.9157275 0.11644749 50
1.6926541 1.8655812 -0.13018569 38
1.9628832 3.1560142 -0.064268485 69
1.3662355 1.5047748 -0.24491341 5
1.4815074 2.3808427 -0.24180959 7
0.87967521 0.96886426 -0.24735238 6
0.82559818 1.3244628 -0.24142492 4
0.62594688 0.68904561 -0.23974191 17
0.56134707 0.899459 -0.236582 13
2.9885397 3.2562261 1.0115144 55
1.9584206 3.1400354 0.98093861 60
2.9945123 3.264987 0.69536626 57
1.9687599 3.1457136 0.713938 61
2.989718 3.2597549 0.38392103 57
1.9737289 3.1439543 0.45088407 62
nan nan nan 0
1.2000149 1.9052265 0.11618582 54
1.7040879 1.858532 -0.13031653 29
1.979381 3.1456935 -0.064268485 69
1.3673785 1.4902931 -0.24369647 5
1.4899827 2.3667235 -0.24115723 7
0.88805956 0.96785682 -0.24830556 6
0.83360201 1.3223599 -0.24181558 5
0.62463558 0.68043166 -0.2378033 17
0.56217396 0.89031112 -0.23489612 18
2.9804447 3.2371962 1.0070188 57
1.9690143 3.1448069 0.98352343 62
2.9795654 3.2384818 0.69067842 59
1.9742472 3.1422727 0.713938 60
2.9802165 3.2380462 0.38196003 57
1.9826252 3.1471536 0.45179677 61
nan nan nan 0
1.2016766 1.9012259 0.11605498 62
1.7056371 1.8537189 -0.13018569 26
1.9915299 3.1528087 -0.064486638 68
1.3730819 1.4917917 -0.24430493 5
1.4941112 2.3641198 -0.24115723 7
0.88142282 0.95729041 -0.24592258 7
0.83065128 1.3125412 -0.24025296 4
0.62910211 0.68288612 -0.2390957 18
0.56357181 0.88942695 -0.23489612 19
2.9807525 3.2037187 1.0013993 58
1.9861958 3.1368425 0.98416966 61
2.9847054 3.2101824 0.68794376 57
1.9953804 3.1405323 0.71584439 59
2.9812982 3.2065117 0.37999907 56
2.0017385 3.1409183 0.45240527 62
1.7644188 1.8988166 0.044634525 27
1.2075928 1.8885899 0.11566246 64
1.7170212 1.8465899 -0.13031653 29
2.0061193 3.1405799 -0.064443007 68
1.3757991 1.4791358 -0.24339221 5
1.4997785 2.3457615 -0.24006996 7
0.88960475 0.95640594 -0.24687576 7
0.83883762 1.3102576 -0.24064361 5
0.63749719 0.68498677 -0.24103433 15
0.57213801 0.89263374 -0.236582 15
2.9680438 3.1789329 0.9952178 57
1.9916676 3.1333714 0.98416966 59
2.968395 3.1815066 0.68286532 56
2.0027237 3.1387658 0.71632099 60
2.9715922 3.1849215 0.37803805 58
2.0085523 3.1395116 0.45270953 61
1.7800055 1.9082122 0.044939946 27
1.2122315 1.8885829 0.1157933 65
1.7287644 1.8527108 -0.13097073 31
2.0129442 3.1391799 -0.064486638 61
1.3834631 1.4821695 -0.24430493 5
1.4971611 2.3326497 -0.23898268 7
0.88288689 0.94589365 -0.24449281 7
0.84511 1.3150351 -0.24181558 4
0.63715875 0.68200028 -0.24038813 19
0.57500434 0.89368808 -0.23714393 14
2.970144 3.1468902 0.99016023 56
2.0138075 3.1306803 0.98675448 57
2.9770899 3.1564217 0.68091202 58
2.0244441 3.1364908 0.71822739 51
2.9699748 3.1488757 0.37564126 57
2.0551217 3.1744597 0.4594028 52
1.8002677 1.9097719 0.04520173 27
1.2224319 1.8819965 0.1157933 57
1.7367272 1.8418186 -0.13083988 33
nan nan nan 0
1.3982806 1.4818755 -0.24552189 5
1.5052959 2.3185055 -0.23833032 7
0.88799173 0.94110304 -0.24449281 7
0.84685189 1.3021475 -0.24025296 5
0.63905948 0.67690206 -0.23974191 17
0.57851088 0.88851678 -0.236582 12
nan nan nan 0
nan nan nan 0
2.9673109 3.1350873 0.67739612 50
nan nan nan 0
nan nan nan 0
nan nan nan 0
nan nan nan 0
nan nan nan 0
1.7468082 1.8460332 -0.13136324 35
2.4357121 3.7409542 -0.077314153 34
1.399157 1.4776325 -0.24521764 5
1.5120529 2.3200519 -0.23876522 7
0.88456303 0.93421298 -0.24306302 6
0.85449845 1.3089541 -0.24181558 4
0.64023989 0.67578566 -0.23974191 17
0.5787369 0.88546085 -0.23602003 13
nan nan nan 0
nan nan nan 0
nan nan nan 0
2.8720691 4.3856449 1.0113328 89
nan nan nan 0
2.885397 4.3926892 0.64012152 94
nan nan nan 0
nan nan nan 0
1.7599033 1.8404678 -0.13162492 34
2.4497757 3.719794 -0.077139638 30
1.4120265 1.4756604 -0.24613038 5
1.5187104 2.3037767 -0.2378954 6
0.89114171 0.93133932 -0.2435396 7
0.85863113 1.3003329 -0.24103427 5
0.64544326 0.67416519 -0.24038813 16
0.57936144 0.87630475 -0.23433419 13
1.898114 1.9779204 0.62432921 42
2.876354 4.3904376 1.3951559 92
1.9045693 1.9853044 0.42972073 35
2.8877966 4.3929367 1.0141923 91
nan nan nan 0
2.891695 4.3855739 0.63981724 87
nan nan nan 0
2.8999166 4.3914165 0.27397871 92
1.7613833 1.8355935 -0.13149409 35
2.4466298 3.7009065 -0.076834209 28
1.4232012 1.4821351 -0.24765156 5
1.526842 2.3073602 -0.23854776 6
0.88765877 0.92447931 -0.24210984 7
0.86225748 1.3008944 -0.24142492 4
0.64829564 0.67477578 -0.24103433 16
0.58222812 0.8773278 -0.23489612 13
1.8986033 1.9571381 0.62095749 42
2.8993027 4.3753171 1.3951559 88
1.9046183 1.9646742 0.42737678 44
2.9161863 4.3859353 1.0160987 83
1.9103675 1.970588 0.23706363 37
2.9201183 4.3786359 0.64103425 88
1.913811 1.9741263 0.047383279 37
2.9270246 4.3824043 0.27437124 89
1.7674916 1.8227636 -0.13123241 35
2.4576504 3.6755695 -0.076572426 28
1.4309422 1.4746628 -0.24765156 5
1.5361388 2.2951903 -0.23811287 6
0.89762181 0.92509538 -0.2435396 8
0.86905712 1.2963618 -0.24142492 4
0.65013403 0.66964281 -0.24038813 17
0.58951139 0.87832433 -0.23602003 14
1.8948749 1.9471749 0.61870968 35
2.9162846 4.3843336 1.3996793 90
1.9080442 1.9613469 0.42737678 43
2.9265583 4.3849244 1.0170519 88
1.8999014 1.9529793 0.23532051 41
2.9346488 4.3838482 0.64255542 91
1.9015555 1.9546685 0.046990599 44
2.9318919 4.3731394 0.27410954 80
1.7637007 1.8125241 -0.13070905 33
2.4543252 3.6567361 -0.076267011 28
1.4335136 1.4721631 -0.24765156 6
1.5429131 2.2966447 -0.23854776 6
0.89409119 0.9182598 -0.24210984 9
0.8768087 1.3030537 -0.24298753 4
0.65130174 0.6685071 -0.24038813 16
0.58563411 0.86918938 -0.23377222 13
1.9002535 1.9316878 0.61702383 33
2.9432397 4.3750191 1.4016178 94
1.9044294 1.937252 0.42425156 36
2.9535911 4.3756461 1.0184816 90
1.9048594 1.93768 0.23466682 39
2.9631195 4.3766465 0.64377242 91
1.9082569 1.9411227 0.046903342 56
2.9631457 4.3701339 0.2748946 85
1.7609046 1.7908125 -0.12979317 29
nan nan nan 0
1.4429443 1.4664043 -0.24795581 6
1.5535209 2.2864723 -0.23833032 6
0.89543945 0.91007221 -0.24115664 9
0.88223606 1.2963995 -0.24259689 4
0.65309525 0.66337019 -0.23974191 16
0.5915401 0.86813021 -0.23433419 13
1.8964365 1.9217696 0.61477602 35
2.9535704 4.3738804 1.4029102 94
1.9043373 1.9304121 0.42347026 38
2.9680982 4.3806496 1.0208647 84
1.9029878 1.9290373 0.23401317 42
2.9749329 4.3776293 0.64468509 90
1.8923186 1.9182284 0.046423398 51
2.9777827 4.3752809 0.27554879 85
1.7517436 1.7753059 -0.12887728 23
nan nan nan 0
1.4420112 1.4603556 -0.24734734 6
1.5575091 2.2837574 -0.23833032 6
0.89702642 0.90850794 -0.24115664 9
0.88449734 1.2948576 -0.24259689 4
0.65935451 0.66737294 -0.24168053 16
0.59442073 0.86911309 -0.23489612 14
1.9016415 1.9063106 0.61309016 37
2.9832332 4.3683338 1.4061413 93
1.9091848 1.9151715 0.42229825 39
2.9965358 4.3731508 1.022771 91
1.9060241 1.9119966 0.23314162 48
3.0020244 4.3681312 0.64559782 85
1.9041023 1.9100629 0.046467029 60
3.0020645 4.3616872 0.27567965 83
1.7610149 1.7661093 -0.12887728 23
3.0001371 4.3556323 -0.091712393 84
1.4513921 1.4545401 -0.24765156 5
1.5750881 2.2837811 -0.23920015 6
0.90524286 0.90726811 -0.24210984 9
0.88986754 1.288173 -0.24220623 4
0.65771049 0.65879458 -0.23974191 18
0.59620935 0.86196983 -0.23377222 14
1.9011849 1.8998796 0.61196619 94
2.9908528 4.3631206 1.4061413 79
1.9072818 1.906603 0.42112631 95
3.006942 4.3719611 1.0237242 79
1.9093581 1.9086671 0.23314162 96
3.0166802 4.3731041 0.64711905 80
1.9038951 1.903205 0.046379767 99
3.0167592 4.3667173 0.27633384 83
1.7534915 1.7524523 -0.12809224 23
3.0190926 4.3668475 -0.092061445 82
1.4486564 1.4467492 -0.24673885 6
1.5748287 2.2748785 -0.23854776 7
0.90334707 0.90222347 -0.24115664 9
0.88931227 1.2825513 -0.24142492 4
0.66399759 0.66275352 -0.24168053 19
0.59909332 0.86293507 -0.23433419 12
1.9027683 1.8810087 0.60915649 39
3.0232754 4.3613024 1.4106648 93
1.9154819 1.894855 0.42073566 49
3.0367897 4.3662367 1.0261072 88
1.9140104 1.8933929 0.23248795 46
3.0437901 4.363358 0.64803177 82
1.9120559 1.8914535 0.046336137 41
3.0495777 4.3651962 0.27724969 88
1.7519848 1.7327216 -0.12730721 22
3.05479 4.3694277 -0.092454113 93
1.4456127 1.4286884 -0.24491341 5
1.5938431 2.2768145 -0.23963504 7
0.9080587 0.8974812 -0.24115664 9
0.89601541 1.2778773 -0.24142492 4
0.66401535 0.65588057 -0.24038813 18
0.60916728 0.86778581 -0.236582 11
1.9022479 1.8746001 0.60803258 31
3.037771 4.3659372 1.4138957 91
1.9099874 1.8828474 0.41878235 30
3.0528245 4.3730111 1.0289668 91
1.9155372 1.8883021 0.23227006 30
3.0585084 4.3682084 0.649553 93
1.9153541 1.8881134 0.046336137 31
3.0586236 4.3619123 0.27738056 85
1.7514476 1.7261591 -0.12704553 21
3.069582 4.3743262 -0.092672274 91
1.4498732 1.4279025 -0.24521764 6
1.5906719 2.2638288 -0.23854776 7
0.90787256 0.89417535 -0.24068004 9
0.90390557 1.2844054 -0.24298753 4
0.66515911 0.65472066 -0.24038813 19
0.60649747 0.86072898 -0.23489612 12
1.903635 1.8557845 0.60522282 31
3.0661411 4.3578773 1.4164805 91
1.9180511 1.8710982 0.41839173 28
3.0813339 4.3649912 1.0308732 89
1.9200463 1.8730332 0.23161639 30
3.0856347 4.3582134 0.65046567 87
1.9198426 1.8728262 0.046205245 29
3.0900743 4.3580647 0.27816561 83
1.7550956 1.7117395 -0.126653 19
3.1011124 4.3704324 -0.092934057 94
1.4537729 1.4168311 -0.24460918 7
1.6096994 2.2656319 -0.23963504 8
0.91958207 0.89625084 -0.2425864 10
0.90634072 1.273607 -0.24181558 4
0.66511118 0.64786571 -0.2390957 20
0.61521065 0.86351186 -0.236582 13
1.9047996 1.8510957 0.60466087 30
3.0820909 4.3643622 1.4203578 90
1.9124552 1.8591479 0.41643846 28
3.0903642 4.3616099 1.0313498 87
1.9125905 1.8592708 0.23030905 30
3.0975432 4.3588929 0.65137839 84
1.9159343 1.8625083 0.046030723 30
3.1020131 4.3587704 0.27855811 90
1.750914 1.7017192 -0.12612964 19
3.1058388 4.360939 -0.092846796 85
1.4598066 1.4177458 -0.24521764 8
1.6064376 2.2526686 -0.23854776 8
0.91233003 0.88610828 -0.24020346 10
0.90999156 1.2740366 -0.24220623 4
0.66797721 0.64838243 -0.23974191 18
0.6153084 0.86044919 -0.23602003 14
1.9060004 1.8323276 0.60185111 30
3.1063023 4.3501315 1.4210041 80
1.9114789 1.8388448 0.41409451 27
3.1174421 4.3513584 1.0327796 82
1.9169114 1.8440551 0.22965539 29
3.1290016 4.354713 0.65320385 93
1.9220546 1.8489875 0.045943458 30
3.1349888 4.3566623 0.27947399 83
1.7561986 1.6890695 -0.12586798 19
3.1373842 4.3567953 -0.093108587 94
1.4546751 1.3980583 -0.24308796 8
1.6211172 2.2482717 -0.23898268 9
0.91695714 0.88131922 -0.24020346 12
0.91808975 1.2712605 -0.24259689 5
0.67310822 0.64654553 -0.24038813 17
0.61554903 0.85127497 -0.23433419 14
1.8983163 1.819226 0.59847939 31
3.1209154 4.3545241 1.424235 90
1.9075503 1.8286756 0.41253188 29
3.1350493 4.3598666 1.0361156 90
1.9057347 1.826929 0.22791228 29
3.1467457 4.3633423 0.65533352 91
1.9162506 1.8369875 0.045725301 29
3.1469681 4.3572602 0.27986652 88
1.7627516 1.6894542 -0.12612964 18
3.1537583 4.3634753 -0.093370371 95
1.4553194 1.3938026 -0.24278374 9
1.6206682 2.2393789 -0.23833032 9
0.92204368 0.8831073 -0.24115664 12
0.91886371 1.2676528 -0.24220623 5
0.6724875 0.64370328 -0.23974191 16
0.62556714 0.86206585 -0.2377059 17
1.9045935 1.8055793 0.59735548 31
3.1549959 4.3537774 1.4294046 91
1.9099287 1.8118702 0.41096926 28
3.1650417 4.3533225 1.0384986 84
1.911658 1.8135 0.22747648 30
3.1710091 4.3488126 0.65563774 94
1.9167694 1.8183336 0.045507144 29
3.1770923 4.3508101 0.28052071 94
1.7679478 1.6767679 -0.12586798 19
3.1824543 4.35498 -0.093544886 94
1.4535841 1.3776371 -0.24126253 9
1.6323714 2.2308624 -0.23833032 10
0.92665493 0.87826747 -0.24115664 13
0.92548847 1.2628242 -0.24220623 5
0.67760545 0.64183062 -0.24038813 19
0.6286397 0.8568083 -0.23714393 17
1.8967969 1.7925538 0.59398377 32
3.166847 4.3541274 1.4313433 92
1.9077013 1.8034487 0.40979731 29
3.1740799 4.3497758 1.0389752 87
1.9021431 1.7981935 0.22595127 30
3.1829858 4.3492827 0.65655047 94
1.9072167 1.8029745 0.04520173 30
3.1861553 4.3472733 0.28065154 89
1.7654246 1.6685395 -0.12547545 20
3.1885743 4.3474026 -0.093501262 94
1.4541806 1.373396 -0.24095827 9
1.6303787 2.2199709 -0.23746051 12
0.92282635 0.87160122 -0.23972684 9
0.9291485 1.2632004 -0.24259689 5
0.68048429 0.64230108 -0.24103433 18
0.62726223 0.85177422 -0.23602003 15
1.8975639 1.7739533 0.59117401 32
3.1938887 4.343327 1.4332819 94
1.9080956 1.7850072 0.40784404 29
3.2069988 4.3469291 1.0423114 93
1.9097124 1.7865093 0.22573337 30
3.2101374 4.3385448 0.65746319 90
1.914804 1.7912573 0.045158096 30
3.2192664 4.3445811 0.28156745 85
1.7704872 1.6558648 -0.12521377 21
3.2261651 4.350738 -0.093937568 76
1.4540937 1.3589925 -0.23974133 9
1.6434612 2.2134058 -0.23767795 13
0.93096823 0.8701036 -0.24068004 9
0.94015318 1.2642753 -0.24376884 5
0.6856063 0.64037424 -0.24168053 16
0.634606 0.85239875 -0.23714393 17
1.8967817 1.7676516 0.5900501 32
3.2086263 4.3474674 1.4365129 85
1.9003638 1.7715795 0.40550011 31
3.2174985 4.345273 1.0432646 39
1.9073589 1.7780828 0.22507972 30
3.2295268 4.3488827 0.65989709 29
1.9087796 1.779397 0.044939946 30
3.2149389 4.3229194 0.28052071 21
1.7660639 1.6459694 -0.12469041 18
3.2158654 4.3210235 -0.093414001 23
1.4637333 1.3632104 -0.24095827 10
1.6458373 2.2085347 -0.23746051 12
0.93248546 0.8684774 -0.24068004 10
0.93794459 1.256683 -0.24259689 5
0.68140942 0.63425112 -0.23974191 17
0.63319337 0.84737438 -0.23602003 12
1.8955638 1.7474642 0.58667839 32
3.2226899 4.3189864 1.4326357 25
1.9005328 1.75324 0.40354684 32
3.2196393 4.3008442 1.0365922 16
1.9038205 1.75626 0.22355449 30
3.2224901 4.2922006 0.65381235 17
1.9125547 1.7642976 0.044809051 31
3.2345324 4.3020334 0.28025904 23
1.7562926 1.6197882 -0.12338201 12
3.2444503 4.31212 -0.093588524 27
1.4635457 1.3488081 -0.23974133 11
1.6394341 2.1759875 -0.23485105 10
0.93521297 0.86192262 -0.24020346 12
0.94303012 1.2497792 -0.24220623 5
0.6900602 0.6355722 -0.24168053 16
0.63908148 0.84599751 -0.236582 16
1.8911269 1.7378964 0.58443058 32
3.2143168 4.292078 1.4255275 16
1.8944943 1.7415712 0.40159354 31
3.2256682 4.2932549 1.0361156 15
1.8977093 1.744514 0.22246504 30
3.2284844 4.2845864 0.65350807 10
1.9027412 1.7491246 0.044503633 31
3.2420359 4.2963815 0.28025904 16
1.8860418 1.7331887 -0.13240996 26
3.2564857 4.312439 -0.093719415 15
1.4713854 1.3512819 -0.24065405 13
1.6177491 2.1393092 -0.23115432 17
0.94214576 0.86526108 -0.24163322 10
0.94669497 1.2501043 -0.24259689 4
0.68760335 0.63110805 -0.24038813 16
0.64202034 0.84682834 -0.23714393 13
1.8986984 1.7260017 0.58386856 32
3.2469389 4.2886763 1.4300508 12
1.9054151 1.733288 0.40198421 31
3.2569993 4.2880402 1.0389752 10
1.8975998 1.7261809 0.22137558 30
3.2583842 4.2774997 0.65502924 3
1.9081728 1.7357765 0.044416368 30
3.2538993 4.2654438 0.27934316 12
1.9098772 1.7367159 -0.13345668 32
3.2684152 4.2814126 -0.093414001 14
1.4710886 1.3368906 -0.23943709 15
1.633456 2.1367528 -0.23180668 20
0.94302607 0.85702044 -0.24068004 9
0.94724619 1.2372702 -0.24103427 5
0.68910724 0.62587905 -0.23974191 16
0.64497203 0.8415153 -0.236582 14
1.8905694 1.7132107 0.58049691 32
3.2354462 4.2579885 1.4216502 9
1.8992839 1.7216744 0.40003094 30
3.2436724 4.2550073 1.032303 9
1.9006097 1.7228664 0.22137558 30
3.2206821 4.2126288 0.6459021 23
1.9019336 1.7240565 0.044198219 31
3.2431469 4.2359557 0.27777308 9
1.8999469 1.7216547 -0.13254081 32
3.243993 4.2340064 -0.092497744 9
1.4678971 1.3293293 -0.23852436 13
1.6250814 2.1180708 -0.23006704 17
0.94452035 0.85537326 -0.24068004 10
0.95689797 1.2454271 -0.24298753 5
0.68840474 0.6230585 -0.2390957 17
0.64791662 0.84232563 -0.23714393 12
1.8979958 1.7013319 0.57993495 32
3.2444708 4.2237415 1.4158344 9
1.9027543 1.7067639 0.39885896 30
3.2434614 4.208787 1.025154 9
1.9003288 1.7045832 0.22028613 30
3.2457266 4.1996369 0.64651054 33
1.9034868 1.7074037 0.044023693 31
3.2469647 4.195209 0.27620298 9
1.9052153 1.7083522 -0.13227913 32
3.2462416 4.1912556 -0.091930546 9
1.4618905 1.3100454 -0.23639469 12
1.6285341 2.0996799 -0.22897977 14
0.95264632 0.85368633 -0.24163322 10
0.96340585 1.2403998 -0.24298753 4
0.6988669 0.62587553 -0.24168053 17
0.64637011 0.83120346 -0.23489612 12
1.8915774 1.6902395 0.57712519 32
3.2356365 4.1970191 1.4087261 9
1.8983614 1.6968634 0.39729634 30
3.2343047 4.1817517 1.0199115 9
1.8940107 1.6929721 0.21919669 30
3.2439363 4.1821933 0.64468509 18
1.9008694 1.6990855 0.043892797 30
3.2405136 4.1717792 0.27502546 9
1.893291 1.6917276 -0.13123241 32
3.2351632 4.1618853 -0.091406971 10
1.4586173 1.3025386 -0.23548196 12
1.6199846 2.0810912 -0.22724013 12
0.94497019 0.84386271 -0.23925027 9
0.9655692 1.2387165 -0.24298753 4
0.69634795 0.62144613 -0.24038813 16
0.65229094 0.83585489 -0.236582 12
1.8952155 1.6751448 0.57543933 32
3.2323589 4.1476145 1.3977406 9
1.8979659 1.6787274 0.39534307 30
3.2365272 4.1396089 1.0137157 9
1.8991157 1.6797347 0.21876092 31
3.2443779 4.137794 0.64042574 10
1.9041189 1.6841452 0.043761905 30
3.2361307 4.1213512 0.27280116 12
1.8965082 1.6768342 -0.13083988 30
3.2368555 4.1193218 -0.090839773 10
1.4561121 1.286677 -0.23396076 12
1.6216383 2.0608211 -0.2259354 11
0.95121711 0.84052551 -0.23972684 9
0.97356457 1.2355877 -0.24337819 4
0.6977787 0.61619663 -0.23974191 16
0.65215725 0.82667071 -0.23489612 12
1.8868706 1.6625112 0.57206756 31
3.2232449 4.1210275 1.3906324 10
1.8953321 1.6705182 0.39417112 30
3.2286141 4.1146326 1.0089499 12
1.8983053 1.6731267 0.21832512 31
3.2270696 4.1009035 0.63555789 14
1.8995497 1.6742138 0.043587383 31
3.2247958 4.0921502 0.27123109 15
1.8938085 1.6685743 -0.13044736 29
3.2270324 4.092061 -0.090359829 9
1.4527639 1.2792195 -0.23304804 12
1.6221526 2.0540736 -0.22550049 10
0.96005976 0.84534049 -0.24163322 9
0.97266752 1.2300041 -0.24259689 4
0.70975083 0.62452811 -0.24361916 16
0.65510285 0.82744777 -0.23545809 13
1.8903251 1.6474806 0.57038176 31
3.2298169 4.0851359 1.3841704 14
1.8984662 1.6557064 0.39299911 31
3.23031 4.0726581 1.0027541 12
1.8938926 1.6517155 0.21679991 31
3.2376959 4.0703468 0.63342822 10
1.8988645 1.6560371 0.043369226 31
3.2275321 4.0517597 0.26966098 10
1.8968703 1.6537181 -0.13005485 31
3.2297378 4.0516372 -0.089836262 9
1.4613142 1.2732236 -0.23335227 12
1.6251333 2.0358062 -0.22441322 10
0.96262014 0.83869278 -0.24115664 10
0.98216677 1.228761 -0.24337819 4
0.70753735 0.6160568 -0.24168053 17
0.65639877 0.82018924 -0.23433419 12
1.8873901 1.6397206 0.5686959 31
3.2129509 4.049202 1.3738312 10
1.895758 1.6475353 0.39182717 9
3.2221458 4.0477996 0.9979881 9
1.8892485 1.6418786 0.21592836 31
3.2185063 4.0316992 0.62825614 9
1.8979762 1.649444 0.043281965 31
3.2174695 4.0246549 0.26822177 9
1.89221 1.6438611 -0.12953149 32
3.2149668 4.0186486 -0.089225419 9
1.4541578 1.2625461 -0.23183107 12
1.6271302 2.0310202 -0.22419576 11
0.96593791 0.8386175 -0.24163322 10
0.98430985 1.2270448 -0.24337819 4
0.71226615 0.61797893 -0.24297296 19
0.66238058 0.82476008 -0.23602003 11
1.8851415 1.6199672 0.56532419 31
3.2205245 4.0153556 1.3680153 9
1.8893709 1.6247181 0.38870192 2
3.2187071 4.0002584 0.99036258 9
1.8940402 1.6287192 0.21549256 32
3.2146671 3.9838717 0.62338829 9
1.8990006 1.6329703 0.043107443 31
3.2165544 3.9805484 0.26639 9
1.8951079 1.629053 -0.12913896 31
3.2218342 3.9842544 -0.088832736 9
1.4588647 1.2532997 -0.23152684 12
1.6283586 2.0108435 -0.22289105 14
0.97031569 0.83354837 -0.24163322 10
0.9891715 1.2199517 -0.24298753 4
0.71365654 0.61267173 -0.24232674 19
0.66668993 0.82128054 -0.23602003 11
1.8858325 1.6154207 0.56476223 32
3.2018135 3.9777236 1.3570298 9
1.8809462 1.6117861 0.38635799 2
3.2056627 3.9697952 0.98416692 9
1.8949878 1.6237921 0.21527469 31
3.2028961 3.9550974 0.61973739 9
1.8999486 1.6280284 0.043063812 32
3.2077892 3.9555237 0.26508161 9
1.8903593 1.6192522 -0.1286156 31
3.2240629 3.9727988 -0.088701852 6
1.4572766 1.2475278 -0.23091835 12
1.6208942 1.9944499 -0.22136885 16
0.97550243 0.83503997 -0.2425864 10
0.99440521 1.2220631 -0.24376884 4
0.71288645 0.60985899 -0.24168053 18
0.67271358 0.82580161 -0.2377059 12
1.8852462 1.5973271 0.56195247 32
3.2028046 3.936533 1.348629 9
1.8799365 1.5939384 0.38440475 3
3.2109034 3.9339297 0.97940093 9
1.8939598 1.6058018 0.21418524 30
3.2047212 3.9152145 0.61608654 9
1.8969998 1.6083676 0.042802025 32
3.2047417 3.9096899 0.26311901 9
1.895 1.6061065 -0.12835392 31
nan nan nan 0
1.4599987 1.2366765 -0.23030987 12
1.6218501 1.9743719 -0.22006413 18
0.97423631 0.8251707 -0.24115664 9
1.0023532 1.2187513 -0.2441595 4
0.71237689 0.60300487 -0.24038813 18
0.67394757 0.81849349 -0.236582 14
1.8784417 1.5865119 0.55914271 33
3.1913614 3.9084728 1.3408747 9
1.8789406 1.5874702 0.38362342 7
3.1975701 3.903621 0.97320527 9
1.8910487 1.5976763 0.21353158 30
3.1895223 3.8827507 0.61182714 9
1.8902513 1.5969956 0.042583872 32
3.1957173 3.8847961 0.26181063 9
1.8920748 1.5979685 -0.12796141 32
1.7012969 2.06335 -0.046074349 13
1.4621549 1.2341264 -0.23030987 10
1.6189704 1.9638402 -0.21919431 18
0.97755271 0.82504916 -0.24163322 12
1.0076115 1.2208179 -0.24494082 4
0.72267431 0.60952723 -0.24361916 19
0.67691869 0.81920052 -0.23714393 12
1.8795151 1.5700841 0.5568949 32
3.1948919 3.8712046 1.3337663 9
1.8815397 1.5728637 0.38245144 30
3.1960785 3.8603396 0.96653289 9
1.8898281 1.5797737 0.21244213 31
3.198725 3.8526235 0.60969746 9
1.9005061 1.5886781 0.042627499 32
3.1936929 3.8411143 0.25997883 9
1.8927478 1.581642 -0.12743805 31
1.7024951 2.0428762 -0.045812566 22
1.4762212 1.2328086 -0.23152684 8
1.6212765 1.9457555 -0.21810703 18
0.97997332 0.81834924 -0.24115664 10
1.0139898 1.2155254 -0.24494082 4
0.72028387 0.60110414 -0.24168053 18
0.68275219 0.81752139 -0.2377059 12
1.8744862 1.5609003 0.55464709 33
3.1908722 3.8525929 1.3292429 9
1.8842819 1.5695773 0.38245144 34
3.1887114 3.837754 0.96224356 9
1.8849232 1.5701028 0.21157058 32
3.1816432 3.8184173 0.60513389 9
1.8955886 1.5789652 0.042452976 33
3.1876097 3.8201876 0.25893211 10
1.8859068 1.5703558 -0.12678385 32
1.6916549 2.0226204 -0.045419887 28
1.4745529 1.2270594 -0.23091835 8
1.6119163 1.9276155 -0.21636739 17
0.98517758 0.81977147 -0.24210984 10
1.019269 1.2175496 -0.24572213 4
0.71947193 0.5983057 -0.24103433 18
0.68262124 0.81445485 -0.23714393 13
1.8772591 1.5460941 0.55296123 33
3.1893222 3.8098874 1.3201962 9
1.8867542 1.5549828 0.3812795 34
3.1882675 3.796555 0.95604783 9
1.8815796 1.550717 0.21026322 32
3.192013 3.7903092 0.60330844 10
1.890319 1.5579004 0.042147558 32
3.1866674 3.7786155 0.25723121 9
1.8902472 1.5572878 -0.12652217 32
1.6957804 2.0060883 -0.045245361 16
1.4924607 1.2287741 -0.2327438 7
1.6187786 1.9153389 -0.21593247 16
0.98755932 0.81304485 -0.24163322 9
1.02563 1.212196 -0.24572213 4
0.7225948 0.59453034 -0.24103433 18
0.68374336 0.80713832 -0.23602003 12
1.8778015 1.5415992 0.55239928 33
3.1757944 3.7802577 1.3117954 9
1.8799177 1.543859 0.37932622 33
3.1743515 3.7665701 0.94985217 9
1.8804317 1.5442725 0.20982745 32
3.1778233 3.7600753 0.59935331 9
1.8911023 1.5530139 0.042103928 31
3.16748 3.7425337 0.25513777 9
1.8891004 1.5508208 -0.12626049 32
1.6799144 1.9802186 -0.04472179 18
1.5022827 1.2324555 -0.23396076 8
1.5980061 1.8839768 -0.21267067 17
0.9870773 0.80976629 -0.24115664 10
1.01978 1.2009698 -0.24376884 4
0.72363126 0.59326828 -0.24103433 17
0.68358129 0.80408102 -0.23545809 12
1.8804381 1.5268148 0.55071342 31
3.183053 3.7488377 1.3066257 9
1.8841404 1.5308834 0.3785449 33
3.1749544 3.7274604 0.94413298 9
1.8826892 1.5296984 0.20917377 32
3.1861982 3.7301669 0.59722364 11
1.8856196 1.5320677 0.04179851 31
3.1773057 3.7145052 0.25435272 13
1.88556 1.5314735 -0.12547545 33
1.6805174 1.9599929 -0.044460002 21
1.5106435 1.2261347 -0.234265 9
1.5884391 1.8528582 -0.21006121 21
0.99893469 0.81076193 -0.24306302 10
1.027657 1.1974922 -0.2441595 4
0.73236376 0.59402388 -0.24297296 17
0.68778211 0.80049074 -0.23545809 11
1.8771495 1.5192658 0.54902756 32
3.173945 3.72488 1.3001637 12
1.8772075 1.5198311 0.37659159 32
3.1639338 3.7013764 0.93889046 13
1.8834195 1.5248446 0.2089559 32
3.1717322 3.700089 0.59326851 15
1.8824589 1.5240604 0.041667618 30
3.1659162 3.6880999 0.2529135 15
1.8804626 1.5219039 -0.12495209 34
1.6709197 1.9418761 -0.044110954 23
1.5031267 1.2157034 -0.2327438 9
1.5851874 1.8425192 -0.2091914 22
0.99270642 0.80285555 -0.24115664 10
1.0265335 1.1919456 -0.24337819 4
0.72399271 0.58517343 -0.23974191 16
0.69076085 0.8011409 -0.23602003 12
1.873924 1.4999627 0.54565585 32
3.1729403 3.684401 1.2917631 15
1.8793542 1.5053546 0.37541965 32
3.1768599 3.677325 0.93698412 13
1.8797077 1.5056294 0.20764856 31
3.1878161 3.6796772 0.59266001 10
1.8845567 1.5094994 0.041536722 31
3.1737435 3.6582613 0.25199762 10
1.8806055 1.5058013 -0.12442873 33
1.6696057 1.9198772 -0.04380554 26
1.4997766 1.2000742 -0.2312226 10
1.5980744 1.8379588 -0.20962629 21
0.99689662 0.7976467 -0.24115664 10
1.0392236 1.1940234 -0.24494082 4
0.72893608 0.58287907 -0.24038813 18
0.69653851 0.79935664 -0.236582 12
1.872467 1.4939814 0.54453194 32
3.1809435 3.6806862 1.2924093 10
1.8723229 1.494378 0.37346637 32
3.1736383 3.66064 0.93412459 9
1.8764895 1.4976903 0.20699489 31
3.1617067 3.6366241 0.58657521 10
1.8852334 1.5046502 0.041493095 31
3.1424592 3.6093733 0.24898829 10
1.8832308 1.5025166 -0.12442873 34
1.664753 1.9075291 -0.043587383 28
1.5038104 1.1989998 -0.23152684 11
1.6061817 1.8408059 -0.21027867 20
1.0002083 0.79743266 -0.24163322 12
1.0332108 1.1828855 -0.24298753 5
0.73562783 0.58610916 -0.24232674 17
0.69633698 0.79629898 -0.23602003 13
1.8709549 1.4762913 0.54172218 32
3.1668458 3.6257513 1.278839 10
1.8743044 1.479968 0.3722944 31
3.1556039 3.6014829 0.92316282 9
1.8764822 1.4816771 0.20612334 30
3.1463466 3.5808418 0.58018619 10
1.8832709 1.4870211 0.041274939 31
nan nan nan 0
1.8832283 1.4864542 -0.12390537 33
1.6697676 1.8931538 -0.043456491 30
1.4964193 1.1803653 -0.22939716 9
1.6157981 1.8323708 -0.21027867 20
1.0024409 0.79066765 -0.24115664 12
1.0426477 1.1811713 -0.24376884 4
0.73298752 0.57777596 -0.24038813 17
0.70531249 0.79813915 -0.2377059 12
1.8694397 1.4703419 0.54059827 33
nan nan nan 0
1.8768846 1.4766945 0.3722944 31
3.029145 3.4447155 0.88408214 17
1.8790654 1.4783998 0.20612334 31
3.0181634 3.4225976 0.55523849 31
1.881932 1.4806437 0.041187678 31
3.0091147 3.4075396 0.23642768 39
1.8779656 1.4769979 -0.12338201 32
1.6664557 1.8827378 -0.043281965 33
1.4906675 1.171626 -0.2281802 7
1.6124058 1.8220751 -0.20940885 20
1.0096146 0.79345775 -0.2425864 14
1.0447075 1.1793498 -0.24376884 4
0.74160403 0.58244711 -0.24297296 18
0.71152967 0.80239552 -0.23939174 12
1.8677472 1.4527353 0.53778851 33
3.0129232 3.4009111 1.2064641 32
1.8787414 1.4623015 0.37112245 33
3.0096867 3.3865786 0.87312049 40
1.8769479 1.4609001 0.20503388 31
3.0162535 3.3844979 0.55158758 47
1.8837376 1.4661684 0.041056786 31
3.0103106 3.3730941 0.23511927 51
1.8797585 1.46255 -0.12298949 33
1.6746275 1.8721203 -0.043238334 42
1.4810979 1.1516351 -0.22574626 6
1.5937586 1.7819958 -0.20571212 20
1.0098759 0.78515357 -0.24163322 17
1.0475849 1.1701745 -0.24298753 5
0.7389133 0.57412255 -0.24103433 18
0.71248525 0.79501671 -0.23826784 16
1.8681005 1.4483086 0.53722656 33
3.0012236 3.3757756 1.1993558 48
1.8734812 1.4529734 0.36955982 33
3.0025396 3.3666546 0.86930776 45
1.881464 1.4591467 0.20525178 32
3.0023282 3.357013 0.54793674 50
1.8764114 1.4552269 0.040838629 33
2.9962287 3.3454978 0.23354921 52
1.8724368 1.4516263 -0.12233528 33
1.6778926 1.8691946 -0.043238334 107
nan nan nan 0
1.5918862 1.7736413 -0.20505975 18
1.0151293 0.78639001 -0.2425864 22
1.0496256 1.1683443 -0.24298753 5
0.73608887 0.56988293 -0.23974191 18
0.71225065 0.7919538 -0.2377059 16
1.8720404 1.4352189 0.53610265 33
3.0075722 3.3474281 1.1948323 44
1.8712614 1.4356364 0.36760655 33
3.002073 3.3308163 0.86406517 49
1.8732609 1.4371603 0.20350866 32
3.0015819 3.3209782 0.54459006 51
1.8760678 1.4393024 0.040664103 33
3.0036633 3.3186474 0.23276415 54
1.8800117 1.4418025 -0.12233528 32
1.6926851 1.8659469 -0.043369226 55
nan nan nan 0
1.5694267 1.7301719 -0.20092812 17
1.0172828 0.77957416 -0.24210984 27
1.0604885 1.1685166 -0.2441595 5
0.7467441 0.57187903 -0.24232674 19
0.71638751 0.78821367 -0.2377059 16
1.8646086 1.4248888 0.53329289 35
2.9859493 3.3116539 1.183847 31
1.8715512 1.4311967 0.36721587 33
2.9914379 3.3073535 0.85929918 51
1.8698269 1.4293557 0.20285499 33
2.9951408 3.3033793 0.54246038 51
1.8746028 1.4329929 0.040576845 33
2.9887567 3.2917249 0.23119408 53
1.8745857 1.432462 -0.12181193 32
1.6875422 1.8537325 -0.043151069 42
1.0310956 0.78840137 -0.15485829 6
1.5690981 1.7237402 -0.20049322 18
1.0127836 0.7733379 -0.24068004 28
1.0608689 1.1648335 -0.24376884 5
0.74197239 0.56619143 -0.24038813 16
0.7110908 0.77985871 -0.23545809 16
1.8662105 1.410704 0.53160703 35
2.9783065 3.2696922 1.1741538 27
1.8790194 1.4213777 0.36721587 33
2.9965646 3.2794762 0.85596305 52
1.8750503 1.4183726 0.20263711 33
2.9923015 3.2656765 0.53880948 51
1.8818319 1.4234864 0.040576845 32
2.9907768 3.2594593 0.23001653 54
1.8760821 1.4181155 -0.12141941 33
1.7002807 1.8488531 -0.043238334 37
1.0253035 0.77552158 -0.15333709 8
1.5831498 1.7210094 -0.20114557 17
1.0225655 0.7726317 -0.24210984 27
1.0702871 1.1629063 -0.24455015 4
0.74868912 0.56533152 -0.24168053 17
0.72009313 0.78152049 -0.23714393 15
1.8589345 1.4001248 0.52879727 34
2.9742434 3.2537832 1.1702765 31
1.8676857 1.4077034 0.3644813 32
2.991256 3.2610452 0.85262692 51
1.8735428 1.4121031 0.20220132 33
2.9845753 3.2458224 0.53637558 54
1.8765707 1.4138606 0.040402319 33
2.979569 3.2358513 0.22870812 56
1.8765587 1.4133385 -0.12128857 33
1.7085807 1.8514028 -0.043369226 35
1.0246716 0.77224028 -0.15303284 8
1.5895226 1.72191 -0.20158048 17
1.019987 0.76789951 -0.24115664 27
1.0673048 1.1555802 -0.24337819 4
0.75170612 0.56534076 -0.24232674 19
0.71651793 0.77487534 -0.23545809 12
1.8664827 1.3900466 0.52879727 34
2.9803443 3.2252157 1.1657531 61
1.8693316 1.3931559 0.36330935 32
2.9882915 3.2237201 0.84690785 50
1.8711649 1.3945123 0.20111187 33
2.9902804 3.2168925 0.53424591 51
1.8759264 1.3980473 0.040227797 32
2.9817405 3.2032208 0.22753055 54
1.8719139 1.3945541 -0.12050354 33
1.7202746 1.8439621 -0.043412857 35
1.0248511 0.76372534 -0.15242437 10
1.5951262 1.709915 -0.20114557 18
1.0260974 0.76383209 -0.24163322 24
1.0785812 1.1552178 -0.24455015 4
0.74689347 0.5556469 -0.23974191 20
0.7223556 0.77277404 -0.23602003 16
1.858878 1.3798611 0.52598751 34
2.9777677 3.2111464 1.1625222 60
1.865809 1.3854795 0.36213735 33
2.9838955 3.2077076 0.8440482 53
1.8655932 1.3853118 0.20024031 34
2.9756017 3.1898735 0.53059506 53
1.872339 1.3903052 0.040096901 33
2.9686007 3.1779237 0.22609131 56
1.8703331 1.3883119 -0.12024185 33
1.7234904 1.8409568 -0.043412857 32
1.0142157 0.75307739 -0.15059893 16
1.6015049 1.7107712 -0.20158048 17
1.0234823 0.75912184 -0.24068004 21
1.0755466 1.1479131 -0.24337819 4
0.75757766 0.56151325 -0.24297296 18
0.72702092 0.77507997 -0.23714393 17
1.8663164 1.3697835 0.52598751 34
2.9813442 3.1813991 1.1573526 53
1.8730377 1.3756912 0.36213735 33
2.9805017 3.1705618 0.83832914 52
1.8708125 1.374052 0.20002241 34
2.9752603 3.1561754 0.5275526 55
1.8735458 1.3760486 0.03996601 33
2.9697926 3.1459816 0.22491378 57
1.871536 1.3740724 -0.11984934 33
1.7399645 1.8391829 -0.043587383 34
1.0141407 0.74482495 -0.14999044 19
1.6121488 1.704175 -0.20179793 16
1.0234812 0.75085503 -0.23972684 18
1.0832348 1.1440639 -0.24376884 4
0.76050735 0.55753887 -0.24297296 15
0.73106927 0.77126265 -0.23714393 17
1.8586292 1.3596667 0.52317774 35
2.9670608 3.1550579 1.149598 50
1.8674603 1.3665932 0.36057475 31
2.6849229 2.8454916 0.75301874 1
1.8651637 1.364908 0.19915086 33
2.6809697 2.8333993 0.47400633 1
1.8739262 1.3713019 0.039922375 33
2.9546986 3.1190228 0.22334369 43
1.871915 1.3693314 -0.11971849 34
1.7414536 1.8343273 -0.043543749 32
1.0074202 0.73720413 -0.14877349 21
1.6202542 1.7067871 -0.20245029 17
1.0168566 0.74328649 -0.23782048 17
1.0903169 1.1475565 -0.24494082 5
0.75562012 0.55194908 -0.24103433 16
0.73074305 0.76821327 -0.236582 18
1.8620086 1.3467389 0.52205384 34
nan nan nan 0
1.8665841 1.3510119 0.35901213 31
2.7166998 2.8491755 0.75778466 1
1.8702662 1.353665 0.19893299 34
2.7197478 2.8444595 0.47826567 1
1.8750025 1.3570795 0.039791483 33
nan nan nan 0
1.8729876 1.355126 -0.11932597 34
1.7579434 1.8324114 -0.043718275 32
1.0072418 0.72901553 -0.148165 34
1.627448 1.6964798 -0.20223285 17
1.0107796 0.73077774 -0.23543751 33
1.0929004 1.1382598 -0.2441595 5
0.76242077 0.55080569 -0.24232674 17
0.74147755 0.77143067 -0.23882981 16
1.8601673 1.3409665 0.52092993 34
nan nan nan 0
1.8629274 1.3434242 0.35784018 34
1.909955 1.9941288 0.52949607 21
1.8584774 1.3402131 0.19740775 34
1.9079242 1.9864848 0.33344734 29
1.8753394 1.3523445 0.039747853 33
nan nan nan 0
1.8652179 1.3445635 -0.11867177 34
1.7576782 1.8257328 -0.043631013 32
1.002468 0.72291136 -0.14725228 49
1.6338542 1.6972319 -0.20266776 16
1.01006 0.72758108 -0.23496091 47
1.0948855 1.1363506 -0.2441595 6
0.76141793 0.54806733 -0.24168053 15
0.73777199 0.7648536 -0.23714393 14
1.8594556 1.3252338 0.51868212 34
1.8988802 1.967942 0.72245675 36
1.8598783 1.3264906 0.35588688 34
1.8965157 1.9593734 0.52282375 37
1.8614118 1.327575 0.19697198 33
1.901046 1.9586327 0.33040491 38
1.8722132 1.3352579 0.039529696 34
1.8895341 1.9440367 0.14026035 34
1.8701982 1.3333311 -0.11854094 34
1.7811321 1.8308625 -0.043980062 31
1.0102843 0.72052813 -0.14786077 62
1.6236533 1.6689802 -0.20027576 14
1.0078529 0.7180196 -0.23353115 52
1.0939504 1.1235056 -0.24259689 6
0.76230693 0.54267645 -0.24103433 17
0.74684507 0.76623541 -0.23882981 14
1.8575609 1.3194933 0.51755822 35
1.893927 1.955936 0.71922576 46
1.8521203 1.3160992 0.3539336 33
1.8982255 1.9542972 0.52234721 48
1.8535694 1.3171196 0.19588253 33
1.8975482 1.9481901 0.32918796 37
1.8725023 1.3305422 0.039486069 34
1.8824831 1.9299951 0.13947532 4
1.8562303 1.3185124 -0.11749421 35
1.8226702 1.8671687 -0.044939946 32
1.0034405 0.7130267 -0.1466438 47
1.5987829 1.6375762 -0.19679649 10
1.0131114 0.7190944 -0.23448433 52
1.1010714 1.1269081 -0.24376884 5
0.76522559 0.54273832 -0.24168053 16
0.74987698 0.76667947 -0.23939174 16
1.860683 1.3066268 0.51643431 35
1.8957119 1.9373475 0.71599478 35
1.863029 1.3092197 0.35471493 33
1.8964189 1.9320509 0.51901102 33
1.8624792 1.3088266 0.19610043 33
1.905985 1.9364564 0.32888371 37
1.8692117 1.313542 0.039267913 34
1.8978113 1.925455 0.13986784 8
1.8610647 1.3073419 -0.11736339 35
1.8990095 1.9253362 -0.04659792 51
1.0071601 0.7077629 -0.1466438 48
1.6073352 1.6291826 -0.19679649 10
1.0188735 0.71518683 -0.23496091 61
1.1017672 1.115841 -0.24259689 6
0.76211685 0.53457576 -0.23974191 14
0.74876606 0.757523 -0.2377059 16
1.8587394 1.3009124 0.51531041 34
1.8940229 1.9288577 0.71405613 34
1.8592395 1.3017225 0.35354298 23
1.8929113 1.9217327 0.51710463 33
1.8565953 1.2998672 0.19522887 33
1.8919539 1.9154433 0.32584134 35
1.8674036 1.3074137 0.039180648 34
1.8853948 1.9061383 0.13869028 99
1.8531104 1.2969425 -0.11670918 35
1.8953452 1.914901 -0.046423398 54
1.006359 0.70458394 -0.14633957 51
1.6014323 1.6175081 -0.19570921 10
1.0221335 0.71481091 -0.23543751 59
1.1089118 1.1191937 -0.24376884 5
0.77097833 0.53876221 -0.24232674 17
0.75179505 0.75795186 -0.23826784 11
1.8577329 1.2852993 0.5130626 34
1.8956056 1.9103281 0.71082509 34
1.8579044 1.2863541 0.35198036 31
1.8994908 1.9083108 0.51615149 35
1.8633759 1.2901282 0.19522887 32
1.9107076 1.9143072 0.32736254 42
1.8659984 1.2919333 0.039006125 35
1.9023973 1.9033152 0.13921364 20
1.8557677 1.2843837 -0.11644749 35
1.903581 1.9031807 -0.046379767 73
1.007992 0.69789559 -0.14603531 49
1.5958158 1.5949876 -0.19396958 10
1.0218209 0.70666355 -0.23448433 61
1.1147566 1.1133722 -0.24376884 6
0.76583034 0.52924222 -0.23974191 19
0.75231922 0.75054932 -0.23714393 14
1.8517232 1.2768549 0.51081479 34
1.898937 1.9070166 0.71082509 33
1.8520114 1.2775078 0.35041773 32
1.9097443 1.9119499 0.51805782 64
1.8533173 1.2783996 0.19392152 34
1.907033 1.9039445 0.32614556 82
1.8538392 1.2787515 0.038700711 35
1.9021863 1.8964608 0.13895196 43
1.8559502 1.2797273 -0.11631665 35
1.9157388 1.9086912 -0.04659792 95
1.0112534 0.69754118 -0.14633957 43
1.6408627 1.6344656 -0.19918849 11
1.0210297 0.70348972 -0.23400773 61
1.116698 1.1114248 -0.24376884 6
0.77472085 0.53336662 -0.24232674 18
0.75362796 0.74923515 -0.23714393 15
1.8545761 1.2640766 0.50969088 34
1.9037658 1.8919319 0.70888644 31
1.8566339 1.2664036 0.35002708 27
1.9145075 1.8967338 0.51662809 78
1.857927 1.2672765 0.19370362 35
1.9064025 1.8834517 0.32432011 46
1.8357155 1.2521458 0.038177136 36
1.9085414 1.8829621 0.13869028 40
1.8399227 1.2545401 -0.11487742 36
1.9061589 1.8792973 -0.04611798 35
1.0148919 0.69223672 -0.14633957 52
1.66179 1.6381145 -0.20071065 13
1.0287597 0.70089144 -0.23496091 61
1.1295192 1.1125138 -0.24533147 6
0.77350461 0.52659285 -0.24103433 18
0.75926971 0.74699479 -0.2377059 13
1.8505108 1.2570605 0.50800502 35
1.9036388 1.8852017 0.7075941 34
1.852711 1.2590026 0.34885508 10
1.9108411 1.8864807 0.51472169 34
1.8580751 1.2626338 0.19348575 35
1.9114522 1.8818655 0.32462436 30
1.8399668 1.2503431 0.038220771 35
1.9064931 1.8743684 0.13829775 30
1.8379767 1.2485247 -0.11461575 36
1.9058758 1.872458 -0.046030723 31
1.0181528 0.69185579 -0.1466438 46
1.6823798 1.652699 -0.20288521 16
1.038112 0.70459557 -0.23686729 59
1.1261873 1.1053365 -0.2441595 5
0.77442259 0.52524209 -0.24103433 18
0.7588402 0.74395555 -0.23714393 20
1.8512144 1.2429614 0.50631922 36
1.9083177 1.8701285 0.70565546 29
1.8572268 1.2479091 0.34846446 34
1.9136823 1.8695778 0.5128153 31
1.8625923 1.2515004 0.19326787 35
1.9106328 1.8614237 0.32279891 28
nan nan nan 0
1.9073485 1.8556406 0.13764356 30
nan nan nan 0
1.9138645 1.8607078 -0.045987088 31
1.0238234 0.68789619 -0.14694805 46
1.7034874 1.6560434 -0.20440739 19
1.0336277 0.69369233 -0.23496091 56
1.1319594 1.0994247 -0.2441595 5
0.78519613 0.52654415 -0.24361916 17
0.76968938 0.74678725 -0.23939174 16
1.8470873 1.2359928 0.50463331 37
1.9029543 1.8583434 0.70242447 23
1.8511896 1.2391784 0.34690183 36
1.9046535 1.8542303 0.50947911 31
1.8544198 1.2413294 0.19217841 35
1.9049911 1.8494284 0.32127771 27
nan nan nan 0
1.9016368 1.8436047 0.13698936 29
nan nan nan 0
1.904563 1.8451682 -0.04568167 31
1.0312148 0.69023967 -0.14786077 45
1.7242299 1.6704308 -0.20658194 21
1.0409636 0.69597012 -0.23639071 54
1.1391846 1.1026146 -0.24533147 5
0.78812468 0.52651042 -0.24426536 19
0.77099162 0.74544275 -0.23939174 12
1.8517147 1.2246393 0.50407141 36
1.9057237 1.841629 0.69983965 19
1.861773 1.2321908 0.34768313 35
1.9125717 1.8425264 0.50900251 31
1.8525821 1.2261118 0.19130686 35
1.9092894 1.8342621 0.32036498 27
nan nan nan 0
1.9058679 1.8284281 0.13659684 29
nan nan nan 0
1.9069923 1.8282388 -0.045507144 31
1.0368862 0.68619716 -0.148165 49
1.7383363 1.6665606 -0.20723429 22
1.0384454 0.68645942 -0.23496091 53
1.1413856 1.0932084 -0.24455015 5
0.78481734 0.51839572 -0.24232674 14
0.76787251 0.73462933 -0.23714393 16
1.8434604 1.2150347 0.50126159 36
1.9071984 1.8366221 0.69919342 20
1.8494821 1.2194371 0.34494856 33
1.9087148 1.8323749 0.50709617 30
1.8547192 1.2228765 0.19130686 34
1.8999615 1.8188937 0.31823531 27
1.1264441 0.74357152 0.022949912 10
1.9018499 1.8181859 0.13607349 29
1.1168928 0.73700595 -0.068298422 20
1.9083762 1.8231782 -0.045463517 31
1.0297874 0.67893559 -0.14694805 46
1.7538252 1.6755908 -0.20875648 23
1.0416936 0.6859926 -0.23543751 54
1.1432917 1.0912147 -0.24455015 5
0.7837007 0.51570171 -0.24168053 16
0.77442116 0.73835367 -0.23882981 13
1.8479652 1.2037151 0.50069964 36
1.90108 1.8115888 0.69337755 25
1.8558418 1.2097366 0.34494856 35
1.9058485 1.8105024 0.50375998 29
1.8569218 1.2104321 0.19087109 34
1.9040635 1.8037914 0.31732258 30
1.1177509 0.72948396 0.022688126 8
1.9004799 1.7978899 0.13528845 27
1.1019008 0.71889722 -0.067120865 8
1.9015749 1.7976781 -0.045070838 31
1.0395706 0.67758977 -0.14786077 39
1.7752208 1.6783854 -0.21027867 21
1.0514472 0.68453664 -0.23686729 50
1.1454091 1.0818123 -0.24376884 5
0.78639013 0.5115912 -0.24168053 16
0.77474713 0.73093003 -0.2377059 14
1.8478091 1.1994861 0.50013769 37
1.8989938 1.8032697 0.69143897 32
1.8475897 1.1997802 0.34299526 35
1.9018883 1.8004123 0.50185364 29
1.8464922 1.1990616 0.18956374 35
1.9018046 1.795346 0.31640986 30
1.1190225 0.72753203 0.022688126 28
1.8981739 1.7894231 0.13489592 29
1.1136298 0.72376055 -0.067775063 29
1.8974438 1.7874881 -0.044896312 30
1.0449182 0.67847079 -0.14846925 49
1.7980521 1.6941078 -0.21267067 22
1.0464573 0.67870349 -0.23543751 47
1.1490887 1.0815091 -0.2441595 5
0.78119385 0.50628996 -0.23974191 18
0.77071875 0.72454798 -0.23602003 13
1.8440143 1.1829033 0.49732792 37
1.8996248 1.7850175 0.68820792 31
1.847609 1.1860934 0.34182331 35
1.9023486 1.7820249 0.49947065 30
1.8485512 1.1866897 0.18912795 36
1.9021271 1.7768784 0.31488866 30
1.1143979 0.71626872 0.022513602 34
1.8965815 1.769223 0.13411088 30
1.1174041 0.71791971 -0.067775063 33
1.8994752 1.7706981 -0.04472179 31
1.0421855 0.66897857 -0.14755653 45
1.8250828 1.7016872 -0.21484523 23
1.0582684 0.67850101 -0.23734389 48
1.1601419 1.080542 -0.24533147 5
0.78790647 0.50479007 -0.24103433 15
0.78160733 0.72717041 -0.23826784 15
1.8397094 1.1760745 0.49564207 36
1.8921778 1.7717764 0.68433076 30
1.847595 1.1815382 0.34143266 35
1.8982916 1.7719907 0.49756429 30
1.8443216 1.1794416 0.18847428 32
1.8979721 1.7667801 0.31367171 30
1.1135395 0.71297771 0.022469973 52
1.8923644 1.7590982 0.13358752 30
1.110237 0.71059686 -0.067251697 35
1.8934207 1.7588582 -0.044503633 31
1.0517217 0.67249304 -0.14877349 41
1.837157 1.7069917 -0.21593247 23
1.0553105 0.67401725 -0.23639071 46
1.158416 1.0751455 -0.24455015 5
0.79082465 0.5047093 -0.24168053 16
0.7828753 0.7258051 -0.23826784 11
1.8419242 1.1635052 0.49451819 36
1.8996602 1.7602 0.68368453 31
1.8495796 1.1692129 0.34065136 35
1.9021444 1.7570218 0.49613452 30
1.8483655 1.1684396 0.1882564 34
1.9017304 1.7517651 0.31275898 30
1.1214852 0.70980519 0.022557234 88
1.9015491 1.7491657 0.13358752 30
1.109719 0.70211023 -0.066990018 94
1.8989292 1.7455304 -0.044416368 31
1.0552285 0.66697705 -0.14877349 41
1.8497305 1.7007271 -0.21636739 23
1.0650566 0.67240345 -0.23782048 43
1.1658435 1.0707411 -0.24494082 5
0.78936613 0.49799278 -0.24038813 19
0.79202884 0.72665966 -0.23995371 10
1.8375612 1.1567225 0.4928323 37
1.8921009 1.7470329 0.67980725 32
1.853708 1.1672969 0.34104198 34
1.8943918 1.7437079 0.49327493 29
1.8440763 1.1612362 0.18760273 35
1.8920094 1.7366748 0.31062931 30
1.1248387 0.7091769 0.022600865 88
1.8880621 1.7306324 0.13240996 29
1.1130568 0.70150059 -0.067120865 93
1.8909317 1.732064 -0.044154584 31
1.0500854 0.66117734 -0.14786077 43
nan nan nan 0
1.0703875 0.67315036 -0.23877366 38
1.1677104 1.0687045 -0.24494082 5
0.79432887 0.499176 -0.24168053 18
0.78613251 0.71867067 -0.2377059 11
1.8458625 1.1480483 0.49339426 37
1.8923224 1.728941 0.6765762 32
1.8514044 1.1523628 0.33947936 35
1.8944387 1.725486 0.49089199 30
1.8522469 1.1528789 0.18782063 35
1.8992425 1.7250729 0.31032506 29
1.1264132 0.70195854 0.022557234 83
1.8952514 1.7190422 0.13227913 29
1.1167146 0.69566309 -0.067120865 94
1.8944275 1.7170936 -0.044023693 31
1.0619678 0.66090196 -0.14907773 42
1.6718255 1.5151283 -0.19396958 16
1.0759835 0.66882914 -0.23925027 37
1.1714646 1.0609128 -0.24455015 6
0.79487759 0.49373996 -0.24103433 18
0.78988463 0.71454459 -0.2377059 10
1.8373052 1.1387399 0.49058449 36
1.8935543 1.7240067 0.67593008 33
1.8513131 1.1478304 0.33908871 34
1.8901901 1.7155665 0.48898563 31
1.8500204 1.1470233 0.18738484 36
1.8930666 1.7134134 0.30880386 29
1.1297623 0.70130682 0.022600865 82
1.887154 1.705668 0.13149409 28
1.1221734 0.69633967 -0.067382544 89
1.8918653 1.7087483 -0.043892797 31
1.0652307 0.66035175 -0.14938197 40
1.6763122 1.513881 -0.19418702 15
1.0750608 0.66566133 -0.23877366 36
1.1733145 1.0588666 -0.24455015 6
0.7957381 0.49235192 -0.24103433 17
0.79113054 0.71316493 -0.2377059 12
1.8413608 1.1275122 0.49002257 35
1.8882246 1.7011106 0.67076045 32
1.8425521 1.1291028 0.33635414 36
1.8936779 1.7007165 0.4875558 31
1.8411286 1.1282251 0.18585962 36
1.8964756 1.6985016 0.30789116 29
1.139816 0.69929439 0.022731759 84
1.8942008 1.6940958 0.13136324 29
1.1258039 0.69045442 -0.067382544 88
1.8914826 1.6904743 -0.043674648 31
1.0729092 0.65735155 -0.14999044 37
1.6934845 1.5133995 -0.19527429 15
1.0827216 0.662579 -0.23972684 34
1.1806797 1.0543588 -0.24494082 6
0.80449384 0.49194589 -0.24297296 16
0.80028641 0.71390092 -0.23939174 16
1.8348073 1.1195503 0.48777473 35
1.8893965 1.6961956 0.67011422 32
1.8424109 1.1246004 0.33596346 36
1.8948176 1.6957691 0.4870792 31
1.8388412 1.1224185 0.18542385 36
1.8883466 1.6852554 0.30606568 10
1.1410348 0.69730395 0.022731759 80
1.8897113 1.6841297 0.13083988 29
1.1248751 0.68718994 -0.067251697 87
1.8925662 1.6855046 -0.043631013 31
1.0804151 0.65934652 -0.15090318 38
1.7072631 1.5204015 -0.19657902 16
1.0838765 0.66068828 -0.23972684 35
1.186198 1.0555902 -0.24572213 6
0.80122101 0.48803681 -0.24168053 17
0.80515873 0.71575552 -0.24051565 18
1.8345755 1.1058396 0.48608887 36
1.8892387 1.6782436 0.66688317 33
1.8440433 1.112391 0.33518216 36
1.8981675 1.6809335 0.48564944 31
1.8361585 1.1076368 0.1845523 36
1.8897166 1.6687617 0.30484873 9
1.1425287 0.69003063 0.022688126 79
1.8928945 1.6692483 0.13044736 30
1.1305968 0.68257809 -0.067382544 85
1.8882587 1.6639801 -0.043325596 31
1.0795991 0.65112376 -0.15029469 36
1.7152004 1.5114416 -0.19657902 15
1.0936332 0.65879393 -0.24115664 35
1.1917087 1.0493648 -0.24572213 6
0.79962218 0.48135233 -0.24038813 17
0.80160648 0.7050631 -0.23826784 13
1.8258632 1.0966941 0.48327911 50
1.8849432 1.6685276 0.66429836 32
1.8311582 1.1002815 0.33244759 49
1.8845636 1.6629738 0.48136008 30
1.8231375 1.0954646 0.18302706 55
1.8889065 1.6621758 0.30424026 25
1.1480186 0.69060659 0.022775389 79
1.8826983 1.6543827 0.12953149 28
1.1424931 0.68702173 -0.068036743 85
1.8836591 1.6540712 -0.043151069 31
1.0764759 0.64668912 -0.14968622 45
1.7327811 1.5216217 -0.19831866 16
1.0926751 0.65562451 -0.24068004 34
1.1916869 1.0456494 -0.24533147 6
0.80253488 0.48119366 -0.24103433 16
0.80466092 0.70527661 -0.23882981 13
1.8275779 1.0843171 0.48215523 56
1.8918402 1.6570408 0.66365212 33
1.8305209 1.0869019 0.33127561 53
1.8858621 1.6466135 0.47945368 30
1.8224208 1.0820949 0.18237339 65
1.8919781 1.6473641 0.30332753 28
1.1559197 0.68713474 0.02286265 78
1.8875729 1.6412194 0.12926981 28
1.1482227 0.68230259 -0.068167582 83
1.8922939 1.6441859 -0.043151069 31
1.086254 0.6448344 -0.15059893 37
1.7463548 1.5174396 -0.19897102 18
1.0960928 0.6498943 -0.24068004 36
1.1934258 1.036147 -0.24455015 6
0.80296314 0.47575825 -0.24038813 16
0.80100876 0.69463789 -0.236582 12
1.8187885 1.0752558 0.47934544 55
1.8856466 1.6457794 0.66042113 32
1.8239089 1.0786849 0.32971299 54
1.8850363 1.6400913 0.47850055 31
1.8135825 1.072583 0.18128394 60
1.8817513 1.6326523 0.30119786 25
1.1678805 0.69146895 0.023080807 81
1.8810148 1.6297313 0.1286156 28
1.1558623 0.68410337 -0.068560101 84
1.8781798 1.6261246 -0.042758394 31
1.08524 0.6416778 -0.15029469 37
1.7583988 1.522559 -0.2000583 18
1.0972254 0.64798027 -0.24068004 36
1.1989579 1.0373044 -0.24533147 6
0.8142041 0.48047194 -0.24361916 18
0.80956501 0.69964188 -0.23882981 15
1.8224746 1.0641729 0.47878349 50
1.8869385 1.6295561 0.65783632 32
1.829532 1.0691202 0.32971299 55
1.8843135 1.6221759 0.47611755 30
1.8213252 1.064327 0.18150184 69
1.888394 1.6211573 0.3008936 28
nan nan nan 0
1.8819525 1.6133467 0.12809224 28
nan nan nan 0
1.879087 1.6097496 -0.042583872 30
1.0907294 0.63723522 -0.15059893 41
1.7738994 1.5198277 -0.20092812 21
1.1048462 0.64469385 -0.24163322 33
1.2043726 1.0310124 -0.24533147 6
0.80835372 0.4713532 -0.24103433 17
0.8058387 0.68902898 -0.236582 13
1.8136109 1.0551932 0.47597376 47
1.8788141 1.6167883 0.6539591 32
1.8271248 1.063445 0.32893169 50
1.883422 1.6156819 0.47516435 30
1.8167194 1.057394 0.18084818 69
1.8761594 1.6049273 0.29845968 29
1.8189542 1.0586851 0.03612648 74
1.8714983 1.5986843 0.12717636 28
1.799686 1.0470729 -0.1072887 67
1.8743008 1.599962 -0.042409342 28
1.0854002 0.63159615 -0.14968622 37
1.7727674 1.5134878 -0.20049322 23
1.1059698 0.64276457 -0.24163322 35
1.2061703 1.0289088 -0.24533147 6
0.80917513 0.46994159 -0.24103433 16
0.81258219 0.69238502 -0.23826784 14
1.8171802 1.0441535 0.4754118 47
1.8817462 1.6022216 0.65202051 32
1.8198178 1.0464894 0.32658774 53
1.8806474 1.596249 0.47230479 31
1.8222311 1.0478672 0.18084818 57
1.8807548 1.5918685 0.29785123 30
1.8179687 1.0454142 0.035995588 67
1.8703245 1.5807879 0.12652217 29
1.8116403 1.0413622 -0.10768122 58
1.8807458 1.5885098 -0.042365715 30
1.0994575 0.63207221 -0.1512074 37
1.7825668 1.5057956 -0.20071065 24
1.1007999 0.63208932 -0.23972684 34
1.215306 1.0257756 -0.24611278 6
0.8179161 0.46929133 -0.24297296 19
0.81619638 0.6881209 -0.23826784 16
1.8209333 1.0425062 0.47597376 37
1.8771852 1.5926713 0.6494357 32
1.8216414 1.0433116 0.32658774 44
1.8778181 1.5881994 0.47087502 32
1.8154082 1.039742 0.17997661 69
1.8721668 1.5789638 0.29602575 28
1.8241304 1.0447203 0.036082845 59
1.8692673 1.5742974 0.12626049 29
1.8221259 1.0431525 -0.10820458 52
1.8701491 1.5739335 -0.042060297 31
1.0984039 0.62892252 -0.15090318 37
1.7908993 1.5075048 -0.20136304 17
1.11043 0.63502783 -0.24163322 35
1.2170944 1.0236528 -0.24611278 6
0.81663471 0.46666911 -0.24232674 16
0.82111293 0.68984526 -0.23939174 15
1.8350338 1.0374266 0.47822157 36
1.8781118 1.5765957 0.64685088 33
1.8378303 1.0398296 0.32854104 35
1.8804704 1.5736098 0.46944523 32
1.8381766 1.0400181 0.18171974 37
1.8785062 1.5675461 0.29572153 30
1.8361057 1.038842 0.036213744 42
1.8698248 1.5580814 0.12573713 29
1.825389 1.0323706 -0.10807375 42
1.8726108 1.5593107 -0.041929405 28
1.0995202 0.62194419 -0.15059893 43
1.7873038 1.4885217 -0.2000583 10
1.1116014 0.62800097 -0.24115664 35
1.2167572 1.0125115 -0.24494082 5
0.82117248 0.46356979 -0.24297296 17
0.82658041 0.68710166 -0.23995371 13
1.8430315 1.0381237 0.47990742 32
1.8808606 1.5733154 0.64685088 33
1.8439468 1.0390409 0.32932231 34
1.8794502 1.567175 0.46849206 32
1.8443307 1.0392498 0.1821555 51
1.8698092 1.5547249 0.29389611 29
1.8444524 1.0393112 0.036344636 57
1.8610346 1.5452251 0.12495209 28
1.8293641 1.0304062 -0.10820458 54
1.8695674 1.551241 -0.04179851 30
1.1070952 0.62366843 -0.15151165 38
1.7765054 1.4742408 -0.19853613 10
1.116977 0.62846041 -0.24210984 35
1.2280037 1.0182942 -0.24689408 6
0.82198024 0.46213588 -0.24297296 15
0.82217014 0.68097216 -0.23826784 12
1.8571414 1.0328653 0.48215523 35
1.8779269 1.5541859 0.6429736 33
1.862314 1.036566 0.33166626 33
1.8781796 1.5494863 0.46610907 33
1.8671641 1.0392531 0.18389861 30
1.8740972 1.5417531 0.29328761 30
1.865165 1.0381356 0.03665005 36
1.8671736 1.5338713 0.12482125 27
1.8609267 1.0353564 -0.10977466 28
1.8738058 1.5382514 -0.041711248 28
1.1081755 0.61665976 -0.1512074 42
1.7630607 1.4474928 -0.1961441 10
1.1223991 0.62379241 -0.2425864 35
1.2218914 1.0024205 -0.24455015 6
0.82227504 0.45665747 -0.24232674 16
0.82572442 0.67665797 -0.23826784 12
1.875816 1.039377 0.48665082 31
1.8750558 1.5462859 0.64103502 33
1.8792453 1.0416808 0.33440083 32
1.8714164 1.5383956 0.4637261 30
1.8733339 1.0384039 0.1843344 31
1.8710369 1.5337497 0.29237488 29
1.8713485 1.0372986 0.036737315 36
1.8640612 1.5258553 0.12442873 28
1.8671006 1.034523 -0.11003634 37
1.8629651 1.5238751 -0.041405831 29
1.1092501 0.6147247 -0.1512074 68
1.7463392 1.4286054 -0.19396958 9
1.127784 0.62420315 -0.2435396 35
1.2312682 1.0065598 -0.24611278 5
0.82307082 0.45522162 -0.24232674 18
0.82690424 0.67521572 -0.23826784 13
1.8899649 1.0338817 0.48889863 32
1.8719164 1.5272651 0.63715774 31
1.8955088 1.0377465 0.33635414 29
1.8680398 1.5192634 0.46086654 30
1.8962296 1.0381334 0.18607752 31
1.8751934 1.5207988 0.29176643 29
1.887722 1.0334784 0.036955472 37
1.8681504 1.5129243 0.12416705 29
1.8878295 1.0331092 -0.11095222 26
1.8709186 1.5140998 -0.041405831 31
1.118989 0.61247295 -0.15212013 44
1.7325348 1.402164 -0.19157755 9
1.1224164 0.6135934 -0.24163322 34
1.2307754 0.99542415 -0.24494082 6
0.82119948 0.44859886 -0.24103433 17
0.82854003 0.66933793 -0.2377059 13
1.9087065 1.0402224 0.49339426 30
1.8670951 1.5178875 0.63457292 32
1.905993 1.0391572 0.33791673 32
1.8706887 1.5160007 0.46086654 32
1.9002262 1.0360125 0.18629541 32
1.8720635 1.5128337 0.29085368 30
1.900501 1.0361551 0.037173621 41
1.8630286 1.5033756 0.12364369 28
1.9005958 1.0357766 -0.11160642 23
1.861901 1.5013956 -0.041144043 30
1.1113342 0.60578138 -0.15090318 39
1.709818 1.3787627 -0.18875064 9
1.1213286 0.61046326 -0.24115664 34
1.2382653 0.99793947 -0.24611278 5
0.82198119 0.44716492 -0.24103433 17
0.83159786 0.6694265 -0.23826784 12
1.9228919 1.0344893 0.49564207 27
1.8731382 1.5065734 0.63392675 34
1.9266343 1.0373447 0.34065136 30
1.8690417 1.4984913 0.45848358 31
1.9209816 1.0343004 0.18782063 31
1.8722181 1.4967983 0.28963673 29
1.9279193 1.0380213 0.037609935 47
1.8630819 1.487355 0.12312033 27
1.9125912 1.0293549 -0.11199894 24
1.8697368 1.4916263 -0.041144043 32
1.1254241 0.60581899 -0.15242437 36
1.697577 1.3542194 -0.18657611 9
1.1288359 0.60690153 -0.24210984 33
1.2376946 0.98680753 -0.24494082 6
0.81792194 0.43943903 -0.2390957 17
0.83509159 0.66506308 -0.23826784 16
1.9352549 1.037212 0.49845183 25
1.8625937 1.4927044 0.62940329 30
1.9436822 1.0421351 0.34338593 25
1.8639961 1.4890851 0.45657721 30
1.9403511 1.0403459 0.18956374 24
1.8690141 1.4888791 0.28872401 28
1.9407481 1.0405513 0.037828092 25
1.8598226 1.4794273 0.12272782 28
1.9231907 1.0307249 -0.1125223 25
1.8625686 1.4805652 -0.04092589 32
1.1286685 0.60502303 -0.15272862 38
1.6765811 1.3326092 -0.18396665 9
1.1298935 0.6049304 -0.24210984 34
1.239415 0.9846459 -0.24494082 5
0.8250829 0.44141555 -0.24103433 18
0.83434945 0.6620822 -0.2377059 12
1.9559182 1.0346869 0.5023855 26
1.8666048 1.4799232 0.62811089 33
1.9665782 1.0411721 0.34651116 27
1.87369 1.4808303 0.45705381 31
1.963388 1.0394796 0.19130686 24
1.867054 1.4713744 0.28720281 31
1.9660605 1.0408847 0.038220771 24
1.8695023 1.4712167 0.12285864 29
1.9329766 1.0229731 -0.11278398 25
1.8663714 1.4676948 -0.040838629 31
1.1274314 0.59678972 -0.15212013 38
1.6718087 1.314551 -0.18266192 10
1.137388 0.60129368 -0.24306302 33
1.2329313 0.96895421 -0.24259689 6
0.83165824 0.43933687 -0.24232674 18
0.835895 0.656192 -0.23714393 12
1.9726335 1.0395504 0.50631922 26
1.8635086 1.4721609 0.6261723 32
1.9705781 1.0388881 0.34690183 27
1.868571 1.4714696 0.45514742 32
1.9718113 1.03953 0.19196051 26
1.8637731 1.4635048 0.28629008 32
1.9811471 1.0444349 0.038482554 25
1.8661822 1.4633188 0.12246613 30
1.959065 1.0323802 -0.11422322 23
1.8630363 1.4597988 -0.040707737 32
1.1262743 0.59366721 -0.15181589 37
1.6447426 1.2885287 -0.1794001 9
1.1297425 0.5947476 -0.24115664 31
1.2385001 0.96985698 -0.24337819 5
0.82814443 0.43564466 -0.24103433 17
0.84277588 0.6592595 -0.23882981 12
1.9868778 1.0333511 0.50856698 26
1.8673913 1.459402 0.6248799 33
1.9891381 1.0353856 0.34924576 27
1.8665844 1.4541059 0.45276445 30
1.9926981 1.0372279 0.19348575 26
1.8616267 1.4460961 0.28476888 29
1.9998976 1.0409609 0.038744342 26
1.8639697 1.4458578 0.12181193 27
1.9710908 1.02556 -0.11461575 23
1.8686817 1.4484888 -0.040664103 30
1.1447873 0.59575832 -0.15394558 36
1.6534319 1.2814291 -0.17961757 8
1.1328412 0.58882415 -0.24115664 31
1.2299275 0.95273393 -0.24064361 5
0.83255959 0.43241134 -0.24168053 17
0.84045565 0.65034038 -0.23714393 12
2.0036459 1.0380604 0.51250064 27
1.8661304 1.4531654 0.62358749 34
2.0041018 1.0387191 0.35158968 27
1.865248 1.4478288 0.45181125 31
2.0011415 1.037181 0.19413942 26
1.8543508 1.4352317 0.28324768 28
2.0105925 1.0420625 0.038918864 24
1.8625456 1.4395415 0.12155025 30
1.9861839 1.0289978 -0.11540078 25
1.8573794 1.4345033 -0.040358689 28
1.1436204 0.59262079 -0.15364133 36
nan nan nan 0
1.1425918 0.59134531 -0.24306302 29
nan nan nan 0
0.83331305 0.43095759 -0.24168053 20
0.84735781 0.65335983 -0.23882981 12
2.0222526 1.0338469 0.51587236 27
1.8660723 1.4374644 0.62100267 33
2.0249071 1.036072 0.35432425 26
1.8650286 1.4320489 0.44990486 29
2.0287251 1.0380148 0.19631831 26
1.8598729 1.4239904 0.28294346 27
2.0293777 1.0383412 0.039180648 25
1.8601556 1.4221686 0.12089606 28
1.9982154 1.021989 -0.1157933 24
1.8648651 1.4247586 -0.040358689 31
1.1467075 0.58662474 -0.15364133 37
1.0893363 0.83017558 -0.1165557 7
1.1412984 0.58312786 -0.24210984 27
nan nan nan 0
0.83986437 0.42877606 -0.24297296 20
0.85076714 0.64891416 -0.23882981 12
2.0303891 1.0339801 0.51755822 27
1.8647524 1.431257 0.61971027 33
2.0377181 1.0381318 0.35627756 26
1.8616866 1.4243068 0.44847509 31
2.0349739 1.0367298 0.19675408 26
1.8623556 1.4207423 0.28294346 29
2.0423279 1.040462 0.039398804 25
1.8586687 1.4158865 0.12063438 29
2.0178013 1.0275487 -0.11684001 25
1.8554326 1.4123942 -0.040096901 30
1.154368 0.58799171 -0.15455405 37
1.0729772 0.81465894 -0.11459862 7
1.1466923 0.58335418 -0.24306302 27
1.0558352 0.80238897 -0.20431268 7
0.83845645 0.42621955 -0.24232674 16
0.85383147 0.64891046 -0.23939174 14
2.0468416 1.0284389 0.52036798 27
1.8606973 1.4126885 0.61583304 32
2.0563672 1.0340936 0.35862145 25
1.8613026 1.4086002 0.44656873 32
2.0537295 1.0327631 0.19806144 26
1.8579021 1.4019803 0.28111801 29
2.058918 1.0353601 0.039616961 24
1.8600837 1.4016161 0.12024185 29
2.0343115 1.0225666 -0.11749421 26
1.8588148 1.3996452 -0.04000964 31
1.1596494 0.58305085 -0.15485829 37
1.0752416 0.80752736 -0.11438116 19
1.1431468 0.57404786 -0.24163322 27
1.0245857 0.77002019 -0.19728087 4
0.84499806 0.42398101 -0.24361916 15
0.85915828 0.64590311 -0.23995371 14
2.0571721 1.0295764 0.52261579 25
1.8573908 1.4050564 0.6138944 33
2.0692136 1.0360216 0.36057475 25
1.8598448 1.4023867 0.4456155 31
2.0688961 1.0358561 0.19936876 26
1.8583655 1.3972404 0.28081375 29
2.0741379 1.0384686 0.039878745 25
1.8585402 1.395362 0.11998018 30
2.0427938 1.0223612 -0.11788674 31
1.8592582 1.3948947 -0.03996601 32
1.171768 0.586564 -0.15637949 36
1.044825 0.78166813 -0.11090188 10
1.1507369 0.57533461 -0.24306302 23
1.0200144 0.76376957 -0.19610892 9
0.83924896 0.41928074 -0.24168053 18
0.85639751 0.64146513 -0.23882981 13
2.0780087 1.0259676 0.52654946 25
1.8627914 1.3938612 0.61324817 33
2.0856831 1.0306338 0.36252803 25
1.8593048 1.3867449 0.44370914 32
2.0832262 1.0294154 0.20024031 25
1.8616796 1.3845216 0.28020528 29
2.0885143 1.0320165 0.040053267 25
1.857815 1.3796422 0.11945682 28
2.0615547 1.0182739 -0.11867177 31
1.8565142 1.3776731 -0.039747853 31
1.1770494 0.58151662 -0.15668374 35
1.042913 0.77172148 -0.11024951 9
1.1537337 0.56930155 -0.24306302 21
1.0121251 0.74955779 -0.19376498 9
0.84576917 0.41700789 -0.24297296 19
0.86169547 0.63843077 -0.23939174 15
2.0927384 1.0291415 0.52992117 25
1.8555548 1.3833712 0.61001718 33
2.0985613 1.0324334 0.3644813 23
1.8617224 1.3834976 0.44370914 31
2.1006687 1.0334612 0.20176555 23
1.8581208 1.3768265 0.27929255 29
2.0970438 1.0316747 0.040184166 24
1.854208 1.3719308 0.11906429 30
2.0745349 1.0201738 -0.11932597 31
1.8609232 1.375921 -0.039791483 31
1.1981162 0.5892899 -0.15942189 34
1.0362605 0.76396054 -0.10937969 8
1.159134 0.56944484 -0.2440162 22
0.99956053 0.73747718 -0.1910304 10
0.83998549 0.41235167 -0.24103433 17
0.86476213 0.638381 -0.23995371 15
2.1136248 1.0252335 0.53385484 23
1.8647134 1.3750738 0.61066335 34
2.1106052 1.0246613 0.36565328 24
1.8610424 1.3679012 0.44180277 33
2.1082923 1.0235339 0.20198342 23
1.8513143 1.3567832 0.27716288 30
2.1114149 1.0250401 0.040358689 24
1.8533186 1.3562901 0.11854094 28
2.077601 1.0082095 -0.11919513 29
1.8539984 1.3558022 -0.039486069 31
1.4469119 0.70185035 -0.19288832 30
1.0322176 0.75262648 -0.10850988 8
1.1643097 0.56443518 -0.24449281 18
1.0034082 0.73223335 -0.1910304 15
0.84430867 0.40899631 -0.24168053 20
0.86809283 0.63384438 -0.23995371 14
2.126204 1.0272018 0.53666461 23
1.8554504 1.3632143 0.60678613 34
2.1235106 1.0263399 0.36760655 24
1.8555187 1.3588355 0.43989637 34
2.1280208 1.0285084 0.20372654 23
1.8516783 1.3520826 0.27685863 31
2.1244578 1.0267832 0.040576845 23
1.8496399 1.3486289 0.11814842 29
2.097348 1.0132557 -0.12024185 28
1.8543445 1.3510883 -0.039442439 31
1.4414275 0.69609451 -0.19197561 31
1.021471 0.74199831 -0.10720515 7
1.156446 0.55814821 -0.2425864 16
0.99074161 0.72026497 -0.1882958 31
0.85155344 0.41065603 -0.24361916 18
0.86527026 0.62944549 -0.23882981 13
2.1471307 1.0230054 0.54059827 23
1.8567102 1.3492098 0.60484755 34
2.1400039 1.0205128 0.36955982 24
1.8526845 1.3418835 0.43751341 32
2.1423721 1.0216331 0.2045981 23
1.8567237 1.3409121 0.27655441 32
2.1456041 1.0231645 0.04088226 23
1.8485876 1.3330686 0.11762506 29
2.1048794 1.0033326 -0.1203727 10
1.8492429 1.3325684 -0.039180648 31
1.4495353 0.69066727 -0.19258408 30
1.0233247 0.73517942 -0.1069877 6
1.1660044 0.55524117 -0.2440162 17
0.99449939 0.71506763 -0.1882958 48
0.84496051 0.40205878 -0.24103433 17
0.87249666 0.62776864 -0.23995371 12
2.1575413 1.0238016 0.54284608 23
1.8532023 1.3417064 0.60290891 34
2.1618655 1.0262911 0.37307572 23
1.847075 1.3328875 0.43560702 33
2.1644082 1.0274891 0.20655911 23
1.8570498 1.3362161 0.27625015 31
2.1654582 1.0279797 0.041231308 23
1.8448378 1.325458 0.11723254 30
2.1133962 1.0028629 -0.12076521 10
1.8454833 1.3249533 -0.039049756 32
1.4597112 0.69237965 -0.19380105 29
1.0306662 0.73776275 -0.10764006 8
1.1536571 0.54691714 -0.24115664 14
0.99774784 0.71477634 -0.18868646 54
0.84566098 0.40058345 -0.24103433 17
0.87951231 0.63052797 -0.24163955 17
2.1829145 1.0213892 0.54790366 23
1.860202 1.3319848 0.60290891 35
2.1806314 1.0212307 0.37541965 23
1.8540286 1.3231981 0.43560702 33
2.1832957 1.0224692 0.20786645 23
1.8498886 1.3163753 0.27412048 30
2.1866624 1.0240359 0.041536722 23
1.8436234 1.3099799 0.11670918 30
2.1186185 0.9917835 -0.12076521 10
1.8503599 1.3138211 -0.039006125 32
1.4453266 0.67633444 -0.19136713 30
1.0304599 0.72946364 -0.10720515 11
1.1587294 0.54190552 -0.24163322 14
0.99946719 0.70810735 -0.1882958 52
0.85869694 0.40123996 -0.24426536 16
0.87487674 0.62024474 -0.23939174 16
2.2021871 1.0261767 0.55239928 24
1.8507447 1.3202968 0.59903169 35
2.2025599 1.0267978 0.37893555 23
1.8523408 1.3171079 0.43465388 33
2.2008832 1.0260109 0.20939167 23
1.8481402 1.3102661 0.27351201 31
2.1975114 1.0244355 0.041711248 22
1.8418373 1.3038669 0.11644749 31
2.1316648 0.99334794 -0.12141941 9
1.8506124 1.3091419 -0.038962495 33
1.4487553 0.67485601 -0.19167136 30
1.0236109 0.72189307 -0.10633533 12
1.1552207 0.5378173 -0.24068004 12
1.0007015 0.70636189 -0.1882958 39
0.85282052 0.39669821 -0.24232674 18
0.87992543 0.62154478 -0.24051565 17
2.2187788 1.0193229 0.55520904 25
1.851721 1.3063996 0.59709311 33
2.2191274 1.0204005 0.38088882 24
1.8511932 1.3017282 0.43274748 32
2.2152793 1.0186279 0.21026322 23
1.8549755 1.3005713 0.27351201 27
2.2142045 1.018128 0.041929405 23
1.8486391 1.2942053 0.11644749 31
2.1504524 0.98841822 -0.12220446 10
1.8472153 1.2922496 -0.038744342 32
1.4432449 0.66312772 -0.19045439 29
1.0273768 0.71652359 -0.10633533 12
1.1602527 0.53278208 -0.24115664 15
1.0043863 0.70111257 -0.1882958 50
0.85268885 0.39122474 -0.24168053 18
0.87520337 0.61131489 -0.23826784 14
2.2292411 1.0198834 0.55745685 23
1.8480797 1.2989875 0.59515446 35
2.2276433 1.0196037 0.3820608 23
1.8534621 1.2984953 0.43274748 33
2.2306461 1.0209687 0.21157058 24
1.8491169 1.2916316 0.27229503 31
2.2318938 1.0215318 0.042234819 24
1.8488504 1.2895445 0.11631665 31
2.1521745 0.98466349 -0.12220446 10
1.8412765 1.2832901 -0.038569819 33
1.4534312 0.66472542 -0.19167136 29
1.0286257 0.71472943 -0.10633533 11
1.1589471 0.52973926 -0.24068004 15
1.0056084 0.69935846 -0.1882958 51
0.85556918 0.39073476 -0.24232674 17
0.88025606 0.6125865 -0.23939174 13
2.2480552 1.0138056 0.56082857 23
1.8548558 1.2892932 0.59515446 34
2.2532141 1.0170535 0.3855767 24
1.8521776 1.2831662 0.43084112 31
2.2495854 1.0154123 0.2128779 23
1.8538156 1.2805176 0.27199078 32
2.2486072 1.0149649 0.042452976 23
1.8453156 1.2727383 0.11566246 30
2.1641297 0.97645622 -0.12259697 10
1.84386 1.2707865 -0.038482554 33
1.4546287 0.65608865 -0.19136713 29
1.0282588 0.70649821 -0.10590042 13
1.1684215 0.52667952 -0.24210984 14
1.0112858 0.69549036 -0.18868646 48
0.85099131 0.38328782 -0.24038813 18
0.87744904 0.60380042 -0.2377059 16
2.2607598 1.0152544 0.56363833 24
1.8452073 1.2777799 0.59127724 35
2.2662516 1.0181707 0.38752997 23
1.8544145 1.2799315 0.43084112 33
2.262717 1.0165792 0.21396735 23
1.849924 1.2730477 0.27107808 31
2.2640603 1.017175 0.042714763 23
1.8434246 1.2666795 0.11540078 30
2.1726656 0.97574067 -0.12298949 10
1.8378439 1.2618903 -0.038308028 32
1.4467119 0.64949429 -0.19015017 29
1.0397407 0.71177363 -0.1069877 15
1.1648579 0.52263683 -0.24115664 15
1.0084347 0.69091791 -0.18790515 49
0.8560704 0.38376886 -0.24168053 19
0.88851774 0.60919845 -0.24051565 18
2.2795899 1.008913 0.56701005 24
1.845903 1.2639953 0.58933866 35
2.2805851 1.0102845 0.38909259 22
1.8489454 1.2618788 0.42798153 32
2.2816758 1.0107599 0.21527469 23
1.8545154 1.2619438 0.27077383 20
2.2807863 1.01036 0.04293292 23
1.8335341 1.2457522 0.11435406 28
2.2005804 0.97444206 -0.12429789 10
1.8361652 1.2466171 -0.038133506 32
1.4478226 0.64090872 -0.18984592 28
1.0352236 0.70070595 -0.10611788 15
1.1698241 0.51752007 -0.24163322 17
1.0140774 0.68702084 -0.1882958 45
0.85143542 0.37636557 -0.23974191 18
0.89571619 0.60728902 -0.24163955 15
2.299011 1.0131767 0.57150567 23
1.8461139 1.2594064 0.58869243 34
2.2959058 1.0122695 0.39143652 23
1.8511448 1.2586499 0.42798153 32
2.2948339 1.0117911 0.21636412 23
1.8423573 1.2489294 0.26864415 29
2.3031371 1.015438 0.043325596 23
1.8253825 1.2355319 0.11369986 31
2.1794243 0.96054894 -0.12298949 23
1.8238649 1.2335782 -0.037828092 32
1.448939 0.63838083 -0.18984592 27
1.0426244 0.70309764 -0.10677024 13
1.159488 0.51054931 -0.23925027 15
1.0193582 0.68802786 -0.18907711 49
0.85872871 0.37778303 -0.24168053 20
0.89274907 0.60298067 -0.24051565 13
2.3268108 1.0104094 0.57712519 23
1.8486843 1.2470137 0.58740002 35
2.3260934 1.0110435 0.39573374 23
1.8516082 1.24482 0.42655176 34
2.3183787 1.0076904 0.21810725 23
1.8447545 1.2364941 0.26803565 31
2.3153021 1.0063492 0.043456491 23
1.8111074 1.2120293 0.11239146 32
2.285208 0.9928211 -0.12874645 25
nan nan nan 0
1.4431529 0.6268419 -0.18862896 27
1.0504259 0.70040709 -0.10720515 17
1.1689031 0.50739282 -0.24068004 15
1.0249954 0.68405944 -0.18946777 48
0.85625994 0.37136877 -0.24038813 22
0.89589399 0.59829795 -0.24051565 14
2.3373415 1.0106136 0.579373 23
1.8448527 1.2397318 0.58546138 33
2.3391898 1.0118756 0.39768699 24
1.8497055 1.2388467 0.42559856 33
2.3315663 1.0085778 0.21919669 23
1.8448491 1.2318903 0.26773143 31
2.3354142 1.0102324 0.04380554 23
nan nan nan 0
2.3144448 1.0007005 -0.13031653 23
nan nan nan 0
1.4556392 0.62923175 -0.19015017 27
1.0475075 0.69580168 -0.10677024 17
1.1720415 0.50632191 -0.24115664 14
1.0200342 0.67814523 -0.1882958 43
0.85690671 0.36987376 -0.24038813 21
0.89693689 0.59673345 -0.24051565 20
2.3651941 1.0074828 0.58499253 23
1.8452926 1.2260331 0.5835228 34
2.3626332 1.0073484 0.40081227 23
1.8479929 1.223708 0.42369217 33
2.35744 1.0051321 0.2211577 23
1.8409338 1.2153569 0.26621023 31
2.3590722 1.0058199 0.044154584 23
1.10553 0.72659403 0.067513384 9
2.326545 0.99149972 -0.13070905 29
nan nan nan 0
1.449778 0.61772162 -0.18893321 26
1.0573668 0.6944313 -0.10742261 18
1.1814545 0.50305259 -0.2425864 13
1.0338629 0.67961496 -0.19024909 43
0.86550426 0.36820468 -0.24232674 22
0.89396071 0.58798689 -0.23882981 15
2.3735037 1.0066147 0.58667839 24
1.8474295 1.2228106 0.5835228 35
2.3848522 1.0118887 0.40432811 23
1.8460345 1.2177696 0.422739 31
2.3821244 1.0107272 0.22333659 23
1.8389113 1.2094065 0.26560175 33
2.3838415 1.0114477 0.044590894 24
1.1088806 0.7260381 0.067644224 10
2.3558612 0.99911457 -0.13227913 23
1.1041846 0.72239602 -0.022426341 9
1.4531395 0.61615628 -0.18923745 25
1.0564981 0.69121379 -0.10720515 21
1.1823307 0.50098979 -0.2425864 14
1.0288651 0.67372841 -0.18907711 45
0.85724211 0.36294538 -0.23974191 20
0.89904916 0.58911335 -0.23995371 13
2.3991518 1.002194 0.59173596 24
1.8517888 1.2117941 0.58287656 35
2.4037907 1.0050936 0.40667206 24
1.8462269 1.2040526 0.42130923 34
2.4011743 1.0039952 0.22464392 23
1.8410635 1.1970477 0.26499328 33
2.3983324 1.0028027 0.04476542 23
1.1084844 0.71749449 0.067382544 23
2.3748856 0.9925319 -0.13306417 23
1.1100463 0.71796936 -0.022469973 25
1.4540552 0.60758525 -0.18893321 24
1.0601028 0.68567258 -0.10720515 23
1.1781397 0.49196529 -0.24115664 12
1.0344466 0.66968161 -0.18946777 43
0.8613615 0.35937729 -0.24038813 18
0.9061991 0.58706427 -0.24107762 17
2.4232225 1.0077623 0.59735548 26
1.8458195 1.2032679 0.58029175 36
2.421505 1.0075252 0.40940663 24
1.84216 1.1968044 0.41987944 35
2.4236238 1.0083984 0.22660492 24
1.83691 1.1897725 0.26408052 34
2.4162383 1.0053252 0.045070838 24
1.1202028 0.72235924 0.068036743 28
2.3812258 0.99029934 -0.13332585 23
1.1175874 0.72011393 -0.022600865 29
1.4413592 0.59934652 -0.18710777 23
1.0612978 0.68382132 -0.10720515 21
1.1631228 0.4833397 -0.23782048 11
1.0397542 0.6705671 -0.19024909 39
0.86421978 0.35879487 -0.24103433 18
0.90722233 0.5854817 -0.24107762 18
2.4308941 0.9955582 0.59791738 30
1.839931 1.185712 0.57641453 35
2.4381742 0.99950749 0.41135994 28
1.8401524 1.1818205 0.41797304 34
2.4403956 1.0004097 0.22769438 26
1.8368535 1.1761112 0.26316783 33
2.4353499 0.99833894 0.045332622 26
1.1029631 0.70299286 0.066728339 64
2.407176 0.98632216 -0.13450339 23
1.104513 0.70345217 -0.022251816 47
1.4513694 0.59460533 -0.18802048 22
1.0648638 0.67825502 -0.10720515 22
1.1701828 0.479096 -0.23877366 10
1.0474055 0.66778398 -0.1910304 46
0.86384946 0.35335517 -0.24038813 17
0.91641974 0.58468014 -0.24276346 18
2.4459937 0.99724704 0.60128915 51
1.8379383 1.1798809 0.57512212 35
2.4490631 0.99897456 0.41292256 38
1.8380833 1.1759534 0.41701987 33
2.4559782 1.0017829 0.22900173 34
1.8326356 1.1688874 0.2622551 33
2.4579248 1.0025688 0.045725301 32
1.1104975 0.70510316 0.067120865 76
2.4273939 0.98964643 -0.13555013 23
1.1078451 0.70286971 -0.022295447 81
1.4478072 0.5902034 -0.18741199 21
1.0723404 0.68042094 -0.10785752 23
nan nan nan 0
1.0423306 0.66196036 -0.18985842 43
0.85550994 0.34822342 -0.2378033 18
0.91333795 0.58044916 -0.24163955 18
2.4603987 0.98762178 0.60353696 67
1.8420546 1.1689429 0.57447588 33
2.4725952 0.9934898 0.41604778 81
1.8380011 1.1623648 0.41559011 33
2.4727476 0.99354422 0.23009115 74
1.832442 1.1552924 0.26134241 32
2.465461 0.9906159 0.045768932 64
1.1205043 0.70328218 0.067513384 76
2.4464467 0.98249573 -0.13633516 23
1.1157364 0.69973016 -0.02238271 79
1.4577891 0.58538043 -0.18832473 21
1.0758883 0.67479688 -0.10785752 23
nan nan nan 0
1.0456678 0.65667623 -0.18985842 43
0.8573215 0.34373927 -0.2378033 16
0.91636467 0.57565904 -0.24163955 15
2.4664726 0.98556042 0.60466087 32
1.8359375 1.1605471 0.57189107 36
2.4580996 0.98319679 0.41331321 48
1.8338057 1.1552176 0.41416031 35
2.4698513 0.98738122 0.22965539 64
1.8342545 1.1524125 0.26134241 32
2.4787943 0.99094254 0.045987088 87
1.1152712 0.69752789 0.067120865 79
2.4690287 0.98654681 -0.13751273 24
1.112725 0.69511837 -0.022295447 81
1.4540963 0.58125317 -0.18771625 19
1.0791719 0.67424512 -0.10807497 23
nan nan nan 0
1.0572553 0.66143662 -0.19181171 39
0.84220523 0.33601096 -0.23327987 18
0.90903056 0.56901354 -0.23939174 15
2.4897387 0.97975594 0.60915649 27
1.8438332 1.1525242 0.5725373 35
2.4930892 0.98205686 0.41839173 32
1.8417097 1.1472232 0.41463691 35
2.4910421 0.98124564 0.23118061 35
1.8360527 1.1401657 0.2607339 33
2.488431 0.98021257 0.046074349 37
1.1231463 0.69431883 0.067382544 76
2.497227 0.98316711 -0.13882111 23
1.1162289 0.6894775 -0.022295447 81
1.4617398 0.5754441 -0.18832473 17
1.0910274 0.6740402 -0.10894479 20
nan nan nan 0
1.0586085 0.6545856 -0.19142106 38
0.8393963 0.32998621 -0.23198746 18
0.91612965 0.56682718 -0.24051565 14
2.5116942 0.98382562 0.614214 27
1.8376522 1.144181 0.56995249 35
2.5131967 0.98489916 0.42151698 30
1.8332962 1.1375154 0.41225392 34
2.504348 0.98143196 0.23227006 35
1.8296094 1.1317201 0.25951695 31
2.5041053 0.98133057 0.046336137 36
1.1243563 0.69235754 0.067382544 76
2.5128908 0.98426062 -0.13960616 25
1.1216797 0.69016272 -0.02238271 79
1.4558071 0.57018542 -0.18741199 15
1.0879691 0.66950947 -0.10850988 20
0.72014993 0.28264707 -0.14345483 3
1.0618472 0.65403956 -0.19181171 36
0.84447289 0.3302705 -0.23327987 14
0.91918594 0.56651431 -0.24107762 15
2.5692737 0.99033719 0.62713897 31
1.8374557 1.1307331 0.56801391 36
2.5436671 0.98148727 0.42581415 31
1.8350484 1.125326 0.41130075 35
2.5326939 0.97725534 0.23444895 34
1.8376244 1.1234236 0.25982118 34
2.5302036 0.97628981 0.046728816 36
1.1364789 0.69168174 0.067905903 73
2.5391505 0.97871709 -0.14078373 29
1.1231467 0.6829741 -0.02233908 80
1.4634051 0.56433517 -0.18802048 15
1.0958227 0.66621578 -0.10894479 20
0.71932876 0.27799344 -0.14297825 3
1.0652571 0.64847082 -0.19181171 36
nan nan nan 0
0.92006451 0.56041765 -0.24051565 12
2.6369772 1.0110991 0.6434356 55
1.8353139 1.1249914 0.56672144 36
2.5799646 0.99029589 0.431674 35
1.8351135 1.1205175 0.41082415 34
2.5553269 0.98085141 0.23640995 33
1.8289992 1.1137393 0.25829998 33
2.5507479 0.9785803 0.047077864 33
1.135554 0.68839568 0.067775063 73
2.5408547 0.97428387 -0.14078373 37
1.1350048 0.6875245 -0.022557234 77
1.4597521 0.56000817 -0.18741199 14
1.0991095 0.66559976 -0.10916225 20
0.70376301 0.27061194 -0.13964207 4
1.0663872 0.64661056 -0.19181171 35
0.74524099 0.28557411 -0.20420066 5
0.91688663 0.55626601 -0.23939174 14
2.6811659 1.0114079 0.65298879 91
1.8248689 1.105002 0.56155181 34
2.6823318 1.0128967 0.44808149 92
1.8262657 1.1019866 0.40748802 33
2.6072061 0.98457736 0.24076775 33
1.8286273 1.0999764 0.25738728 35
2.6821442 1.012813 0.049433939 85
1.1413994 0.68353164 0.067905903 73
2.5552664 0.96448684 -0.14130709 37
1.1387079 0.68137348 -0.022557234 75
1.4650835 0.55297548 -0.18771625 14
1.1004471 0.65854931 -0.10894479 21
0.73967987 0.27974033 -0.146791 10
1.0698701 0.64083141 -0.19181171 35
0.72184783 0.27235171 -0.19709241 10
0.9261353 0.55508071 -0.24107762 12
2.6827514 1.007195 0.65298879 92
1.8205988 1.09806 0.55961323 35
2.6840954 1.0082135 0.44808149 93
1.8260857 1.0975288 0.40701142 56
2.6532285 0.99663562 0.24490763 92
1.8199152 1.0903839 0.25586605 55
2.6511397 0.99584609 0.048823103 85
1.1511497 0.6866833 0.068429261 71
2.5639596 0.96265352 -0.1416996 28
1.1398956 0.67938501 -0.022557234 75
1.4521015 0.545201 -0.18589079 13
1.1037295 0.65791041 -0.10916225 21
0.73326981 0.27587295 -0.14536121 16
1.0688711 0.63769037 -0.19142106 36
0.72458512 0.27193442 -0.19773862 19
0.91667098 0.54717559 -0.23826784 13
2.6858757 0.9918229 0.65242678 93
1.815964 1.0823075 0.55638218 39
2.6847043 0.99243653 0.4473002 94
1.8233777 1.0829215 0.40510502 55
2.6841125 0.99221164 0.24730441 94
1.821334 1.0783024 0.25525758 55
2.6891494 0.99406344 0.049433939 95
nan nan nan 0
2.5713072 0.95007914 -0.14183044 23
nan nan nan 0
1.450279 0.53587598 -0.18528232 13
1.0985932 0.64703625 -0.10829243 21
0.72779375 0.26948994 -0.14393143 21
1.0828081 0.63839394 -0.19337432 36
0.72146404 0.26647452 -0.19644621 35
0.92370927 0.54486173 -0.23939174 12
2.6828563 0.98592526 0.65130293 94
1.8012584 1.0692378 0.55121255 39
2.6841142 0.98689872 0.44690955 95
1.8189365 1.0759753 0.40367526 49
2.6835022 0.98666769 0.24708654 93
1.8232132 1.0751219 0.25525758 59
2.6838408 0.98678535 0.049303047 95
1.7897773 1.0536442 0.10702702 65
2.5682735 0.94387072 -0.14156875 20
nan nan nan 0
1.4442216 0.53078437 -0.18436959 13
1.099721 0.64511782 -0.10829243 16
0.72134805 0.26569155 -0.14250165 73
1.0775465 0.63272893 -0.19220237 36
0.72646594 0.26686928 -0.19773862 93
0.91837364 0.53951985 -0.2377059 12
2.6858597 0.97056878 0.65074098 94
1.8047515 1.0585653 0.55056632 43
2.6845996 0.97115445 0.44612825 93
1.8160808 1.0614645 0.40176883 43
2.6769187 0.96837503 0.24599709 94
1.8202522 1.0605457 0.2540406 64
2.6772149 0.96847546 0.049084891 95
1.8232887 1.0606382 0.10872794 70
2.5731804 0.93041033 -0.14156875 20
1.8258417 1.0612838 -0.036257371 79
1.4399772 0.52069235 -0.18345687 12
1.1030836 0.63935089 -0.10829243 12
0.72272938 0.26191097 -0.14250165 95
1.0893699 0.63206595 -0.19376498 36
0.73012656 0.26387715 -0.19838482 94
0.93379515 0.54209572 -0.24107762 14
2.6736236 0.96141201 0.64736921 92
1.8045142 1.0541911 0.5499202 42
2.6723464 0.96146089 0.4437843 95
1.8136944 1.0558147 0.40081567 40
2.6809492 0.96454316 0.24621499 94
1.8178135 1.054867 0.25343215 58
2.6836061 0.96549064 0.049172152 95
1.8208221 1.054942 0.10846627 78
2.570101 0.92423153 -0.14130709 21
1.8212095 1.0543245 -0.03612648 73
1.4315395 0.51483077 -0.18223992 14
1.0998927 0.63491911 -0.10785752 13
0.72549617 0.26147565 -0.14297825 96
1.0798039 0.62394756 -0.19181171 36
0.73058599 0.26260242 -0.19838482 93
0.92842877 0.53678018 -0.23939174 15
2.6695971 0.9436909 0.6451214 89
1.810009 1.0447283 0.5499202 38
2.6750154 0.9466331 0.44339365 95
1.814948 1.0438473 0.39986247 41
2.6789174 0.94800454 0.2455613 94
1.8211616 1.0440956 0.2531279 56
2.6815538 0.94892913 0.04904126 95
1.8219925 1.0429039 0.10820458 73
2.6008015 0.91990191 -0.14274631 23
1.8245376 1.0435286 -0.036082845 70
1.436556 0.5081529 -0.18254416 13
1.1075202 0.63163441 -0.10829243 21
0.71991003 0.25523028 -0.14154847 96
1.0851961 0.61951733 -0.19220237 36
0.73195094 0.25877351 -0.19838482 94
0.93544686 0.53434616 -0.24051565 14
2.6756732 0.9411099 0.64624536 92
1.8076475 1.0391512 0.54862773 37
2.6789932 0.94278109 0.4437843 95
1.8146403 1.0394537 0.3993859 37
2.680568 0.94332755 0.2455613 94
1.8186769 1.0384455 0.25251943 38
2.6784887 0.94259101 0.048953995 95
1.8151451 1.0347579 0.10768122 39
2.6165369 0.92032188 -0.14353135 19
1.8176792 1.0353751 -0.035908323 42
1.4046552 0.49415714 -0.17828478 14
1.1064596 0.62846273 -0.10807497 23
0.72730392 0.2564044 -0.14297825 95
1.0969863 0.6237638 -0.19415563 40
0.73240149 0.25749564 -0.19838482 93
0.93426573 0.53149909 -0.23995371 13
2.6715145 0.92344224 0.64399755 93
1.8172585 1.0320667 0.5499202 36
2.6768911 0.92632324 0.44261235 95
1.8179247 1.0287248 0.3989093 33
2.6737001 0.92521489 0.24447185 94
1.8305651 1.03258 0.25343215 34
2.681025 0.92773783 0.048910368 92
1.822711 1.0264695 0.10781206 38
2.6425598 0.9139393 -0.14470892 20
1.83613 1.0332266 -0.03617011 52
1.4072233 0.48679563 -0.17828478 13
1.1053998 0.62020797 -0.10764006 23
0.72167426 0.25019819 -0.14154847 96
1.0916432 0.61314321 -0.19259301 38
0.73145527 0.25287378 -0.19773862 94
0.94339144 0.53020751 -0.24163955 14
2.6637454 0.91608196 0.64174974 91
1.8316536 1.0360551 0.55379736 32
2.6738324 0.92004591 0.44183102 95
1.8282589 1.0303888 0.40081567 30
2.6705999 0.91892952 0.24403608 93
1.8366859 1.0318235 0.2540406 35
2.6731834 0.91981018 0.048735842 92
1.8440732 1.0343202 0.10898963 41
2.6488738 0.91094649 -0.1449706 19
1.8444643 1.0337003 -0.036301002 54
1.3799009 0.47468856 -0.17463391 15
1.1151597 0.62316817 -0.10850988 24
0.72443193 0.24973238 -0.14202505 96
1.0991637 0.61487693 -0.19376498 38
0.73418128 0.25237629 -0.19838482 93
0.94007421 0.52616262 -0.24051565 12
2.664046 0.90009993 0.64062583 92
1.8496875 1.0335462 0.55767465 32
2.673934 0.90445399 0.44104972 95
1.8464791 1.0279924 0.40367526 31
2.6753747 0.90493375 0.24403608 94
1.8420633 1.0221926 0.2540406 31
2.6732261 0.90420216 0.048648581 91
1.8407388 1.0197924 0.10846627 29
2.6536074 0.89706457 -0.1449706 22
1.8454829 1.0215983 -0.036213744 43
1.3800157 0.46666512 -0.17432967 13
1.114055 0.6148982 -0.10807497 24
0.73270833 0.24828173 -0.14345483 95
1.104525 0.61031538 -0.19415563 36
0.73778248 0.24929617 -0.19903103 92
0.94494313 0.52242088 -0.24107762 12
2.6677661 0.89668876 0.64118779 90
1.8620268 1.0362109 0.56090558 31
2.6755087 0.8997857 0.44104972 95
1.8675637 1.03552 0.40796459 30
2.6722274 0.89867824 0.24360029 94
1.8568603 1.0262055 0.25586605 29
2.6724305 0.89873993 0.048604947 95
1.8577991 1.0250533 0.10938215 28
2.6575358 0.89322567 -0.14510144 33
1.8669407 1.0292788 -0.03660642 49
nan nan nan 0
1.1194831 0.61536771 -0.10850988 24
0.73314053 0.24700253 -0.14345483 95
1.1055886 0.60838664 -0.19415563 45
0.7405076 0.24877162 -0.19967723 90
0.94159561 0.51840287 -0.23995371 15
2.6656373 0.87995547 0.63950193 92
1.8716547 1.028783 0.56219804 30
2.6708028 0.88267136 0.4394871 95
1.87726 1.0280942 0.40891778 29
2.6721659 0.88311446 0.24316452 94
1.879612 1.0260172 0.25829998 30
2.6723521 0.88316935 0.048517689 92
1.8675201 1.0177104 0.10964382 30
2.6479495 0.87461007 -0.14431639 37
1.8744974 1.0206895 -0.03665005 49
nan nan nan 0
1.1139516 0.60471368 -0.10764006 26
0.7320922 0.24239475 -0.14297825 95
1.1044282 0.60021561 -0.19337432 37
0.73950493 0.24413943 -0.19903103 91
0.94002688 0.51112002 -0.23882981 14
2.6577566 0.87273359 0.63725412 92
1.8903745 1.0348283 0.56736767 29
2.6676464 0.87647015 0.43870577 94
1.9005718 1.0366127 0.41368371 29
2.6737032 0.87844926 0.24316452 93
1.8966433 1.0310633 0.26042965 28
2.6738894 0.8785038 0.048517689 95
1.8802522 1.0204269 0.11029802 32
2.658962 0.87309635 -0.14483975 95
1.8916397 1.0257894 -0.036955472 48
nan nan nan 0
1.1215652 0.60634512 -0.10829243 28
0.73484707 0.24187826 -0.14345483 95
1.1119763 0.60183662 -0.1945463 37
0.74452281 0.24434336 -0.20032343 90
0.94946611 0.51415491 -0.24107762 15
2.6624396 0.85834098 0.63725412 93
1.9063771 1.0306817 0.57059872 29
2.6698487 0.8617335 0.43831512 94
1.912448 1.0301524 0.41511351 28
2.6664133 0.8606208 0.24207507 94
1.9129349 1.02701 0.26195085 26
2.6689353 0.86142659 0.048343163 91
1.9031533 1.0200399 0.11134475 27
2.6634972 0.85916215 -0.14483975 95
1.9101912 1.0229788 -0.037217256 33
nan nan nan 0
1.1291103 0.60282582 -0.10872734 25
0.74311429 0.24027556 -0.14488462 95
1.1194593 0.59834969 -0.19532761 38
0.74809229 0.2411772 -0.20096964 90
0.94785869 0.50686073 -0.23995371 12
2.6591442 0.85267323 0.63613021 92
1.9209169 1.0342492 0.57447588 27
2.6619415 0.85406119 0.4367525 94
1.9336853 1.0372947 0.41940287 24
2.6607952 0.85368794 0.24142142 94
1.9365832 1.0354149 0.26499328 25
2.6728156 0.85752916 0.048386797 92
1.9291309 1.0296983 0.11278398 24
2.6649926 0.85451221 -0.14483975 95
1.9318019 1.0302706 -0.037609935 25
nan nan nan 0
1.1257709 0.59850043 -0.10829243 26
0.7295031 0.23450625 -0.14202505 94
1.1205019 0.59639496 -0.19532761 37
0.74851209 0.23987114 -0.20096964 89
0.95088708 0.50635976 -0.24051565 18
2.6590705 0.83681417 0.63500631 92
1.9348257 1.0287302 0.5770607 28
2.6710885 0.84159267 0.43753383 95
1.9520874 1.0340754 0.4222624 25
2.6676052 0.84049135 0.2416393 94
1.9485538 1.0287498 0.26590598 25
2.670115 0.84127396 0.048255898 92
1.945527 1.0254264 0.11343818 24
2.6646664 0.83905017 -0.14457808 95
1.9504255 1.0271571 -0.037871718 24
0.81649315 0.25798687 -0.10070353 9
1.1354923 0.59609389 -0.10894479 28
0.73540515 0.23214954 -0.14297825 94
1.1214274 0.58936322 -0.19493695 36
0.74745238 0.2352293 -0.20032343 90
0.95137411 0.50023115 -0.23995371 14
2.6650319 0.83408821 0.63613021 92
1.9558058 1.0355625 0.58287656 28
2.6631253 0.83398402 0.4359712 94
1.9625624 1.0352648 0.4241688 25
2.6666903 0.83509141 0.24142142 94
1.9722863 1.0369396 0.26894841 25
2.6668074 0.83512163 0.048168641 93
1.971604 1.0348414 0.11487742 26
2.6637437 0.83365411 -0.14444724 95
1.9676948 1.0319093 -0.038177136 25
0.82404929 0.25877643 -0.10161625 9
1.1497493 0.60108042 -0.11024951 25
0.7428394 0.23305261 -0.14440803 94
1.1290056 0.59086353 -0.19610892 38
0.7478618 0.2339244 -0.20032343 90
0.95224571 0.49856991 -0.23995371 14
2.6648474 0.81823009 0.63500631 92
1.9740285 1.032048 0.58675385 28
2.6580126 0.81713253 0.43440861 94
1.9853504 1.0340798 0.42798153 25
2.6567402 0.81673598 0.24011406 94
1.9842889 1.0300417 0.2698611 25
2.6591947 0.81748235 0.047950484 93
1.9858524 1.0291166 0.11540078 27
2.6585243 0.816769 -0.14392388 95
1.9841577 1.0273615 -0.038395293 25
0.8253929 0.25445819 -0.10161625 9
1.1705538 0.60425216 -0.11198916 25
0.74874377 0.23059332 -0.14536121 94
1.1277045 0.58266127 -0.19532761 35
0.7536971 0.23141193 -0.20161584 89
0.95916158 0.49583286 -0.24107762 13
2.6591384 0.81191367 0.63332039 92
1.9908056 1.0364385 0.59127724 27
2.6665206 0.81465179 0.43558055 94
1.9958572 1.0351504 0.42988792 26
2.6557796 0.8113718 0.23989619 94
1.9992957 1.03344 0.27168655 26
2.6582265 0.8121112 0.047906853 92
1.9965109 1.0302464 0.11592413 26
2.655169 0.81067288 -0.14366218 94
1.9948252 1.0284966 -0.038569819 25
0.79972041 0.24507776 -0.098269604 9
1.1804513 0.60679275 -0.11285898 25
0.74679673 0.22857359 -0.14488462 95
1.133103 0.58296722 -0.19610892 38
0.75178832 0.22939692 -0.20096964 89
0.9643479 0.4964062 -0.24220152 16
2.6588244 0.79612029 0.63219655 91
2.0004964 1.0282173 0.59256965 27
2.6589208 0.79714137 0.43362728 94
2.0099785 1.0291778 0.43179429 25
2.6576054 0.79674155 0.23967829 94
2.0157194 1.0286193 0.27320775 24
2.6648371 0.79889792 0.047950484 92
2.0085447 1.0231917 0.11631665 26
2.6593776 0.79675943 -0.14366218 95
2.0135355 1.0248674 -0.038831603 25
0.77245814 0.23237517 -0.094618723 9
1.199132 0.60854548 -0.11438116 23
0.74563116 0.22395994 -0.14440803 94
1.1317446 0.57477432 -0.19532761 35
0.7529791 0.22545743 -0.20096964 89
0.96476674 0.49023733 -0.24163955 13
2.6530657 0.78986233 0.63051063 93
2.0108783 1.029143 0.59515446 27
2.6532068 0.79038924 0.4324553 95
2.0205083 1.0301447 0.43370065 25
2.6566045 0.79139251 0.23946041 94
2.0241416 1.0284851 0.27412048 24
2.6590393 0.79210967 0.047819592 94
2.0258973 1.0276213 0.11723254 25
2.651191 0.7892738 -0.14313883 94
2.0331399 1.0304269 -0.039180648 24
0.77999979 0.23314217 -0.095531441 10
nan nan nan 0
0.74366754 0.22196203 -0.14393143 92
1.1327461 0.57279813 -0.19532761 34
0.75800425 0.22550905 -0.20226204 88
0.96345192 0.48744383 -0.24107762 13
2.6596394 0.77617717 0.63107258 92
2.0313127 1.0262536 0.59967792 27
2.650197 0.77441341 0.43128335 94
2.0390141 1.0261973 0.43656024 24
2.6511478 0.77468413 0.23858884 94
2.0494416 1.0279245 0.27685863 24
2.6607502 0.77747667 0.047775961 93
2.0401707 1.0214881 0.1177559 24
2.6504934 0.77398503 -0.14287716 90
2.0385072 1.0197674 -0.039180648 23
0.7859754 0.23044033 -0.096139923 12
nan nan nan 0
0.74481952 0.21806517 -0.14393143 92
1.153373 0.57574445 -0.19845285 33
0.75453472 0.22019519 -0.20096964 89
0.96816564 0.48349008 -0.24163955 12
2.6491551 0.76861256 0.62826282 93
2.0460324 1.0292447 0.60355514 26
2.6586604 0.77184725 0.4324553 95
2.0517616 1.028156 0.43894321 23
2.65728 0.77144116 0.23902461 94
2.0623214 1.029911 0.27837983 25
2.6573012 0.77144098 0.047688697 95
2.0575752 1.0257536 0.11867177 24
2.6542382 0.77005184 -0.14300799 89
2.0604014 1.0262775 -0.03957333 23
0.80068028 0.23319949 -0.097965367 15
2.0372622 1.015126 -0.19570921 9
0.74284083 0.21608514 -0.14345483 93
1.1676202 0.58037138 -0.20079677 31
0.76188129 0.2208786 -0.20290825 85
0.97118479 0.48289344 -0.24220152 15
2.6509316 0.75360364 0.62770092 94
2.0578761 1.0217526 0.60549372 26
2.6484129 0.75386959 0.43011141 95
2.0746982 1.0261379 0.44275597 23
2.6564915 0.75615686 0.23858884 94
2.0721333 1.0213015 0.27898833 23
2.6588998 0.75683421 0.04764507 95
2.0741076 1.0204989 0.11932597 23
2.6462252 0.75273663 -0.1423538 94
2.0769522 1.0210109 -0.039791483 23
0.79950285 0.22832792 -0.09766113 14
2.0693419 1.0176868 -0.19831866 9
0.75577039 0.21552964 -0.14583781 94
1.1794955 0.57863081 -0.20235939 36
0.76302731 0.2168864 -0.20290825 87
0.96715283 0.47455457 -0.24051565 14
2.6450777 0.74745613 0.62601501 93
2.0791216 1.0278305 0.61130959 26
2.6425946 0.74723524 0.4289394 94
2.0918827 1.0301349 0.44609213 23
2.6458223 0.7481392 0.2374994 94
2.0894911 1.0253659 0.28111801 22
2.6554046 0.75083536 0.047557805 95
2.0915647 1.0245959 0.12024185 23
2.642729 0.74676251 -0.14209211 94
2.0921888 1.0240035 -0.040053267 23
0.79990011 0.22693217 -0.09766113 14
2.071115 1.0140736 -0.19831866 8
0.74905694 0.21222045 -0.14440803 91
1.3909302 0.68025094 -0.23947163 22
0.76573044 0.216205 -0.20355445 85
0.97234797 0.47502294 -0.24163955 14
2.6514316 0.73378217 0.62657702 93
2.0953166 1.0222464 0.61454064 27
2.6536114 0.73536199 0.43011141 95
2.1016583 1.0213218 0.44704533 23
2.6545043 0.73560244 0.23793519 94
2.1059873 1.0198406 0.28263921 22
2.6496627 0.734258 0.047383279 95
2.0969007 1.0136304 0.12024185 22
2.6417899 0.73158568 -0.14183044 93
2.1110141 1.0195836 -0.040315058 23
0.79390061 0.22076268 -0.096748397 15
2.0472715 0.98907316 -0.19549175 9
0.74542534 0.20699371 -0.14345483 92
1.4033558 0.6772778 -0.24103427 20
0.76918113 0.21283118 -0.20420066 83
0.97263211 0.46885818 -0.24107762 12
2.6431839 0.72703856 0.62432921 92
2.1101191 1.0249443 0.61841786 27
2.6429849 0.72746116 0.4281581 94
2.1144729 1.0230178 0.44942826 24
2.6509807 0.72964978 0.2374994 94
2.1166966 1.0204911 0.28385615 22
2.6509402 0.72963232 0.047383279 95
2.1166468 1.018665 0.12128857 24
2.6358397 0.72499228 -0.14143792 94
2.1262946 1.0224228 -0.040576845 24
0.7918914 0.21872152 -0.09644416 17
2.0310566 0.97682685 -0.19375211 15
0.74815285 0.20633915 -0.14393143 91
1.4045358 0.67482746 -0.24103427 22
0.76722115 0.21085396 -0.20355445 83
0.96687371 0.46397001 -0.23939174 13
2.6494315 0.71335876 0.62489116 94
2.1263356 1.0191221 0.62164885 27
2.6443729 0.71297145 0.42776746 95
2.1397145 1.0214865 0.45371762 25
2.6451445 0.71317261 0.23662783 94
2.1376822 1.0168858 0.28598583 23
2.6498966 0.71444398 0.047296021 95
2.1354709 1.0140195 0.12207361 24
2.6468329 0.71312481 -0.14183044 92
2.1451564 1.0177298 -0.040838629 24
0.77385175 0.20943098 -0.094010241 18
2.042887 0.96939552 -0.19440447 9
0.75396448 0.20368773 -0.14488462 90
1.4147344 0.67065674 -0.24220623 23
0.76598114 0.20621173 -0.20290825 83
0.97588164 0.46205655 -0.24107762 17
2.6458414 0.7079401 0.6237672 94
2.1368215 1.0195866 0.62423366 26
2.6456132 0.70835507 0.42776746 95
2.1459231 1.0198659 0.45467082 24
2.646385 0.70855486 0.23662783 94
2.1528976 1.0195513 0.28781131 23
2.6487243 0.70917314 0.047252387 95
2.1507676 1.0167184 0.12285864 24
2.6336002 0.70464224 -0.14104539 93
2.1491878 1.015056 -0.04088226 23
0.77661395 0.20871849 -0.094314478 23
2.0445759 0.9658286 -0.19440447 10
0.75431883 0.20237149 -0.14488462 90
1.4382032 0.67878991 -0.24611278 22
0.76167071 0.20363826 -0.20161584 83
0.97008926 0.45720869 -0.23939174 16
2.6425619 0.69176865 0.6220814 94
2.1617782 1.0176799 0.63004953 25
2.6468966 0.6938684 0.42737678 94
2.1645539 1.0148923 0.45753035 23
2.6380115 0.69153935 0.23553839 94
2.1694374 1.0135378 0.28933251 22
2.6403093 0.69213384 0.047034234 95
2.1673646 1.0107403 0.12351285 23
2.6420848 0.69210523 -0.14130709 94
2.1725831 1.0122685 -0.041231308 23
0.76088786 0.20026794 -0.092184797 29
2.0518603 0.95616651 -0.19462194 10
0.76011837 0.19965471 -0.14583781 89
1.4238532 0.66286111 -0.24298753 23
0.77207768 0.202071 -0.20420066 81
0.97246987 0.45212305 -0.23939174 15
2.6342132 0.68517053 0.61983359 94
2.1722901 1.0180213 0.63263434 23
2.6409335 0.68738669 0.42620483 94
2.1796534 1.0173664 0.46038994 24
2.6343932 0.68568283 0.23510262 94
2.1824429 1.015003 0.29085368 23
2.6366746 0.68626869 0.046946973 95
2.180438 1.0122335 0.12416705 22
2.6312056 0.68435895 -0.14065288 94
2.1856747 1.0137552 -0.041449465 23
0.74922496 0.19583108 -0.090663597 45
2.0196683 0.93679577 -0.19136012 23
0.76046562 0.19832776 -0.14583781 88
1.4384321 0.66664338 -0.24533147 23
0.77710694 0.20192681 -0.20549306 79
0.97105128 0.44939256 -0.23882981 11
2.6402433 0.67150694 0.62039554 93
2.190732 1.0127388 0.63651156 23
2.642103 0.67294157 0.42581415 94
2.1983137 1.0121231 0.46324947 24
2.6379473 0.67187983 0.23510262 94
2.2035017 1.010834 0.29298338 23
2.6402316 0.6724537 0.046946973 95
2.2083881 1.0112394 0.12547545 23
2.632333 0.66995853 -0.14052203 94
2.2091215 1.01065 -0.04179851 24
0.75264549 0.1925146 -0.090967841 37
2.0946879 0.95846987 -0.19810121 23
0.7662524 0.19554564 -0.146791 85
1.4463886 0.66116869 -0.24611278 23
0.77346963 0.196676 -0.20420066 79
0.97117907 0.44328094 -0.23826784 15
2.6342082 0.66557354 0.61870968 94
2.2056479 1.0149964 0.64038879 23
2.6313016 0.66531098 0.42386088 94
2.2112222 1.0134182 0.46563247 24
2.631871 0.66544825 0.23444895 95
2.2187946 1.0131962 0.2948088 24
2.6389773 0.66723353 0.046903342 95
2.2192287 1.0115421 0.12599881 23
2.6407609 0.66719294 -0.14091456 95
2.2154276 1.0088731 -0.041885771 23
0.76260656 0.1936204 -0.092184797 31
2.1439118 0.97658455 -0.20266776 20
0.76183164 0.19301391 -0.14583781 84
1.4295833 0.65041053 -0.24298753 24
0.7761547 0.19591121 -0.20484686 77
0.97637832 0.44361955 -0.23939174 14
2.6330395 0.65014672 0.61758578 94
2.2241154 1.0094473 0.64426601 23
2.6395442 0.65270662 0.42464221 94
2.2366083 1.0109614 0.46992183 24
2.6401551 0.65285099 0.23488472 94
2.2331121 1.0056573 0.29602575 23
2.6375811 0.65221006 0.046816077 95
2.2358704 1.0050472 0.126653 23
2.6296737 0.6497736 -0.14012952 94
2.2457414 1.00857 -0.042365715 23
0.77083898 0.19140175 -0.093097523 31
2.1694248 0.97456968 -0.20462485 21
0.76998246 0.19077604 -0.14726759 84
1.4352193 0.64393371 -0.24337819 24
0.78186184 0.192991 -0.20613927 76
0.97646904 0.43749568 -0.23882981 13
2.6387904 0.64716721 0.61870968 94
2.2412672 1.0125531 0.64878947 24
2.6382809 0.64751184 0.42425156 94
2.2473137 1.0111005 0.47182819 23
2.6316142 0.64587432 0.23401317 95
2.2529635 1.0099115 0.29845968 23
2.6338596 0.64641738 0.046728816 95
2.2535605 1.0083101 0.12756889 22
2.6283784 0.64458996 -0.13999867 94
2.254339 1.0077217 -0.042496607 23
0.76876116 0.18946797 -0.092793278 29
2.1574922 0.96465617 -0.20332012 24
0.77508318 0.19059268 -0.14822078 83
1.4385928 0.64244121 -0.24376884 25
0.77750349 0.19048791 -0.20484686 76
0.98611331 0.43979749 -0.24107762 17
2.6304061 0.63005161 0.61589992 94
2.2663758 1.0096862 0.65460533 25
2.629627 0.63081729 0.42229825 94
2.2660258 1.005316 0.47468778 24
2.6373823 0.63266569 0.23423107 95
2.2763624 1.0061597 0.3008936 23
2.6347768 0.63203633 0.046685185 95
2.2725027 1.0025678 0.12835392 23
2.6317174 0.63081902 -0.13999867 94
2.282439 1.0060272 -0.04293292 23
0.76974267 0.18544017 -0.092793278 29
2.1761756 0.95940059 -0.20462485 10
0.77845812 0.18709968 -0.14869738 80
1.4329087 0.63089359 -0.24220623 26
0.77614027 0.1858575 -0.20420066 76
0.98617679 0.43363813 -0.24051565 15
2.6290224 0.62535697 0.61533797 94
2.2747524 1.0086782 0.65654391 26
2.6331267 0.6267969 0.42268893 94
2.287966 1.0103188 0.47897714 23
2.633636 0.62691152 0.23379527 95
2.2917321 1.0082053 0.30271906 23
2.6358757 0.62743676 0.046685185 95
2.2902381 1.0056552 0.12926981 23
2.6303854 0.62564886 -0.13986784 94
2.2910531 1.005067 -0.043063812 22
0.76765037 0.18352517 -0.092489041 79
2.1778467 0.95560092 -0.20462485 12
0.77878344 0.18574072 -0.14869738 80
1.4272313 0.62539881 -0.24103427 27
0.7811653 0.18560801 -0.20549306 74
0.97802204 0.42797163 -0.23826784 14
2.6299939 0.61057425 0.61477602 94
2.2976906 1.0045258 0.66171354 26
2.6315615 0.61188632 0.42190763 94
2.304466 1.0032434 0.48136008 23
2.6344559 0.61255097 0.23357739 94
2.3151777 1.0041237 0.30515298 23
2.6342547 0.61249804 0.04659792 95
2.3137867 1.0016171 0.13031653 22
2.6238961 0.60961443 -0.13934447 94
2.3100388 0.99903518 -0.043325596 23
0.76860082 0.17950326 -0.092489041 82
2.1965239 0.95014322 -0.20592956 12
0.77735388 0.18110926 -0.14822078 80
1.4304863 0.6179173 -0.24103427 27
0.77977258 0.18097493 -0.20484686 57
0.98248225 0.42381939 -0.23882981 17
2.6309497 0.60644233 0.61477602 94
2.3149292 1.0072874 0.66623694 24
2.630219 0.60673904 0.42151698 95
2.3174644 1.0041189 0.48374304 24
2.6355212 0.607952 0.23357739 95
2.3260326 1.0040312 0.30636993 23
2.6280115 0.60621893 0.046467029 95
2.3269866 1.0025368 0.13097073 21
2.6225231 0.6044749 -0.13921364 94
2.3255444 1.0009558 -0.043587383 23
0.76649415 0.17760712 -0.092184797 83
2.1981788 0.94630808 -0.20592956 12
0.77527642 0.17920519 -0.14774418 53
1.4338282 0.61640149 -0.24142492 27
nan nan nan 0
0.98322046 0.42210397 -0.23882981 13
2.6223071 0.58953547 0.61196619 94
2.3379138 1.0028009 0.67140657 24
2.6237223 0.59079593 0.41995436 94
2.3497522 1.0035866 0.48946217 23
2.6313782 0.59250802 0.23292372 94
2.3517923 1.0006183 0.30910811 23
2.6311498 0.59245044 0.046467029 95
2.3528702 0.99915808 0.13214828 22
2.6183441 0.58909625 -0.13882111 94
2.3514478 0.99758828 -0.043980062 23
nan nan nan 0
2.2351754 0.94846535 -0.20897393 10
nan nan nan 0
1.4324944 0.60694569 -0.24064361 27
0.92718327 0.20801131 -0.24491157 15
0.98765635 0.41790894 -0.23939174 17
2.62323 0.5854156 0.61196619 94
2.3529768 1.0044321 0.67528385 23
2.6247494 0.58621579 0.41995436 95
2.3627846 1.0043042 0.49184516 22
2.6299772 0.58737326 0.23270582 94
2.3672349 1.0023415 0.31093353 23
2.6273003 0.58677107 0.046379767 95
2.3661001 0.99992949 0.13280249 21
2.6193683 0.58452547 -0.13882111 94
2.364691 0.99836409 -0.044198219 22
1.4653968 0.3270517 -0.17980599 23
2.2987261 0.97083724 -0.21484523 9
1.2557412 0.27985626 -0.24306302 12
1.4380965 0.60637659 -0.24142492 26
0.92990345 0.20691258 -0.24555777 21
0.97942013 0.41236469 -0.23714393 12
2.6215973 0.57018203 0.61084235 94
2.3759987 0.9996224 0.68045348 23
2.6253698 0.57194072 0.41956368 94
2.3838439 0.99858433 0.49518129 21
2.6330166 0.57359475 0.23270582 94
2.3861811 0.99569064 0.31275898 23
2.6278937 0.57247621 0.046336137 95
2.3874242 0.99427378 0.13371836 21
2.6150732 0.56921464 -0.1384286 94
2.3837228 0.99175423 -0.044460002 22
1.4670893 0.31937447 -0.17980599 22
2.365813 0.98473775 -0.22071649 12
1.2643861 0.27483076 -0.24449281 13
1.4435295 0.59979254 -0.24181558 24
0.92625183 0.20102586 -0.24426536 18
0.98156583 0.40723082 -0.23714393 12
2.6248713 0.56657565 0.6114043 94
2.38887 1.0001571 0.68368453 22
2.6239502 0.56683803 0.41917303 94
2.3969011 0.99916351 0.49756429 22
2.6267097 0.56742591 0.23205216 94
2.4062355 0.99916917 0.31519291 23
2.6288886 0.5678888 0.046336137 95
2.4006796 0.99490458 0.13437256 22
2.6185038 0.5651747 -0.13855945 94
2.4062207 0.996234 -0.044852681 23
1.4652183 0.31629285 -0.17950176 23
2.3744259 0.98347843 -0.22136885 13
1.2552645 0.27056918 -0.2425864 12
1.4308988 0.59157133 -0.23947163 23
0.91242921 0.19638884 -0.24038813 20
0.97553217 0.4026992 -0.23545809 13
2.6207454 0.55086726 0.60971838 94
2.4186134 0.99781013 0.69079274 15
2.6268821 0.55309129 0.41917303 94
2.4247847 0.99596375 0.50233024 23
2.6296446 0.55366474 0.23205216 94
2.4229093 0.99127448 0.31671411 25
2.6318262 0.55411625 0.046336137 95
2.4266431 0.99085075 0.13555013 24
2.6116531 0.54940754 -0.13803609 95
2.4322195 0.99215436 -0.045245361 26
1.4619966 0.30760095 -0.17889327 23
2.3749342 0.9691425 -0.22093394 20
1.256664 0.26399297 -0.2425864 12
1.4248403 0.58031839 -0.237909 23
0.92290342 0.1935726 -0.24297296 17
0.98888987 0.40222332 -0.23826784 15
2.6192224 0.54625428 0.60915649 94
2.4248164 0.99542946 0.69208521 26
2.6302609 0.54900855 0.41956368 94
2.4355998 0.99545991 0.50423664 28
2.6184156 0.54653853 0.23096271 94
2.4407122 0.99362129 0.31884378 31
2.630342 0.54901302 0.046292506 95
2.4422369 0.99227631 0.13633516 31
2.6150525 0.54535651 -0.13816692 95
2.4432054 0.99168414 -0.045419887 33
1.4601015 0.30454519 -0.17858903 20
2.3766222 0.96499592 -0.22093394 23
1.271543 0.26478025 -0.245446 13
1.407565 0.5703572 -0.23478377 9
0.92087442 0.19147469 -0.24232674 18
0.97606546 0.39495531 -0.23489612 12
2.6125891 0.53014404 0.60690868 94
2.4434187 0.98817581 0.69596237 39
2.6209989 0.53277814 0.41761041 94
2.4612534 0.9909783 0.50852597 58
2.6188006 0.53232676 0.23074484 94
2.4458811 0.98082817 0.31884378 73
2.6307304 0.53473681 0.046248872 95
2.4612963 0.9850648 0.1371202 78
2.612978 0.53066635 -0.13790524 95
2.4506836 0.97980988 -0.045463517 83
1.4470816 0.29395062 -0.17676359 21
2.3793316 0.95160985 -0.22071649 24
1.2632883 0.2561819 -0.2435396 12
nan nan nan 0
0.9242323 0.18712485 -0.24297296 18
0.982638 0.39166281 -0.23602003 10
2.6110301 0.5255605 0.60634673 94
2.4608121 0.99024814 0.70048583 48
2.6267667 0.52917475 0.41839173 94
2.4607027 0.98576456 0.50804937 61
2.6246092 0.52873546 0.23118061 94
2.4683175 0.98486954 0.32158196 64
2.6267586 0.52916074 0.046161614 95
2.4676478 0.98262262 0.13738188 63
2.6187961 0.52708685 -0.13816692 95
2.4732792 0.98388201 -0.045856196 71
1.4281267 0.28753138 -0.17432967 20
2.3763638 0.94560593 -0.22028159 24
1.2685469 0.25493675 -0.24449281 12
nan nan nan 0
0.92692631 0.18598181 -0.24361916 21
nan nan nan 0
2.6114445 0.5109598 0.60578477 94
2.4682069 0.97824347 0.701132 30
2.6173837 0.51304746 0.41643846 94
2.4703929 0.97467613 0.50900251 30
2.6175642 0.51307648 0.23030905 94
2.4688249 0.97010916 0.32097349 35
2.6221333 0.51396257 0.046030723 95
2.4750814 0.970604 0.13751273 34
2.6190696 0.51288968 -0.13803609 95
2.4690933 0.96725559 -0.04568167 33
1.4198697 0.27815419 -0.17311272 19
2.3812826 0.93315035 -0.22028159 23
1.2626368 0.24688888 -0.24306302 13
nan nan nan 0
0.92077368 0.17975216 -0.24168053 19
nan nan nan 0
2.6074603 0.50593251 0.60466087 95
2.4901166 0.98194265 0.70694786 26
2.6182752 0.50847846 0.41643846 94
2.4835048 0.97486615 0.5113855 28
2.6209009 0.50898027 0.23052694 94
2.4889908 0.97305828 0.32340741 33
2.6254807 0.5098601 0.046074349 95
2.4907174 0.9717508 0.13829775 33
2.612607 0.50689632 -0.13764356 94
2.4893975 0.97023797 -0.046030723 33
1.4179162 0.27520597 -0.17280847 19
2.3805888 0.92808408 -0.22006413 23
1.2654757 0.24514802 -0.2435396 12
0.70283324 0.27097005 -0.11368066 3
0.92108601 0.17814483 -0.24168053 18
nan nan nan 0
2.6125534 0.4922668 0.60522282 95
2.5064726 0.97328126 0.71017891 25
2.6209016 0.49476233 0.41643846 94
2.5137389 0.97162479 0.51662809 30
2.6210823 0.49479011 0.23030905 94
2.5125656 0.96717513 0.32584134 30
2.6158316 0.49379647 0.045856196 95
2.5120747 0.96499032 0.13921364 32
2.5931423 0.48906112 -0.136466 94
2.5131013 0.96438599 -0.046379767 35
1.3973868 0.26366606 -0.17007031 19
2.3807685 0.91381353 -0.21962921 22
1.2546798 0.23626567 -0.24115664 13
0.72722691 0.27631468 -0.11758722 8
0.9291293 0.17464367 -0.24361916 20
nan nan nan 0
2.6037438 0.48637995 0.60297501 95
2.5599473 0.98900992 0.72504157 29
2.6216757 0.49064481 0.41643846 94
nan nan nan 0
2.621942 0.49021468 0.23030905 94
nan nan nan 0
2.6117747 0.48831487 0.045768932 95
nan nan nan 0
2.5694475 0.47996777 -0.1351576 95
nan nan nan 0
1.3734022 0.25694019 -0.16702791 20
2.3823595 0.90965694 -0.21962921 22
1.2550904 0.23407547 -0.24115664 12
0.70235676 0.26529327 -0.11329 12
0.92943269 0.17302176 -0.24361916 20
0.70904267 0.26853508 -0.16689989 10
2.6062548 0.47274017 0.60297501 95
2.6371024 1.0036473 0.74572015 59
2.6144896 0.47515181 0.41487584 94
2.6647904 1.0094965 0.54665345 77
2.6096859 0.47427613 0.22900173 94
2.6768718 1.0098598 0.34652963 84
2.6019144 0.4728632 0.045550779 95
2.6703663 1.0052829 0.14771824 57
2.5521903 0.46340254 -0.13411088 94
2.6809466 1.0082227 -0.049390309 92
1.3503083 0.24534284 -0.16398551 20
2.3822739 0.89582568 -0.21919431 22
1.2610899 0.22858825 -0.24210984 12
0.70373625 0.26161212 -0.11329 16
0.92554188 0.16746494 -0.24232674 18
0.70360667 0.26222491 -0.16521402 18
2.6045964 0.46821645 0.602413 95
2.6794794 1.0145011 0.75735182 88
2.6104536 0.46971676 0.41409451 94
2.6458924 0.99702221 0.54236418 77
2.6105096 0.4697206 0.22900173 94
2.6786299 1.0051862 0.34652963 84
2.6101167 0.46964401 0.04568167 95
2.6440771 0.99007016 0.14614816 57
2.5652826 0.46114722 -0.13476509 38
2.6827021 1.0035419 -0.049390309 92
1.3263062 0.23862562 -0.16094311 7
2.3884964 0.89341974 -0.21962921 23
1.2518222 0.22466707 -0.24020346 13
0.69957012 0.25864261 -0.1125087 43
0.92583275 0.1658493 -0.24232674 19
0.71090007 0.2635785 -0.16689989 40
2.6071708 0.45366243 0.602413 95
2.6826677 0.99914247 0.75670564 88
2.6129568 0.45558605 0.41409451 94
2.6903443 0.99725521 0.55046624 89
2.6056511 0.4543114 0.22834805 94
2.6863561 0.99154168 0.34683388 91
2.5929177 0.45209429 0.045332622 95
2.6845155 0.98874819 0.14811075 93
1.3452376 0.23497725 -0.069737658 6
2.6927817 0.99074614 -0.04947757 94
1.2982365 0.22637272 -0.15729222 11
2.391113 0.87920243 -0.21941178 22
1.2578564 0.21872458 -0.24115664 12
0.70095921 0.25485381 -0.1125087 93
0.938618 0.16287844 -0.24555777 19
0.70774871 0.25803167 -0.16577598 98
2.6103597 0.44952303 0.60297501 95
2.6821439 0.99361616 0.75605941 89
2.6113145 0.45060676 0.41370389 94
2.6853497 0.98953146 0.54903644 89
2.6088951 0.45018482 0.22856593 94
2.6787703 0.98341608 0.34561694 87
2.5839262 0.44542387 0.045158096 95
2.6745224 0.97974896 0.14745654 91
1.335803 0.23094128 -0.069214299 3
2.6874685 0.98345673 -0.049346674 94
1.3010752 0.22452503 -0.15759645 33
2.390306 0.87416828 -0.21919431 23
1.2533978 0.21570356 -0.24020346 12
0.70603693 0.25533774 -0.11329 95
0.93654794 0.16067253 -0.24491157 19
0.70819801 0.25679603 -0.16577598 98
2.6055439 0.43419701 0.60128915 95
2.682945 0.97742915 0.754767 89
2.6064065 0.4352566 0.41253188 94
2.6835763 0.97293699 0.54760665 88
2.5990086 0.4340204 0.22747648 96
2.6793866 0.96721578 0.34500846 88
2.5664971 0.42860866 0.044809051 69
2.6750894 0.96356457 0.14719488 91
1.3443823 0.22517103 -0.069606818 7
2.6786466 0.9638018 -0.049084891 94
1.299823 0.21707702 -0.15729222 36
2.3925085 0.86079341 -0.21897686 22
1.2618105 0.21011756 -0.24163322 11
0.70504284 0.25079575 -0.11289935 94
0.93499321 0.1553755 -0.24426536 19
0.70728737 0.2521286 -0.16521402 84
2.5990114 0.42891893 0.5996033 95
2.6846466 0.97274512 0.754767 89
2.6022141 0.4303596 0.41175058 96
2.6829631 0.96741563 0.54713005 89
2.5850174 0.42705852 0.22616915 96
2.6762342 0.96132064 0.34439999 91
nan nan nan 0
2.6789486 0.96020746 0.14732571 93
1.3423097 0.22241955 -0.069475979 9
2.6826766 0.95997113 -0.049128518 94
1.2977136 0.21463354 -0.15698798 36
2.391664 0.85577309 -0.21875939 21
1.2476429 0.20554298 -0.23877366 10
0.70547938 0.24956481 -0.11289935 95
0.93526298 0.15374339 -0.24426536 22
0.7122643 0.25267404 -0.16633794 85
2.608439 0.41645172 0.60128915 95
2.6781693 0.95507008 0.75153601 89
2.6019933 0.41634023 0.41135994 96
2.6808906 0.95135021 0.54570031 88
2.5773079 0.41240218 0.2252976 96
2.6788929 0.94646436 0.34409574 92
nan nan nan 0
2.6745265 0.94283229 0.14680235 93
1.3434182 0.21562268 -0.069475979 31
2.6780753 0.94304466 -0.048953995 94
1.2988197 0.20783584 -0.15698798 36
2.3936169 0.84282559 -0.21854195 20
1.2559395 0.20037471 -0.24020346 12
0.70212203 0.24421658 -0.11211804 95
0.93841493 0.14938252 -0.24491157 19
0.70898718 0.24730842 -0.16521402 84
2.6042769 0.41159675 0.60016519 95
2.6730075 0.94796151 0.74959737 89
2.6027162 0.41179827 0.41135994 96
2.6779211 0.9450289 0.54474711 89
2.5731034 0.40712839 0.22486182 91
2.6735213 0.93930864 0.34318301 92
1.4293053 0.22698544 0.024651524 6
2.6714585 0.93650365 0.14654067 93
1.3511913 0.21444154 -0.069868498 33
2.6750016 0.93670946 -0.048866734 94
1.2869229 0.20364699 -0.15546677 35
2.3997827 0.84030116 -0.21897686 20
1.2514378 0.19742468 -0.23925027 12
0.70487583 0.24381217 -0.1125087 95
0.93151492 0.1466323 -0.24297296 20
0.70712119 0.24525829 -0.16465206 83
2.5992408 0.39640373 0.59847939 95
2.6802132 0.93475175 0.7502436 89
2.5926306 0.39630798 0.40940663 96
2.6712465 0.92695302 0.54236418 89
2.5628889 0.39177725 0.22377236 16
2.6784027 0.92529732 0.34318301 91
1.4131758 0.21686694 0.024346106 7
2.6763258 0.92250317 0.14654067 93
1.3473592 0.20661373 -0.069606818 36
2.6822319 0.92350793 -0.048910368 94
1.2855183 0.19653444 -0.15516253 35
2.4017961 0.82690954 -0.21875939 18
1.2524543 0.1908695 -0.23925027 14
0.71080863 0.24173658 -0.11329 95
0.92988163 0.1413947 -0.24232674 17
0.71299732 0.24315313 -0.16577598 84
2.595042 0.39159688 0.59735548 95
2.672719 0.9268924 0.74765879 88
2.5884345 0.39104816 0.40862536 96
2.6659043 0.91987652 0.54093432 90
nan nan nan 0
2.6753225 0.9190014 0.34257451 92
1.4160239 0.21477178 0.024389736 26
2.6708503 0.91539103 0.14614816 91
1.3501866 0.20463257 -0.069737658 35
2.6720214 0.91475821 -0.048692212 94
1.2858593 0.19429049 -0.15516253 35
2.4055905 0.82352722 -0.21897686 14
1.2576401 0.18940707 -0.24020346 13
0.70656073 0.23888533 -0.1125087 94
0.93012697 0.13977154 -0.24232674 18
0.7157228 0.24270464 -0.16633794 84
2.6019447 0.37824807 0.59847939 95
2.670682 0.91053629 0.74572015 88
2.5880029 0.37713552 0.40823469 95
2.6683617 0.9051134 0.54045779 89
1.4810876 0.2166343 0.12790105 5
2.6730487 0.90258807 0.34166181 93
1.4319717 0.20950668 0.024651524 32
2.6756067 0.90139401 0.14614816 92
1.3413564 0.19612899 -0.069214299 34
2.6720388 0.89915299 -0.048604947 94
1.2893149 0.18790945 -0.15546677 34
2.4169466 0.81331575 -0.21962921 12
1.2488979 0.18142276 -0.23829708 15
0.70780188 0.23518252 -0.1125087 94
0.93084604 0.13489951 -0.24232674 20
0.71006477 0.23660108 -0.16465206 85
2.6001241 0.37381557 0.59791738 95
2.667695 0.90431541 0.74442774 88
2.5593252 0.36841732 0.40354684 47
2.6652889 0.89887863 0.53950459 90
1.4863942 0.2147551 0.12833683 6
2.6746199 0.89792132 0.34166181 92
1.4075912 0.20346346 0.024215212 31
2.6629796 0.89194244 0.14536311 92
1.3416966 0.1937876 -0.069214299 34
2.6641271 0.89130056 -0.048430424 94
1.2847277 0.18495876 -0.15485829 35
2.4160018 0.80830175 -0.21941178 10
1.2589319 0.18062253 -0.24020346 17
0.71757084 0.23710212 -0.11407132 91
0.92868865 0.13293731 -0.24168053 20
0.71278423 0.23614164 -0.16521402 82
2.5972819 0.35907844 0.59679353 95
2.6678135 0.88880086 0.74313533 88
nan nan nan 0
2.6653023 0.88335931 0.53855139 90
1.4751624 0.2052687 0.12724738 21
2.6651533 0.87921751 0.33983639 91
1.4111135 0.19643199 0.024258845 32
2.6676133 0.87798697 0.14536311 95
1.3377464 0.18607876 -0.06895262 35
2.6711309 0.87812358 -0.048474055 94
1.2881371 0.17856663 -0.15516253 34
2.4202011 0.79564065 -0.21941178 9
1.2525656 0.17303169 -0.23877366 15
0.71880251 0.23334171 -0.11407132 92
0.93655133 0.12904742 -0.24361916 20
0.71863449 0.23394255 -0.16633794 90
2.5930152 0.35434201 0.59566957 95
2.6716518 0.88490635 0.74378151 89
nan nan nan 0
2.6621804 0.87716246 0.53759819 90
1.4853894 0.20403713 0.12811893 25
2.6619704 0.87301046 0.33922789 92
1.4015471 0.19262055 0.02408432 31
2.6596553 0.87020904 0.14483975 93
1.3430169 0.18441615 -0.069214299 35
2.6584115 0.86877841 -0.048212271 94
1.2859877 0.17598525 -0.15485829 34
2.4310496 0.79452688 -0.22028159 9
1.2601621 0.17182921 -0.24020346 16
0.70982724 0.2289969 -0.1125087 92
0.93677515 0.12741262 -0.24361916 19
0.71672863 0.23192386 -0.16577598 88
2.5973098 0.34062231 0.59623158 95
2.6670673 0.86790121 0.74119669 89
1.5548759 0.20521238 0.24259689 5
2.6644034 0.86245173 0.53712159 90
1.4716206 0.19431938 0.12681161 27
2.6665051 0.85906047 0.33922789 93
1.4025364 0.18527946 0.02408432 32
2.6689267 0.85780674 0.14510144 93
1.3464395 0.1777049 -0.069345139 34
2.6605451 0.85407937 -0.048168641 94
1.2893522 0.16956946 -0.15516253 3
2.4493964 0.78637993 -0.2215863 9
1.2561769 0.16459821 -0.23925027 16
0.71806467 0.2275577 -0.11368066 92
0.94222003 0.1231222 -0.24491157 20
0.71793318 0.22816791 -0.16577598 85
2.5905936 0.33560842 0.59454572 95
2.6662817 0.86249793 0.74055052 88
1.5454357 0.20123471 0.24103427 14
2.6635695 0.85704464 0.536645 90
1.4793677 0.19270645 0.12746528 27
2.6561904 0.85060215 0.33770669 93
1.4003786 0.18251149 0.024040688 32
2.6609118 0.85009289 0.14457808 93
1.3368431 0.17407884 -0.06882178 33
2.6596515 0.84867078 -0.048125006 95
1.2896463 0.16731887 -0.15516253 3
2.4863348 0.79352391 -0.22484814 9
1.2613311 0.1630275 -0.24020346 17
0.72316211 0.22781624 -0.11446197 91
0.94243348 0.12147753 -0.24491157 20
0.71833026 0.22691453 -0.16577598 91
2.5899539 0.321289 0.59398377 95
2.6569586 0.8441152 0.7366733 90
1.5489187 0.19344318 0.24142492 21
2.6563258 0.83937007 0.53426206 90
1.4655263 0.18312386 0.12615794 27
2.6606078 0.8366828 0.33770669 92
1.4062765 0.17579025 0.024127949 33
2.6605647 0.83464646 0.14431639 94
1.3377362 0.16707678 -0.06882178 34
2.6569064 0.8324796 -0.047994114 95
1.2954303 0.16116971 -0.15577102 2
2.5355854 0.79472405 -0.22897977 15
1.2572954 0.15582451 -0.23925027 16
0.71963584 0.22253916 -0.11368066 87
0.93826187 0.11595854 -0.24361916 20
0.71718627 0.22241448 -0.16521402 89
2.5832009 0.31633729 0.59229791 95
2.6538241 0.8380146 0.73538089 89
1.5296448 0.18834917 0.23829968 21
2.6601272 0.83547187 0.5347386 91
1.4608995 0.17996305 0.12572215 26
2.6549625 0.82980561 0.33679396 92
1.3966562 0.17212573 0.023953427 32
2.6548705 0.8277607 0.14392388 94
nan nan nan 0
2.6607411 0.82858825 -0.048037749 94
1.2957096 0.1589085 -0.15577102 2
2.5631106 0.79848987 -0.23137176 19
1.2478195 0.15245393 -0.23734389 18
0.7247349 0.22276211 -0.11446197 87
0.94086069 0.11460799 -0.24426536 19
0.71989691 0.22189415 -0.16577598 92
2.5848746 0.30235624 0.59229791 94
2.6535645 0.8226698 0.73408848 90
1.5379679 0.18119527 0.23947163 23
2.6621213 0.82080519 0.53426206 91
1.4618217 0.17231137 0.12572215 27
2.6568997 0.81516123 0.33648971 94
1.3975382 0.16481052 0.023953427 32
2.6639409 0.81531751 0.14418554 94
nan nan nan 0
2.6602643 0.81317616 -0.047950484 95
1.3014538 0.15269333 -0.15637949 2
2.5743976 0.78725547 -0.23202413 22
1.2486007 0.14591831 -0.23734389 21
0.7235316 0.21823706 -0.11407132 87
0.94384724 0.10995475 -0.24491157 18
0.73035818 0.22099991 -0.16802379 95
2.582926 0.2980181 0.59173596 94
2.6503828 0.81660736 0.73279607 91
1.5407352 0.17879245 0.23986229 23
2.6518235 0.81254339 0.53187907 91
1.459646 0.16947566 0.12550427 27
2.655946 0.8097952 0.33618551 94
1.4027902 0.16294137 0.024040688 33
2.6534224 0.80701506 0.14353135 93
1.3639467 0.15824014 -0.070130177 2
2.6521173 0.8056103 -0.047775961 95
1.2967875 0.14985895 -0.15577102 3
2.5805311 0.78421742 -0.23245904 23
1.2439766 0.14318494 -0.23639071 16
0.73099452 0.21914352 -0.11524329 87
0.94163793 0.10803681 -0.24426536 19
0.72608566 0.21829391 -0.16689989 96
2.5845006 0.28403881 0.59173596 94
2.6523118 0.80201596 0.73214984 91
1.5342864 0.16991627 0.23869032 24
2.6536922 0.79793686 0.53140247 92
1.4605132 0.16183068 0.12550427 27
2.6601498 0.7958777 0.33618551 94
1.4085938 0.15613844 0.024127949 34
2.662394 0.79454654 0.14379303 94
1.3449023 0.1489255 -0.06908346 3
2.6586936 0.79243082 -0.047819592 95
1.3024881 0.14360382 -0.15637949 3
2.5917585 0.77284217 -0.2331114 23
1.2520288 0.13746214 -0.23782048 17
0.72976708 0.21460222 -0.11485262 87
0.93978947 0.10284705 -0.24361916 19
0.72955096 0.21519242 -0.16746184 96
2.5873659 0.28023931 0.59229791 95
2.6513953 0.79668671 0.73150367 91
1.5345805 0.16723819 0.23869032 23
2.64803 0.79118472 0.52997267 92
1.4632697 0.15954818 0.12572215 27
2.6567798 0.78981167 0.33557701 93
1.4014084 0.15287638 0.023997057 33
2.6518152 0.78633028 0.14313883 93
1.3476424 0.14684501 -0.069214299 3
2.6504903 0.78493446 -0.04764507 95
1.2953346 0.14053796 -0.15546677 4
2.58833 0.76689446 -0.23267651 24
1.2400652 0.13397706 -0.23543751 14
0.72540849 0.21191482 -0.11407132 85
0.93756574 0.10095295 -0.24297296 20
0.72525847 0.21252041 -0.16633794 90
2.5864205 0.26598883 0.59173596 94
2.6462693 0.78004634 0.72891885 90
1.5256095 0.15819415 0.23712771 24
2.6544902 0.77800304 0.53044933 92
1.4591302 0.15137668 0.12528639 28
2.6584976 0.77519143 0.33527276 93
1.4121362 0.14655565 0.024171581 33
2.6534996 0.77173352 0.14300799 93
1.3483928 0.13978679 -0.069214299 3
2.6521645 0.77034473 -0.047601435 95
1.2985214 0.13400492 -0.15577102 5
2.5970907 0.75472957 -0.2331114 24
1.2407496 0.12748228 -0.23543751 20
0.7217688 0.20672515 -0.11329 85
0.93327558 0.095560275 -0.24168053 18
0.72636122 0.20872004 -0.16633794 94
2.5747163 0.26070759 0.5889262 94
2.6429935 0.77406114 0.72762638 91
1.5234265 0.15528384 0.23673706 23
2.651134 0.77198887 0.52949607 92
1.4643478 0.14932881 0.12572215 27
2.6574647 0.76985604 0.33496854 94
1.4024415 0.14308904 0.023997057 33
2.6524453 0.76640421 0.14287716 93
1.3486347 0.13743319 -0.069214299 4
2.6535048 0.76571465 -0.047601435 95
1.3036917 0.13223214 -0.15637949 7
2.591229 0.74811113 -0.23245904 27
1.2385283 0.12507369 -0.23496091 17
0.72924119 0.20753555 -0.11446197 85
0.94305456 0.094878957 -0.24426536 21
0.72906268 0.20813489 -0.16689989 92
2.5785141 0.24700379 0.58948815 94
2.6423702 0.75887084 0.72633404 91
1.5242186 0.1473051 0.23673706 23
2.645705 0.75538623 0.52758974 92
1.4725474 0.14236911 0.12637582 27
2.6614592 0.75593108 0.33496854 95
1.3981949 0.13526914 0.023909796 33
2.6516197 0.75113684 0.14261547 93
1.3393946 0.12942317 -0.068690941 4
2.6502657 0.74975747 -0.047470544 95
1.2969549 0.12470237 -0.15546677 7
2.597506 0.7352156 -0.23267651 30
1.2440526 0.11904727 -0.2359141 23
0.73269224 0.20439216 -0.11485262 85
0.93391997 0.0890425 -0.24168053 22
0.73482627 0.20565596 -0.16802379 92
2.5716226 0.24227303 0.58780229 94
2.6436908 0.75425792 0.72633404 92
1.5195564 0.14418414 0.23595574 24
2.644659 0.75009388 0.52711314 95
1.4603955 0.13863777 0.12528639 28
2.6532261 0.74857384 0.33375156 93
1.4083838 0.13376088 0.02408432 33
2.6529269 0.7465077 0.14261547 94
1.3445898 0.12754998 -0.06895262 6
2.6467593 0.7437703 -0.047383279 95
1.2996415 0.12266821 -0.15577102 7
2.5939922 0.72932476 -0.23224159 29
1.2515898 0.11755333 -0.23734389 25
0.73067224 0.20243947 -0.11446197 84
0.9388839 0.087852649 -0.24297296 22
0.73752719 0.20503969 -0.16858575 93
2.5728958 0.22835575 0.58780229 94
2.6406295 0.73844236 0.72439539 92
1.5202905 0.13622583 0.23595574 24
2.6485505 0.73623621 0.52711314 93
1.463582 0.13120851 0.12550427 28
2.6499374 0.73267573 0.33283883 95
1.4040849 0.12594473 0.023997057 33
2.651988 0.73127168 0.1423538 93
1.3502131 0.12094666 -0.069214299 5
2.6506176 0.72990173 -0.047383279 95
1.2928501 0.11521155 -0.15485829 7
2.6001754 0.7163983 -0.23245904 33
1.2521881 0.11099844 -0.23734389 26
0.72458476 0.19662753 -0.11329 85
0.9441433 0.083350576 -0.24426536 20
0.73155105 0.19921239 -0.16689989 93
2.5683975 0.22389443 0.58667839 94
2.6442401 0.73448277 0.72504157 92
1.5254461 0.13399835 0.23673706 24
2.6498313 0.73161256 0.52711314 93
1.4514029 0.12757941 0.12441482 28
2.6464288 0.72672766 0.33223039 94
1.3993222 0.1230626 0.023909796 33
2.6484463 0.72531521 0.14209211 93
1.3429602 0.11794495 -0.06882178 6
2.6494772 0.72461098 -0.047339648 95
1.2955215 0.11316732 -0.15516253 8
2.5942185 0.70987493 -0.23180668 37
1.2474895 0.10839526 -0.23639071 25
0.7320677 0.19733353 -0.11446197 85
0.94910026 0.082109302 -0.24555777 20
0.7389406 0.19988583 -0.16858575 92
2.5744274 0.21038812 0.58780229 94
2.6364038 0.71743715 0.72181058 91
1.5261267 0.12600933 0.23673706 23
2.6465218 0.71579403 0.52568334 93
1.452051 0.11997816 0.12441482 28
2.6478026 0.7122125 0.33192614 95
1.3999474 0.11573411 0.023909796 32
2.654618 0.71208888 0.14222296 94
1.3435594 0.11091164 -0.06882178 7
2.653235 0.71072859 -0.047339648 95
1.2960963 0.10638247 -0.15516253 7
2.6075177 0.6988771 -0.23267651 36
1.2504861 0.10205792 -0.23686729 24
0.73785836 0.19478677 -0.11524329 87
0.94229466 0.076566495 -0.24361916 20
0.74232811 0.19665189 -0.1691477 92
2.5747545 0.20634396 0.58780229 94
2.6353216 0.71220064 0.72116441 93
1.5312673 0.12373733 0.23751837 23
2.6453979 0.71053326 0.52520674 93
1.4621887 0.11823395 0.12528639 27
2.6514378 0.70823449 0.33223039 95
1.3951637 0.11289398 0.023822535 32
2.6413882 0.70357507 0.14143792 93
1.3362846 0.10797367 -0.068429261 7
2.647228 0.70415711 -0.047208756 94
1.2913326 0.10372996 -0.15455405 9
2.5967052 0.69110209 -0.23158923 31
1.2384292 0.098916784 -0.23448433 26
0.73342746 0.19221795 -0.11446197 85
0.94483465 0.075108305 -0.24426536 18
0.74267024 0.195356 -0.1691477 92
2.5709746 0.19205089 0.58667839 94
2.6366806 0.6977706 0.72051817 93
1.5294317 0.11553495 0.23712771 23
2.6419649 0.69478792 0.52377695 93
1.4528533 0.10983808 0.12441482 27
2.6527102 0.69371021 0.33192614 95
1.4032139 0.10614313 0.023953427 32
2.6426218 0.68910134 0.14130709 93
1.3467908 0.10171378 -0.06895262 7
2.6436248 0.68838507 -0.047077864 94
1.2844338 0.096420653 -0.15364133 31
2.5954702 0.6762324 -0.23115432 31
1.2364825 0.092252165 -0.23400773 25
0.73442394 0.18837513 -0.11446197 84
0.9355799 0.069464438 -0.24168053 19
0.74132746 0.19084328 -0.16858575 91
2.5737028 0.18818805 0.58724034 94
2.6378944 0.69316769 0.72051817 93
1.5222427 0.11232933 0.23595574 23
2.6407998 0.68955177 0.52330035 92
1.4530427 0.10730221 0.12441482 27
2.6419129 0.68594128 0.33040491 93
1.3959178 0.10315122 0.023822535 31
2.6389883 0.68322849 0.14104539 93
1.3345158 0.098461851 -0.068298422 7
2.6424034 0.6831404 -0.047034234 94
1.2821251 0.094000906 -0.15333709 33
2.5942364 0.67107362 -0.23093687 26
1.2415375 0.090443179 -0.23496091 26
0.73953009 0.18834043 -0.11524329 84
0.94051778 0.068170883 -0.24297296 19
0.7416594 0.18954912 -0.16858575 92
2.5673916 0.17377214 0.58555448 96
2.6391499 0.6787408 0.71987194 93
1.5252736 0.10452317 0.23634639 23
2.6396208 0.67449206 0.52234721 93
1.4535847 0.099692658 0.12441482 27
2.6454682 0.67209893 0.33040491 93
1.3964387 0.095840834 0.023822535 31
2.647368 0.6706357 0.14130709 94
1.339995 0.091807425 -0.068560101 30
2.6459439 0.66929549 -0.047034234 94
1.2850755 0.087451331 -0.15364133 38
2.5759945 0.6519447 -0.22897977 23
1.2444429 0.084103085 -0.23543751 26
0.74525857 0.18581808 -0.1160246 84
0.94086194 0.063245431 -0.24297296 18
0.74972081 0.18747818 -0.17027161 91
2.5627997 0.16942126 0.58443058 96
2.6356528 0.67293072 0.71857959 93
1.5205079 0.10180331 0.23556508 23
2.6384163 0.6692766 0.52187061 93
1.4587266 0.097481295 0.1248506 26
2.6441157 0.66733134 0.33010069 93
1.3941096 0.093239956 0.023778902 30
2.6363177 0.66341007 0.14065288 94
1.3301882 0.088817157 -0.068036743 29
2.6349914 0.66161269 -0.046816077 94
1.2827352 0.085271642 -0.15333709 37
nan nan nan 0
1.2421387 0.081773482 -0.23496091 24
0.74079496 0.18330227 -0.11524329 84
0.93615043 0.061297413 -0.24168053 21
0.75473565 0.18750286 -0.17139551 91
2.5612199 0.15585405 0.58386856 95
2.6413667 0.66017151 0.71922576 93
1.5234849 0.093989618 0.23595574 23
2.6370082 0.65472311 0.52091736 93
1.4592015 0.090096802 0.1248506 27
2.6379411 0.65108323 0.32888371 94
nan nan nan 0
2.6349084 0.64839602 0.1403912 93
1.3331128 0.082233593 -0.068167582 31
2.6383064 0.64826739 -0.046816077 94
1.2757331 0.078110032 -0.15242437 37
nan nan nan 0
1.2400869 0.075340316 -0.23448433 27
0.74653763 0.1806107 -0.1160246 83
0.94609255 0.05712118 -0.24426536 19
0.75334334 0.18295962 -0.17083356 89
2.5663254 0.1521154 0.58499253 96
2.6378291 0.6543895 0.71793336 93
1.5285769 0.091619939 0.23673706 24
2.6405289 0.65071088 0.52139401 95
1.4543841 0.087257951 0.12441482 25
2.6414828 0.64707261 0.32918796 94
nan nan nan 0
2.6311877 0.64260358 0.14012952 94
1.3332543 0.079906754 -0.068167582 36
2.6418612 0.6442579 -0.046859708 94
1.2857764 0.076458156 -0.15364133 37
nan nan nan 0
1.2353162 0.072894149 -0.23353115 26
0.74924934 0.17989816 -0.11641525 82
0.94619071 0.055469852 -0.24426536 18
0.74893194 0.18047494 -0.16970965 89
2.559813 0.13784052 0.58330667 95
2.6341813 0.63884938 0.71599478 93
1.5216383 0.083219662 0.23556508 24
2.6367452 0.63514006 0.51996422 93
nan nan nan 0
2.6351855 0.63090581 0.32797101 93
1.3976275 0.076578096 0.023822535 2
2.6320887 0.62823427 0.13999867 94
1.3436393 0.073221616 -0.068690941 37
2.6379066 0.6286658 -0.046728816 94
1.2812033 0.069463365 -0.15303284 37
nan nan nan 0
1.23323 0.066297069 -0.23305453 25
0.75258172 0.17655078 -0.11680591 82
0.94888008 0.050638735 -0.24491157 17
0.75460225 0.17769589 -0.17083356 85
2.5624824 0.13349754 0.58386856 96
2.637639 0.63481998 0.71664095 94
1.5193151 0.080436267 0.23517443 24
2.6331873 0.6289283 0.51901102 93
nan nan nan 0
2.6314561 0.62515044 0.32736254 94
1.4002682 0.074023344 0.023866164 2
2.6283243 0.62248057 0.139737 94
1.3412718 0.070748366 -0.068560101 37
2.6389999 0.62406087 -0.046728816 94
1.286279 0.067479953 -0.15364133 37
nan nan nan 0
1.2284418 0.063897103 -0.23210135 29
0.76009369 0.17695878 -0.11797787 80
0.95138764 0.048936162 -0.24555777 18
0.76912415 0.17978816 -0.17420526 68
2.5534334 0.11918417 0.58162081 95
2.6386852 0.61998338 0.71599478 94
1.5172614 0.072100677 0.23478377 24
2.6340554 0.61457086 0.51853442 93
nan nan nan 0
2.6348002 0.6109038 0.32736254 94
1.4056305 0.066921718 0.023953427 3
2.626791 0.60711843 0.13947532 94
1.3391299 0.063609555 -0.068429261 37
2.6325989 0.60750896 -0.046554293 94
1.2791888 0.060180575 -0.15272862 36
nan nan nan 0
1.233673 0.057470635 -0.23305453 31
nan nan nan 0
0.95163083 0.043954059 -0.24555777 21
nan nan nan 0
2.5633519 0.11560492 0.58386856 96
2.6303589 0.61316782 0.71340996 95
1.517385 0.06945245 0.23478377 24
2.6351242 0.6099726 0.51853442 94
nan nan nan 0
2.633445 0.605744 0.32705829 94
1.3932595 0.06391228 0.023735272 3
2.6302793 0.603095 0.13960616 94
1.3367448 0.061161593 -0.068298422 37
2.6287837 0.60178953 -0.046467029 94
1.2867289 0.058273885 -0.15364133 36
1.566058 0.35691056 -0.1372139 20
1.2264158 0.054998804 -0.23162474 30
1.4854592 0.33909056 -0.23556508 36
0.9492932 0.04219069 -0.24491157 17
1.0480111 0.23878191 -0.23995371 20
2.5590715 0.10154465 0.58274472 95
2.6264718 0.59776706 0.71147132 93
1.5251299 0.061797358 0.23595574 24
2.6263173 0.59344202 0.51615149 93
1.4856641 0.060240641 0.12702949 2
2.63416 0.59139937 0.32675403 94
1.3960725 0.056714475 0.023778902 3
2.6236594 0.58711749 0.1390828 94
1.3320574 0.053966451 -0.068036743 36
2.636776 0.58911532 -0.046554293 94
1.2795777 0.051248759 -0.15272862 36
1.5217431 0.33830273 -0.13308226 22
1.2242346 0.04848323 -0.23114817 30
1.47758 0.3291316 -0.23400246 38
0.95191449 0.037309404 -0.24555777 17
1.0658766 0.23706338 -0.24388736 16
2.5592279 0.097524755 0.58274472 95
2.6275113 0.59318209 0.71147132 95
1.5203004 0.058950134 0.23517443 24
2.6297429 0.58939809 0.51662809 94
1.4534136 0.056432955 0.12419693 2
2.6279247 0.58517075 0.32584134 94
1.3986673 0.054371562 0.023822535 4
2.6271162 0.5830825 0.13921364 95
1.3246651 0.051361818 -0.067644224 36
2.6256027 0.58178806 -0.046336137 95
1.2846247 0.049198117 -0.15333709 36
1.4883035 0.32804021 -0.1300379 23
1.2267698 0.046435535 -0.23162474 31
1.4853808 0.328172 -0.23517443 48
0.94715112 0.035476852 -0.24426536 19
1.0544058 0.23252912 -0.24107762 15
2.5572834 0.083598845 0.58218277 95
2.6282232 0.57889283 0.71082509 95
1.5205882 0.050989088 0.23517443 24
2.6303961 0.57509249 0.51615149 94
1.4636458 0.049143758 0.12506849 3
2.6309526 0.57140303 0.32584134 94
1.4114244 0.047450915 0.024040688 5
2.6252549 0.56825441 0.13895196 95
1.3249158 0.044425212 -0.067644224 36
2.6310554 0.56856465 -0.046379767 95
1.2873447 0.042549569 -0.15364133 36
1.4681005 0.31546795 -0.1280808 25
1.2294492 0.040087808 -0.23210135 31
1.482254 0.31933552 -0.23439312 57
0.95215178 0.030662935 -0.24555777 18
1.0651262 0.22909416 -0.24332541 17
2.5452371 0.079211928 0.579373 95
2.6197956 0.57222718 0.70824027 95
1.5132705 0.048108857 0.23400246 24
2.6170106 0.56735635 0.5132919 94
1.4786654 0.047045477 0.12637582 5
2.6198213 0.56417775 0.32432011 94
1.4015112 0.044682104 0.023866164 5
2.6213624 0.56261557 0.13869028 95
1.3150097 0.041809507 -0.067120865 36
2.6247134 0.5623883 -0.046248872 95
1.2824565 0.040154573 -0.15303284 35
1.4637803 0.31185254 -0.12764589 25
1.227064 0.037870005 -0.23162474 29
1.4803958 0.31622493 -0.23400246 63
0.9497897 0.028932374 -0.24491157 17
1.0631442 0.2267167 -0.24276346 20
2.5553694 0.065682955 0.58162081 96
2.6251168 0.55900925 0.70888644 95
1.5159701 0.04024725 0.23439312 24
2.6271462 0.55518055 0.51472169 94
1.4664432 0.038987491 0.12528639 5
2.6251669 0.55096656 0.32462436 94
1.404225 0.037406486 0.023909796 6
2.6218297 0.54836732 0.13855945 95
1.3276894 0.035237283 -0.067775063 35
2.6300683 0.54915267 -0.046292506 95
1.2876104 0.033561245 -0.15364133 35
1.4605192 0.30315688 -0.12721099 25
1.229699 0.03150373 -0.23210135 31
1.4771993 0.30744839 -0.23322116 63
0.94751388 0.023902858 -0.24426536 18
1.0547849 0.21912444 -0.24051565 15
2.5457277 0.061441042 0.579373 95
2.6166401 0.55241489 0.70630163 95
1.511101 0.037484974 0.23361182 24
2.6185064 0.54856521 0.5128153 94
1.4615293 0.036310654 0.1248506 5
2.6188388 0.54485518 0.32371163 94
1.406787 0.035014484 0.023953427 6
2.6154516 0.54225767 0.13816692 95
1.3302449 0.032978363 -0.067905903 35
2.6187882 0.5420078 -0.046074349 95
1.2703017 0.030916782 -0.15151165 34
1.4561702 0.29958871 -0.12677607 25
1.2223915 0.029192986 -0.23067155 32
1.4777336 0.30486971 -0.23322116 56
0.94272506 0.022145417 -0.24297296 18
1.064701 0.21928909 -0.24276346 14
2.5460231 0.047666494 0.579373 95
2.6147676 0.53772563 0.70500928 95
1.5236208 0.02979864 0.23556508 24
2.6189392 0.53435248 0.5123387 94
1.4616994 0.028657645 0.1248506 5
2.6167936 0.53014195 0.32310316 94
1.4019526 0.027556509 0.023866164 7
2.6182547 0.52855581 0.13816692 95
1.3328954 0.026058109 -0.068036743 34
2.6240399 0.52878642 -0.04611798 95
nan nan nan 0
1.4503971 0.29047054 -0.12612371 26
1.229889 0.022918111 -0.23210135 31
1.4623737 0.29367325 -0.23048657 41
0.95007229 0.017326633 -0.24491157 18
1.0610616 0.21273334 -0.24163955 13
2.5436594 0.043627195 0.57881105 95
2.6157022 0.53316116 0.70500928 95
1.5137948 0.026975613 0.23400246 24
2.6198678 0.52978075 0.5123387 94
1.4617472 0.026106454 0.1248506 5
2.620147 0.5260666 0.32340741 95
1.3945009 0.024985269 0.023735272 7
2.6216204 0.52447915 0.13829775 95
1.3279463 0.023649814 -0.067775063 9
2.6225085 0.52371222 -0.046074349 95
nan nan nan 0
1.4338123 0.28449282 -0.12460153 26
1.2201117 0.02062075 -0.23019497 32
1.4556229 0.28965247 -0.22931461 30
0.95010114 0.015668418 -0.24491157 16
1.066206 0.21185079 -0.24276346 13
2.5414224 0.029837314 0.5782491 95
2.6160896 0.51898408 0.70436305 95
1.5139151 0.019049067 0.23400246 25
2.6226058 0.516056 0.5123387 94
1.4668446 0.018508948 0.12528639 6
2.615562 0.5109008 0.32249466 94
1.3996114 0.017740084 0.023822535 9
2.6218812 0.51026422 0.13816692 96
nan nan nan 0
2.6227615 0.50949287 -0.046030723 95
1.2755473 0.015448035 -0.15212013 3
1.4377261 0.27746096 -0.12481898 22
1.2251109 0.014281692 -0.23114817 33
1.4425825 0.27916691 -0.22697067 25
0.94292533 0.010626489 -0.24297296 16
1.0625211 0.20532061 -0.24163955 14
2.5463376 0.025891136 0.579373 95
2.6169913 0.51441735 0.70436305 95
1.5139461 0.01640676 0.23400246 24
2.6138706 0.50958294 0.51043236 94
1.456913 0.015853168 0.12441482 7
2.609143 0.5049082 0.32158196 95
1.3921416 0.015225291 0.023691639 29
2.6105144 0.50330335 0.13751273 95
nan nan nan 0
2.611378 0.50253189 -0.045812566 95
1.2706095 0.013177587 -0.15151165 3
1.4088711 0.26924869 -0.12220953 20
1.2226799 0.012122889 -0.23067155 34
nan nan nan 0
0.94052756 0.008962635 -0.24232674 18
1.0652685 0.20393403 -0.24220152 17
2.5440047 0.012104036 0.57881105 95
2.6054213 0.49796283 0.70048583 95
1.5066035 0.0084472457 0.23283051 24
2.6116819 0.49496755 0.50947911 94
1.4544855 0.0082137398 0.12419693 25
2.6166272 0.49216563 0.32219043 94
1.394702 0.0079467865 0.023735272 27
2.615567 0.49009189 0.13764356 96
1.3381224 0.0074663577 -0.068298422 2
2.6090608 0.48792452 -0.045725301 95
1.2781054 0.0065518254 -0.15242437 3
1.4078143 0.2614058 -0.12199207 20
1.2251809 0.0057285256 -0.23114817 34
1.2989296 0.24150501 -0.20353137 7
0.93814647 0.0040324642 -0.24168053 18
1.0639285 0.19789787 -0.24163955 16
2.5440207 0.0081079099 0.57881105 95
2.6086586 0.49386811 0.701132 95
1.506616 0.0058177146 0.23283051 24
2.6077194 0.48949477 0.50852597 94
1.4495168 0.0056621325 0.12376115 27
2.6126044 0.48668078 0.32158196 95
1.3897145 0.0054994738 0.023648011 29
2.6066029 0.48368743 0.1371202 94
1.3306438 0.0051125828 -0.067905903 3
2.6074514 0.48291075 -0.04568167 95
1.3004475 0.0043639783 -0.15516253 3
nan nan nan 0
1.2325515 0.0036004537 -0.23257795 37
1.2799337 0.23559359 -0.20040613 7
0.9453972 0.0023988783 -0.24361916 19
1.0642723 0.19604068 -0.24163955 18
2.5367191 -0.0056349337 0.57712519 95
2.6112087 0.48020253 0.701132 95
1.5016873 -0.0020580224 0.2320492 24
2.6126602 0.47627842 0.50900251 94
1.4545076 -0.0019406026 0.12419693 23
2.6151171 0.4729946 0.32158196 95
1.3997227 -0.0018032723 0.023822535 31
2.6140122 0.47092634 0.13738188 96
1.3381419 -0.0018756046 -0.068298422 2
2.6050253 0.46835861 -0.045594409 95
1.2781199 -0.00237112 -0.15242437 3
1.3679483 0.24400084 -0.11829534 20
1.2325535 -0.0028531908 -0.23257795 36
1.273862 0.22756031 -0.19923416 30
0.95264184 -0.0025853619 -0.24555777 16
1.0652841 0.19046548 -0.24163955 16
2.5440152 -0.0096527571 0.57881105 95
2.6049173 0.474334 0.69919342 95
1.5041505 -0.0046897307 0.23243985 24
2.6038299 0.46995744 0.50709617 94
1.44454 -0.0044357255 0.12332538 23
2.6134965 0.46798807 0.32127771 94
1.389719 -0.0042026187 0.023648011 31
2.6050022 0.46459317 0.13685852 94
1.3356401 -0.0041997698 -0.068167582 3
2.5861576 0.46027356 -0.045245361 78
1.2905209 -0.0046646534 -0.15394558 4
1.3291535 0.23455639 -0.11481606 6
1.2448171 -0.005072929 -0.23496091 37
1.2523867 0.22138973 -0.19571826 33
0.94539088 -0.0042012441 -0.24361916 18
1.0704088 0.18947539 -0.24276346 13
2.5390537 -0.023368526 0.57768714 96
2.6026101 0.45983952 0.69790101 95
1.511513 -0.012636454 0.23361182 24
2.6086717 0.45674491 0.50757277 94
1.4519681 -0.012070944 0.12397905 24
2.6061347 0.45258248 0.32006076 95
1.3896779 -0.01147908 0.023648011 34
2.6024802 0.45008779 0.13659684 94
1.3355998 -0.011193076 -0.068167582 3
nan nan nan 0
1.2954414 -0.011472813 -0.15455405 5
1.3180963 0.22545281 -0.1137288 8
1.2423195 -0.011564121 -0.23448433 35
1.2510965 0.21440344 -0.19532761 34
0.9526006 -0.0092359399 -0.24555777 19
1.0737853 0.18429035 -0.24332541 15
2.5317063 -0.027272649 0.57600129 95
2.6010306 0.45487624 0.69725484 95
1.5139576 -0.015302533 0.23400246 24
2.6094649 0.4521912 0.50757277 94
1.4419836 -0.014492075 0.12310749 29
2.6020312 0.44718426 0.31945229 95
1.3921552 -0.013932862 0.023691639 34
2.6032619 0.44554493 0.13659684 95
1.3305854 -0.013466602 -0.067905903 6
nan nan nan 0
1.2904569 -0.013674002 -0.15394558 8
1.308671 0.2214563 -0.11285898 28
1.2472054 -0.013794038 -0.23543751 36
1.2539018 0.21264109 -0.19571826 34
0.94533855 -0.010801162 -0.24361916 16
1.0741055 0.18241596 -0.24332541 14
2.5290861 -0.040928796 0.57543933 96
2.5986154 0.44043559 0.69596237 95
1.5113879 -0.023188412 0.23361182 24
2.5996985 0.4364692 0.50518978 94
1.4418881 -0.022042051 0.12310749 29
2.599443 0.43273056 0.31884378 95
1.3870646 -0.021139059 0.023604378 33
2.5907855 0.42943332 0.13581181 94
1.3255042 -0.020349661 -0.067644224 7
1.3761404 0.22546609 -0.023735272 4
1.2953297 -0.020516347 -0.15455405 7
1.3048999 0.213779 -0.11242407 33
1.2446623 -0.020280484 -0.23496091 37
1.254998 0.20607279 -0.19571826 33
0.94526905 -0.015750773 -0.24361916 18
1.0630356 0.17476241 -0.24051565 12
2.5314543 -0.044946484 0.57600129 95
2.6017616 0.43630308 0.6966086 95
1.5162828 -0.025916744 0.23439312 24
2.6028771 0.43233755 0.50566638 94
1.4393572 -0.024512945 0.12288959 29
2.6050897 0.42900789 0.31945229 95
1.3795282 -0.023422496 0.023473486 34
2.5595124 0.41960451 0.13411088 44
1.3279629 -0.02270925 -0.067775063 7
1.3814639 0.22387956 -0.023822535 8
1.3002537 -0.022871498 -0.15516253 7
1.3126421 0.2127215 -0.11307643 33
1.2470787 -0.022500766 -0.23543751 37
1.2504839 0.20307295 -0.19493695 34
0.94282556 -0.01735124 -0.24297296 17
1.0705472 0.17411049 -0.24220152 15
2.5238678 -0.058467519 0.57431537 95
2.5944777 0.42110991 0.69402379 95
1.5087204 -0.033681061 0.23322116 24
2.5978382 0.41752216 0.50423664 94
1.4466785 -0.032225057 0.12354327 29
2.597501 0.41378349 0.31823531 95
1.3893821 -0.030880895 0.023648011 33
2.5690694 0.40738305 0.13450339 7
1.3378092 -0.029899122 -0.068298422 7
1.3752126 0.21545848 -0.023691639 19
1.2901936 -0.029438494 -0.15394558 7
1.3161973 0.20623954 -0.11329389 32
1.249397 -0.02909093 -0.2359141 37
1.2515301 0.19652267 -0.19493695 33
0.95237881 -0.022535421 -0.24555777 17
1.0714443 0.16850275 -0.24220152 14
2.5140321 -0.062183663 0.57206756 95
2.5975926 0.41696802 0.69467002 95
1.5111281 -0.036376711 0.23361182 24
2.5961394 0.41259801 0.50375998 94
1.4441304 -0.034686916 0.12332538 28
2.5933182 0.40846872 0.31762683 95
1.3893262 -0.033305775 0.023648011 32
1.4207284 0.22070166 0.073532015 3
1.3327634 -0.032106776 -0.068036743 7
1.3780555 0.21344857 -0.023735272 28
1.2926205 -0.031754781 -0.1542498 7
1.3067157 0.20238361 -0.11242407 33
1.2468913 -0.031206397 -0.23543751 38
1.2567484 0.19511315 -0.19571826 33
0.94268143 -0.023932928 -0.24297296 16
1.0693312 0.16624801 -0.24163955 14
2.4966147 -0.075258203 0.56813395 95
2.5973542 0.40298691 0.69402379 95
1.5059806 -0.044137605 0.23283051 24
2.6006896 0.3993758 0.50423664 94
1.4414397 -0.042171802 0.12310749 29
2.5856111 0.39337465 0.31640986 91
1.3841358 -0.040427111 0.023560748 32
1.439139 0.21590622 0.0744479 7
1.3400632 -0.039314665 -0.068429261 7
1.3766831 0.20585252 -0.023691639 29
1.2874761 -0.038367439 -0.15364133 7
1.3126811 0.19629237 -0.11285898 33
1.2442578 -0.037656702 -0.23496091 38
1.2528715 0.18778062 -0.19493695 33
0.94737071 -0.029026061 -0.24426536 17
1.0774094 0.16176227 -0.24332541 16
nan nan nan 0
2.5980537 0.39845309 0.69402379 95
1.5083691 -0.046845682 0.23322116 24
2.5916796 0.39334616 0.50233024 94
1.4338962 -0.044446319 0.12245382 28
nan nan nan 0
1.3890598 -0.043004215 0.023648011 32
1.4271715 0.21152532 0.073793694 13
1.3275162 -0.041248295 -0.067775063 7
1.3745688 0.20307609 -0.023648011 28
1.2849272 -0.040532611 -0.15333709 8
1.305634 0.19288373 -0.11220661 33
1.2441901 -0.039828286 -0.23496091 37
1.2531973 0.18559366 -0.19493695 33
0.94731867 -0.03067949 -0.24426536 19
1.0752819 0.15951395 -0.24276346 14
nan nan nan 0
2.5977159 0.3844865 0.69337755 95
1.5056357 -0.054650173 0.23283051 24
2.5888481 0.37905124 0.50137705 94
1.44111 -0.052233841 0.12310749 28
nan nan nan 0
1.3863176 -0.050182912 0.023604378 31
1.4307299 0.20441064 0.073924541 27
1.3322717 -0.048386749 -0.068036743 8
1.3657193 0.19443449 -0.023473486 28
1.2673402 -0.046596125 -0.1512074 32
1.3090907 0.18640438 -0.11242407 33
1.2341552 -0.04596201 -0.23305453 38
1.2541519 0.17902942 -0.19493695 33
0.93990552 -0.035352226 -0.24232674 18
1.0688725 0.15281656 -0.24107762 12
1.872743 -0.072014488 0.42427412 53
2.5912161 0.3788912 0.69143897 95
1.5080053 -0.057374861 0.23322116 24
2.5919344 0.37488779 0.50185364 94
1.4459938 -0.054944523 0.12354327 27
1.5108759 0.21448362 0.18284839 4
1.3887258 -0.052700557 0.023648011 22
1.4286135 0.20155671 0.073793694 27
1.327196 -0.050515026 -0.067775063 32
1.3734788 0.19311883 -0.023604378 28
1.2647774 -0.04870883 -0.15090318 34
1.309414 0.1841193 -0.11242407 33
1.2340732 -0.048115946 -0.23305453 37
1.2569064 0.17719373 -0.19532761 31
0.94949436 -0.037392087 -0.24491157 19
1.0667268 0.15059999 -0.24051565 14
1.8650253 -0.081818208 0.42258826 79
2.600337 0.36634183 0.69337755 95
1.49535 -0.064720631 0.23126788 24
2.5938616 0.36131144 0.50185364 94
1.4332463 -0.061960913 0.12245382 3
1.5095206 0.20622659 0.18254416 6
nan nan nan 0
1.4345948 0.19476092 0.074055374 26
1.3319014 -0.057686508 -0.068036743 34
1.3719952 0.18558158 -0.023560748 28
1.266984 -0.05544262 -0.1512074 40
1.3103602 0.17726071 -0.11242407 33
1.2362559 -0.054689035 -0.23353115 38
1.257817 0.17061019 -0.19532761 5
0.95169801 -0.042475592 -0.24555777 20
1.0795629 0.14670353 -0.24332541 13
1.8648945 -0.08474768 0.42258826 87
2.5961895 0.36112893 0.69208521 95
1.5026349 -0.067672908 0.23243985 24
2.5896273 0.35610661 0.50090045 95
nan nan nan 0
1.5025036 0.20257491 0.18163143 18
nan nan nan 0
1.4299858 0.19157827 0.073793694 27
1.326811 -0.059779294 -0.067775063 34
1.3772702 0.18386431 -0.023648011 28
1.2668852 -0.057653837 -0.1512074 37
1.3081999 0.17463543 -0.11220661 33
1.2337072 -0.056730159 -0.23305453 38
1.2654516 0.16942382 -0.19649956 3
0.95162237 -0.044136558 -0.24555777 19
1.0725782 0.14381717 -0.24163955 13
1.8595433 -0.094584018 0.42146435 87
2.5884724 0.34623274 0.68950039 95
1.5022599 -0.075539723 0.23243985 25
2.5890234 0.34221664 0.50042385 95
nan nan nan 0
1.4912443 0.19307491 0.18011025 20
1.3804893 -0.069276758 0.023517117 2
1.4309692 0.1840883 0.073793694 27
1.3314662 -0.066983446 -0.068036743 35
1.3683009 0.17534713 -0.023473486 28
1.2640879 -0.064156979 -0.15090318 37
1.3090963 0.16778333 -0.11220661 33
1.2333932 -0.06318903 -0.23305453 38
1.2614253 0.16214846 -0.19571826 3
0.95137823 -0.049118612 -0.24555777 20
1.0733165 0.13819921 -0.24163955 13
1.86669 -0.097894967 0.42315021 76
2.5914664 0.34203473 0.69014651 95
1.5095232 -0.078555696 0.23361182 24
2.5847511 0.33705422 0.49947065 95
1.4401119 -0.074863374 0.12310749 2
1.4915791 0.1904719 0.18011025 20
1.3903506 -0.072218053 0.023691639 2
1.423861 0.18062454 0.073401175 27
1.3213754 -0.068774112 -0.067513384 37
1.3735625 0.17360175 -0.023560748 28
1.2664517 -0.066496886 -0.1512074 37
1.3093872 0.16549829 -0.11220661 33
1.233281 -0.065341607 -0.23305453 38
1.264155 0.16026594 -0.19610892 3
0.95370233 -0.050912552 -0.24620397 19
1.0783867 0.13695996 -0.24276346 13
